﻿編號,土地位置,土地移轉面積(平方公尺),使用分區或編定,權利人持分分母,權利人持分分子,移轉情形,地號
The serial number, land position,land shifting area square meter,the use zoning or compiles and checks,,,,land parcel
RPPTMLTJRHGGFAA38DA,政大段三小段,43.38,都市：其他:第三種住宅區。,10000,717,持分移轉,02970000
RPUNMLSLRHGGFAA38DA,福和段二小段,.05,都市：其他:道路用地(公共設施用地)。69/7/17,503281,6364,持分移轉,00760001
RPWOMLQKRHGGFAA38DA,實踐段三小段,7.00,都市：其他:第三之一種住宅區。,100000,502,持分移轉,00990000
RPWOMLQKRHGGFAA38DA,實踐段三小段,17.18,都市：其他:第三種住宅區。,100000,502,持分移轉,01020000
RPSOMLQJIIGGFAA07DA,萬隆段二小段,.66,都市：其他:第參種商業區(依都市計畫說明書圖規定辦理，始得作第參種商業區使用)(原屬第參之壹種住宅區)。,10000,115,持分移轉,02190000
RPSOMLQJIIGGFAA07DA,萬隆段二小段,.31,都市：其他:第參種商業區(依都市計畫說明書圖規定辦理，始得作第參種商業區使用)(原屬第參之壹種住宅區)。,10000,115,持分移轉,02200001
RPSOMLQJIIGGFAA07DA,萬隆段二小段,.36,都市：其他:第參種商業區(依都市計畫說明書圖規定辦理，始得作第參種商業區使用)(原屬第參之壹種住宅區)。,10000,115,持分移轉,02200002
RPSOMLQJIIGGFAA07DA,萬隆段二小段,.29,都市：其他:第參種商業區(依都市計畫說明書圖規定辦理，始得作第參種商業區使用)(原屬第參之壹種住宅區)。,10000,115,持分移轉,02210000
RPSOMLQJIIGGFAA07DA,萬隆段二小段,.38,都市：其他:第參種商業區(依都市計畫說明書圖規定辦理，始得作第參種商業區使用)(原屬第參之壹種住宅區)。,10000,115,持分移轉,02230001
RPSOMLQJIIGGFAA07DA,萬隆段二小段,.67,都市：其他:第參種商業區(依都市計畫說明書圖規定辦理，始得作第參種商業區使用)(原屬第參之壹種住宅區)。,10000,115,持分移轉,02240000
RPSOMLQJIIGGFAA07DA,萬隆段二小段,23.32,都市：其他:第參種商業區(依都市計畫說明書圖規定辦理，始得作第參種商業區使用)(原屬第參種住宅區及第參之壹種住宅區) 但是否在道路用地(公共設施用地)(應依建築線或俟地籍測量分割後，再確定)。,10000,115,持分移轉,02260000
RPRPMLNLRHGGFAA77DA,華興段四小段,19.27,都市：其他:第三種住宅區。,10000,593,持分移轉,02660000
RPQOMLRKRHGGFCA08DA,正義段二小段,32.00,都市：其他:第肆種商業區(依都市計畫說明書圖規定辦理，始得作第肆種商業區使用)(原屬第參種住宅區)。,20000,2500,持分移轉,02780000
RPPOMLPKRHGGFAA57DA,興隆段二小段,28.89,都市：其他:第三種住宅區。,10000,88,持分移轉,02410000
RPROMLPKRHGGFAA77DA,萬隆段二小段,1.60,都市：其他:第三種住宅區。,42,1,持分移轉,03520000
RPROMLPKRHGGFAA77DA,萬隆段二小段,22.71,都市：其他:第三種住宅區。,42,1,持分移轉,03740000
RPUPMLOKRHGGFAA08DA,景美段四小段,24.75,都市：其他:道路用地(公共設施用地)。62/10/24,160,20,持分移轉,06050002
RPVRMLOKRHGGFDA68DA,永春段一小段,32.00,都市：其他:道路用地(公共設施用地)。51/9/1,4,1,持分移轉,02700000
RPVRMLOKRHGGFDA68DA,永春段一小段,32.50,都市：其他:道路用地(公共設施用地)。51/9/1,4,1,持分移轉,02840000
RPXOMLPKRHGGFDA68DA,吳興段三小段,8.37,都市：其他:道路用地(公共設施用地)。,301,35,持分移轉,02040000
RPOPMLPKRHGGFDA87DA,逸仙段三小段,1.75,都市：其他:道路用地(公共設施用地)。50/9/19,8,1,持分移轉,04630000
RPQSMLQJIIGGFCA47DA,正義段三小段,3.84,都市：其他:第肆種商業區(依都市計畫說明書圖規定辦理，始得作第肆種商業區使用)(原屬第參種商業區) 但是否在道路用地(公共設施用地)(應依建築線或俟地籍測量分割後，再確定)。,10000,20,持分移轉,03840000
RPSOMLTLRHGGFBA48DA,雙連段二小段,2.09,都市：其他:第三種商業區。,80000,105,持分移轉,00720000
RPSOMLTLRHGGFBA48DA,雙連段二小段,2.70,都市：其他:第四種住宅區。,80000,105,持分移轉,00720004
RPUQMLPJIIGGFCA57DA,西湖段二小段,3.80,都市：其他:第三種住宅區。,10000,224,持分移轉,04880000
RPUQMLPJIIGGFCA57DA,西湖段二小段,26.96,都市：其他:第三之一種住宅區。,10000,224,持分移轉,04890000
RPUNMLOLRHGGFDA28DA,美仁段一小段,22.55,都市：其他:第三種住宅區。,339000,1440,持分移轉,00020000
RPUNMLOLRHGGFDA28DA,美仁段一小段,4.83,都市：其他:第三種住宅區。,863000,336,持分移轉,00020001
RPUNMLOLRHGGFDA28DA,美仁段一小段,1.01,都市：其他:第三種住宅區。,75000,58,持分移轉,00180005
RPXQMLNJRHGGFDA58DA,永春段二小段,4.35,都市：其他:第三種住宅區。,30966,298,持分移轉,02380000
RPXQMLNJRHGGFDA58DA,永春段二小段,18.82,都市：其他:第三之一種住宅區。,30966,298,持分移轉,02380014
RPQOMLLJRHGGFDA47DA,寶清段一小段,28.09,都市：其他:第三種住宅區。,10000,135,持分移轉,06360000
RPQNMLPJIIGGFDA96DA,寶清段四小段,4.85,都市：其他:聯合開發區(捷)。,100000,241,持分移轉,05990000
RPOOMLQJIIGGFDA96DA,南港段四小段,26.40,都市：其他:第三種住宅區。,3172,53,持分移轉,00930000
RPWNMLQJIIGGFDA67DA,信義段二小段,9.04,都市：其他:第參種商業區(依都市計畫說明書圖規定辦理，始得作第參種商業區使用)(原屬第參之壹種住宅區)。,10000,127,持分移轉,00080000
RPWNMLQJIIGGFDA67DA,信義段二小段,2.97,都市：其他:第參種商業區(依都市計畫說明書圖規定辦理，始得作第參種商業區使用)(原屬第參種住宅區)。,10000,127,持分移轉,00090000
RPXOMLPJIIGGFDA77DA,寶清段五小段,17.76,都市：其他:第三種住宅區。,700,24,持分移轉,01730000
RPRQMLLJIIGGFDA96DA,敦化段四小段,7.68,都市：其他:第三種住宅區。,300000,3745,持分移轉,03090000
RPTOMLQJIIGGFDA47DA,民生段,4.49,都市：其他:第三種商業區(民生社區特定專用區) 但是否在道路用地(公共設施用地)(應依建築線或俟地籍測量分割後，再確定)。,681200,449,持分移轉,00620002
RPQOMLNLRHGGFDA87DA,福德段一小段,36.12,都市：其他:第三種住宅區。,10000,419,持分移轉,02570000
RPPPMLQJIIGGFDA17DA,南港段一小段,27.58,都市：其他:策略型工業區(不得作住宅使用)。,60000,1524,持分移轉,09960000
RPWOMLLJIIGGFCA17DA,吉林段五小段,2.82,都市：其他:第肆種商業區(依都市計畫說明書圖規定辦理，始得作第肆種商業區使用)(原屬第參種商業區)。,367800,1590,持分移轉,03110000
RPQNMLPJIIGGFEA07DA,華岡段三小段,157.24,都市：其他:特定住宅區(二)。,10000,498,持分移轉,00050000
RPQNMLQJIIGGFEA17DA,華岡段三小段,7.03,都市：其他:第一種商業區。,10000,65,持分移轉,06050000
RPXPMLKMRHGGFCA38DA,碧湖段三小段,25.28,都市：其他:第三種住宅區。,20000,800,持分移轉,03650001
RPRNMLQJIIGGFEA27DA,新民段二小段,7.88,都市：其他:第二種住宅區 但是否在綠地用地(公共設施用地)(應依建築線或俟地籍測量分割後，再確定)。,10000,80,持分移轉,01780000
RPSNMLPKRHGGFCA97DA,文德段二小段,36.10,都市：其他:第二種住宅區。,200000,1238,持分移轉,01060000
RPQSMLOKRHGGFCA18DA,文德段二小段,46.42,都市：其他:第二種住宅區。,100000,796,持分移轉,01060000
RPQNMLMJIIGGFEA76DA,大業段四小段,8.63,都市：其他:第參種工業區(不得作住宅使用)。,100000,220,持分移轉,05600000
RPSNMLRKRHGGFFA48DA,仁愛段六小段,7.96,都市：其他:第四種住宅區。,100000,1007,持分移轉,06210000
RPROMLNJIIGGFEA07DA,豐年段四小段,17.09,都市：其他:科技工業區(不得作住宅使用)。,100000,224,持分移轉,04340000
RPUOMLRJIIGGFAA47EA,萬隆段一小段,24.01,都市：其他:第參種商業區(依都市計畫說明書圖規定辦理，始得作第參種商業區使用)(原屬第參種住宅區)。,1000,69,持分移轉,03160000
RPTOMLRJIIGGFAA37EA,政大段四小段,11.56,都市：其他:第三種住宅區。,10000,224,持分移轉,04170000
RPUOMLRJIIGGFAA47EA,萬隆段一小段,1.10,都市：其他:道路用地(公共設施用地)。62/10/24,1000,69,持分移轉,03170000
RPWOMLRJIIGGFAA67EA,興泰段三小段,37.44,都市：其他:第三種住宅區。,10000,164,持分移轉,00050000
RPVOMLRJIIGGFAA57EA,萬隆段二小段,13.80,都市：其他:第三種住宅區。,100000,345,持分移轉,04610000
RPXOMLRJIIGGFAA77EA,木柵段二小段,.67,都市：其他:第三種住宅區。,48,2,持分移轉,01560000
RPQPMLRJIIGGFAA17EA,木柵段二小段,.33,都市：其他:第三種住宅區。,48,1,持分移轉,01560000
RPSPMLRJIIGGFAA37EA,木柵段二小段,.33,都市：其他:第三種住宅區。,48,1,持分移轉,01560000
RPTPMLRJIIGGFAA47EA,木柵段二小段,.33,都市：其他:第三種住宅區。,48,1,持分移轉,01560000
RPUPMLRJIIGGFAA57EA,木柵段二小段,.33,都市：其他:第三種住宅區。,48,1,持分移轉,01560000
RPRNMLSJIIGGFAA17EA,萬隆段一小段,134.00,都市：其他:第三種住宅區。,1,1,全筆移轉,05610000
RPQPMLTLRHGGFEA68DA,陽明段四小段,23.63,都市：其他:第壹種商業區(依都市計畫說明書圖規定辦理，始得作第壹種商業區使用)。,10000,163,持分移轉,07660000
RPTNMLRJIIGGFEA57DA,秀山段二小段,31.71,都市：其他:第三種住宅區。,23660,106,持分移轉,06590000
RPSNMLRJIIGGFEA47DA,永平段二小段,67.00,都市：其他:第三種住宅區。,3,1,持分移轉,03490000
RPPNMLMJIIGGFEA66DA,光華段四小段,5.68,都市：其他:第參種商業區(依都市計畫說明書圖規定辦理，始得作第參種商業區使用)(原屬第參之貳種住宅區依都市計畫說明書圖規定辦理)。,50000,202,持分移轉,07990000
RPPNMLMJIIGGFEA66DA,光華段四小段,1.96,都市：其他:第參種商業區(依都市計畫說明書圖規定辦理，始得作第參種商業區使用)(原屬第參種住宅區依都市計畫說明書圖規定辦理)。,50000,202,持分移轉,07990001
RPROMLLJIIGGFEA86DA,新民段三小段,65.58,都市：其他:第二種住宅區。,10000,600,持分移轉,02240000
RPXNMLRJIIGGFAA67EA,木柵段二小段,12.65,都市：其他:第三種住宅區。,5040,70,持分移轉,02550000
RPXNMLRJIIGGFAA67EA,木柵段二小段,9.19,都市：其他:第三種住宅區。,5040,240,持分移轉,02620000
RPTNMLOLRHGGFFA38DA,通化段一小段,25.94,都市：其他:第三種住宅區。,10000,763,持分移轉,07860000
RPUNMLPJIIGGFFA57DA,仁愛段三小段,56.00,都市：其他:道路用地(公共設施用地)。48/3/13,1,1,全筆移轉,05110000
RPQOMLRJIIGGFBA17EA,青年段二小段,33.57,都市：其他:第三種住宅區。,152000,494,持分移轉,00190000
RPQNMLRJIIGGFBA07EA,直興段三小段,2.93,都市：其他:第四種商業區。,8745,44,持分移轉,05470000
RPUNMLOJIIGGFEA37DA,富安段一小段,209.33,都市：其他:公園用地(公共設施用地)(將來採區段徵收方式辦理整體開發)。100/6/8,6,1,持分移轉,02220000
RPUNMLOJIIGGFEA37DA,富安段一小段,20.71,都市：其他:公園用地(公共設施用地)(將來採區段徵收方式辦理整體開發)。,24,7,持分移轉,02300000
RPTPMLOKRHGGFDA38EA,民生段,10.17,都市：其他:住宅用地(民生社區特定專用區) 但是否在道路用地(公共設施用地)(應依建築線或俟地籍測量分割後，再確定)。,1782200,5010,持分移轉,00550001
RPQQMLKKRHGGFCA67EA,東湖段六小段,34.21,都市：其他:第三種住宅區。,10000,322,持分移轉,01740003
RPUNMLRJIIGGFFA77DA,懷生段一小段,17.05,都市：其他:第三種住宅區。,10000,359,持分移轉,03490000
RPOPMLQJIIGGFFA27DA,辛亥段四小段,.03,都市：其他:第三種住宅區。,200000,3,持分移轉,04860000
RPSQMLKKRHGGFCA87EA,吉林段一小段,8.60,都市：其他:第貳種商業區(依都市計畫說明書圖規定辦理，始得作第貳種商業區使用)(原屬第參種住宅區)及第三種住宅區。,10000,22,持分移轉,08550000
RPVPMLOKRHGGFDA58EA,向陽段,13.36,都市：其他:住宅區(供住宅使用)。,10000,121,持分移轉,00110011
RPPNMLSJIIGGFEA37EA,奇岩段一小段,2.16,都市：其他:第三種住宅區。,10000,1136,持分移轉,03580001
RPPNMLSJIIGGFEA37EA,奇岩段一小段,9.88,都市：其他:第三種住宅區。,10000,1136,持分移轉,03580003
RPPNMLSJIIGGFEA37EA,奇岩段一小段,11.13,都市：其他:第三種住宅區。,10000,1136,持分移轉,03600000
RPOOMLOLRHGGFCA77EA,中山段三小段,24.67,都市：其他:第肆種商業區(依都市計畫說明書圖規定辦理，始得作第肆種商業區使用)(原屬第參種商業區)。,3,1,持分移轉,02330000
RPSNMLRJIIGGFCA37EA,文德段三小段,27.93,都市：其他:第二種住宅區。,4040,62,持分移轉,00100007
RPSNMLRJIIGGFCA37EA,文德段三小段,2.44,都市：其他:第三之一種住宅區。,4040,62,持分移轉,00100010
RPXPMLMKIIGGFCA67EA,西湖段四小段,22.31,都市：其他:科技工業區(A區)(不得作住宅使用)。,10000,79,持分移轉,00490000
RPQOMLRJIIGGFCA27EA,碧湖段三小段,14.56,都市：其他:第二種住宅區。,10000,22,持分移轉,01540000
RPQOMLRJIIGGFCA27EA,碧湖段三小段,.01,都市：其他:道路用地(公共設施用地)。64/10/20,10000,22,持分移轉,01540006
RPXOMLRJIIGGFCA97EA,長安段二小段,111.02,都市：其他:第三種住宅區。,100000,8016,持分移轉,06840000
RPSPMLSJIIGGFEA87EA,天母段四小段,31.90,都市：其他:第二種住宅區。,10000,159,持分移轉,00910000
RPXPMLSJIIGGFEA38EA,天山段一小段,45.23,都市：其他:第二種住宅區。,1113000,44000,持分移轉,06030000
RPOPMLSJIIGGFDA37EA,?和段一小段,5.19,都市：其他:第二種住宅區。,100000,104,持分移轉,00430000
RPOQMLSJIIGGFEA57EA,華岡段五小段,80.60,都市：其他:住宅區(原為保護區，經都市計畫檢討主要計畫變更，但因細部計畫及整體開發作業尚未完成，尚未能准許依變更後計畫用途使用)。,81610,812,持分移轉,00970000
RPOOMLOKRHGGFFA97EA,瑞安段二小段,34.75,都市：其他:第三種住宅區。,4,1,持分移轉,06320000
RPQOMLOKRHGGFFA18EA,復興段一小段,50.38,都市：其他:第肆種商業區(依都市計畫說明書圖規定辦理，始得作第肆種商業區使用)(原屬第肆種住宅區)。,16,1,持分移轉,05990000
RPVOMLRJIIGGFEA97EA,行義段一小段,20.18,都市：其他:第二種住宅區。,10000,190,持分移轉,05470000
RPPNMLMKIIGGFFA96EA,通化段五小段,3.81,都市：其他:第參種商業區(依都市計畫說明書圖規定辦理，始得作第參種商業區使用)(原屬第貳種商業區)。,100000,668,持分移轉,00090000
RPPNMLMKIIGGFFA96EA,通化段五小段,.56,都市：其他:第參種商業區(依都市計畫說明書圖規定辦理，始得作第參種商業區使用)(原屬第參種住宅區)。,100000,558,持分移轉,00130001
RPOOMLRJIIGGFEA27EA,立農段三小段,32.15,都市：其他:第三種住宅區。,10000,1782,持分移轉,05980000
RPRNMLSJIIGGFDA47EA,敦化段一小段,9.60,都市：其他:道路用地(公共設施用地)。48/3/13,1296,61,持分移轉,04930000
RPRNMLSJIIGGFDA47EA,寶清段四小段,1.58,都市：其他:道路用地(公共設施用地)。58/8/27,4,1,持分移轉,06380001
RPPNMLSJIIGGFDA27EA,西松段二小段,39.40,都市：其他:第三種住宅區。,10000,262,持分移轉,01980000
RPXPMLOKRHGGFDA78EA,永春段一小段,10.27,都市：其他:第三種住宅區。,10000,121,持分移轉,00370000
RPUPMLOKRHGGFDA48EA,祥和段二小段,27.86,都市：其他:第三種住宅區。,1200,21,持分移轉,05630000
RPOPMLOKRHGGFDA87EA,信義段三小段,1.25,都市：其他:特定業務區(信義計畫特定專用區)。,100000,30,持分移轉,00360003
RPTQMLSJIIGGFEA08EA,溫泉段一小段,8.31,都市：其他:第三種商業區。,1440,68,持分移轉,02600000
RPTQMLSJIIGGFEA08EA,溫泉段二小段,.05,都市：其他:第三種住宅區。,1440,68,持分移轉,03820000
RPTQMLSJIIGGFEA08EA,溫泉段二小段,.05,都市：其他:道路用地(公共設施用地)。45/8/31,1440,68,持分移轉,03820001
RPTQMLSJIIGGFEA08EA,溫泉段二小段,13.03,都市：其他:第三種住宅區。,1440,68,持分移轉,03830000
RPTQMLSJIIGGFEA08EA,溫泉段二小段,45.38,都市：其他:第三種商業區。,1440,68,持分移轉,03840000
RPTNMLOLRHGGFEA38EA,福順段一小段,4.47,都市：其他:第三之二種住宅區。,15000,500,持分移轉,01530001
RPTNMLOLRHGGFEA38EA,福順段一小段,2.76,都市：其他:第三種住宅區。,15000,500,持分移轉,01530003
RPQPMLPJIIGGFEA37EA,永平段四小段,27.67,都市：其他:第三種住宅區。,3,1,持分移轉,03750000
RPPNMLMKIIGGFDA76EA,新光段三小段,22.75,都市：其他:第三種住宅區。,4,1,持分移轉,00710000
RPUPMLSJIIGGFDA97EA,吳興段二小段,34.59,都市：其他:第三種住宅區。,10000,284,持分移轉,06060000
RPVPMLSJIIGGFDA08EA,西松段二小段,23.55,都市：其他:第三種住宅區。,10000,32,持分移轉,06500000
RPXPMLSJIIGGFCA18EA,東湖段二小段,178.72,都市：其他:第二種住宅區 但是否在道路用地(公共設施用地)(應依建築線或俟地籍測量分割後，再確定)。,100000,2170,持分移轉,00020000
RPPPMLSJIIGGFCA37EA,德惠段三小段,25.33,都市：其他:第三種住宅區。,3,1,持分移轉,03520000
RPSPMLSJIIGGFFA97EA,通化段六小段,2.93,都市：其他:敦化南北路特定專用區(A區)(依都市計畫說明書圖規定辦理)(原屬第參之貳種住宅區)。,971919,2333,持分移轉,06530000
RPSPMLSJIIGGFFA97EA,通化段六小段,.54,都市：其他:敦化南北路特定專用區(A區)(依都市計畫說明書圖規定辦理)(原屬第參種住宅區)。,971919,2333,持分移轉,06530001
RPWPMLSJIIGGFCA08EA,石潭段四小段,100.99,都市：其他:第二種住宅區。,20000,157,持分移轉,01120000
RPXNMLSJIIGGFBA87EA,中正段一小段,14.46,都市：其他:第三種住宅區。,10000,808,持分移轉,03950000
RPTOMLSJIIGGFBA57EA,龍山段二小段,18.54,都市：其他:第三種商業區。,10000,253,持分移轉,02510000
RPPOMLRJIIGGFAA96EA,景美段一小段,10.67,都市：其他:市場用地(公共設施用地)。62/10/24,10000,56,持分移轉,03800000
RPPOMLRJIIGGFAA96EA,景美段一小段,15.29,都市：其他:市場用地(公共設施用地)。62/10/24,10000,56,持分移轉,03810000
RPSPMLSJIIGGFBA57EA,延平段二小段,18.00,都市：其他:特定專用區(供一般商業使用)。,1,1,全筆移轉,07990000
RPUOMLSJIIGGFBA67EA,玉泉段一小段,5.82,都市：其他:第三種商業區 但是否在道路用地(公共設施用地)(應依建築線或俟地籍測量分割後，再確定)。,10000,111,持分移轉,01940000
RPUOMLSJIIGGFBA67EA,玉泉段一小段,.11,都市：其他:第三種商業區。,10000,111,持分移轉,01960000
RPUOMLSJIIGGFBA67EA,玉泉段一小段,.70,都市：其他:第三種商業區。,10000,111,持分移轉,01970000
RPWOMLMKIIGGFEA67EA,天母段四小段,29.76,都市：其他:第二種住宅區。,100000,2135,持分移轉,00130000
RPWNMLRJIIGGFBA67EA,大同段二小段,17.51,都市：其他:第三種商業區(原屬第肆之壹種住宅區於七十九年九月十三日變更為第貳種商業區又於八十四年九月二十七日調整為第參種商業區(均應依前述都市計畫說明書圖規定辦理))。,10000,353,持分移轉,08750000
RPPOMLSJIIGGFAA07EA,興安段一小段,31.75,都市：其他:第三種住宅區。,8,2,持分移轉,00580000
RPQOMLSJIIGGFAA17EA,興安段三小段,30.32,都市：其他:第二種住宅區。,10000,143,持分移轉,03440003
RPROMLSJIIGGFAA27EA,興泰段三小段,28.47,都市：其他:第三種住宅區。,100000,958,持分移轉,04150000
RPOQMLOKRHGGFDA97EA,吳興段二小段,34.98,都市：其他:第三種住宅區。,10000,169,持分移轉,05970000
RPRNMLMKIIGGFBA76EA,福星段四小段,3.04,都市：其他:第四種商業區。,10000,75,持分移轉,01780000
RPRNMLMKIIGGFBA76EA,福星段四小段,3.92,都市：其他:第四種商業區。,10000,75,持分移轉,01800000
RPRNMLMKIIGGFCA86EA,榮星段四小段,24.17,都市：其他:第三種住宅區。,1000,24,持分移轉,05270000
RPOQMLSJIIGGFCA37EA,潭美段五小段,40.68,都市：其他:住宅區。,100000,1384,持分移轉,00970000
RPXOMLLJIIGGFEA47DA,芝山段一小段,28.70,都市：其他:第三種住宅區。,10000,184,持分移轉,00130001
RPWPMLSJIIGGFFA28DA,仁愛段六小段,6.31,都市：其他:第四之一種住宅區(特)。,100000,1557,持分移轉,06160005
RPQNMLPJIIGGFBA86EA,橋北段三小段,16.50,都市：其他:第三種住宅區。,4,1,持分移轉,07440000
RPWOMLSJIIGGFFA18DA,復興段一小段,12.03,都市：其他:第四種住宅區。,10000,44,持分移轉,03470000
RPOOMLRJIIGGFDA07DA,西松段一小段,6.28,都市：其他:第參種商業區(依都市計畫說明書圖規定辦理，始得作第參種商業區使用)(原屬第參種住宅區及第貳種商業區應依建築線或俟地籍測量分割後，再確定)。,10000,200,持分移轉,06220000
RPOOMLRJIIGGFDA07DA,西松段一小段,4.90,都市：其他:第參種商業區(依都市計畫說明書圖規定辦理，始得作第參種商業區使用)(原屬第貳種商業區)。,10000,200,持分移轉,06270000
RPOOMLKMRHGGFEA57DA,蘭雅段三小段,28.50,都市：其他:第三種住宅區。,8,2,持分移轉,04580000
RPUNMLKMRHGGFBA87EA,中正段一小段,14.45,都市：其他:第三種住宅區。,10000,807,持分移轉,03950000
RPUOMLNLRHGGFDA28DA,吳興段二小段,22.81,都市：其他:第三種住宅區。,10000,213,持分移轉,04460000
RPRPMLRLRHGGFEA58DA,開明段一小段,22.67,都市：其他:第三種住宅區。,3,1,持分移轉,06680000
RPRNMLQJIIGGFFA37DA,金華段二小段,7.78,都市：其他:第參種商業區(依都市計畫說明書圖規定辦理，始得作第參種商業區使用)(原屬第貳種商業區)。,100000,3850,持分移轉,03950000
RPRNMLQJIIGGFFA37DA,金華段二小段,.19,都市：其他:第三種住宅區。,100000,3850,持分移轉,03950001
RPWNMLQJIIGGFFA87DA,仁愛段六小段,10.33,都市：其他:第四種住宅區。,100000,1308,持分移轉,06210000
RPUQMLSJIIGGFEA08DA,永平段二小段,98.00,都市：其他:第三種住宅區。,1,1,全筆移轉,03500000
RPPNMLQJRHGGFDA77DA,延吉段一小段,30.63,都市：其他:第三種住宅區。,100000,1274,持分移轉,07230000
RPQNMLQJRHGGFDA87DA,延吉段一小段,17.74,都市：其他:第三種住宅區。,100000,738,持分移轉,07230000
RPOOMLMKIIGGFDA66DA,永春段一小段,28.75,都市：其他:第三種住宅區。,4,1,持分移轉,02450000
RPTNMLRJIIGGFCA37DA,石潭段一小段,.35,都市：其他:第三之一種住宅區。,10000,1,持分移轉,02550000
RPTNMLRJIIGGFCA37DA,石潭段一小段,.15,都市：其他:第三種住宅區。,10000,1,持分移轉,02550001
RPPNMLPLRHGGFDA87DA,西松段二小段,23.82,都市：其他:第三種住宅區。,20000,226,持分移轉,06500001
RPXOMLRJIIGGFDA97DA,福德段一小段,5.38,都市：其他:第三種住宅區。,720,45,持分移轉,08490002
RPXOMLRJIIGGFDA97DA,福德段一小段,12.06,都市：其他:第三種住宅區。,16,1,持分移轉,08580002
RPXOMLRJIIGGFDA97DA,福德段一小段,10.31,都市：其他:第三種住宅區。,720,45,持分移轉,08600008
RPRNMLRKRHGGFDA18DA,南港段二小段,18.44,都市：其他:第三種住宅區。,32,1,持分移轉,01650000
RPRNMLRKRHGGFDA18DA,南港段二小段,.19,都市：其他:道路用地(公共設施用地)。61/9/26,32,1,持分移轉,01650002
RPXOMLSJIIGGFCA97DA,中山段一小段,3.92,都市：其他:第肆種商業區(依都市計畫說明書圖規定辦理，始得作第肆種商業區使用)(原屬第參種商業區)。,10000,124,持分移轉,02470000
RPQQMLRJIIGGFCA37DA,金泰段,13.11,都市：其他:商業區(供一般商業使用不得作住宅使用)。,100000,486,持分移轉,00940006
RPSPMLRJIIGGFCA47DA,石潭段四小段,11.52,都市：其他:第一種商業區。,10000,203,持分移轉,02630000
RPQPMLRJIIGGFCA27DA,石潭段四小段,12.99,都市：其他:第一種商業區。,10000,229,持分移轉,02630000
RPPQMLRJIIGGFCA27DA,正義段二小段,9.38,都市：其他:第肆種商業區(依都市計畫說明書圖規定辦理，始得作第肆種商業區使用)(原屬第參種住宅區)。,10000,173,持分移轉,03250000
RPTPMLQJIIGGFCA47DA,北安段四小段,2.00,都市：其他:風景區。,1,1,全筆移轉,01080008
RPTPMLQJIIGGFCA47DA,北安段四小段,36.76,都市：其他:風景區。,1,1,全筆移轉,01080013
RPTPMLQJIIGGFCA47DA,北安段四小段,2226.00,都市：其他:風景區。,1,1,全筆移轉,01110000
RPTPMLQJIIGGFCA47DA,北安段四小段,2.00,都市：其他:風景區。,1,1,全筆移轉,01130001
RPTPMLQJIIGGFCA47DA,北安段四小段,1067.88,都市：其他:風景區。,1,1,全筆移轉,01170000
RPTPMLQJIIGGFCA47DA,北安段四小段,64.00,都市：其他:風景區。,1,1,全筆移轉,01170001
RPTPMLQJIIGGFCA47DA,北安段四小段,36.12,都市：其他:風景區。,1,1,全筆移轉,01170002
RPTPMLQJIIGGFCA47DA,北安段四小段,98.00,都市：其他:風景區。,1,1,全筆移轉,01190000
RPOQMLPJIIGGFCA96DA,正義段二小段,13.80,都市：其他:第肆種商業區(依都市計畫說明書圖規定辦理，始得作第肆種商業區使用)(原屬第參種住宅區)。,3210,138,持分移轉,03030000
RPSQMLRJIIGGFCA57DA,西湖段一小段,30.00,都市：其他:第三種住宅區。,100000,405,持分移轉,06330000
RPPPMLQJIIGGFCA07DA,北安段四小段,250.00,都市：其他:風景區。,1,1,全筆移轉,01120000
RPPPMLQJIIGGFCA07DA,北安段四小段,317.00,都市：其他:風景區。,1,1,全筆移轉,01130000
RPPPMLQJIIGGFCA07DA,北安段四小段,959.00,都市：其他:風景區。,1,1,全筆移轉,01180000
RPPPMLQJIIGGFCA07DA,北安段四小段,36.00,都市：其他:風景區。,1,1,全筆移轉,01200000
RPWNMLOKRHGGFCA28DA,長安段三小段,6.00,都市：其他:第參種商業區(依都市計畫說明書圖規定辦理，始得作第參種商業區使用)(原屬第貳種商業區)。,10000,64,持分移轉,00200000
RPWNMLOKRHGGFCA28DA,長安段三小段,2.16,都市：其他:第參種商業區(依都市計畫說明書圖規定辦理，始得作第參種商業區使用)(原屬第參種住宅區)。,10000,64,持分移轉,00200001
RPWNMLOKRHGGFCA28DA,長安段三小段,.31,都市：其他:第參種商業區(依都市計畫說明書圖規定辦理，始得作第參種商業區使用)(原屬第參種住宅區)。,10000,64,持分移轉,00200002
RPWNMLOKRHGGFCA28DA,長安段三小段,.79,都市：其他:第參種商業區(依都市計畫說明書圖規定辦理，始得作第參種商業區使用)(原屬第貳種商業區)。,10000,64,持分移轉,00230000
RPWNMLOKRHGGFCA28DA,長安段三小段,.79,都市：其他:第參種商業區(依都市計畫說明書圖規定辦理，始得作第參種商業區使用)(原屬第貳種商業區)。,10000,64,持分移轉,00240000
RPWNMLOKRHGGFCA28DA,長安段三小段,.49,都市：其他:第參種商業區(依都市計畫說明書圖規定辦理，始得作第參種商業區使用)(原屬第參種住宅區)。,10000,64,持分移轉,00540000
RPWNMLOKRHGGFCA28DA,長安段三小段,.08,都市：其他:第參種商業區(依都市計畫說明書圖規定辦理，始得作第參種商業區使用)(原屬第貳種商業區)。,10000,64,持分移轉,00540001
RPWNMLOKRHGGFCA28DA,長安段三小段,.49,都市：其他:第參種商業區(依都市計畫說明書圖規定辦理，始得作第參種商業區使用)(原屬第參種住宅區)。,10000,64,持分移轉,00570000
RPOPMLNKRHGGFCA57DA,文德段四小段,4.20,都市：其他:第三種商業區。,5220000,7370,持分移轉,00210000
RPWNMLOKRHGGFEA48DA,文林段五小段,24.39,都市：其他:第三種住宅區。,10000,217,持分移轉,00730000
RPVNMLNJIIGGFCA17DA,金泰段,28.95,都市：其他:商業區(供一般商業使用不得作住宅使用)。,10000,189,持分移轉,00790008
RPPOMLSLRHGGFBA08DA,雙園段三小段,32.62,都市：其他:第三種住宅區。,8,1,持分移轉,04560000
RPSOMLRLRHGGFBA28DA,福星段四小段,3.42,都市：其他:第四種商業區。,10000,31,持分移轉,01470000
RPWNMLOLRHGGFBA28DA,漢中段二小段,12.85,都市：其他:第四種商業區。,10000,365,持分移轉,08940000
RPTOMLRJIIGGFBA37DA,直興段二小段,8.15,都市：其他:第肆種商業區(依都市計畫說明書圖規定辦理，始得作第肆種商業區使用)(原屬第參種商業區)。,100000,447,持分移轉,05290000
RPTOMLRJIIGGFBA37DA,直興段二小段,.32,都市：其他:第肆種商業區(依都市計畫說明書圖規定辦理，始得作第肆種商業區使用)(原屬第參種商業區)。,100000,447,持分移轉,05740000
RPXQMLLMQHGGFCA48DA,長安段二小段,19.90,都市：其他:第二種商業區。,10000,418,持分移轉,02500000
RPRNMLSLRHGGFAA08DA,南海段二小段,18.34,都市：其他:第三種住宅區。,100000000,2327563,持分移轉,04680002
RPRNMLSLRHGGFAA08DA,南海段二小段,27.16,都市：其他:第參種商業區(依都市計畫說明書圖規定辦理，始得作第參種商業區使用)(原屬第貳種商業區)。,100000000,2327563,持分移轉,04680005
RPOPMLOJIIGGFAA56DA,興隆段一小段,20.24,都市：其他:第三種住宅區。,5000,21,持分移轉,04090000
RPVOMLPKRHGGFAA18DA,興泰段一小段,67.21,都市：其他:第二種住宅區。,10000,48,持分移轉,08110000
RPVOMLPKRHGGFAA18DA,興泰段一小段,16.04,都市：其他:第二種住宅區。,10000,49,持分移轉,08130000
RPVOMLPKRHGGFAA18DA,興泰段一小段,4.80,都市：其他:第二種住宅區。,10000,53,持分移轉,08140000
RPVOMLPKRHGGFAA18DA,興泰段一小段,2.46,都市：其他:第二種住宅區。,10000,47,持分移轉,08160000
RPRNMLRJIIGGFBA07DA,福星段四小段,.35,都市：其他:第四種商業區。,100000,885,持分移轉,01670000
RPRNMLRJIIGGFBA07DA,福星段四小段,2.15,都市：其他:第四種商業區。,100000,885,持分移轉,01680000
RPRNMLRJIIGGFBA07DA,福星段四小段,.99,都市：其他:第四種商業區。,100000,885,持分移轉,01690000
RPTSMLKMQHGGFBA08DA,中正段一小段,15.04,都市：其他:第三種住宅區。,10000,840,持分移轉,03950000
RPOOMLPKRHGGFBA57DA,青年段二小段,32.00,都市：其他:第三種住宅區。,8,2,持分移轉,02900000
RPVOMLNLRHGGFBA18DA,華中段二小段,23.50,都市：其他:第三種住宅區。,4,1,持分移轉,08150000
RPROMLNLRHGGFBA77DA,龍山段一小段,17.60,都市：其他:第三種商業區。,5,1,持分移轉,08430000
RPROMLNLRHGGFBA77DA,龍山段一小段,.20,都市：其他:道路用地(公共設施用地)。62/8/29,5,1,持分移轉,08430002
RPOOMLSJRHGGFBA77DA,圓環段二小段,32.50,都市：其他:第四種住宅區。,4,1,持分移轉,01980000
RPOOMLSJRHGGFBA77DA,圓環段二小段,.25,都市：其他:道路用地(公共設施用地)。60/9/20,4,1,持分移轉,01980001
RPPNMLRJRHGGFAA57DA,木柵段四小段,40.77,都市：其他:第三種住宅區。,1000,74,持分移轉,04000000
RPPNMLRJRHGGFAA57DA,木柵段四小段,.30,都市：其他:第三種住宅區。,1000,74,持分移轉,04010000
RPPNMLRJRHGGFAA57DA,木柵段四小段,8.36,都市：其他:第三種住宅區。,1000,74,持分移轉,04120000
RPPNMLRJRHGGFAA57DA,木柵段四小段,6.14,都市：其他:第三種住宅區。,1000,74,持分移轉,04130000
RPUPMLOLRHGGFAA18DA,公訓段三小段,22.46,都市：其他:第二種住宅區。,20000,34,持分移轉,01350000
RPUPMLOLRHGGFAA18DA,公訓段三小段,.29,都市：其他:第二種住宅區。,20000,34,持分移轉,01350001
RPUPMLOLRHGGFAA18DA,公訓段三小段,.60,都市：其他:第三種住宅區。,20000,34,持分移轉,01350002
RPUPMLOLRHGGFAA18DA,公訓段三小段,1.01,都市：其他:第三種住宅區。,20000,34,持分移轉,01350003
RPUPMLOLRHGGFAA18DA,公訓段三小段,.27,都市：其他:第三種住宅區。,20000,34,持分移轉,01350004
RPUPMLOLRHGGFAA18DA,公訓段三小段,15.49,都市：其他:第二種住宅區。,20000,34,持分移轉,01350005
RPUPMLOLRHGGFAA18DA,公訓段三小段,.04,都市：其他:第二種住宅區。,20000,34,持分移轉,01360000
RPPPMLRKRHGGFBA97DA,福星段二小段,5.14,都市：其他:第四種商業區。,180000,1517,持分移轉,01860000
RPRNMLQJRHGGFDA97DA,延吉段一小段,17.74,都市：其他:第三種住宅區。,100000,738,持分移轉,07230000
RPTNMLNKIIGGFAA86DA,實踐段三小段,.10,都市：其他:第三種住宅區。,20000,2,持分移轉,06950000
RPSNMLNKIIGGFAA76DA,興隆段一小段,8.88,都市：其他:第三種住宅區。,20000,38,持分移轉,01720000
RPWOMLSJIIGGFBA77DA,大龍段三小段,1.36,都市：其他:第三種住宅區。,20000,5,持分移轉,03810000
RPUPMLSJIIGGFBA67DA,玉泉段二小段,17.42,都市：其他:第三種商業區。,10000,59,持分移轉,00910000
RPQNMLMKIIGGFBA56DA,雙連段三小段,.77,都市：其他:第三種商業區。,1000,256,持分移轉,05730000
RPQNMLMKIIGGFBA56DA,雙連段三小段,1.79,都市：其他:第四種住宅區。,1000,256,持分移轉,05730001
RPQNMLMKIIGGFBA56DA,雙連段三小段,7.68,都市：其他:第三種商業區。,1000,256,持分移轉,05740000
RPQNMLMKIIGGFBA56DA,雙連段三小段,.26,都市：其他:第三種商業區。,1000,256,持分移轉,05740001
RPQNMLMKIIGGFBA56DA,雙連段三小段,25.86,都市：其他:第四種住宅區。,1000,256,持分移轉,05740006
RPQNMLMKIIGGFBA56DA,雙連段三小段,.51,都市：其他:第四種住宅區。,1000,256,持分移轉,05740007
RPQNMLLMPHGGFCA37DA,石潭段四小段,102.96,都市：其他:第二種住宅區。,10000,1190,持分移轉,02480000
RPPQMLPJIIGGFCA07DA,東湖段二小段,26.81,都市：其他:第三種住宅區。,10000,81,持分移轉,00350003
RPSNMLQLQHGGFBA97DA,青年段一小段,12.40,都市：其他:第三之二種住宅區及第三之一種住宅區及第三種住宅區(是否在公共設施用地應依建築線或俟地籍測量分割後，再確定)。,85319,66,持分移轉,00570000
RPPNMLSJIIGGFAA86DA,福和段一小段,4.13,都市：其他:第三之二種住宅區。,10000,240,持分移轉,03690004
RPPNMLSJIIGGFAA86DA,福和段一小段,11.95,都市：其他:第三種住宅區。,10000,240,持分移轉,03700000
RPQPMLMKIIGGFAA66DA,興安段二小段,15.96,都市：其他:第三種住宅區。,10000,576,持分移轉,05650000
RPQPMLMKIIGGFBA76DA,玉泉段二小段,13.58,都市：其他:第三種商業區。,10000,46,持分移轉,00910000
RPPSMLQJIIGGFCA37DA,石潭段四小段,8.84,都市：其他:第三種住宅區。,10000,288,持分移轉,00120001
RPPOMLSJIIGGFCA17DA,文德段二小段,35.64,都市：其他:第三種住宅區。,10000,278,持分移轉,01200002
RPQOMLMKIIGGFCA76DA,文德段四小段,27.47,都市：其他:第三種住宅區。,10000,173,持分移轉,02240001
RPPPMLSLRHGGFCA28DA,中山段一小段,4.80,都市：其他:第肆種商業區(依都市計畫說明書圖規定辦理，始得作第肆種商業區使用)(原屬第參種商業區)。,10000,84,持分移轉,08010000
RPSPMLSJIIGGFCA57DA,東湖段一小段,33.14,都市：其他:第三種住宅區。,10000,148,持分移轉,00080006
RPXQMLSJIIGGFCA18DA,東湖段八小段,41.08,都市：其他:第三種住宅區。,100000,1764,持分移轉,00400000
RPUNMLLKIIGGFCA96DA,中山段一小段,3.16,都市：其他:第肆種商業區(依都市計畫說明書圖規定辦理，始得作第肆種商業區使用)(原屬第參種商業區)。,10000,22,持分移轉,04800000
RPSOMLMKIIGGFCA96DA,吉林段四小段,6.37,都市：其他:第肆種商業區(依都市計畫說明書圖規定辦理，始得作第肆種商業區使用)(原屬第參種商業區)。,10000,31,持分移轉,05470000
RPWPMLOJIIGGFBA47DA,華江段三小段,29.25,都市：其他:特定專用區(一)。,10000,205,持分移轉,02740000
RPQNMLOKRHGGFAA47DA,實踐段一小段,49.92,都市：其他:第三種住宅區。,24,1,持分移轉,01580000
RPROMLOKRHGGFAA67DA,公訓段三小段,14.53,都市：其他:第二種住宅區。,20000,22,持分移轉,01350000
RPROMLOKRHGGFAA67DA,公訓段三小段,.19,都市：其他:第二種住宅區。,20000,22,持分移轉,01350001
RPROMLOKRHGGFAA67DA,公訓段三小段,.39,都市：其他:第三種住宅區。,20000,22,持分移轉,01350002
RPROMLOKRHGGFAA67DA,公訓段三小段,.65,都市：其他:第三種住宅區。,20000,22,持分移轉,01350003
RPROMLOKRHGGFAA67DA,公訓段三小段,.17,都市：其他:第三種住宅區。,20000,22,持分移轉,01350004
RPROMLOKRHGGFAA67DA,公訓段三小段,10.02,都市：其他:第二種住宅區。,20000,22,持分移轉,01350005
RPROMLOKRHGGFAA67DA,公訓段三小段,.02,都市：其他:第二種住宅區。,20000,22,持分移轉,01360000
RPQOMLQKRHGGFCA97DA,榮星段六小段,17.54,都市：其他:第三種商業區(原屬第參之貳種住宅區於七十九年九月十三日變更為第貳種商業區又於八十四年九月二十七日調整為第參種商業區(均應依前述都市計畫說明書圖規定辦理))。,20762430,164220,持分移轉,04550000
RPQOMLQKRHGGFCA97DA,榮星段六小段,3.58,都市：其他:第參種商業區(依都市計畫說明書圖規定辦理，始得作第參種商業區使用)(原屬第參種住宅區)。,20762430,164220,持分移轉,04550001
RPSNMLNKIIGGFCA96DA,中山段一小段,3.16,都市：其他:第肆種商業區(依都市計畫說明書圖規定辦理，始得作第肆種商業區使用)(原屬第參種商業區)。,10000,22,持分移轉,04800000
RPWOMLNLRHGGFDA48DA,民生段,18.55,都市：其他:第參種商業區(依都市計畫說明書圖規定辦理，始得作第參種商業區使用) 但是否在道路用地(公共設施用地)(原屬住宅用地民生社區特定專用區應依建築線或俟地籍測量分割後，再確定)。,5735000,42600,持分移轉,00610000
RPWNMLOLRHGGFDA48DA,吳興段二小段,23.84,都市：其他:第三種住宅區。,2000,27,持分移轉,05530000
RPWOMLRJIIGGFDA87DA,西松段二小段,12.34,都市：其他:第三之一種住宅區及第三種住宅區。,10000,86,持分移轉,06900000
RPXOMLMLRHGGFCA38DA,西湖段一小段,.89,都市：其他:第三種住宅區。,5300000,1060,持分移轉,06260000
RPXOMLMLRHGGFCA38DA,碧湖段四小段,.03,都市：其他:第三種住宅區。,5300000,1060,持分移轉,10910000
RPXNMLSJIIGGFDA97DA,民生段,18.38,都市：其他:住宅用地(民生社區特定專用區)。,8,1,持分移轉,00570006
RPXNMLSJIIGGFDA97DA,民生段,6.38,都市：其他:住宅用地(民生社區特定專用區)。,8,1,持分移轉,00570036
RPXNMLSJIIGGFDA97DA,民生段,7.75,都市：其他:住宅用地(民生社區特定專用區)。,8,1,持分移轉,00570046
RPOOMLSJIIGGFDA17DA,永吉段二小段,20.17,都市：其他:第參種商業區(依都市計畫說明書圖規定辦理，始得作第參種商業區使用)(原屬第參種住宅區)。,10000,965,持分移轉,04120000
RPOOMLSJIIGGFDA17DA,永吉段二小段,.29,都市：其他:第參種商業區(依都市計畫說明書圖規定辦理，始得作第參種商業區使用)(原屬第貳種商業區)。,10000,965,持分移轉,04140000
RPWOMLSLRHGGFDA98DA,逸仙段二小段,4.78,都市：其他:第四之一種住宅區。,10000,56,持分移轉,01000000
RPWOMLSLRHGGFDA98DA,逸仙段二小段,1.50,都市：其他:第四種住宅區。,10000,56,持分移轉,01000001
RPPNMLNLRHGGFDA67DA,逸仙段三小段,1.19,都市：其他:第參種商業區(依都市計畫說明書圖規定辦理，始得作第參種商業區使用)(原屬第貳種商業區)。,66955,28,持分移轉,07000000
RPPNMLNLRHGGFDA67DA,逸仙段三小段,7.78,都市：其他:第四種住宅區。,66955,28,持分移轉,07010000
RPPNMLNLRHGGFDA67DA,逸仙段三小段,1.02,都市：其他:第參種商業區(依都市計畫說明書圖規定辦理，始得作第參種商業區使用)(原屬第貳種商業區)。,66955,28,持分移轉,07020000
RPUOMLLJIIGGFDA07DA,玉成段一小段,.62,都市：其他:第參種工業區(不得作住宅使用)。,80,5,持分移轉,00510001
RPUOMLLJIIGGFDA07DA,玉成段一小段,.09,都市：其他:第參種工業區(不得作住宅使用)。,80,7,持分移轉,00550001
RPUOMLLJIIGGFDA07DA,玉成段一小段,.85,都市：其他:第參種工業區(不得作住宅使用)。,296,11,持分移轉,00560001
RPQSMLKMRHGGFDA08DA,永吉段四小段,17.48,都市：其他:第三種住宅區。,10000,340,持分移轉,01100000
RPVOMLMLRHGGFDA28DA,玉成段一小段,1.25,都市：其他:第參種工業區(不得作住宅使用)。,80,10,持分移轉,00510001
RPVOMLMLRHGGFDA28DA,玉成段一小段,.20,都市：其他:第參種工業區(不得作住宅使用)。,80,16,持分移轉,00550001
RPVOMLMLRHGGFDA28DA,玉成段一小段,1.68,都市：其他:第參種工業區(不得作住宅使用)。,1480,108,持分移轉,00560001
RPTOMLMLRHGGFDA08DA,玉成段一小段,.62,都市：其他:第參種工業區(不得作住宅使用)。,240,15,持分移轉,00510001
RPTOMLMLRHGGFDA08DA,玉成段一小段,.09,都市：其他:第參種工業區(不得作住宅使用)。,80,7,持分移轉,00550001
RPTOMLMLRHGGFDA08DA,玉成段一小段,.85,都市：其他:第參種工業區(不得作住宅使用)。,296,11,持分移轉,00560001
RPWOMLMLRHGGFDA38DA,玉成段一小段,1.25,都市：其他:第參種工業區(不得作住宅使用)。,80,10,持分移轉,00510001
RPWOMLMLRHGGFDA38DA,玉成段一小段,.15,都市：其他:第參種工業區(不得作住宅使用)。,80,12,持分移轉,00550001
RPWOMLMLRHGGFDA38DA,玉成段一小段,1.74,都市：其他:第參種工業區(不得作住宅使用)。,1480,112,持分移轉,00560001
RPUOMLMLRHGGFDA18DA,玉成段一小段,1.25,都市：其他:第參種工業區(不得作住宅使用)。,80,10,持分移轉,00510001
RPUOMLMLRHGGFDA18DA,玉成段一小段,.18,都市：其他:第參種工業區(不得作住宅使用)。,80,14,持分移轉,00550001
RPUOMLMLRHGGFDA18DA,玉成段一小段,1.71,都市：其他:第參種工業區(不得作住宅使用)。,296,22,持分移轉,00560001
RPRNMLQJIIGGFDA17DA,南港段二小段,5.55,都市：其他:第貳種工業區(不得作住宅使用)。,1225,80,持分移轉,08700000
RPRNMLQJIIGGFDA17DA,南港段二小段,4.44,都市：其他:第貳種工業區(不得作住宅使用)。,1225,80,持分移轉,08710000
RPRNMLQJIIGGFDA17DA,南港段二小段,17.11,都市：其他:第貳種工業區(不得作住宅使用)。,1225,80,持分移轉,08720000
RPRNMLQJIIGGFDA17DA,南港段二小段,1.31,都市：其他:第貳種工業區(不得作住宅使用)。,1225,80,持分移轉,08720001
RPXNMLTLRHGGFDA09DA,美仁段二小段,2.82,都市：其他:第參種商業區(依都市計畫說明書圖規定辦理，始得作第參種商業區使用)(原屬第貳種商業區)。,260,2,持分移轉,01260000
RPTQMLMKIIGGFDA37DA,寶清段一小段,6.23,都市：其他:第三種商業區。,100000,1233,持分移轉,06290000
RPPOMLMKIIGGFDA76DA,中南段五小段,30.67,都市：其他:第二種住宅區 但是否在道路用地(公共設施用地)(應依建築線或俟地籍測量分割後，再確定)。,18,1,持分移轉,03900000
RPROMLMKIIGGFDA96DA,民生段,41.38,都市：其他:住宅用地(民生社區特定專用區)。,8,1,持分移轉,00100025
RPTOMLMKIIGGFDA17DA,玉成段五小段,24.04,都市：其他:第三種住宅區。,134631,840,持分移轉,02060000
RPUNMLMJRHGGFEA97DA,天母段一小段,57.26,都市：其他:第參種商業區(依都市計畫說明書圖規定辦理，始得作第參種商業區使用)(原屬第參種住宅區)。,100000,4229,持分移轉,01150000
RPWNMLOJIIGGFDA47DA,新光段三小段,19.50,都市：其他:第三種住宅區。,4,1,持分移轉,03810000
RPXNMLRJIIGGFEA97DA,海光段一小段,33.80,都市：其他:第三種住宅區。,30,6,持分移轉,01060000
RPUNMLRJIIGGFEA67DA,永新段二小段,26.04,都市：其他:第三之二種住宅區。,10000,300,持分移轉,01310000
RPUNMLRJIIGGFEA67DA,永新段二小段,1.20,都市：其他:第三種住宅區。,10000,300,持分移轉,01710001
RPTNMLQJIIGGFEA47DA,秀山段二小段,41.13,都市：其他:第三種住宅區。,10000,2164,持分移轉,05240000
RPQOMLQJIIGGFFA37DA,通化段五小段,22.19,都市：其他:第三種住宅區。,10000,572,持分移轉,03430000
RPQPMLNKRHGGFDA87DA,寶清段七小段,12.87,都市：其他:第三種商業區。,100000,1135,持分移轉,01320000
RPOQMLLMQHGGFEA77DA,蘭雅段二小段,47.00,都市：其他:第三種住宅區。,1,1,全筆移轉,01900000
RPSNMLRJRHGGFEA28DA,八仙段二小段,231.28,都市：其他:公園用地(公共設施用地)。82/1/15,1,1,全筆移轉,04320001
RPTNMLRJRHGGFEA38DA,八仙段二小段,960.72,都市：其他:公園用地(公共設施用地)。82/1/15,1,1,全筆移轉,04320000
RPORMLSJIIGGFEA57DA,光華段二小段,32.41,都市：其他:第三之二種住宅區 但是否在第三種住宅區(應依建築線或俟地籍測量分割後，再確定)。,12000,166,持分移轉,10020000
RPORMLSJIIGGFEA57DA,光華段二小段,.37,都市：其他:第三之二種住宅區。,12000,166,持分移轉,10020002
RPVNMLRJRHGGFEA58DA,八仙段二小段,3571.00,都市：其他:公園用地(公共設施用地)。82/1/15,1,1,全筆移轉,04330000
RPOPMLRJIIGGFEA27DA,芝山段二小段,114.00,都市：其他:第三種住宅區。,1,1,全筆移轉,10730000
RPPNMLMKIIGGFEA76DA,天山段一小段,23.64,都市：其他:第二種住宅區。,1113,23,持分移轉,06030000
RPOOMLOLRHGGFFA97DA,學府段一小段,38.00,都市：其他:第三種住宅區。,10000,327,持分移轉,04590000
RPSNMLMKIIGGFEA07DA,三玉段二小段,.16,都市：其他:第三種住宅區。,10000,1,持分移轉,01430000
RPPRMLSJIIGGFEA67DA,行義段三小段,33.35,都市：其他:第三種住宅區。,10000,130,持分移轉,01870000
RPOOMLMKIIGGFEA76DA,秀山段二小段,46.50,都市：其他:第三種住宅區。,2,1,持分移轉,05270000
RPPNMLMKIIGGFAA09EA,興隆段三小段,25.99,都市：其他:第三種住宅區。,10000,158,持分移轉,04170000
RPSTMLNJQHGGFDA28DA,玉成段二小段,8.44,都市：其他:第參種工業區(不得作住宅使用)。,100000,980,持分移轉,03820000
RPXPMLSJIIGGFFA38DA,大安段三小段,9.97,都市：其他:第三種住宅區。,181654,36,持分移轉,02980000
RPRPMLLMQHGGFFA08DA,大安段三小段,19.39,都市：其他:第三種住宅區。,90827,35,持分移轉,02980000
RPVNMLMKIIGGFFA47DA,通化段五小段,7.96,都市：其他:第三之一種住宅區。,10000,87,持分移轉,01590000
RPVNMLMKIIGGFFA47DA,通化段五小段,11.34,都市：其他:第三種住宅區。,10000,87,持分移轉,01590001
RPVNMLMKIIGGFFA47DA,通化段五小段,.03,都市：其他:道路用地(公共設施用地)。61/4/24,10000,87,持分移轉,01590002
RPTQMLMKIIGGFEA47DA,行義段三小段,30.27,都市：其他:第二種住宅區。,10000,257,持分移轉,00460000
RPSNMLMKIIGGFBA86EA,城中段一小段,2.88,都市：其他:第四種商業區。,400000,2117,持分移轉,03360000
RPXNMLMKIIGGFBA37EA,直興段一小段,17.25,都市：其他:第四種商業區。,4,1,持分移轉,05880000
RPOOMLMKIIGGFBA56EA,中正段一小段,21.04,都市：其他:第三種住宅區。,270000,16804,持分移轉,03250000
RPXNMLMKIIGGFFA67DA,通化段五小段,7.78,都市：其他:第三之一種住宅區。,10000,85,持分移轉,01590000
RPXNMLMKIIGGFFA67DA,通化段五小段,11.08,都市：其他:第三種住宅區。,10000,85,持分移轉,01590001
RPXNMLMKIIGGFFA67DA,通化段五小段,.03,都市：其他:道路用地(公共設施用地)。61/4/24,10000,85,持分移轉,01590002
RPPOMLNLRHGGFAA57EA,興隆段二小段,12.01,都市：其他:第三種住宅區。,100000,400,持分移轉,05080000
RPSPMLTLRHGGFFA98DA,龍泉段三小段,8.74,都市：其他:第三種住宅區。,100000,2527,持分移轉,03500000
RPTNMLNKIIGGFBA07EA,青年段一小段,1.86,都市：其他:第三之一種住宅區。,10890,115,持分移轉,06970000
RPTNMLNKIIGGFBA07EA,青年段一小段,10.00,都市：其他:第三種住宅區。,10890,115,持分移轉,06970001
RPRNMLNKIIGGFBA86EA,圓環段二小段,5.18,都市：其他:聯合開發區(捷)(依都市計畫說明書圖規定辦理)。,200000,706,持分移轉,02260000
RPPNMLMKIIGGFCA66EA,中山段三小段,3.55,都市：其他:第肆種商業區(依都市計畫說明書圖規定辦理，始得作第肆種商業區使用)(原屬第參種商業區)。,10000,86,持分移轉,00020000
RPQNMLMKIIGGFCA76EA,東湖段二小段,37.00,都市：其他:第三種住宅區。,10000,713,持分移轉,00250000
RPOOMLRJIIGGFCA07EA,長安段四小段,11.34,都市：其他:第參種商業區(依都市計畫說明書圖規定辦理，始得作第參種商業區使用)(原屬第貳種商業區)。,10000,81,持分移轉,02050000
RPOOMLRJIIGGFCA07EA,長安段四小段,1.17,都市：其他:第參種商業區(依都市計畫說明書圖規定辦理，始得作第參種商業區使用)(原屬第參種住宅區)。,10000,81,持分移轉,02230000
RPXNMLMKIIGGFCA47EA,康寧段三小段,29.07,都市：其他:第三種住宅區。,10000,247,持分移轉,03070000
RPQPMLMKIIGGFCA96EA,吉林段四小段,5.69,都市：其他:第三種住宅區。,10000,37,持分移轉,03370000
RPRPMLMKIIGGFCA07EA,西湖段四小段,35.41,都市：其他:科技工業區(A區)(不得作住宅使用)。,16,3,持分移轉,03750000
RPRPMLMKIIGGFCA07EA,西湖段四小段,111.73,都市：其他:科技工業區(A區)(不得作住宅使用)。,16,3,持分移轉,03760000
RPWPMLOLRHGGFCA68EA,中山段三小段,3.58,都市：其他:第肆種商業區(依都市計畫說明書圖規定辦理，始得作第肆種商業區使用)(原屬第參種商業區)。,10000,83,持分移轉,00630000
RPTPMLOLRHGGFCA38EA,吉林段四小段,6.16,都市：其他:第肆種商業區(依都市計畫說明書圖規定辦理，始得作第肆種商業區使用)(原屬第參種商業區)。,10000,30,持分移轉,05470000
RPUPMLOLRHGGFCA48EA,正義段三小段,.01,都市：其他:第肆種商業區(依都市計畫說明書圖規定辦理，始得作第肆種商業區使用)(原屬第參種商業區)。,100000,2,持分移轉,02620000
RPUPMLOLRHGGFCA48EA,正義段三小段,35.54,都市：其他:第肆種商業區(依都市計畫說明書圖規定辦理，始得作第肆種商業區使用)(原屬第參種商業區)。,100000,2302,持分移轉,02680000
RPROMLKMRHGGFDA87EA,永春段一小段,7.50,都市：其他:道路用地(公共設施用地)。51/9/1,4,1,持分移轉,01430000
RPSOMLKMRHGGFDA97EA,敦化段一小段,21.32,都市：其他:第參種商業區(依都市計畫說明書圖規定辦理，始得作第參種商業區使用)(原屬第參種住宅區及第參之貳種住宅區)。,10000,129,持分移轉,03150000
RPUPMLMKIIGGFCA37EA,東湖段三小段,42.86,都市：其他:第三種住宅區。,10000,282,持分移轉,00180015
RPRPMLMKIIGGFDA17EA,寶清段一小段,2.73,都市：其他:第貳種工業區(不得作住宅使用)。,300000,3706,持分移轉,06270000
RPRPMLMKIIGGFDA17EA,寶清段一小段,18.21,都市：其他:第三種商業區。,300000,3706,持分移轉,06280000
RPUNMLNKRHGGFFA28DA,大安段三小段,22.74,都市：其他:第三種住宅區。,9904,617,持分移轉,01660000
RPXOMLMKIIGGFEA77EA,新民段三小段,44.63,都市：其他:第二種住宅區。,10000,860,持分移轉,02330000
RPUNMLMKIIGGFEA37EA,百齡段六小段,11.67,都市：其他:第三種住宅區。,20928,68,持分移轉,00690000
RPSOMLMKIIGGFEA27EA,光華段二小段,18.22,都市：其他:第三種住宅區。,100000,2400,持分移轉,07580000
RPWOMLKMRHGGFDA38EA,中南段一小段,22.58,都市：其他:第三種住宅區。,1000,71,持分移轉,01560000
RPWOMLKMRHGGFDA38EA,中南段一小段,.18,都市：其他:第三種住宅區。,10000,1,持分移轉,02410000
RPVOMLKMRHGGFDA28EA,經貿段,17.36,都市：其他:住宅區(供住宅使用)。,20000,120,持分移轉,00790000
RPPPMLLJIIGGFDA76EA,三興段三小段,64.31,都市：其他:第參種商業區(依都市計畫說明書圖規定辦理，始得作第參種商業區使用)(原屬第貳種商業區)。,10000,790,持分移轉,00060000
RPQNMLRJIIGGFFA47EA,復興段一小段,.11,都市：其他:第四種住宅區。,2000000,10320,持分移轉,00550000
RPQNMLRJIIGGFFA47EA,復興段一小段,4.20,都市：其他:第四種住宅區。,200000,3922,持分移轉,01230000
RPQNMLRJIIGGFFA47EA,復興段一小段,.46,都市：其他:第四種住宅區。,200000,10320,持分移轉,01230001
RPQNMLRJIIGGFFA47EA,復興段一小段,2.13,都市：其他:第四種住宅區。,200000,2522,持分移轉,01240000
RPQNMLRJIIGGFFA47EA,復興段一小段,.93,都市：其他:第四種住宅區。,200000,10320,持分移轉,01240001
RPQNMLRJIIGGFFA47EA,復興段一小段,.03,都市：其他:道路用地(公共設施用地)。48/3/13,200000,2522,持分移轉,01240002
RPQNMLRJIIGGFFA47EA,復興段一小段,1.01,都市：其他:第四種住宅區。,200000,4128,持分移轉,01250001
RPOPMLSLRHGGFFA58EA,仁愛段六小段,14.27,都市：其他:第四之一種住宅區(特)。,10000,592,持分移轉,06160001
RPTOMLOKRHGGFFA48EA,通化段五小段,32.00,都市：其他:第三種住宅區。,4,1,持分移轉,03080000
RPSOMLOKRHGGFFA38EA,大安段二小段,9.64,都市：其他:敦化南北路特定專用區(B區)(依都市計畫說明書圖規定辦理)(原屬第參之貳種住宅區)。,10000,48,持分移轉,00010000
RPSOMLOKRHGGFFA38EA,大安段二小段,9.67,都市：其他:敦化南北路特定專用區(B區)(依都市計畫說明書圖規定辦理)(原屬第參種住宅區及第參之貳種住宅區)。,10000,48,持分移轉,00030000
RPPOMLNKIIGGFFA17EA,龍泉段一小段,30.44,都市：其他:第三種住宅區。,10144,387,持分移轉,04900000
RPQNMLNKIIGGFFA17EA,瑞安段二小段,27.75,都市：其他:第參種商業區(依都市計畫說明書圖規定辦理，始得作第參種商業區使用)(原屬第貳種商業區)。,8,2,持分移轉,07000000
RPWOMLNKIIGGFEA77EA,奇岩段四小段,24.94,都市：其他:第三種住宅區。,10000,74,持分移轉,02730000
RPTPMLMKIIGGFEA37DA,永平段一小段,22.52,都市：其他:第三種住宅區。,10000,302,持分移轉,05210000
RPVPMLMKIIGGFEA57DA,永平段一小段,19.54,都市：其他:第三種住宅區。,10000,262,持分移轉,05210000
RPUPMLMKIIGGFEA47DA,永平段一小段,20.13,都市：其他:第三種住宅區。,10000,270,持分移轉,05210000
RPXOMLKMRHGGFDA48EA,新光段二小段,25.37,都市：其他:住宅區。,38000,24,持分移轉,04090000
RPPPMLKMRHGGFDA77EA,雅祥段一小段,22.50,都市：其他:第三種住宅區。,4,1,持分移轉,01220000
RPSPMLMKIIGGFDA27EA,南港段一小段,32.72,都市：其他:住宅區(特)。,1000000,8062,持分移轉,03840000
RPTOMLKMRHGGFDA08EA,新光段二小段,35.98,都市：其他:第三種住宅區。,10000,369,持分移轉,03380000
RPTPMLMKIIGGFCA27EA,文德段二小段,10.73,都市：其他:第三種住宅區。,100000,3130,持分移轉,02010000
RPTNMLNKIIGGFCA17EA,康寧段四小段,24.14,都市：其他:第三種住宅區。,20000,212,持分移轉,02010000
RPPNMLOKIIGGFEA07EA,豐年段四小段,17.29,都市：其他:第二種住宅區。,10000,449,持分移轉,02750000
RPPNMLOKIIGGFEA07EA,豐年段四小段,9.64,都市：其他:第二種住宅區。,10000,449,持分移轉,03650021
RPXOMLNKIIGGFEA87EA,行義段四小段,70.54,都市：其他:第三種住宅區。,10000,432,持分移轉,04530000
RPVOMLSLRHGGFFA56EA,懷生段二小段,.83,都市：其他:第三種住宅區。,100000,682,持分移轉,05770000
RPVOMLSLRHGGFFA56EA,懷生段二小段,2.48,都市：其他:第參種商業區(依都市計畫說明書圖規定辦理，始得作第參種商業區使用)(原屬第貳種商業區)。,100000,682,持分移轉,05780000
RPTOMLSLRHGGFFA98EA,復興段一小段,11.47,都市：其他:第四種住宅區。,10000,104,持分移轉,03150000
RPWQMLNKIIGGFCA77EA,康寧段三小段,3.19,都市：其他:第三種商業區。,10000,6,持分移轉,07680000
RPOQMLOLRHGGFCA97EA,長安段三小段,2.60,都市：其他:聯合開發區(捷)(依都市計畫說明書圖規定辦理)。,100000,223,持分移轉,03970000
RPOQMLOLRHGGFCA97EA,長安段三小段,.15,都市：其他:第參種商業區(依都市計畫說明書圖規定辦理，始得作第參種商業區使用)(原屬第貳種商業區)。,100000,223,持分移轉,04030000
RPOQMLOLRHGGFCA97EA,長安段三小段,.53,都市：其他:第參種商業區(依都市計畫說明書圖規定辦理，始得作第參種商業區使用)(原屬第參種住宅區)。,100000,223,持分移轉,04030001
RPWNMLSJIIGGFCA87EA,潭美段一小段,2.42,都市：其他:道路用地(公共設施用地) 但是否在科技工業區(B區)(特不得作住宅使用應依建築線或俟地籍測量分割後，再確定)。,24,1,持分移轉,03640000
RPWNMLSJIIGGFCA87EA,潭美段一小段,6.96,都市：其他:科技工業區(B區)(特不得作住宅使用) 但是否在道路用地(公共設施用地)(應依建築線或俟地籍測量分割後，再確定)。,24,1,持分移轉,03650000
RPWNMLSJIIGGFCA87EA,潭美段一小段,155.44,都市：其他:科技工業區(B區)(特不得作住宅使用)及道路用地(公共設施用地)及公園用地(公共設施用地)。,36,2,持分移轉,03990000
RPWNMLSJIIGGFCA87EA,潭美段一小段,31.44,都市：其他:科技工業區(B區)(特不得作住宅使用)及道路用地(公共設施用地)及公園用地(公共設施用地)。,36,2,持分移轉,03990001
RPWNMLSJIIGGFCA87EA,潭美段一小段,56.88,都市：其他:科技工業區(B區)(特不得作住宅使用)及道路用地(公共設施用地)及公園用地(公共設施用地)。,24,1,持分移轉,04010000
RPWNMLSJIIGGFCA87EA,潭美段一小段,18.08,都市：其他:科技工業區(B區)(特不得作住宅使用) 但是否在道路用地(公共設施用地)(應依建築線或俟地籍測量分割後，再確定)。,48,1,持分移轉,04040000
RPXNMLSJIIGGFCA97EA,潭美段一小段,2.42,都市：其他:道路用地(公共設施用地) 但是否在科技工業區(B區)(特不得作住宅使用應依建築線或俟地籍測量分割後，再確定)。,24,1,持分移轉,03640000
RPXNMLSJIIGGFCA97EA,潭美段一小段,6.96,都市：其他:科技工業區(B區)(特不得作住宅使用) 但是否在道路用地(公共設施用地)(應依建築線或俟地籍測量分割後，再確定)。,24,1,持分移轉,03650000
RPXNMLSJIIGGFCA97EA,潭美段一小段,113.75,都市：其他:科技工業區(B區)(特不得作住宅使用)及道路用地(公共設施用地)及公園用地(公共設施用地)。,24,2,持分移轉,04010000
RPXNMLSJIIGGFCA97EA,潭美段一小段,18.08,都市：其他:科技工業區(B區)(特不得作住宅使用) 但是否在道路用地(公共設施用地)(應依建築線或俟地籍測量分割後，再確定)。,48,1,持分移轉,04040000
RPVPMLOLRHGGFCA58EA,長安段四小段,29.86,都市：其他:第三之一種住宅區(特)。,12500,189,持分移轉,02960000
RPPOMLMKIIGGFBA66EA,玉泉段一小段,15.00,都市：其他:第三種商業區。,1,1,全筆移轉,01230000
RPPOMLMKIIGGFBA66EA,玉泉段一小段,3.00,都市：其他:道路用地(公共設施用地)。,1,1,全筆移轉,01230001
RPPOMLMKIIGGFBA66EA,玉泉段一小段,47.00,都市：其他:第三種商業區。,1,1,全筆移轉,01240000
RPQOMLMKIIGGFBA76EA,玉泉段一小段,96.00,都市：其他:第三種商業區。,1,1,全筆移轉,01380000
RPOOMLMKIIGGFFA86DA,龍泉段二小段,12.20,都市：其他:第三種住宅區。,5,1,持分移轉,04660000
RPOOMLMKIIGGFFA86DA,龍泉段二小段,.20,都市：其他:道路用地(公共設施用地)。44/7/5,5,1,持分移轉,04660001
RPOOMLMKIIGGFFA86DA,龍泉段二小段,4.20,都市：其他:第三種住宅區。,15,1,持分移轉,04670000
RPOOMLMKIIGGFFA86DA,龍泉段二小段,.13,都市：其他:道路用地(公共設施用地)。44/7/5,15,1,持分移轉,04670001
RPPNMLNKIIGGFFA96DA,仁愛段六小段,1.14,都市：其他:第肆種商業區(依都市計畫說明書圖規定辦理，始得作第肆種商業區使用)(原屬第肆種住宅區及第貳種商業區)。,10000,9,持分移轉,03850000
RPTNMLNKIIGGFFA37DA,復興段一小段,7.00,都市：其他:道路用地(公共設施用地)。48/3/13,1,1,全筆移轉,03340001
RPUPMLMKIIGGFAA17EA,公訓段三小段,29.29,都市：其他:第二種住宅區。,10000,17,持分移轉,01510008
RPWPMLMKIIGGFAA37EA,萬芳段三小段,44.87,都市：其他:第三種住宅區。,10000,222,持分移轉,07850000
RPWRMLNKIIGGFDA97EA,南港段一小段,16.70,都市：其他:第三種住宅區。,10000,159,持分移轉,08030000
RPXRMLNKIIGGFDA08EA,雅祥段一小段,10.31,都市：其他:第參種商業區(依都市計畫說明書圖規定辦理，始得作第參種商業區使用)(原屬第貳種商業區)。,60000,286,持分移轉,05220000
RPXRMLNKIIGGFDA08EA,雅祥段一小段,6.20,都市：其他:第參種商業區(依都市計畫說明書圖規定辦理，始得作第參種商業區使用)(原屬第參種住宅區)。,60000,286,持分移轉,05250005
RPUOMLOKIIGGFAA27EA,實踐段三小段,38.56,都市：其他:第三種住宅區。,10000,254,持分移轉,05040000
RPVNMLNKIIGGFAA17EA,興安段一小段,14.29,都市：其他:市場用地(公共設施用地)。62/10/24,10000,54,持分移轉,04870000
RPPSMLNKIIGGFCA27EA,中山段一小段,4.85,都市：其他:第肆種商業區(依都市計畫說明書圖規定辦理，始得作第肆種商業區使用)(原屬第參種商業區)。,30000,298,持分移轉,08870000
RPRNMLNKIIGGFEA07DA,立農段五小段,28.30,都市：其他:第三種住宅區。,10000,173,持分移轉,00750000
RPWNMLNKIIGGFEA57DA,蘭雅段二小段,25.58,都市：其他:第三種住宅區。,9008,100,持分移轉,04210002
RPWNMLNKIIGGFEA57DA,蘭雅段二小段,.03,都市：其他:道路用地(公共設施用地)。65/8/26,9008,100,持分移轉,04210008
RPWNMLNKIIGGFEA57DA,蘭雅段二小段,.03,都市：其他:道路用地(公共設施用地)。65/8/26,9008,100,持分移轉,04210009
RPUQMLMKIIGGFEA57DA,立農段一小段,39.30,都市：其他:第三之二種住宅區。,10000,399,持分移轉,05960000
RPUQMLMKIIGGFEA57DA,立農段一小段,1.80,都市：其他:第三種住宅區。,10000,399,持分移轉,05980001
RPOOMLNKIIGGFEA86DA,蘭雅段二小段,.03,都市：其他:第參種工業區(不得作住宅使用)。,1000000,9,持分移轉,00050000
RPOOMLNKIIGGFEA86DA,蘭雅段二小段,.00,都市：其他:第三種住宅區。,1000000,9,持分移轉,00070000
RPOOMLNKIIGGFEA86DA,蘭雅段二小段,.01,都市：其他:第三種住宅區。,1000000,9,持分移轉,00130000
RPXPMLMKIIGGFEA77DA,華岡段二小段,9.81,都市：其他:道路用地(公共設施用地)。59/7/4,4,1,持分移轉,02830000
RPXPMLMKIIGGFEA77DA,華岡段二小段,80.21,都市：其他:特定住宅區(二)。,4,1,持分移轉,02840000
RPRRMLNKIIGGFCA37EA,康寧段三小段,31.19,都市：其他:交通用地(公共設施用地)。,100000,382,持分移轉,01990000
RPQQMLMKIIGGFEA17DA,桃源段四小段,14.01,都市：其他:第三種住宅區。,30000,453,持分移轉,01670000
RPQQMLMKIIGGFEA17DA,桃源段四小段,6.81,都市：其他:第三種住宅區。,30000,453,持分移轉,01680000
RPRQMLMKIIGGFEA27DA,振興段三小段,16.22,都市：其他:第三種住宅區。,100000,1880,持分移轉,10240000
RPSQMLMKIIGGFEA37DA,奇岩段一小段,67.35,都市：其他:第二種住宅區。,100000,1874,持分移轉,01910000
RPSQMLMKIIGGFEA37DA,奇岩段一小段,.26,都市：其他:道路用地(公共設施用地)。97/3/4,100000,1874,持分移轉,01910002
RPSQMLMKIIGGFEA37DA,奇岩段一小段,.92,都市：其他:道路用地(公共設施用地)。97/3/4,100000,1874,持分移轉,01920002
RPTRMLNKIIGGFCA57EA,康寧段三小段,31.19,都市：其他:交通用地(公共設施用地)。,100000,382,持分移轉,01990000
RPVOMLQJIIGGFFA87DA,仁愛段六小段,2.11,都市：其他:道路用地(公共設施用地)。48/3/13,80000,693,持分移轉,03740000
RPVOMLQJIIGGFFA87DA,仁愛段六小段,3.25,都市：其他:道路用地(公共設施用地)。48/3/13,80000,693,持分移轉,03760000
RPVOMLQJIIGGFFA87DA,仁愛段二小段,1.06,都市：其他:道路用地(公共設施用地)。48/3/13,80000,761,持分移轉,04250000
RPVOMLQJIIGGFFA87DA,仁愛段二小段,2.71,都市：其他:道路用地(公共設施用地)。48/3/13,80000,628,持分移轉,04380000
RPVOMLQJIIGGFFA87DA,仁愛段二小段,3.77,都市：其他:道路用地(公共設施用地)。48/3/13,80000,761,持分移轉,04460000
RPVOMLQJIIGGFFA87DA,仁愛段二小段,15.31,都市：其他:道路用地(公共設施用地)。48/3/13,80000,761,持分移轉,04520001
RPVNMLRJIIGGFEA77DA,海光段一小段,9.88,都市：其他:第三之二種住宅區。,100000,364,持分移轉,01970000
RPVNMLRJIIGGFEA77DA,海光段一小段,.09,都市：其他:第三種住宅區。,100000,364,持分移轉,01970002
RPWNMLSJIIGGFEA97DA,三玉段一小段,.34,都市：其他:第三種住宅區。,10000,10,持分移轉,04640000
RPXPMLSJIIGGFEA28DA,翠山段一小段,37.62,都市：其他:保護區。,2021,551,持分移轉,03020000
RPXPMLSJIIGGFEA28DA,翠山段一小段,199.00,都市：其他:保護區。,1,1,全筆移轉,03030000
RPXPMLSJIIGGFEA28DA,翠山段一小段,54.25,都市：其他:保護區。,2021,551,持分移轉,03040000
RPPNMLLKIIGGFEA66DA,振興段三小段,4.80,都市：其他:第三種住宅區。,80,2,持分移轉,09020000
RPPNMLLKIIGGFEA66DA,振興段三小段,1.15,都市：其他:第三種住宅區。,80,2,持分移轉,09020002
RPPNMLLKIIGGFEA66DA,振興段三小段,18.88,都市：其他:第三種住宅區。,1440,90,持分移轉,09020004
RPXPMLKMRHGGFDA58EA,民生段,20.20,都市：其他:住宅用地(民生社區特定專用區)。,10,1,持分移轉,00470044
RPSPMLSLRHGGFFA88DA,仁愛段六小段,4.83,都市：其他:第肆種商業區(依都市計畫說明書圖規定辦理，始得作第肆種商業區使用)(原屬第貳種商業區)。,10000,28,持分移轉,01010000
RPXNMLTLRHGGFFA66DA,復興段一小段,8.29,都市：其他:第肆種商業區(依都市計畫說明書圖規定辦理，始得作第肆種商業區使用)(原屬第肆種住宅區及第貳種商業區)。,10000,133,持分移轉,04540000
RPXNMLTLRHGGFFA66DA,復興段一小段,.49,都市：其他:第肆種商業區(依都市計畫說明書圖規定辦理，始得作第肆種商業區使用)(原屬第肆種住宅區)。,10000,133,持分移轉,04540001
RPXNMLQJIIGGFDA77DA,雅祥段四小段,14.68,都市：其他:第三種住宅區。,100000,2438,持分移轉,00840000
RPSNMLMJIIGGFEA96DA,光華段四小段,9.51,都市：其他:第三種住宅區。,10000,29,持分移轉,07780000
RPVQMLMKIIGGFDA57DA,南港段一小段,5.55,都市：其他:住宅區(供住宅使用)。,100000,101,持分移轉,06190000
RPQQMLNKIIGGFDA17DA,延吉段三小段,43.79,都市：其他:敦化南北路特定專用區(B區)(依都市計畫說明書圖規定辦理)(原屬第參之貳種住宅區)。,100000,4760,持分移轉,08910000
RPQQMLNKIIGGFDA17DA,延吉段三小段,14.38,都市：其他:敦化南北路特定專用區(B區)(依都市計畫說明書圖規定辦理)(原屬第參種住宅區)。,100000,4760,持分移轉,08910003
RPSRMLNKIIGGFDA47DA,南港段四小段,22.93,都市：其他:第三種住宅區。,55,1,持分移轉,01880000
RPSRMLNKIIGGFDA47DA,南港段四小段,.55,都市：其他:道路用地(公共設施用地)。62/10/19,55,1,持分移轉,01880001
RPSRMLNKIIGGFDA47DA,南港段四小段,.04,都市：其他:道路用地(公共設施用地)。62/10/19,55,1,持分移轉,01880002
RPSRMLNKIIGGFDA47DA,南港段四小段,.29,都市：其他:第三種住宅區。,55,1,持分移轉,01890000
RPSRMLNKIIGGFDA47DA,南港段四小段,.82,都市：其他:道路用地(公共設施用地)。62/10/19,55,1,持分移轉,01890001
RPTRMLNKIIGGFDA57DA,向陽段,32.14,都市：其他:住宅區(供住宅使用)。,20000,552,持分移轉,00110014
RPWOMLMKIIGGFDA47DA,美仁段二小段,11.38,都市：其他:第三種住宅區。,10000,34,持分移轉,02230000
RPSOMLSLRHGGFDA58DA,民生段,18.88,都市：其他:住宅用地(民生社區特定專用區) 但是否在道路用地(公共設施用地)(應依建築線或俟地籍測量分割後，再確定)。,10000,100,持分移轉,00270002
RPSOMLSLRHGGFDA58DA,民生段,1.92,都市：其他:道路用地(公共設施用地)。71/5/10,10000,100,持分移轉,00270025
RPWPMLMKIIGGFDA57DA,大豐段二小段,85.00,都市：其他:保護區。,25920,2160,持分移轉,05710000
RPWPMLMKIIGGFDA57DA,大豐段二小段,2.33,都市：其他:保護區。,25920,2160,持分移轉,05710002
RPWPMLMKIIGGFDA57DA,大豐段二小段,19.08,都市：其他:保護區。,25920,2160,持分移轉,05710003
RPWPMLMKIIGGFDA57DA,大豐段二小段,40.00,都市：其他:保護區。,1,1,全筆移轉,05710004
RPWPMLMKIIGGFDA57DA,大豐段二小段,45.00,都市：其他:保護區。,25920,2160,持分移轉,05800000
RPQQMLMKIIGGFDA07DA,民生段,43.00,都市：其他:住宅用地(民生社區特定專用區)。,4,1,持分移轉,00410021
RPROMLKMQHGGFFA87DA,仁愛段二小段,12.26,都市：其他:第肆種商業區(依都市計畫說明書圖規定辦理，始得作第肆種商業區使用)(原屬第貳種商業區)。,2000000,10290,持分移轉,00350000
RPROMLKMQHGGFFA87DA,仁愛段二小段,6.24,都市：其他:第肆種商業區(依都市計畫說明書圖規定辦理，始得作第肆種商業區使用)(原屬第肆種住宅區)。,2000000,10290,持分移轉,00350001
RPROMLKMQHGGFFA87DA,仁愛段二小段,.03,都市：其他:道路用地(公共設施用地)。48/3/13,2000000,10290,持分移轉,00350002
RPROMLKMQHGGFFA87DA,仁愛段二小段,.21,都市：其他:道路用地(公共設施用地)。61/3/27,2000000,10290,持分移轉,00360000
RPOQMLSJIIGGFDA37DA,向陽段,23.18,都市：其他:商業區(供一般商業使用不得作住宅使用)。,10000,367,持分移轉,00130000
RPQNMLMKIIGGFDA76DA,寶清段五小段,150.17,都市：其他:第三種住宅區。,10000,469,持分移轉,03080000
RPQQMLNKIIGGFCA07DA,石潭段四小段,36.85,都市：其他:第二之一種住宅區(依都市計畫說明書圖規定辦理)。,20000,402,持分移轉,02350000
RPWPMLNKIIGGFCA57DA,吉林段三小段,2.84,都市：其他:第肆種商業區(依都市計畫說明書圖規定辦理，始得作第肆種商業區使用)(原屬第參種商業區)。,10000,13,持分移轉,09220000
RPQQMLNKIIGGFCA07DA,石潭段四小段,42.57,都市：其他:第二種住宅區。,20000,402,持分移轉,02350001
RPUQMLNKIIGGFCA47DA,潭美段四小段,258.46,都市：其他:國小用地(公共設施用地)。62/4/18,960000,113451,持分移轉,00060000
RPURMLNKIIGGFCA57DA,吉林段三小段,6.84,都市：其他:第肆種商業區(依都市計畫說明書圖規定辦理，始得作第肆種商業區使用)(原屬第參種商業區)。,10000,82,持分移轉,10170000
RPTNMLRJRHGGFFA48DA,復興段一小段,36.50,都市：其他:第肆種商業區(依都市計畫說明書圖規定辦理，始得作第肆種商業區使用)(原屬第肆種住宅區)。,8,1,持分移轉,06400000
RPROMLRJRHGGFFA38DA,金華段一小段,34.50,都市：其他:道路用地(公共設施用地)。,4,1,持分移轉,05260000
RPROMLRJRHGGFFA38DA,金華段一小段,1.75,都市：其他:道路用地(公共設施用地)。42/9/18,4,1,持分移轉,05350001
RPROMLRJRHGGFFA38DA,金華段一小段,3.50,都市：其他:道路用地(公共設施用地)。42/9/18,4,1,持分移轉,05380000
RPTOMLMKIIGGFCA07DA,正義段三小段,5.76,都市：其他:第三種商業區。,100000,516,持分移轉,06380000
RPVOMLMKIIGGFCA27DA,吉林段三小段,5.26,都市：其他:第肆種商業區(依都市計畫說明書圖規定辦理，始得作第肆種商業區使用)(原屬第參種商業區)。,90000,67,持分移轉,09210000
RPVOMLMKIIGGFCA27DA,吉林段三小段,.01,都市：其他:道路用地(公共設施用地)。53/7/15,90000,67,持分移轉,09210006
RPSNMLPKRHGGFFA28DA,仁愛段四小段,.15,都市：其他:道路用地(公共設施用地)。61/3/27,855,1,持分移轉,00760000
RPVOMLMKIIGGFCA27DA,吉林段三小段,.00,都市：其他:道路用地(公共設施用地)。53/7/15,90000,67,持分移轉,09210007
RPSNMLPKRHGGFFA28DA,仁愛段四小段,.04,都市：其他:道路用地(公共設施用地)。61/3/27,1710,1,持分移轉,00800000
RPSNMLPKRHGGFFA28DA,仁愛段四小段,.11,都市：其他:第參種商業區(依都市計畫說明書圖規定辦理，始得作第參種商業區使用)(原屬第肆種住宅區)。,855,1,持分移轉,00810000
RPSNMLPKRHGGFFA28DA,仁愛段四小段,.05,都市：其他:道路用地(公共設施用地)。61/3/27,855,1,持分移轉,00810001
RPSNMLPKRHGGFFA28DA,仁愛段四小段,.01,都市：其他:道路用地(公共設施用地)。61/3/27,855,1,持分移轉,00820001
RPSNMLPKRHGGFFA28DA,仁愛段四小段,.08,都市：其他:第參種商業區(依都市計畫說明書圖規定辦理，始得作第參種商業區使用)(原屬第肆種住宅區)。,855,1,持分移轉,00820002
RPSNMLPKRHGGFFA28DA,仁愛段四小段,.34,都市：其他:第參種商業區(依都市計畫說明書圖規定辦理，始得作第參種商業區使用)(原屬第肆種住宅區)。,855,1,持分移轉,00820003
RPSNMLPKRHGGFFA28DA,仁愛段四小段,.04,都市：其他:道路用地(公共設施用地)。61/3/27,855,1,持分移轉,00820004
RPSNMLPKRHGGFFA28DA,仁愛段四小段,.08,都市：其他:道路用地(公共設施用地)。61/3/27,855,1,持分移轉,00820005
RPSNMLPKRHGGFFA28DA,仁愛段四小段,.30,都市：其他:第參種商業區(依都市計畫說明書圖規定辦理，始得作第參種商業區使用)(原屬第肆種住宅區)。,855,1,持分移轉,00830000
RPSNMLPKRHGGFFA28DA,仁愛段四小段,.24,都市：其他:道路用地(公共設施用地)。61/3/27,855,1,持分移轉,00830001
RPSNMLPKRHGGFFA28DA,仁愛段四小段,.05,都市：其他:道路用地(公共設施用地)。61/3/27,855,1,持分移轉,00880000
RPQOMLOKIIGGFAA86EA,河堤段一小段,2.55,都市：其他:第參種商業區(依都市計畫說明書圖規定辦理，始得作第參種商業區使用)(原屬第貳種商業區)。,10000,16,持分移轉,00090000
RPQOMLOKIIGGFAA86EA,河堤段一小段,.11,都市：其他:道路用地(公共設施用地)。56/9/9,10000,16,持分移轉,00090001
RPQOMLOKIIGGFAA86EA,河堤段一小段,.00,都市：其他:第參種商業區(依都市計畫說明書圖規定辦理，始得作第參種商業區使用)(原屬第參種住宅區)。,10000,16,持分移轉,00090002
RPQOMLOKIIGGFAA86EA,河堤段一小段,.02,都市：其他:第參種商業區(依都市計畫說明書圖規定辦理，始得作第參種商業區使用)(原屬第參種住宅區)。,10000,16,持分移轉,00090003
RPROMLNKIIGGFAA86EA,興隆段三小段,26.86,都市：其他:第三種住宅區。,200000,2418,持分移轉,02250000
RPORMLRJRHGGFEA28DA,開明段一小段,1.06,都市：其他:道路用地(公共設施用地)。,16,1,持分移轉,01080003
RPRNMLNKIIGGFCA86DA,長安段一小段,15.88,都市：其他:第參種商業區(依都市計畫說明書圖規定辦理，始得作第參種商業區使用)(原屬第貳種商業區)。,100000,1770,持分移轉,06070000
RPVOMLSJIIGGFCA77DA,德惠段二小段,18.27,都市：其他:第參種商業區(依都市計畫說明書圖規定辦理，始得作第參種商業區使用)(原屬第參種住宅區) 但是否在第三種商業區(原屬第參之貳種住宅區於七十九年九月十三日變更為第貳種商業區又於八十四年九月二十七日調整為第參種商業區(均應依前述都市計畫說明書圖規定辦理))。,100000,5019,持分移轉,09500000
RPQNMLOKIIGGFCA86DA,長安段三小段,14.49,都市：其他:第參種商業區(依都市計畫說明書圖規定辦理，始得作第參種商業區使用)(原屬第貳種商業區)及第三種住宅區。,10000,207,持分移轉,04510000
RPPOMLOKIIGGFCA86DA,北安段二小段,30.97,都市：其他:第三種住宅區。,12000,200,持分移轉,02790000
RPPNMLTJIIGGFCA17DA,東湖段一小段,32.11,都市：其他:第三種住宅區。,10000,210,持分移轉,00210000
RPXOMLTLRHGGFCA09DA,文德段三小段,8.37,都市：其他:第三種住宅區。,53492,312,持分移轉,04430003
RPXOMLTLRHGGFCA09DA,文德段二小段,33.64,都市：其他:第三種住宅區。,53492,312,持分移轉,05460006
RPPNMLLLRHGGFEA57DA,崇仰段三小段,123.96,都市：其他:第三種住宅區。,20000,1424,持分移轉,00350000
RPWRMLOLRHGGFCA78DA,碧湖段四小段,.17,都市：其他:第三種住宅區。,1000000,69,持分移轉,00690000
RPWRMLOLRHGGFCA78DA,碧湖段四小段,53.19,都市：其他:第三種住宅區。,10000,203,持分移轉,00880000
RPWRMLOLRHGGFCA78DA,碧湖段四小段,.92,都市：其他:第三種住宅區。,3000,23,持分移轉,00920002
RPRPMLMKIIGGFBA86DA,雙連段三小段,.09,都市：其他:第三種商業區。,480,7,持分移轉,07810000
RPRPMLMKIIGGFBA86DA,雙連段三小段,.38,都市：其他:第三種商業區。,480,7,持分移轉,07820000
RPRPMLMKIIGGFBA86DA,雙連段三小段,18.48,都市：其他:第三種商業區。,5000,81,持分移轉,07830000
RPRPMLMKIIGGFBA86DA,雙連段三小段,1.16,都市：其他:第三種商業區。,80,1,持分移轉,08420000
RPOPMLSLRHGGFCA18DA,中山段二小段,4.88,都市：其他:第三種商業區。,10000,110,持分移轉,00300000
RPOPMLSLRHGGFCA18DA,中山段二小段,3.92,都市：其他:第三種商業區。,10000,110,持分移轉,00310000
RPXNMLSLRHGGFCA88DA,榮星段四小段,15.41,都市：其他:第三種住宅區。,200000,1390,持分移轉,07700000
RPXNMLSLRHGGFCA88DA,榮星段四小段,8.65,都市：其他:第三之一種住宅區。,200000,1390,持分移轉,07860000
RPQNMLNKIIGGFBA66DA,華江段二小段,3.82,都市：其他:第三之一種住宅區。,100000,440,持分移轉,00940000
RPQNMLNKIIGGFBA66DA,華江段二小段,1.27,都市：其他:第三種住宅區。,100000,440,持分移轉,00940001
RPWNMLNKIIGGFBA27DA,青年段二小段,47.72,都市：其他:第三種住宅區。,2000,316,持分移轉,03640000
RPUNMLNKIIGGFBA07DA,華中段三小段,21.00,都市：其他:第三之二種住宅區。,4,1,持分移轉,06080000
RPPOMLMKIIGGFBA56DA,萬大段二小段,2.91,都市：其他:第三種住宅區。,10000,28,持分移轉,01190000
RPUOMLMKIIGGFBA07DA,萬大段二小段,10.51,都市：其他:第三種住宅區。,10000,101,持分移轉,01190000
RPTNMLQJIIGGFCA27DA,德惠段四小段,19.00,都市：其他:第肆種商業區(依都市計畫說明書圖規定辦理，始得作第肆種商業區使用)(原屬第參種商業區)。,11,1,持分移轉,02740000
RPWQMLMKIIGGFCA57DA,北安段三小段,30.96,都市：其他:第三種住宅區。,10000,447,持分移轉,07740000
RPVPMLMKIIGGFCA37DA,長春段一小段,11.79,都市：其他:第三種住宅區。,10000,167,持分移轉,10650000
RPPNMLNKIIGGFCA66DA,中山段一小段,.81,都市：其他:第肆種商業區(依都市計畫說明書圖規定辦理，始得作第肆種商業區使用)(原屬第參種商業區)。,10000,24,持分移轉,02060000
RPPNMLNKIIGGFCA66DA,中山段一小段,2.72,都市：其他:第肆種商業區(依都市計畫說明書圖規定辦理，始得作第肆種商業區使用)(原屬第參種商業區)。,10000,26,持分移轉,02100000
RPVQMLMKIIGGFCA47DA,東湖段八小段,49.80,都市：其他:第三種住宅區。,10000,152,持分移轉,00160000
RPSPMLSLRHGGFBA48DA,雙連段一小段,14.40,都市：其他:第四種住宅區。,10000,439,持分移轉,05970000
RPXPMLSLRHGGFBA98DA,雙連段一小段,8.82,都市：其他:第四種住宅區。,10000,269,持分移轉,05970000
RPTPMLSLRHGGFBA58DA,雙連段一小段,14.43,都市：其他:第四種住宅區。,10000,440,持分移轉,05970000
RPUPMLSLRHGGFBA68DA,雙連段一小段,14.40,都市：其他:第四種住宅區。,10000,439,持分移轉,05970000
RPWOMLKKJIPFFDA18DA,逸仙段三小段,3.11,都市：其他:第參種商業區(依都市計畫說明書圖規定辦理，始得作第參種商業區使用)(原屬第貳種商業區)。,66955,73,持分移轉,07000000
RPWOMLKKJIPFFDA18DA,逸仙段三小段,20.29,都市：其他:第四種住宅區。,66955,73,持分移轉,07010000
RPWOMLKKJIPFFDA18DA,逸仙段三小段,2.65,都市：其他:第參種商業區(依都市計畫說明書圖規定辦理，始得作第參種商業區使用)(原屬第貳種商業區)。,66955,73,持分移轉,07020000
RPSOMLNKIIGGFBA96DA,華江段二小段,11.40,都市：其他:第三種住宅區。,5,1,持分移轉,02060007
RPSOMLNKIIGGFBA96DA,華江段二小段,.30,都市：其他:第三種住宅區。,40,1,持分移轉,02070002
RPSOMLNKIIGGFBA96DA,華江段二小段,9.60,都市：其他:第三種住宅區。,5,1,持分移轉,02070005
RPSOMLNKIIGGFBA96DA,華江段二小段,.38,都市：其他:第三種住宅區。,40,1,持分移轉,02080008
RPSOMLNKIIGGFBA96DA,華江段二小段,3.40,都市：其他:第三種住宅區。,5,1,持分移轉,02080017
RPQRMLSLRHGGFBA48DA,雙連段一小段,6.89,都市：其他:第四種住宅區。,10000,210,持分移轉,05970000
RPRRMLSLRHGGFBA58DA,雙連段一小段,15.02,都市：其他:第四種住宅區。,10000,458,持分移轉,05970000
RPVOMLNKIIGGFAA17DA,公訓段二小段,21.75,都市：其他:第三種住宅區。,10000,32,持分移轉,05790000
RPTNMLRJRHGGFBA08DA,橋北段二小段,19.44,都市：其他:聯合開發區(捷)。,100000,475,持分移轉,06360000
RPTNMLRJRHGGFBA08DA,橋北段二小段,.11,都市：其他:聯合開發區(捷)。,100000,475,持分移轉,06800010
RPTNMLRJRHGGFBA08DA,橋北段二小段,.02,都市：其他:聯合開發區(捷)。,100000,475,持分移轉,06800011
RPWPMLOLRHGGFAA38DA,景美段四小段,3.71,都市：其他:第三種商業區。,100000,142,持分移轉,02080000
RPUNMLLJIIGGFAA66DA,木柵段三小段,29.32,都市：其他:第三種住宅區。,30000,300,持分移轉,08100000
RPTQMLSLRHGGFBA68DA,雙連段一小段,6.89,都市：其他:第四種住宅區。,10000,210,持分移轉,05970000
RPRPMLLJIIGGFAA56DA,興泰段一小段,27.42,都市：其他:第二種住宅區。,100000,173,持分移轉,08020000
RPRPMLLJIIGGFAA56DA,興泰段一小段,.82,都市：其他:第二種住宅區。,100000,173,持分移轉,08040000
RPRPMLLJIIGGFAA56DA,興泰段一小段,6.99,都市：其他:第二種住宅區。,100000,173,持分移轉,08200000
RPSNMLNKRHGGFCA77DA,舊宗段,15.12,都市：其他:商業區(供一般商業使用不得作住宅使用)。,10000,140,持分移轉,01030000
RPWRMLSLRHGGFBA09DA,雙連段一小段,12.99,都市：其他:第四種住宅區。,10000,396,持分移轉,05970000
RPURMLSLRHGGFBA88DA,雙連段一小段,15.06,都市：其他:第四種住宅區。,10000,459,持分移轉,05970000
RPVRMLSLRHGGFBA98DA,雙連段一小段,15.06,都市：其他:第四種住宅區。,10000,459,持分移轉,05970000
RPSQMLSLRHGGFBA58DA,雙連段一小段,8.86,都市：其他:第四種住宅區。,10000,270,持分移轉,05970000
RPRQMLSLRHGGFBA48DA,雙連段一小段,8.86,都市：其他:第四種住宅區。,10000,270,持分移轉,05970000
RPQQMLSLRHGGFBA38DA,雙連段一小段,8.82,都市：其他:第四種住宅區。,10000,269,持分移轉,05970000
RPQNMLKKRHGGFBA17DA,青年段一小段,36.61,都市：其他:第三種住宅區。,100000,692,持分移轉,00860031
