﻿編號,土地位置,土地移轉面積(平方公尺),使用分區或編定,權利人持分分母,權利人持分分子,移轉情形,地號
The serial number, land position,land shifting area square meter,the use zoning or compiles and checks,,,,land parcel
RPPOMLLKRHGGFBA37CC,圓環段三小段,.00,都市：商,,,,04180000
RPSOMLLKRHGGFBA67CC,市府段一小段,.00,都市：其他:交通轉運站,,,,09270000
RPQNMLLKRHGGFBA37CC,圓環段一小段,.00,都市：商,,,,01810000
RPQNMLLKRHGGFBA37CC,圓環段一小段,.00,都市：商,,,,01820000
RPTOMLLKRHGGFBA77CC,圓環段三小段,.00,都市：商,,,,08820000
RPTOMLLKRHGGFBA77CC,圓環段三小段,.00,都市：商,,,,08830000
RPUNMLLKRHGGFBA77CC,玉泉段一小段,.00,都市：商,,,,05010000
RPSNMLLKRHGGFCA67CC,吉林段四小段,.00,都市：商,,,,06710000
RPQNMLLKRHGGFCA47CC,中山段一小段,.00,都市：商,,,,04800000
RPRNMLLKRHGGFCA57CC,吉林段四小段,.00,都市：住,,,,03480000
RPUNMLLKRHGGFCA87CC,吉林段四小段,.00,都市：商,,,,08040000
RPUNMLLKRHGGFCA87CC,吉林段四小段,.00,都市：商,,,,08030000
RPXNMLLKRHGGFCA18CC,中山段一小段,.00,都市：商,,,,08870000
RPPOMLLKRHGGFCA47CC,吉林段一小段,.00,都市：住,,,,02230000
RPROMLLKRHGGFCA67CC,正義段三小段,.00,都市：商,,,,06380000
RPQNMLLKRHGGFAA27CC,南海段四小段,.00,都市：商,,,,03250000
RPRNMLLKRHGGFAA37CC,景美段四小段,.00,都市：住,,,,00040000
RPOPMLLKRHGGFAA27CC,南海段二小段,.00,都市：商,,,,01710000
RPQNMLLKRHGGFAA27CC,南海段四小段,.00,都市：住,,,,02840000
RPWOMLLKRHGGFAA97CC,南海段二小段,.00,都市：商,,,,01710000
RPSNMLLKRHGGFAA47CC,景美段四小段,.00,都市：住,,,,01750000
RPSPMLLKRHGGFCA87CC,金泰段,.00,都市：商,,,,00830004
RPTPMLLKRHGGFCA97CC,吉林段五小段,.00,都市：商,,,,02890000
RPVPMLLKRHGGFCA18CC,長安段二小段,.00,都市：商,,,,02830000
RPWNMLLKRHGGFDA18CC,延吉段一小段,.00,都市：住,,,,05530000
RPVNMLLKRHGGFDA08CC,濱江段四小段,.00,都市：住,,,,02860003
RPPPMLLKRHGGFCA57CC,吉林段四小段,.00,都市：商,,,,09230000
RPRPMLLKRHGGFCA77CC,中山段二小段,.00,都市：商,,,,04650000
RPRPMLLKRHGGFCA77CC,中山段二小段,.00,都市：商,,,,04670000
RPQPMLLKRHGGFCA67CC,長安段一小段,.00,都市：住,,,,07180000
RPRNMLLKRHGGFFA87CC,金華段三小段,7.67,都市：住,,,,00910000
RPTNMLLKRHGGFFA08CC,復興段一小段,.00,都市：其他:敦化南北路特定專用區,,,,06760000
RPPNMLLKRHGGFFA67CC,復興段三小段,.00,都市：住,,,,02270000
RPPNMLLKRHGGFFA67CC,復興段三小段,.00,都市：其他:道路用地(公共設施用地),,,,02280000
RPQNMLMKRHGGFCA57CC,長安段一小段,15.86,都市：其他:空白,,,,02100000
RPUNMLLKRHGGFFA18CC,瑞安段二小段,.00,都市：住,,,,00290000
RPTOMLNKRHGGFCA08CC,吉林段三小段,.00,都市：商,,,,09190000
RPQNMLNKRHGGFCA67CC,吉林段五小段,.00,都市：商,,,,03140000
RPXNMLNKRHGGFCA38CC,文德段四小段,432.58,都市：商,,,,00210000
RPRPMLNKRHGGFCA97CC,長安段二小段,.00,都市：住,,,,05890000
RPSPMLNKRHGGFCA08CC,吉林段五小段,.00,都市：商,,,,02880000
RPTPMLNKRHGGFCA18CC,中山段一小段,.00,都市：商,,,,00870000
RPWOMLLKRHGGFEA38CC,開明段一小段,.00,都市：商,,,,08540000
RPRNMLLKRHGGFEA77CC,天玉段三小段,18.55,都市：住,,,,03660000
RPVOMLLKRHGGFEA28CC,光華段三小段,.00,都市：商,,,,08750000
RPRNMLLKRHGGFEA77CC,天玉段三小段,60.22,都市：住,,,,03670000
RPVOMLLKRHGGFEA28CC,光華段三小段,.00,都市：商,,,,08760000
RPRNMLLKRHGGFEA77CC,天玉段三小段,84.43,都市：住,,,,03680000
RPRNMLLKRHGGFEA77CC,天玉段三小段,33.78,都市：住,,,,03690000
RPRNMLLKRHGGFEA77CC,天玉段三小段,29.45,都市：住,,,,03700000
RPRNMLLKRHGGFEA77CC,天玉段三小段,242.12,都市：住,,,,03760000
RPPNMLLKRHGGFEA57CC,蘭雅段一小段,.00,都市：住,,,,03860000
RPVNMLNKRHGGFAA97CC,南海段五小段,.00,都市：住,,,,02540000
RPUNMLNKRHGGFAA87CC,南海段二小段,.00,都市：商,,,,01710000
RPPQMLNKRHGGFBA77CC,漢中段三小段,95.00,都市：商,,,,03250000
RPWPMLNKRHGGFBA38CC,大龍段二小段,.00,都市：住,,,,00230000
RPPQMLNKRHGGFBA77CC,漢中段三小段,4.00,都市：商,,,,03250001
RPVPMLNKRHGGFBA28CC,城中段三小段,.00,都市：商,,,,00820000
RPUPMLNKRHGGFBA18CC,城中段三小段,.00,都市：商,,,,01070000
RPQNMLNKRHGGFEA87CC,關渡段二小段,.00,都市：住,,,,03160000
RPQOMLNKRHGGFEA97CC,振興段一小段,.00,都市：住,,,,07140000
RPUOMLNKRHGGFEA38CC,福林段二小段,.00,都市：住,,,,05940000
RPSOMLNKRHGGFEA18CC,三玉段五小段,.00,都市：住,,,,07860000
RPSOMLNKRHGGFEA18CC,三玉段五小段,.00,都市：住,,,,07760001
RPOPMLNKRHGGFEA87CC,振興段一小段,.00,都市：住,,,,01560000
RPQOMLNKRHGGFDA87CC,永吉段二小段,.00,都市：住,,,,00390000
RPWOMLNKRHGGFEA58CC,秀山段一小段,.00,都市：住,,,,05000000
RPVOMLNKRHGGFFA58CC,大安段一小段,.00,都市：住,,,,01370000
RPWOMLNKRHGGFFA68CC,大安段一小段,.00,都市：住,,,,01370000
RPPQMLOKRHGGFDA08CC,寶清段六小段,.00,都市：商,,,,01910000
RPUOMLNKRHGGFDA28CC,寶清段六小段,.00,都市：商,,,,01540000
RPOPMLNKRHGGFDA77CC,向陽段,.00,都市：住,,,,00270001
RPSOMLNKRHGGFDA08CC,雅祥段一小段,.00,都市：住,,,,01640006
RPQQMLOKRHGGFDA18CC,逸仙段三小段,.00,都市：商,,,,06990000
RPUNMLOKRHGGFEA38CC,溫泉段二小段,.00,都市：住,,,,00550000
RPORMLOKRHGGFDA08CC,雅祥段一小段,.00,都市：住,,,,00160011
RPVQMLOKRHGGFDA68CC,敦化段五小段,.00,都市：商,,,,00300006
RPSQMLOKRHGGFDA38CC,三興段一小段,.00,都市：商,,,,09250000
RPTOMLOKRHGGFEA38CC,秀山段一小段,.00,都市：住,,,,05000000
RPXOMLOKRHGGFFA88CC,瑞安段一小段,.00,都市：商,,,,00140000
RPSNMLOKRHGGFAA77CC,華興段一小段,.00,都市：商,,,,00940000
RPRNMLOKRHGGFAA67CC,博嘉段四小段,.00,都市：住,,,,01960000
RPVNMLOKRHGGFAA08CC,南海段二小段,.00,都市：商,,,,02030000
RPPPMLOKRHGGFAA67CC,南海段二小段,.00,都市：商,,,,01710000
RPOPMLOKRHGGFAA57CC,南海段二小段,.00,都市：商,,,,01710000
RPTPMLOKRHGGFFA58CC,龍泉段三小段,.00,都市：住,,,,02810000
RPOPMLOKRHGGFBA67CC,城中段一小段,.00,都市：商,,,,05910000
RPOQMLOKRHGGFBA77CC,大同段一小段,.00,都市：住,,,,05760000
RPXPMLOKRHGGFBA58CC,大龍段三小段,.00,都市：商,,,,00410000
RPUPMLOKRHGGFBA28CC,中正段二小段,.00,都市：住,,,,02620000
RPUPMLOKRHGGFBA28CC,中正段二小段,.00,都市：商,,,,02620002
RPQPMLOKRHGGFBA87CC,臨沂段三小段,.00,都市：商,,,,03700000
RPQPMLOKRHGGFBA87CC,臨沂段三小段,.00,都市：商,,,,03700001
RPQPMLOKRHGGFBA87CC,臨沂段三小段,.00,都市：商,,,,03700002
RPQPMLOKRHGGFBA87CC,臨沂段三小段,.00,都市：商,,,,03700005
RPUNMLOKRHGGFCA18CC,北安段三小段,.00,都市：住,,,,05150000
RPOOMLOKRHGGFCA67CC,長春段一小段,.00,都市：其他:第三種住宅區。,,,,10820000
RPPQMLOKRHGGFBA87CC,城中段三小段,.00,都市：商,,,,00940000
RPUOMLOKRHGGFCA28CC,潭美段五小段,.00,都市：住,,,,01170000
RPXOMLOKRHGGFCA58CC,西湖段四小段,.00,都市：工,,,,01020000
RPVNMLOKRHGGFCA28CC,長春段一小段,.00,都市：商,,,,07550000
RPVNMLOKRHGGFCA28CC,長春段一小段,.00,都市：商,,,,07720000
RPSPMLOKRHGGFCA18CC,正義段二小段,.00,都市：商,,,,01580000
RPWPMLOKRHGGFCA58CC,中山段一小段,.00,都市：商,,,,03720000
RPORMLOKRHGGFCA97CC,榮星段五小段,.00,都市：住,,,,01060000
RPPQMLOKRHGGFCA97CC,長安段四小段,.00,都市：住,,,,05180000
RPRQMLOKRHGGFCA18CC,長春段二小段,.00,都市：住,,,,07590000
RPPRMLOKRHGGFCA08CC,正義段三小段,.00,都市：商,,,,01680000
RPPNMLPKRHGGFCA77CC,康寧段四小段,.00,都市：住,,,,02190000
RPPOMLPKRHGGFCA87CC,德惠段四小段,.00,都市：商,,,,06010000
RPWNMLPKRHGGFCA48CC,正義段三小段,.00,都市：商,,,,02680000
RPUNMLPKRHGGFCA28CC,吉林段四小段,.00,都市：商,,,,05470000
RPVNMLPKRHGGFCA38CC,康寧段三小段,.00,都市：其他:市場用地,,,,02670001
RPQOMLPKRHGGFCA97CC,正義段四小段,.00,都市：商,,,,01120000
RPQOMLPKRHGGFCA97CC,正義段四小段,.00,都市：商,,,,01150001
RPROMLPKRHGGFCA08CC,中山段三小段,.00,都市：商,,,,02500000
RPSNMLPKRHGGFBA97CC,圓環段三小段,.00,都市：商,,,,07090000
RPTOMLPKRHGGFCA28CC,中山段二小段,.00,都市：商,,,,03430000
RPSOMLPKRHGGFCA18CC,正義段一小段,.00,都市：商,,,,00670000
RPXOMLPKRHGGFBA58CC,福星段四小段,.00,都市：商,,,,01640000
RPXNMLPKRHGGFBA48CC,臨沂段一小段,.00,都市：其他:第三種住宅區。,,,,03500000
RPTOMLPKRHGGFBA18CC,直興段三小段,2.93,都市：商,,,,05470000
RPRNMLPKRHGGFFA28CC,復興段二小段,.00,都市：住,,,,00580000
RPXOMLPKRHGGFFA98CC,龍泉段二小段,.00,都市：住,,,,05950000
RPUOMLPKRHGGFFA68CC,學府段二小段,.00,都市：住,,,,01700000
RPQPMLNKRHGGFBA77CC,雙連段二小段,.00,都市：商,,,,00480000
RPTPMLNKRHGGFBA08CC,玉泉段一小段,.00,都市：商,,,,08370000
RPPNMLPKRHGGFDA87CC,福德段二小段,.00,都市：住,,,,08310000
RPWNMLPKRHGGFDA58CC,玉成段一小段,.00,都市：工,,,,03820000
RPTNMLQKRHGGFDA38CC,祥和段二小段,.00,都市：住,,,,03070000
RPOPMLPKRHGGFEA08CC,新民段二小段,.00,都市：住,,,,02700000
RPUOMLPKRHGGFEA58CC,雙溪段重劃一小段,.00,都市：住,,,,00670000
RPQNMLPKRHGGFEA08CC,桃源段二小段,.00,都市：住,,,,04040000
RPQNMLPKRHGGFEA08CC,桃源段二小段,.00,都市：其他:道路用地,,,,04050000
RPXOMLPKRHGGFEA88CC,崇仰段二小段,.00,都市：住,,,,00700000
RPXNMLQKRHGGFDA78CC,福德段三小段,.00,都市：住,,,,04090000
RPWNMLQKRHGGFDA68CC,向陽段,.00,都市：商,,,,00130009
RPQNMLQKRHGGFEA18CC,天山段二小段,.00,都市：商,,,,05360000
RPWNMLQKRHGGFEA78CC,光華段四小段,.00,都市：商,,,,08170000
RPWNMLQKRHGGFEA78CC,光華段四小段,.00,都市：商,,,,08180000
RPROMLNKRHGGFDA08DC,永春段一小段,15.60,都市：住,,,,04430000
RPTOMLNKRHGGFDA28DC,永春段二小段,11.48,都市：住,,,,00430000
RPXNMLNKRHGGFDA58DC,三興段一小段,4.65,都市：商,,,,09480000
RPXOMLQKRHGGFAA58CC,景美段五小段,.00,都市：商,,,,06740000
RPPOMLQKRHGGFAA77CC,南海段四小段,.00,都市：商,,,,00900000
RPQOMLQKRHGGFAA87CC,福和段二小段,.00,都市：其他:交通用地(公共設施用地),,,,03970000
RPQOMLQKRHGGFAA87CC,福和段二小段,.00,都市：商,,,,03870002
RPOOMLQKRHGGFEA08CC,奇岩段四小段,.00,都市：住,,,,03470000
RPOPMLQKRHGGFDA08CC,三興段三小段,.00,都市：商,,,,04200000
RPOPMLQKRHGGFDA08CC,三興段三小段,.00,都市：住,,,,04200001
RPPPMLQKRHGGFDA18CC,民生段,.00,都市：商,,,,01480000
RPQPMLQKRHGGFDA28CC,敦化段三小段,.00,都市：商,,,,00260000
RPTOMLQKRHGGFBA28CC,雙連段一小段,.00,都市：商,,,,03690000
RPQOMLQKRHGGFDA18CC,向陽段,.00,都市：住,,,,00220004
RPSPMLQKRHGGFAA18CC,南海段二小段,.00,都市：商,,,,01710000
RPUNMLQKRHGGFAA18CC,興泰段二小段,.00,都市：其他:交通用地,,,,01570000
RPPPMLQKRHGGFAA87CC,南海段五小段,.00,都市：住,,,,05180000
RPUNMLQKRHGGFAA18CC,興泰段二小段,.00,都市：其他:交通用地,,,,01590000
RPUNMLQKRHGGFAA18CC,興泰段二小段,.00,都市：其他:交通用地,,,,01600000
RPUNMLQKRHGGFAA18CC,興泰段二小段,.00,都市：其他:交通用地,,,,01840000
RPUNMLQKRHGGFAA18CC,興泰段二小段,.00,都市：其他:交通用地,,,,01850000
RPUNMLQKRHGGFAA18CC,興泰段二小段,.00,都市：其他:交通用地,,,,01920000
RPUNMLQKRHGGFAA18CC,興泰段二小段,.00,都市：其他:交通用地,,,,01930000
RPUNMLQKRHGGFAA18CC,興泰段二小段,.00,都市：其他:交通用地,,,,01950000
RPTOMLPKRHGGFAA08CC,南海段五小段,.00,都市：住,,,,05180000
RPXOMLQKRHGGFCA78CC,文德段二小段,29.85,都市：住,,,,03990000
RPXNMLQKRHGGFCA68CC,正義段四小段,.00,都市：商,,,,02880000
RPXNMLQKRHGGFCA68CC,正義段四小段,.00,都市：商,,,,02880001
RPWNMLRKRHGGFCA68CC,德惠段三小段,.00,都市：住,,,,05300000
RPVNMLRKRHGGFCA58CC,吉林段一小段,.00,都市：商,,,,00530000
RPVNMLRKRHGGFCA58CC,吉林段一小段,.00,都市：商,,,,00530001
RPVNMLRKRHGGFCA58CC,吉林段一小段,.00,都市：商,,,,00530002
RPTPMLQKRHGGFCA48CC,榮星段六小段,.00,都市：商,,,,05060000
RPUNMLRKRHGGFCA48CC,吉林段一小段,.00,都市：商,,,,08690000
RPSNMLRKRHGGFCA28CC,碧湖段一小段,.00,都市：住,,,,06700000
RPTNMLRKRHGGFCA38CC,德惠段二小段,.00,都市：住,,,,06640000
RPQPMLQKRHGGFCA18CC,中山段一小段,175.00,都市：商,,,,01830000
RPUOMLRKRHGGFCA58CC,中山段三小段,.00,都市：商,,,,05500000
RPUOMLQKRHGGFCA48CC,碧湖段四小段,23.44,都市：住,,,,06650000
RPTNMLRKRHGGFBA28CC,大龍段二小段,.00,都市：住,,,,07720000
RPTNMLRKRHGGFBA28CC,大龍段三小段,.00,都市：其他:道路用地(公共設施用地),,,,05320000
RPOOMLRKRHGGFCA97CC,碧湖段二小段,.00,都市：住,,,,05290000
RPOOMLRKRHGGFBA87CC,市府段一小段,.00,都市：其他:轉運站用地,,,,09270000
RPPOMLRKRHGGFCA08CC,長安段三小段,.00,都市：住,,,,06560000
RPPOMLRKRHGGFBA97CC,市府段一小段,.00,都市：其他:轉運站用地,,,,09270000
RPOQMLRKRHGGFCA18CC,正義段二小段,.00,都市：商,,,,03100000
RPXOMLRKRHGGFBA78CC,延平段一小段,.00,都市：商,,,,01000000
RPUPMLRKRHGGFCA68CC,北安段三小段,.00,都市：住,,,,06090000
RPSOMLRKRHGGFBA28CC,雙連段一小段,.00,都市：商,,,,06800000
RPTNMLRKRHGGFEA58CC,秀山段一小段,.00,都市：住,,,,07420000
RPVPMLRKRHGGFCA78CC,德惠段四小段,.00,都市：商,,,,05520000
RPTPMLRKRHGGFEA78CC,振興段三小段,.00,都市：住,,,,00280000
RPQOMLRKRHGGFBA08CC,市府段一小段,.00,都市：商,,,,08470000
RPRNMLRKRHGGFEA38CC,秀山段一小段,.00,都市：住,,,,07420000
RPUNMLRKRHGGFFA78CC,龍泉段二小段,.00,都市：住,,,,03950000
RPXNMLRKRHGGFDA88CC,民生段,.00,都市：住,,,,00580041
RPRNMLRKRHGGFFA48CC,辛亥段一小段,.00,都市：住,,,,01790000
RPWNMLRKRHGGFFA98CC,復興段一小段,.00,都市：其他:敦化南北路特定專用區(A區),,,,00030000
RPWNMLRKRHGGFFA98CC,復興段一小段,.00,都市：其他:敦化南北路特定專用區(A區),,,,00030002
RPTNMLRKRHGGFFA68CC,大安段一小段,.00,都市：商,,,,00510000
RPPNMLSKRHGGFCA08CC,榮星段五小段,.00,都市：住,,,,03500000
RPQNMLSKRHGGFDA38DC,三興段三小段,14.21,都市：商,,,,03910000
RPPNMLKLRHGGFCA37CC,長春段一小段,12.50,都市：住,,,,02730000
RPPNMLTKRHGGFCA18CC,長春段三小段,.00,都市：住,,,,01860000
RPXOMLRKRHGGFDA98CC,敦化段五小段,.00,都市：住,,,,00110001
RPXOMLRKRHGGFDA98CC,敦化段五小段,.00,都市：住,,,,00110004
RPPNMLTKRHGGFDA28CC,民生段,6.09,都市：住,,,,00510001
RPQPMLRKRHGGFDA38CC,中南段五小段,.00,都市：住,,,,05790000
RPQPMLRKRHGGFDA38CC,中南段五小段,.00,都市：住,,,,06170000
