﻿編號,車位類別,車位價格,車位面積平方公尺,車位所在樓層
Serial number,berth category,berth price,berth area square meter,
RPXNMLLKRHGGFDA18CB,坡道平面,3200000,29.31,地下一樓
RPWNMLLKRHGGFDA08CB,升降平面,2300000,41.08,地下二樓
RPWNMLLKRHGGFDA08CB,升降平面,2300000,41.08,地下二樓
RPVNMLLKRHGGFDA97CB,升降平面,2400000,41.08,地下二樓
RPOOMLLKRHGGFDA37CB,坡道平面,2900000,36.75,地下二樓
RPPNMLNKRHGGFCA47CB,升降機械,2100000,11.30,地下二樓
RPPNMLMKRHGGFCA37CB,坡道平面,2600000,36.26,地下四樓
RPXNMLNKRHGGFCA28CB,升降機械,2200000,11.30,地下二樓
RPQNMLNKRHGGFCA57CB,升降機械,2100000,11.30,地下三樓
RPUNMLNKRHGGFCA97CB,升降機械,2200000,11.30,地下二樓
RPTOMLNKRHGGFCA97CB,升降機械,2400000,11.30,地下三樓
RPSOMLNKRHGGFCA87CB,升降機械,2400000,11.30,地下二樓
RPPOMLNKRHGGFCA57CB,升降機械,2100000,11.30,地下二樓
RPVQMLNKRHGGFCA38CB,坡道平面,3100000,28.30,地下二樓
RPRPMLNKRHGGFCA87CB,升降機械,2400000,11.30,地下三樓
RPSPMLNKRHGGFCA97CB,升降機械,2400000,11.30,地下二樓
RPQPMLNKRHGGFCA77CB,升降機械,2100000,11.30,地下三樓
RPWQMLNKRHGGFCA48CB,坡道平面,3000000,28.30,地下四樓
RPXNMLOKRHGGFBA28CB,坡道平面,2600000,42.60,地下二樓
RPPNMLNKRHGGFBA37CB,坡道機械,2050000,14.90,地下四樓
RPXOMLOKRHGGFBA38CB,坡道平面,2600000,42.60,地下二樓
RPVNMLOKRHGGFAA97CB,坡道機械,1650000,16.96,地下五樓含以下
RPQNMLOKRHGGFAA57DB,坡道平面,2600000,37.14,地下二樓
RPPOMLOKRHGGFDA77CB,坡道平面,2300000,28.83,地下三樓
RPWNMLOKRHGGFDA38CB,坡道平面,2700000,28.83,地下一樓
RPWNMLOKRHGGFDA38CB,坡道平面,2700000,28.83,地下一樓
RPOOMLOKRHGGFDA67CB,坡道平面,2500000,28.83,地下二樓
RPXNMLOKRHGGFDA48CB,坡道平面,2500000,28.83,地下二樓
RPRNMLOKRHGGFAA67DB,坡道機械,900000,18.57,地下四樓
RPUNMLPKRHGGFDA38DB,坡道平面,3800000,41.53,地下三樓
RPUNMLPKRHGGFDA38DB,坡道平面,3800000,41.53,地下三樓
RPUNMLPKRHGGFDA38DB,坡道平面,3800000,41.53,地下三樓
RPVNMLPKRHGGFDA48DB,坡道平面,3550000,41.53,地下三樓
RPVNMLPKRHGGFDA48DB,坡道平面,3800000,41.53,地下三樓
RPRNMLPKRHGGFDA08DB,坡道平面,3550000,41.53,地下四樓
RPRNMLPKRHGGFDA08DB,坡道平面,3550000,41.53,地下四樓
RPRNMLPKRHGGFDA08DB,坡道平面,3550000,41.53,地下四樓
RPXNMLPKRHGGFDA68DB,坡道平面,3300000,41.53,地下五樓含以下
RPXNMLPKRHGGFDA68DB,坡道平面,3300000,41.53,地下五樓含以下
RPWNMLPKRHGGFDA58DB,坡道平面,3300000,41.53,地下五樓含以下
RPWNMLPKRHGGFDA58DB,坡道平面,3300000,41.53,地下五樓含以下
RPPOMLPKRHGGFDA97DB,坡道平面,3300000,41.53,地下五樓含以下
RPPNMLPKRHGGFAA47CB,其他,2400000,8.80,無固定樓層
RPOOMLPKRHGGFDA87DB,坡道平面,3300000,41.53,地下五樓含以下
RPQOMLPKRHGGFDA08DB,坡道平面,3300000,41.53,地下五樓含以下
RPRNMLPKRHGGFAA67CB,坡道平面,2200000,31.40,地下四樓
RPRNMLPKRHGGFAA67CB,坡道平面,2200000,28.10,地下四樓
RPTNMLPKRHGGFAA87CB,坡道平面,2300000,28.10,地下四樓
RPSNMLPKRHGGFAA77CB,坡道平面,2550000,26.45,地下二樓
RPSNMLPKRHGGFAA77CB,坡道平面,2750000,28.10,地下二樓
RPUNMLPKRHGGFAA97CB,坡道平面,2750000,28.10,地下二樓
RPXNMLPKRHGGFAA28CB,坡道平面,2300000,28.10,地下四樓
RPOOMLPKRHGGFAA47CB,坡道平面,2400000,28.10,地下四樓
RPVNMLPKRHGGFAA08CB,坡道平面,2550000,28.10,地下三樓
RPVNMLPKRHGGFAA08CB,坡道平面,2550000,28.10,地下三樓
RPOOMLPKRHGGFAA47CB,坡道平面,2200000,28.10,地下四樓
RPWNMLPKRHGGFAA18CB,坡道平面,2200000,28.10,地下四樓
RPWNMLPKRHGGFAA18CB,坡道平面,2000000,26.45,地下四樓
RPPOMLPKRHGGFAA57CB,坡道平面,2550000,28.10,地下三樓
RPPOMLPKRHGGFAA57CB,坡道平面,2250000,26.45,地下三樓
RPQOMLPKRHGGFAA67CB,坡道平面,2200000,28.10,地下四樓
RPROMLPKRHGGFAA77CB,坡道平面,2550000,28.10,地下二樓
RPSOMLPKRHGGFAA87CB,坡道平面,2650000,31.40,地下二樓
RPTOMLPKRHGGFAA97CB,坡道平面,2400000,28.10,地下四樓
RPVOMLPKRHGGFAA18CB,坡道平面,2500000,28.10,地下三樓
RPXOMLPKRHGGFAA38CB,坡道平面,2850000,28.10,地下二樓
RPUOMLPKRHGGFAA08CB,坡道平面,2550000,28.10,地下三樓
RPPPMLPKRHGGFAA67CB,坡道平面,2550000,28.10,地下三樓
RPOPMLPKRHGGFAA57CB,坡道平面,2750000,28.10,地下二樓
RPOPMLPKRHGGFAA57CB,坡道平面,2450000,26.45,地下二樓
RPWOMLPKRHGGFAA28CB,坡道平面,1900000,26.45,地下四樓
RPSPMLPKRHGGFAA97CB,坡道平面,2750000,28.10,地下二樓
RPSPMLPKRHGGFAA97CB,坡道平面,2850000,28.10,地下二樓
RPQPMLPKRHGGFAA77CB,坡道平面,2300000,28.10,地下四樓
RPRPMLPKRHGGFAA87CB,坡道平面,2850000,28.10,地下二樓
RPRPMLPKRHGGFAA87CB,坡道平面,2750000,28.10,地下二樓
RPTPMLPKRHGGFAA08CB,坡道平面,2350000,26.45,地下三樓
RPWPMLPKRHGGFAA38CB,坡道平面,2850000,28.10,地下二樓
RPWPMLPKRHGGFAA38CB,坡道平面,2550000,26.45,地下二樓
RPVPMLPKRHGGFAA28CB,坡道平面,2350000,26.45,地下三樓
RPVPMLPKRHGGFAA28CB,坡道平面,2550000,28.10,地下三樓
RPUPMLPKRHGGFAA18CB,坡道平面,2450000,31.40,地下三樓
RPPQMLPKRHGGFAA77CB,坡道平面,2750000,28.10,地下二樓
RPXPMLPKRHGGFAA48CB,坡道平面,1900000,26.45,地下四樓
RPRNMLOKRHGGFAA57CB,升降機械,2000000,10.97,地下二樓
RPOQMLPKRHGGFAA67CB,坡道平面,2650000,28.10,地下三樓
RPOQMLPKRHGGFAA67CB,坡道平面,2350000,28.10,地下三樓
RPSNMLOKRHGGFAA67CB,升降機械,2000000,10.97,地下二樓
RPQQMLPKRHGGFAA87CB,坡道平面,3100000,28.10,地下一樓
RPTNMLOKRHGGFAA77CB,升降機械,2000000,10.97,地下二樓
RPTQMLPKRHGGFAA18CB,坡道平面,3100000,28.10,地下一樓
RPTQMLPKRHGGFAA18CB,坡道平面,2200000,28.10,地下四樓
RPRQMLPKRHGGFAA97CB,坡道平面,3100000,28.10,地下一樓
RPRQMLPKRHGGFAA97CB,坡道平面,3000000,28.10,地下一樓
RPUNMLOKRHGGFAA87CB,坡道平面,2800000,33.92,地下二樓
RPSQMLPKRHGGFAA08CB,坡道平面,3000000,28.10,地下一樓
RPSQMLPKRHGGFAA08CB,坡道平面,3100000,28.10,地下一樓
RPXQMLPKRHGGFAA58CB,坡道平面,2000000,26.45,地下四樓
RPVQMLPKRHGGFAA38CB,坡道平面,2650000,28.10,地下三樓
RPUQMLPKRHGGFAA28CB,坡道平面,2550000,26.45,地下二樓
RPUQMLPKRHGGFAA28CB,坡道平面,2750000,28.10,地下二樓
RPORMLPKRHGGFAA77CB,坡道平面,2850000,28.10,地下二樓
RPORMLPKRHGGFAA77CB,坡道平面,2850000,28.10,地下二樓
RPPRMLPKRHGGFAA87CB,坡道平面,2850000,28.10,地下二樓
RPPRMLPKRHGGFAA87CB,坡道平面,2750000,28.10,地下二樓
RPWQMLPKRHGGFAA48CB,坡道平面,2550000,28.10,地下三樓
RPWQMLPKRHGGFAA48CB,坡道平面,2350000,26.45,地下三樓
RPQRMLPKRHGGFAA97CB,坡道平面,2650000,31.40,地下二樓
RPQRMLPKRHGGFAA97CB,坡道平面,2450000,31.40,地下三樓
RPSRMLPKRHGGFAA18CB,坡道平面,2300000,28.10,地下四樓
RPTRMLPKRHGGFAA28CB,坡道平面,2850000,28.10,地下二樓
RPTRMLPKRHGGFAA28CB,坡道平面,2750000,28.10,地下二樓
RPRRMLPKRHGGFAA08CB,坡道平面,2550000,26.45,地下二樓
RPOSMLPKRHGGFAA87CB,坡道平面,2100000,31.40,地下四樓
RPURMLPKRHGGFAA38CB,坡道平面,2200000,28.10,地下四樓
RPURMLPKRHGGFAA38CB,坡道平面,2300000,28.10,地下四樓
RPVRMLPKRHGGFAA48CB,坡道平面,2300000,28.10,地下四樓
RPPSMLPKRHGGFAA97CB,坡道平面,2200000,28.10,地下四樓
RPPSMLPKRHGGFAA97CB,坡道平面,2300000,28.10,地下四樓
RPXRMLPKRHGGFAA68CB,坡道平面,2850000,28.10,地下二樓
RPXRMLPKRHGGFAA68CB,坡道平面,2750000,28.10,地下二樓
RPSSMLPKRHGGFAA28CB,坡道平面,2650000,28.10,地下三樓
RPTSMLPKRHGGFAA38CB,坡道平面,2500000,28.10,地下三樓
RPQSMLPKRHGGFAA08CB,坡道平面,2000000,28.10,地下四樓
RPRSMLPKRHGGFAA18CB,坡道平面,2600000,28.10,地下三樓
RPRSMLPKRHGGFAA18CB,坡道平面,2500000,28.10,地下三樓
RPWRMLPKRHGGFAA58CB,坡道平面,2600000,28.10,地下三樓
RPWRMLPKRHGGFAA58CB,坡道平面,2500000,28.10,地下三樓
RPWSMLPKRHGGFAA68CB,坡道平面,2650000,28.10,地下三樓
RPVSMLPKRHGGFAA58CB,坡道平面,2550000,26.45,地下二樓
RPUSMLPKRHGGFAA48CB,坡道平面,2100000,31.40,地下四樓
RPXSMLPKRHGGFAA78CB,坡道平面,2000000,28.10,地下四樓
RPOTMLPKRHGGFAA97CB,坡道平面,2750000,28.10,地下二樓
RPOTMLPKRHGGFAA97CB,坡道平面,2850000,28.10,地下二樓
RPRTMLPKRHGGFAA28CB,坡道平面,2300000,28.10,地下四樓
RPSTMLPKRHGGFAA38CB,坡道平面,2850000,28.10,地下二樓
RPSTMLPKRHGGFAA38CB,坡道平面,2750000,28.10,地下二樓
RPQTMLPKRHGGFAA18CB,坡道平面,2500000,28.10,地下三樓
RPPTMLPKRHGGFAA08CB,坡道平面,2200000,28.10,地下四樓
RPTTMLPKRHGGFAA48CB,坡道平面,2650000,28.10,地下三樓
RPXTMLPKRHGGFAA88CB,坡道平面,1900000,26.45,地下四樓
RPUTMLPKRHGGFAA58CB,坡道平面,2750000,28.10,地下二樓
RPUTMLPKRHGGFAA58CB,坡道平面,2850000,28.10,地下二樓
RPRUMLPKRHGGFAA38CB,坡道平面,2600000,28.10,地下三樓
RPRUMLPKRHGGFAA38CB,坡道平面,2500000,28.10,地下三樓
RPVTMLPKRHGGFAA68CB,坡道平面,2850000,28.10,地下二樓
RPVTMLPKRHGGFAA68CB,坡道平面,2750000,28.10,地下二樓
RPWTMLPKRHGGFAA78CB,坡道平面,2200000,28.10,地下四樓
RPOUMLPKRHGGFAA08CB,坡道平面,2200000,28.10,地下四樓
RPOUMLPKRHGGFAA08CB,坡道平面,2300000,28.10,地下四樓
RPPUMLPKRHGGFAA18CB,坡道平面,2850000,28.10,地下二樓
RPPUMLPKRHGGFAA18CB,坡道平面,2750000,28.10,地下二樓
RPQUMLPKRHGGFAA28CB,坡道平面,2550000,28.10,地下三樓
RPQUMLPKRHGGFAA28CB,坡道平面,2350000,26.45,地下三樓
RPXUMLPKRHGGFAA98CB,坡道平面,2500000,28.10,地下三樓
RPOVMLPKRHGGFAA18CB,坡道平面,2650000,28.10,地下三樓
RPSUMLPKRHGGFAA48CB,坡道平面,2200000,28.10,地下四樓
RPUUMLPKRHGGFAA68CB,坡道平面,2550000,26.45,地下二樓
RPUUMLPKRHGGFAA68CB,坡道平面,2750000,28.10,地下二樓
RPTUMLPKRHGGFAA58CB,坡道平面,2100000,31.40,地下四樓
RPPVMLPKRHGGFAA28CB,坡道平面,2200000,28.10,地下四樓
RPVUMLPKRHGGFAA78CB,坡道平面,2000000,28.10,地下四樓
RPWUMLPKRHGGFAA88CB,坡道平面,2750000,28.10,地下二樓
RPRVMLPKRHGGFAA48CB,坡道平面,2300000,28.10,地下四樓
RPSVMLPKRHGGFAA58CB,坡道平面,2850000,28.10,地下二樓
RPSVMLPKRHGGFAA58CB,坡道平面,2750000,28.10,地下二樓
RPUVMLPKRHGGFAA78CB,坡道平面,2600000,28.10,地下三樓
RPUVMLPKRHGGFAA78CB,坡道平面,2500000,28.10,地下三樓
RPWVMLPKRHGGFAA98CB,坡道平面,2000000,28.10,地下四樓
RPTVMLPKRHGGFAA68CB,坡道平面,2200000,28.10,地下四樓
RPTVMLPKRHGGFAA68CB,坡道平面,2300000,28.10,地下四樓
RPOWMLPKRHGGFAA28CB,坡道平面,2650000,28.10,地下三樓
RPVVMLPKRHGGFAA88CB,坡道平面,2100000,31.40,地下四樓
RPQVMLPKRHGGFAA38CB,坡道平面,2850000,28.10,地下二樓
RPQVMLPKRHGGFAA38CB,坡道平面,2750000,28.10,地下二樓
RPXVMLPKRHGGFAA09CB,坡道平面,2500000,28.10,地下三樓
RPRWMLPKRHGGFAA58CB,坡道平面,2650000,28.10,地下三樓
RPPWMLPKRHGGFAA38CB,坡道平面,2200000,28.10,地下四樓
RPSWMLPKRHGGFAA68CB,坡道平面,2550000,26.45,地下二樓
RPWWMLPKRHGGFAA09CB,坡道平面,1900000,26.45,地下四樓
RPQWMLPKRHGGFAA48CB,坡道平面,2850000,28.10,地下二樓
RPQWMLPKRHGGFAA48CB,坡道平面,2750000,28.10,地下二樓
RPTWMLPKRHGGFAA78CB,坡道平面,2750000,28.10,地下二樓
RPTWMLPKRHGGFAA78CB,坡道平面,2850000,28.10,地下二樓
RPPNNLPKRHGGFAA57CB,坡道平面,2550000,26.45,地下二樓
RPPNNLPKRHGGFAA57CB,坡道平面,2750000,28.10,地下二樓
RPUWMLPKRHGGFAA88CB,坡道平面,2850000,28.10,地下二樓
RPUWMLPKRHGGFAA88CB,坡道平面,2750000,28.10,地下二樓
RPXWMLPKRHGGFAA56CB,坡道平面,2550000,28.10,地下三樓
RPXWMLPKRHGGFAA56CB,坡道平面,2350000,26.45,地下三樓
RPVWMLPKRHGGFAA98CB,坡道平面,2750000,28.10,地下二樓
RPVWMLPKRHGGFAA98CB,坡道平面,2850000,28.10,地下二樓
RPQNNLPKRHGGFAA67CB,坡道平面,2750000,28.10,地下二樓
RPONNLPKRHGGFAA47CB,坡道平面,2200000,28.10,地下四樓
RPTNNLPKRHGGFAA97CB,坡道平面,2300000,28.10,地下四樓
RPVNNLPKRHGGFAA18CB,坡道平面,2650000,28.10,地下三樓
RPSNNLPKRHGGFAA87CB,坡道平面,3100000,28.10,地下一樓
RPSNNLPKRHGGFAA87CB,坡道平面,3000000,28.10,地下一樓
RPRNNLPKRHGGFAA77CB,坡道平面,2400000,28.10,地下四樓
RPRNNLPKRHGGFAA77CB,坡道平面,2400000,28.10,地下四樓
RPUNNLPKRHGGFAA08CB,坡道平面,2650000,28.10,地下三樓
RPUNNLPKRHGGFAA08CB,坡道平面,2350000,26.45,地下三樓
RPXNNLPKRHGGFAA38CB,坡道平面,2550000,28.10,地下三樓
RPWNNLPKRHGGFAA28CB,坡道平面,2650000,28.10,地下三樓
RPWNNLPKRHGGFAA28CB,坡道平面,2550000,28.10,地下三樓
RPOONLPKRHGGFAA57CB,坡道平面,2850000,28.10,地下二樓
RPQONLPKRHGGFAA77CB,坡道平面,2000000,28.10,地下四樓
RPRONLPKRHGGFAA87CB,坡道平面,2750000,28.10,地下二樓
RPRONLPKRHGGFAA87CB,坡道平面,2850000,28.10,地下二樓
RPPONLPKRHGGFAA67CB,坡道平面,2750000,28.10,地下二樓
RPUONLPKRHGGFAA18CB,坡道平面,2400000,28.10,地下四樓
RPWONLPKRHGGFAA38CB,坡道平面,2500000,28.10,地下三樓
RPWONLPKRHGGFAA38CB,坡道平面,2600000,28.10,地下三樓
RPSONLPKRHGGFAA97CB,坡道平面,2850000,28.10,地下二樓
RPSONLPKRHGGFAA97CB,坡道平面,2750000,28.10,地下二樓
RPTONLPKRHGGFAA08CB,坡道平面,2200000,28.10,地下四樓
RPVONLPKRHGGFAA28CB,坡道平面,2350000,26.45,地下三樓
RPVONLPKRHGGFAA28CB,坡道平面,2650000,28.10,地下三樓
RPVNMLPKRHGGFDA38CB,坡道平面,2900000,23.48,地下四樓
RPWNMLPKRHGGFDA48CB,坡道平面,3100000,23.48,地下二樓
RPOOMLPKRHGGFDA77CB,坡道平面,4000000,32.66,地下五樓含以下
RPOOMLPKRHGGFDA77CB,坡道平面,4000000,32.66,地下五樓含以下
RPOOMLPKRHGGFDA77CB,坡道平面,4000000,32.66,地下五樓含以下
RPXNMLPKRHGGFDA58CB,坡道平面,3000000,23.48,地下三樓
RPQNMLPKRHGGFCA77CB,升降機械,2100000,11.30,地下三樓
RPPNMLPKRHGGFCA67CB,升降機械,2100000,11.30,地下二樓
RPXONLPKRHGGFAA48CB,坡道平面,2850000,28.10,地下二樓
RPXONLPKRHGGFAA48CB,坡道平面,2750000,28.10,地下二樓
RPXONLPKRHGGFAA48CB,坡道平面,2100000,31.40,地下四樓
RPRNMLQKRHGGFBA87CB,坡道平面,2500000,40.29,地下四樓
RPRNMLQKRHGGFBA87CB,坡道平面,2500000,40.29,地下四樓
RPSNMLQKRHGGFBA97CB,坡道機械,1400000,24.89,地下五樓含以下
RPPQMLQKRHGGFEA28CB,升降機械,1100000,23.17,地下三樓
RPQNMLQKRHGGFFA18CB,坡道平面,4400000,33.77,地下二樓
RPRNMLQKRHGGFFA28CB,坡道平面,3400000,33.77,地下四樓
RPSNMLQKRHGGFFA38CB,坡道平面,3700000,33.77,地下四樓
RPTNMLQKRHGGFFA48CB,坡道平面,4400000,33.77,地下二樓
RPSNMLPKRHGGFDA08CB,坡道平面,3100000,23.48,地下二樓
RPPNMLPKRHGGFDA77CB,坡道平面,3300000,35.38,地下三樓
RPQNMLPKRHGGFDA87CB,坡道平面,3000000,23.48,地下三樓
RPUNMLPKRHGGFDA28CB,坡道平面,3000000,23.48,地下三樓
RPTNMLPKRHGGFDA18CB,坡道平面,2900000,23.48,地下四樓
RPRNMLPKRHGGFDA97CB,坡道平面,3100000,23.48,地下三樓
RPQOMLQKRHGGFFA28CB,坡道平面,3700000,33.77,地下四樓
RPUOMLQKRHGGFFA68CB,坡道平面,3400000,33.77,地下四樓
RPPOMLQKRHGGFFA18CB,坡道平面,4400000,33.77,地下二樓
RPOOMLQKRHGGFFA08CB,坡道平面,4100000,33.77,地下三樓
RPVOMLQKRHGGFFA78CB,坡道平面,3400000,33.77,地下四樓
RPPTMLQKRHGGFEA58CB,升降機械,1250000,23.17,地下二樓
RPXOMLQKRHGGFFA98CB,坡道平面,4100000,33.77,地下三樓
RPWOMLQKRHGGFFA88CB,坡道平面,3400000,33.77,地下四樓
RPPNMLQKRHGGFFA08CB,坡道平面,3400000,33.77,地下四樓
RPSPMLQKRHGGFFA58CB,坡道平面,3400000,33.77,地下四樓
RPTPMLQKRHGGFFA68CB,坡道平面,4100000,33.77,地下三樓
RPVPMLQKRHGGFFA88CB,坡道平面,4100000,33.77,地下三樓
RPWPMLQKRHGGFFA98CB,坡道平面,3700000,33.77,地下四樓
RPROMLQKRHGGFFA38CB,坡道平面,3800000,33.77,地下三樓
RPUNMLQKRHGGFFA58CB,坡道平面,4400000,33.77,地下二樓
RPXNMLQKRHGGFFA88CB,坡道平面,4400000,33.77,地下二樓
RPWNMLQKRHGGFFA78CB,坡道平面,3400000,33.77,地下四樓
RPVNMLQKRHGGFFA68CB,坡道平面,4100000,33.77,地下二樓
RPUPMLQKRHGGFFA78CB,坡道平面,3700000,33.77,地下四樓
RPPQMLQKRHGGFFA38CB,坡道平面,3700000,33.77,地下四樓
RPPPMLQKRHGGFFA28CB,坡道平面,3400000,33.77,地下四樓
RPPPMLQKRHGGFFA28CB,坡道平面,4100000,33.77,地下二樓
RPQQMLQKRHGGFFA48CB,坡道平面,3400000,33.77,地下四樓
RPRPMLQKRHGGFFA48CB,坡道平面,4100000,33.77,地下三樓
RPRPMLQKRHGGFFA48CB,坡道平面,4100000,33.77,地下三樓
RPQPMLQKRHGGFFA38CB,坡道平面,4100000,33.77,地下三樓
RPQPMLQKRHGGFFA38CB,坡道平面,4100000,33.77,地下三樓
RPTQMLQKRHGGFFA78CB,坡道平面,3400000,33.77,地下四樓
RPORMLQKRHGGFFA38CB,坡道平面,3400000,33.77,地下四樓
RPXQMLQKRHGGFFA56CB,坡道平面,3400000,33.77,地下四樓
RPRQMLQKRHGGFFA58CB,坡道平面,3400000,33.77,地下四樓
RPWQMLQKRHGGFFA09CB,坡道平面,4400000,33.77,地下二樓
RPVQMLQKRHGGFFA98CB,坡道平面,3400000,33.77,地下四樓
RPPRMLQKRHGGFFA48CB,坡道平面,3700000,33.77,地下四樓
RPRRMLQKRHGGFFA68CB,坡道平面,3700000,33.77,地下四樓
RPSRMLQKRHGGFFA78CB,坡道平面,4100000,33.77,地下二樓
RPQRMLQKRHGGFFA58CB,坡道平面,3800000,33.77,地下三樓
RPRNMLRKRHGGFAA97DB,坡道機械,1500000,18.57,地下二樓
RPSNMLRKRHGGFAA08DB,坡道平面,2500000,37.14,地下三樓
RPUNMLRKRHGGFAA28DB,坡道平面,2600000,37.14,地下二樓
RPVNMLRKRHGGFAA38DB,坡道機械,1100000,18.57,地下四樓
RPXNMLRKRHGGFAA58DB,坡道機械,900000,18.57,地下四樓
RPROMLRKRHGGFAA08DB,坡道機械,1800000,18.57,地下二樓
RPTOMLRKRHGGFAA28DB,坡道機械,900000,18.57,地下四樓
RPQOMLRKRHGGFAA97DB,坡道平面,2600000,37.14,地下二樓
RPPOMLRKRHGGFAA87DB,坡道機械,1000000,18.57,地下四樓
RPTRMLQKRHGGFFA88CB,坡道平面,4400000,33.77,地下二樓
RPOSMLQKRHGGFFA48CB,坡道平面,4700000,33.77,地下一樓
RPXRMLQKRHGGFFA66CB,坡道平面,4400000,33.77,地下二樓
RPXOMLRKRHGGFAA68DB,坡道機械,900000,18.57,地下四樓
RPRNMLTKRHGGFBA18CB,升降機械,1800000,10.50,無固定樓層
RPSNMLTKRHGGFBA28CB,升降機械,1800000,10.50,無固定樓層
RPQSMLRKRHGGFEA68CB,升降機械,1400000,15.28,地下二樓
RPQSMLRKRHGGFEA68CB,升降機械,1050000,15.28,地下二樓
RPPSMLRKRHGGFEA58CB,升降機械,1400000,15.25,地下二樓
RPRSMLRKRHGGFEA78CB,升降機械,1400000,15.25,地下三樓
RPPNMLSKRHGGFEA18CB,坡道平面,2600000,32.91,地下二樓
RPPNMLSKRHGGFEA18CB,坡道機械,1300000,16.45,地下四樓
RPXNMLTKRHGGFBA78CB,升降機械,1800000,10.50,無固定樓層
RPVRMLQKRHGGFFA09CB,坡道平面,4400000,33.77,地下二樓
RPXNMLTKRHGGFCA88CB,升降機械,2300000,19.22,地下二樓
RPUNMLTKRHGGFCA58CB,升降機械,2300000,19.22,地下二樓
RPWNMLOLRHGGFDA48CB,坡道平面,3000000,23.48,地下四樓
RPVNMLOLRHGGFDA38CB,坡道平面,3100000,23.48,地下三樓
RPTNMLOLRHGGFDA18CB,坡道平面,3000000,23.48,地下三樓
RPUNMLOLRHGGFDA28CB,坡道平面,3000000,23.48,地下三樓
RPPNMLQLRHGGFAA77DB,坡道機械,1100000,18.57,地下四樓
RPPNMLOLRHGGFCA67CB,升降機械,2100000,11.30,地下二樓
RPQNMLOLRHGGFCA77CB,升降機械,2100000,11.30,地下二樓
RPRTMLRLRHGGFDA88CB,坡道平面,2200000,28.83,地下三樓
RPXNMLOLRHGGFDA58CB,坡道平面,3000000,23.48,地下四樓
RPQNMLTLRHGGFFA68DB,升降機械,2700000,6.43,地下四樓
RPWNMLLJIIGGFAA86CB,坡道平面,2450000,31.40,地下三樓
RPTNMLLJIIGGFAA56CB,坡道平面,2750000,28.10,地下二樓
RPTNMLLJIIGGFAA56CB,坡道平面,2750000,28.10,地下二樓
RPQOMLLJIIGGFAA98CB,坡道平面,2550000,26.45,地下二樓
RPQOMLLJIIGGFAA98CB,坡道平面,2750000,28.10,地下二樓
RPOOMLLJIIGGFAA78CB,坡道平面,2550000,28.10,地下三樓
RPRNMLLJIIGGFDA66CB,坡道平面,2300000,26.75,地下四樓
RPRNMLLJIIGGFDA66CB,坡道平面,2300000,26.75,地下四樓
RPSNMLLJIIGGFDA76CB,坡道平面,2400000,24.60,地下三樓
RPTNMLLJIIGGFDA86CB,坡道平面,2400000,26.75,地下四樓
RPQOMLLJIIGGFDA66CB,坡道平面,3500000,32.66,地下五樓含以下
RPQOMLLJIIGGFDA66CB,坡道平面,3500000,32.66,地下五樓含以下
RPRNMLMJIIGGFAA09CB,坡道平面,2100000,41.72,地下一樓
RPQNMLMJIIGGFAA98CB,坡道平面,2100000,41.72,地下二樓
RPSNMLMJIIGGFAA56CB,其他,1600000,20.34,無固定樓層
RPWSMLOJIIGGFEA08CB,坡道平面,2950000,29.58,地下四樓
RPWSMLOJIIGGFEA08CB,坡道平面,2850000,29.58,地下四樓
RPROMLRJIIGGFDA37CB,坡道平面,3200000,32.17,地下五樓含以下
RPSTMLRLRHGGFDA98CB,坡道平面,2700000,28.83,地下一樓
RPUOMLRJIIGGFDA67CB,坡道平面,3200000,32.17,地下五樓含以下
RPVOMLRJIIGGFDA77CB,坡道平面,3600000,32.17,地下四樓
RPVOMLRJIIGGFDA77CB,坡道平面,3600000,32.17,地下四樓
RPTOMLRJIIGGFDA57CB,坡道平面,3600000,32.17,地下四樓
RPTOMLRJIIGGFDA57CB,坡道平面,3600000,32.17,地下四樓
RPOPMLRJIIGGFDA17CB,坡道平面,3200000,32.17,地下五樓含以下
RPPPMLRJIIGGFDA27CB,坡道平面,3200000,32.17,地下五樓含以下
RPQNMLOLRHGGFAA57CB,坡道平面,1950000,36.86,地下四樓
RPQNMLOLRHGGFAA57CB,坡道平面,1950000,36.86,地下四樓
RPPNMLMKIIGGFAA98CB,坡道平面,2650000,28.10,地下三樓
RPPNMLMKIIGGFAA98CB,坡道平面,2550000,28.10,地下三樓
RPPNMLMKIIGGFAA98CB,坡道平面,2550000,28.10,地下三樓
RPROMLLJIIGGFDA76CB,坡道平面,4500000,32.66,地下四樓
RPROMLLJIIGGFDA76CB,坡道平面,4500000,32.66,地下四樓
RPROMLLJIIGGFDA76CB,坡道平面,3500000,32.66,地下五樓含以下
RPTPMLRLRHGGFEA78CB,坡道平面,2600000,40.89,地下四樓
RPUPMLRLRHGGFEA88CB,坡道平面,2600000,40.89,地下四樓
RPTOMLOLRHGGFAA97CB,坡道平面,3000000,38.65,地下五樓含以下
RPTOMLOLRHGGFAA97CB,坡道平面,3000000,38.65,地下五樓含以下
RPTOMLOLRHGGFAA97CB,坡道平面,3000000,38.65,地下五樓含以下
RPPNMLPLRHGGFAA57CB,坡道平面,2900000,43.82,地下一樓
RPTNMLSJIIGGFEA67CB,坡道平面,2000000,40.89,地下四樓
RPQNMLMKIIGGFAA56DB,坡道機械,1100000,18.57,地下四樓
