﻿編號,屋齡,建物移轉面積平方公尺,主要用途,主要建材,建築完成日期,總層數,建物分層
The serial number,room age,building shifting area square meter,the main use,main building materials,construction completes the date,total layer,building lamination
RPPOMLLKRHGGFBA37CC,8,132.35,一般事務所,鋼筋混凝土造,102年3月13日,十二層,
RPQNMLLKRHGGFBA37CC,13,63.18,住家用,鋼筋混凝土造,97年6月26日,七層,
RPSOMLLKRHGGFBA67CC,12,55.52,住家用,鋼骨造,98年7月24日,十八層,
RPPOMLLKRHGGFBA37CC,8,36.75,本共有部分項目有：蓄水池、梯廳、消防機房、發電機房、機房、防空避難室、台電配電場所、騎樓、機械室、水箱、消防水箱、昇降機、Ａ梯、Ｂ梯、Ｃ梯、Ｄ梯、排風管道、進風管道、放流陰井、機車昇降設備ＰＤ等２０項。,鋼筋混凝土造,102年3月13日,十二層,
RPQNMLLKRHGGFBA37CC,13,36.55,共有部分,鋼筋混凝土造,97年6月26日,七層,
RPPOMLLKRHGGFBA37CC,8,26.94,本共有部分項目有：梯廳、昇降機、Ａ梯、Ｂ梯等４項。,鋼筋混凝土造,102年3月13日,十二層,
RPSOMLLKRHGGFBA67CC,12,16.60,共有部分,鋼骨造,98年7月24日,十八層,
RPSOMLLKRHGGFBA67CC,12,.12,共有部分,鋼骨造,98年7月24日,十八層,
RPSOMLLKRHGGFBA67CC,12,8.16,共有部分,鋼骨造,98年7月24日,十八層,
RPTOMLLKRHGGFBA77CC,63,28.47,商業用,加強磚造,47年12月31日,四層,
RPUNMLLKRHGGFBA77CC,6,46.23,住家用,鋼筋混凝土造,104年5月6日,十三層,
RPUNMLLKRHGGFBA77CC,6,29.72,本共有部分之項目有梯廳、機車停車空間、Ａ梯（安全梯）、Ｂ梯（安全梯）、Ｃ梯（安全梯）、Ｄ梯（安全梯）、停車空間、車道、行動不便者電梯、騎樓、行動不便者使用電梯、雨遮、緊急發電機房、屋頂水箱、管委會空間、防空避難室、電信室、台電配電室、消防泵浦室、消防蓄水池、蓄水池、機械循環式停車設備、機械循環式停車空間等２３項,鋼筋混凝土造,104年5月6日,十三層,
RPSNMLLKRHGGFCA67CC,13,48.90,住家用,鋼筋混凝土造,97年12月29日,十三層,
RPSNMLLKRHGGFCA67CC,13,21.83,共有部分,鋼筋混凝土造,97年12月29日,十三層,
RPSNMLLKRHGGFCA67CC,13,3.24,共有部分,鋼筋混凝土造,97年12月29日,十三層,
RPSNMLLKRHGGFCA67CC,13,.45,共有部分,鋼筋混凝土造,97年12月29日,十三層,
RPQNMLLKRHGGFCA47CC,12,43.19,商業用,鋼筋混凝土造,98年6月22日,十四層,
RPQNMLLKRHGGFCA47CC,12,8.73,共有部分,鋼筋混凝土造,98年6月22日,十四層,
RPQNMLLKRHGGFCA47CC,12,4.25,共有部分,鋼筋混凝土造,98年6月22日,十四層,
RPQNMLLKRHGGFCA47CC,12,10.82,共有部分,鋼筋混凝土造,98年6月22日,十四層,
RPQNMLLKRHGGFCA47CC,12,10.35,共有部分,鋼筋混凝土造,98年6月22日,十四層,
RPRNMLLKRHGGFCA57CC,12,21.61,共有部分,鋼骨鋼筋混凝土造,98年9月16日,十九層,
RPUNMLLKRHGGFCA87CC,45,58.12,住家用,鋼筋混凝土造,66年1月21日,十二層,
RPUNMLLKRHGGFCA87CC,45,8.81,共有部分,鋼筋混凝土造,66年1月21日,十二層,
RPXNMLLKRHGGFCA18CC,39,19.68,住家用,鋼筋混凝土造,71年12月4日,十一層,
RPXNMLLKRHGGFCA18CC,39,6.30,共有部分,鋼筋混凝土造,71年12月4日,十一層,
RPPOMLLKRHGGFCA47CC,29,26.11,住家用,鋼筋混凝土造,81年4月27日,五層,
RPPOMLLKRHGGFCA47CC,29,8.03,共有部分,鋼筋混凝土造,81年4月27日,五層,
RPROMLLKRHGGFCA67CC,14,23.01,住家用,鋼筋混凝土造,97年1月4日,十二層,
RPROMLLKRHGGFCA67CC,14,4.74,共有部分,鋼筋混凝土造,97年1月4日,十二層,
RPROMLLKRHGGFCA67CC,14,7.20,共有部分,鋼筋混凝土造,97年1月4日,十二層,
RPQNMLLKRHGGFAA27CC,24,104.92,商業用,鋼筋混凝土造,86年6月10日,十二層,
RPOPMLLKRHGGFAA27CC,,34.27,商業用,鋼筋混凝土造,,十一層,
RPRNMLLKRHGGFAA37CC,46,20.61,住家用,鋼筋混凝土造,64年6月24日,四層,
RPOPMLLKRHGGFAA27CC,,4.62,共有部分,鋼筋混凝土造,,十一層,
RPQNMLLKRHGGFAA27CC,24,36.35,共有部分,鋼筋混凝土造,86年6月10日,十二層,
RPQNMLLKRHGGFAA27CC,24,36.34,見使用執照,鋼筋混凝土造,86年6月10日,十二層,
RPWOMLLKRHGGFAA97CC,,37.54,商業用,鋼筋混凝土造,,十一層,
RPWOMLLKRHGGFAA97CC,,5.06,共有部分,鋼筋混凝土造,,十一層,
RPSNMLLKRHGGFAA47CC,25,16.44,住家用,鋼筋混凝土造,85年8月6日,八層,
RPSNMLLKRHGGFAA47CC,25,2.86,見使用執照,鋼筋混凝土造,85年8月6日,八層,
RPSNMLLKRHGGFAA47CC,25,7.84,見使用執照,鋼筋混凝土造,85年8月6日,八層,
RPSPMLLKRHGGFCA87CC,14,33.82,商業用,鋼筋混凝土造,96年5月3日,九層,
RPSPMLLKRHGGFCA87CC,14,17.63,共有部分,鋼筋混凝土造,96年5月3日,九層,
RPSPMLLKRHGGFCA87CC,14,33.69,商業用,鋼筋混凝土造,96年5月3日,九層,
RPSPMLLKRHGGFCA87CC,14,17.21,共有部分,鋼筋混凝土造,96年5月3日,九層,
RPTPMLLKRHGGFCA97CC,52,24.78,住商用,鋼筋混凝土造,58年6月16日,八層,
RPVPMLLKRHGGFCA18CC,49,20.93,住家用,鋼筋混凝土造,61年7月20日,五層,
RPWNMLLKRHGGFDA18CC,29,112.44,住家用,鋼筋混凝土造,81年2月29日,六層,
RPWNMLLKRHGGFDA18CC,29,29.24,共有部分,鋼筋混凝土造,81年2月29日,七層,
RPVNMLLKRHGGFDA08CC,4,34.62,集合住宅,鋼筋混凝土造,106年8月23日,七層,
RPVNMLLKRHGGFDA08CC,4,26.11,本共有部分之項目有梯廳、行動不便者電梯、安全梯、陽臺、停車空間機車停車位、停車空間無障礙車位、防空避難室、樓梯間、水箱、電信室、電表室、台電配電場所、受電箱、機房、雨遮、儲藏室等十六項。,鋼筋混凝土造,106年8月23日,七層,
RPPPMLLKRHGGFCA57CC,5,86.30,住家用,鋼骨鋼筋混凝土造,105年3月22日,十九層,
RPPPMLLKRHGGFCA57CC,5,13.04,本案共有部分項目有：梯廳、門廳、防災中心、陽台、停車空間、機電設備空間（供緊急發電機使用、供電信使用、供消防泵浦使用、供給水設備使用）、台電配電室、排風管道間、增設公用停車位專用出入口、停車空間兼防空避難室、管理員室、增設公用停車位專用電梯、台電維修通道：至Ｂ１Ｆ台電配電室通道、汽車車道、機車車道、進風管道間、電梯機坑等２０項。,鋼骨鋼筋混凝土造,105年3月22日,十九層,
RPPPMLLKRHGGFCA57CC,5,6.16,本共有部分之項目有：特別安全梯、Ｃ梯間、陽台、雨遮、Ｃ棟中繼水箱、Ｃ棟中繼消防水箱、民生用蓄水池、Ｃ水箱、梯廳（排煙室）、行動不便電梯、電梯機坑、緊急升降機、消防水箱、機房、樓梯間、Ｃ棟安全梯、Ｃ棟中繼機房、機電設備空間（供昇降設備使用）、水錶區、電錶區等共２０項。,鋼骨鋼筋混凝土造,105年3月22日,十九層,
RPPPMLLKRHGGFCA57CC,5,17.02,本共有部分之項目有：特別安全梯、陽台、雨遮、行動不便電梯、緊急升降機、Ｃ梯廳、Ｃ梯廳（Ｃ排煙室）等共７項。,鋼骨鋼筋混凝土造,105年3月22日,十九層,
RPRPMLLKRHGGFCA77CC,2,44.13,住家用,鋼筋混凝土造,108年2月27日,十四層,
RPRPMLLKRHGGFCA77CC,2,43.40,本共有部分之項目有梯廳、管委會使用空間、甲梯、乙梯、丙梯、戶外安全梯、昇降機〈供行動不便者使用〉、緊急昇降機、汽車升降機、客貨梯升降機、陽台、排煙室、走道、機房、水箱、安全梯間、梯廳兼排煙室、排風管道、發電機進風管道、發電機排風管道、發電機室、垃圾暫存區、進風管道、防空避難室兼停車空間、電信室、電錶區、台電配電場所、雨水回收機房、消防機房、雨水滯留池、雨水回收池、梯間、汙水坑、消防水池等３４項。,鋼筋混凝土造,108年2月27日,十四層,
RPQPMLLKRHGGFCA67CC,8,116.73,住家用,鋼筋混凝土造,102年7月8日,十三層,
RPQPMLLKRHGGFCA67CC,8,47.34,本共有部分之項目計有電梯、梯廳、樓梯間、管理員室、停車空間、機車停車位、安全梯Ａ、安全梯Ｂ、台電管道間、發電機室進氣、發電機室排氣、管委會空間、台電配電室、機電設備空間（供電信使用）、機電設備空間（供發電機使用）、機電設備空間、消防補給水箱、消防機房、水箱、水箱Ａ、水箱Ｂ、消防水箱等２２項,鋼筋混凝土造,102年7月8日,十三層,
RPQPMLLKRHGGFCA67CC,8,5.81,本共有部分之項目計有梯廳等１項,鋼筋混凝土造,102年7月8日,十三層,
RPRNMLLKRHGGFFA87CC,,37.44,住家用,鋼筋混凝土造,,六層,
RPTNMLLKRHGGFFA08CC,,103.61,住家用,鋼筋混凝土造,,十四層,
RPTNMLLKRHGGFFA08CC,,22.04,共有部分,鋼筋混凝土造,,十四層,
RPPNMLLKRHGGFFA67CC,49,39.61,見使用執照,鋼筋混凝土造,61年10月19日,七層,
RPPNMLLKRHGGFFA67CC,49,62.14,住家用,鋼筋混凝土造,61年10月19日,七層,
RPQNMLMKRHGGFCA57CC,7,350.81,Ｇ２一般事務所兼金融保險業Ｇ１,鋼骨造,103年8月26日,二十層,
RPUNMLLKRHGGFFA18CC,34,103.52,住家用,鋼筋混凝土造,76年11月5日,十六層,
RPUNMLLKRHGGFFA18CC,34,14.67,共有部分,鋼筋混凝土造,76年11月5日,十六層,
RPUNMLLKRHGGFFA18CC,34,14.70,共有部分,鋼筋混凝土造,76年11月5日,十六層,
RPTOMLNKRHGGFCA08CC,43,20.00,商業用,鋼筋混凝土造,68年1月19日,十四層,
RPTOMLNKRHGGFCA08CC,43,8.54,共有部分,鋼筋混凝土造,68年1月19日,十四層,
RPQNMLNKRHGGFCA67CC,25,61.16,住家用,鋼筋混凝土造,85年7月18日,十七層,
RPQNMLNKRHGGFCA67CC,25,.29,商業用,鋼筋混凝土造,85年7月18日,十七層,
RPQNMLNKRHGGFCA67CC,25,.26,商業用,鋼筋混凝土造,85年7月18日,十七層,
RPXNMLNKRHGGFCA38CC,14,53.90,住家用,鋼筋混凝土造,96年6月21日,十二層,
RPRPMLNKRHGGFCA97CC,13,29.74,住家用,鋼筋混凝土造,97年6月2日,十三層,
RPRPMLNKRHGGFCA97CC,13,4.31,共有部分,鋼筋混凝土造,97年6月2日,十三層,
RPRPMLNKRHGGFCA97CC,13,5.93,共有部分,鋼筋混凝土造,97年6月2日,十三層,
RPRPMLNKRHGGFCA97CC,13,11.88,共有部分,鋼筋混凝土造,97年6月2日,十三層,
RPSPMLNKRHGGFCA08CC,52,33.27,住商用,鋼筋混凝土造,58年6月16日,八層,
RPTPMLNKRHGGFCA18CC,41,27.20,商業用,鋼筋混凝土造,69年9月30日,七層,
RPTPMLNKRHGGFCA18CC,41,4.06,共有部分,鋼筋混凝土造,69年9月30日,七層,
RPWOMLLKRHGGFEA38CC,54,24.05,住家用,加強磚造,56年7月3日,三層,
RPRNMLLKRHGGFEA77CC,54,227.92,住家用,見使用執照,56年8月12日,二層,
RPVOMLLKRHGGFEA28CC,59,20.81,住商用,加強磚造,51年11月8日,,
RPPNMLLKRHGGFEA57CC,13,54.60,住家用,鋼筋混凝土造,97年5月6日,十四層,
RPPNMLLKRHGGFEA57CC,13,16.20,共有部分,鋼筋混凝土造,97年5月6日,十四層,
RPPNMLLKRHGGFEA57CC,13,14.58,共有部分,鋼筋混凝土造,97年5月6日,十四層,
RPVNMLNKRHGGFAA97CC,43,67.42,商業用,鋼筋混凝土造,67年11月11日,十二層,
RPVNMLNKRHGGFAA97CC,43,17.36,共有部分,鋼筋混凝土造,67年11月11日,十二層,
RPUNMLNKRHGGFAA87CC,,35.83,商業用,鋼筋混凝土造,,十一層,
RPUNMLNKRHGGFAA87CC,,4.83,共有部分,鋼筋混凝土造,,十一層,
RPPQMLNKRHGGFBA77CC,42,69.92,商業用,鋼筋混凝土造,68年10月19日,四層,
RPWPMLNKRHGGFBA38CC,12,80.17,多戶住宅,鋼筋混凝土造,98年11月2日,十五層,
RPWPMLNKRHGGFBA38CC,12,14.63,本共有部分之項目有，門廳，中央監控室，走廊，管委會辦公室，中央監控室，備餐室，廁所，自用健身房，空調機房，發電機室，門廊，游泳池，泳池機房，通風機房，梯廳，台電配電室，雨遮，電信機房，機車停車場，蓄水池，消防泵浦室等２１項。,鋼筋混凝土造,98年11月2日,十五層,
RPWPMLNKRHGGFBA38CC,12,18.57,本共有部分之項目有行動不便電梯，梯廳，樓梯，電梯機房，樓梯間，消防水箱，生活水箱等７項。,鋼筋混凝土造,98年11月2日,十五層,
RPVPMLNKRHGGFBA28CC,,19.07,,鋼筋混凝土造,,四層,
RPUPMLNKRHGGFBA18CC,,26.15,,加強磚造,,四層,
RPQNMLNKRHGGFEA87CC,42,81.88,住家用,鋼筋混凝土造,68年7月5日,五層,
RPQOMLNKRHGGFEA97CC,46,33.06,住家用,鋼筋混凝土造,64年3月10日,四層,
RPUOMLNKRHGGFEA38CC,12,114.48,住家用,鋼筋混凝土造,98年3月16日,七層,
RPUOMLNKRHGGFEA38CC,12,38.24,共有部分,鋼筋混凝土造,98年3月16日,七層,
RPUOMLNKRHGGFEA38CC,12,17.23,共有部分,鋼筋混凝土造,98年3月16日,七層,
RPSOMLNKRHGGFEA18CC,61,36.00,農舍,加強磚造,49年4月11日,一層,
RPOPMLNKRHGGFEA87CC,6,34.90,住家用,鋼筋混凝土造,104年12月4日,九層,
RPOPMLNKRHGGFEA87CC,6,21.54,本共有部分之項目有梯廳、管委會空間、Ｂ梯（安全梯）、Ａ梯（安全梯）、１２人份無障礙電梯、Ｃ梯（無障礙樓梯）、雨遮、消防水池、電梯機房、蓄水池、機電設備空間（電信用）、機電設備空間、台電配電場所、緊急發電機進風管道間、緊急發電機排風管道間、緊急發電機房、消防泵浦室、機車停車空間、防空避難室兼停車空間、無障礙停車空間、汽機車坡道、車道、汽機車昇降機、機械式停車設備、機械迴車轉盤、停車通風設備排風管道間、受電箱等２７項。,鋼筋混凝土造,104年12月4日,九層,
RPQOMLNKRHGGFDA87CC,39,99.25,集合住宅,鋼筋混凝土造,71年6月22日,五層,
RPQOMLNKRHGGFDA87CC,39,6.23,共有部分,鋼筋混凝土造,71年6月22日,七層,
RPWOMLNKRHGGFEA58CC,39,28.01,住家用,鋼筋混凝土造,71年12月27日,五層,
RPWOMLNKRHGGFEA58CC,39,.28,共有部分,鋼筋混凝土造,71年12月27日,五層,
RPVOMLNKRHGGFFA58CC,,19.24,,加強磚造,,二層,
RPWOMLNKRHGGFFA68CC,,19.24,,加強磚造,,二層,
RPPQMLOKRHGGFDA08CC,24,37.82,住家用,鋼筋混凝土造,86年6月13日,十四層,
RPPQMLOKRHGGFDA08CC,24,7.67,共有部分,鋼筋混凝土造,86年6月13日,十四層,
RPUOMLNKRHGGFDA28CC,49,22.43,住家用,鋼筋混凝土造,61年8月2日,四層,
RPOPMLNKRHGGFDA77CC,13,43.62,日常用品零售業,鋼筋混凝土造,98年3月6日,十二層,
RPOPMLNKRHGGFDA77CC,13,42.17,日常用品零售業,鋼筋混凝土造,98年3月6日,十二層,
RPOPMLNKRHGGFDA77CC,13,40.60,日常用品零售業,鋼筋混凝土造,98年3月6日,十二層,
RPOPMLNKRHGGFDA77CC,13,49.37,日常用品零售業,鋼筋混凝土造,98年3月6日,十二層,
RPOPMLNKRHGGFDA77CC,13,58.70,共有部分,鋼筋混凝土造,98年3月6日,十二層,
RPSOMLNKRHGGFDA08CC,14,104.80,住家用,鋼筋混凝土造,96年5月11日,七層,
RPSOMLNKRHGGFDA08CC,14,46.53,共有部分,鋼筋混凝土造,96年5月11日,七層,
RPQQMLOKRHGGFDA18CC,30,152.67,商業用,鋼筋混凝土造,80年5月8日,十層,
RPQQMLOKRHGGFDA18CC,30,17.45,商業用,鋼筋混凝土造,80年5月8日,十層,
RPQQMLOKRHGGFDA18CC,30,.63,商業用,鋼筋混凝土造,80年5月8日,十層,
RPQQMLOKRHGGFDA18CC,30,28.46,共有部分,鋼筋混凝土造,80年5月8日,十層,
RPUNMLOKRHGGFEA38CC,48,89.57,住家用,鋼筋混凝土造,62年5月19日,四層,
RPORMLOKRHGGFDA08CC,46,16.19,防空避難室、會客室、宿舍,鋼筋混凝土造,64年10月16日,四層,
RPVQMLOKRHGGFDA68CC,6,64.45,一般事務所,鋼筋混凝土造,105年2月18日,十二層,
RPVQMLOKRHGGFDA68CC,6,51.32,本共有部分之項目有安全梯Ｃ、安全梯Ａ、梯廳、１１人份升降機、１１人份升降機供行動不便者使用、安全梯Ｂ、走廊、女廁、男廁、陽臺、機電設備空間、安全梯、機房、水箱、發電機室、台電配電室、裝卸車位、電信室、蓄水池、消防幫浦室等２０項,鋼筋混凝土造,105年2月18日,十二層,
RPVQMLOKRHGGFDA68CC,6,56.70,一般事務所,鋼筋混凝土造,105年2月18日,十二層,
RPVQMLOKRHGGFDA68CC,6,45.12,本共有部分之項目有安全梯Ｃ、安全梯Ａ、梯廳、１１人份升降機、１１人份升降機供行動不便者使用、安全梯Ｂ、走廊、女廁、男廁、陽臺、機電設備空間、安全梯、機房、水箱、發電機室、台電配電室、裝卸車位、電信室、蓄水池、消防幫浦室等２０項,鋼筋混凝土造,105年2月18日,十二層,
RPVQMLOKRHGGFDA68CC,6,45.47,一般事務所,鋼筋混凝土造,105年2月18日,十二層,
RPVQMLOKRHGGFDA68CC,6,24.33,本共有部分之項目有安全梯Ｃ、安全梯Ａ、梯廳、１１人份升降機、１１人份升降機供行動不便者使用、安全梯Ｂ、走廊、女廁、男廁、陽臺、機電設備空間、安全梯、機房、水箱、發電機室、台電配電室、裝卸車位、電信室、蓄水池、消防幫浦室等２０項,鋼筋混凝土造,105年2月18日,十二層,
RPVQMLOKRHGGFDA68CC,6,64.45,一般事務所,鋼筋混凝土造,105年2月18日,十二層,
RPVQMLOKRHGGFDA68CC,6,51.32,本共有部分之項目有安全梯Ｃ、安全梯Ａ、梯廳、１１人份升降機、１１人份升降機供行動不便者使用、安全梯Ｂ、走廊、女廁、男廁、陽臺、機電設備空間、安全梯、機房、水箱、發電機室、台電配電室、裝卸車位、電信室、蓄水池、消防幫浦室等２０項,鋼筋混凝土造,105年2月18日,十二層,
RPVQMLOKRHGGFDA68CC,6,56.70,一般事務所,鋼筋混凝土造,105年2月18日,十二層,
RPVQMLOKRHGGFDA68CC,6,45.12,本共有部分之項目有安全梯Ｃ、安全梯Ａ、梯廳、１１人份升降機、１１人份升降機供行動不便者使用、安全梯Ｂ、走廊、女廁、男廁、陽臺、機電設備空間、安全梯、機房、水箱、發電機室、台電配電室、裝卸車位、電信室、蓄水池、消防幫浦室等２０項,鋼筋混凝土造,105年2月18日,十二層,
RPVQMLOKRHGGFDA68CC,6,45.47,一般事務所,鋼筋混凝土造,105年2月18日,十二層,
RPVQMLOKRHGGFDA68CC,6,24.33,本共有部分之項目有安全梯Ｃ、安全梯Ａ、梯廳、１１人份升降機、１１人份升降機供行動不便者使用、安全梯Ｂ、走廊、女廁、男廁、陽臺、機電設備空間、安全梯、機房、水箱、發電機室、台電配電室、裝卸車位、電信室、蓄水池、消防幫浦室等２０項,鋼筋混凝土造,105年2月18日,十二層,
RPSQMLOKRHGGFDA38CC,22,118.38,見使用執照,鋼筋混凝土造,88年12月31日,十一層,
RPSQMLOKRHGGFDA38CC,22,32.65,共有部分,鋼筋混凝土造,88年12月31日,十一層,
RPTOMLOKRHGGFEA38CC,39,24.99,住家用,鋼筋混凝土造,71年12月27日,五層,
RPTOMLOKRHGGFEA38CC,39,.28,共有部分,鋼筋混凝土造,71年12月27日,五層,
RPXOMLOKRHGGFFA88CC,39,66.87,商業用,鋼筋混凝土造,71年5月19日,十二層,
RPXOMLOKRHGGFFA88CC,39,9.86,,鋼筋混凝土造,71年5月19日,十二層,
RPXOMLOKRHGGFFA88CC,39,3.58,商業用,鋼筋混凝土造,71年5月19日,十二層,
RPSNMLOKRHGGFAA77CC,53,94.30,住家用,加強磚造,57年11月20日,三層,
RPRNMLOKRHGGFAA67CC,,93.64,住家用,鋼筋混凝土造,,五層,
RPVNMLOKRHGGFAA08CC,3,37.01,集合住宅,鋼骨造,108年1月24日,十四層,
RPVNMLOKRHGGFAA08CC,3,23.83,共有部分，本共有部分項目有：走廊、機車昇降機、騎樓、梯廳、管理委員會使用空間、陽台、樓梯間、消防水池、機械室、水錶室、水箱、臺電配電室、電信室、發電機室、機房、防空避難室兼停車場、Ａ梯、消防泵浦室等１８項。,鋼骨造,108年1月24日,十四層,
RPPPMLOKRHGGFAA67CC,,35.83,商業用,鋼筋混凝土造,,十一層,
RPPPMLOKRHGGFAA67CC,,4.83,共有部分,鋼筋混凝土造,,十一層,
RPOPMLOKRHGGFAA57CC,,37.54,商業用,鋼筋混凝土造,,十一層,
RPOPMLOKRHGGFAA57CC,,5.06,共有部分,鋼筋混凝土造,,十一層,
RPTPMLOKRHGGFFA58CC,6,87.91,住家用,鋼筋混凝土造,104年7月29日,七層,
RPTPMLOKRHGGFFA58CC,6,33.83,本共有部分含停車空間、汽車昇降機、梯廳、行動不便者電梯、安全梯、防空避難室兼停車空間、台電配電場所、電信機房、機房、水箱、緊急發電機室、消防泵浦室等１２項。,鋼筋混凝土造,104年7月29日,七層,
RPTPMLOKRHGGFFA58CC,6,13.09,本共有部分含梯廳、行動不便者電梯、安全梯、機電設備空間及雨遮等５項。,鋼筋混凝土造,104年7月29日,七層,
RPOPMLOKRHGGFBA67CC,6,36.98,住家用,鋼筋混凝土造,104年12月14日,十五層,
RPOPMLOKRHGGFBA67CC,6,8.00,本共有部分之項目有排煙室兼梯廳、梯廳、緊急升降機、供行動不便者使用、特別安全梯Ａ、戶外安全梯Ｂ、進氣管道及排氣管道等８項,鋼筋混凝土造,104年12月14日,十五層,
RPOPMLOKRHGGFBA67CC,6,12.34,本共有部分之項目有梯廳、排煙室兼梯廳、緊急升降機、供行動不便者使用、戶外安全梯Ａ、戶外安全梯Ｂ、管委會、機車昇降機、車道、陽台、電梯機房、自來水箱、機房、消防水箱、防空避難室兼停車空間、台電配電室、受電箱、電表箱、安全梯Ｄ、地下層進氣、發電機進氣、發電機排氣、發電機室、電信機房、儲藏室、汽車昇降機、機械停車平移車台、消防水箱、消防泵浦機房及消防水箱機房、梯間、安全梯Ｂ等３２項,鋼筋混凝土造,104年12月14日,十五層,
RPOPMLOKRHGGFBA67CC,6,12.02,本共有部分之項目有梯廳、排煙室兼梯廳、緊急升降機、供行動不便者使用、戶外安全梯Ａ、戶外安全梯Ｂ、管委會、機車昇降機、車道、陽台、電梯機房、自來水箱、機房、消防水箱、防空避難室兼停車空間、台電配電室、受電箱、電表箱、安全梯Ｄ、地下層進氣、發電機進氣、發電機排氣、發電機室、電信機房、儲藏室、汽車昇降機、機械停車平移車台、消防水箱、消防泵浦機房及消防水箱機房、梯間、安全梯Ｂ等３２項,鋼筋混凝土造,104年12月14日,十五層,
RPOQMLOKRHGGFBA77CC,37,32.28,住家用,鋼筋混凝土造,73年10月26日,五層,
RPOQMLOKRHGGFBA77CC,37,1.26,共有部分,鋼筋混凝土造,73年10月26日,五層,
RPXPMLOKRHGGFBA58CC,9,106.87,住家用,鋼筋混凝土造,101年4月3日,十層,
RPXPMLOKRHGGFBA58CC,9,50.46,本共有部分之項目有，停車空間兼防空避難室，台電配電場所，緊急發電機，機坑，電梯間，昇降機，樓梯，管道間，機房（供電信使用），消防泵浦室，蓄水池，停車空間，機房，水錶室，緊急升降機，殘障用昇降機，安全梯間，梯廳，排煙室，管理委會使用空間，機車通道，機車停車空間，陽台等２３項。,鋼筋混凝土造,101年4月3日,十層,
RPUPMLOKRHGGFBA28CC,44,36.04,住家用,鋼筋混凝土造,67年1月13日,十層,
RPQPMLOKRHGGFBA87CC,3,33.55,多戶住宅,鋼骨鋼筋混凝土造,107年7月2日,十四層,
RPQPMLOKRHGGFBA87CC,3,5.71,本共有部分之項目有汽車坡道、防空避難室兼停車空間、台電配電場所、機房（供電信使用）、機房、排風管道、受電箱區、垃圾儲藏室、電錶空間、緊急升降機、梯廳（排煙室）、Ｃ樓梯、機械進排風管道、管道間、停車空間及消防泵浦室等１６項,鋼骨鋼筋混凝土造,107年7月2日,十四層,
RPQPMLOKRHGGFBA87CC,3,9.63,本共有部分之項目有大廳、梯廳、排煙室、走道、戶外安全梯Ａ樓梯、戶外安全梯Ｂ樓梯、管委會空間、緊急發電機室、Ｃ樓梯、頂蓋型開放空間、機電設備空間、機電管道間、機車停車空間、騎樓、公廁、陽台、雨遮、梯間、Ｄ樓梯、儲藏室、機房、機械排風管道、機械進風管道、消防水箱、機械室、水錶室、管道間、電梯機械室、屋頂水箱及盥洗室等３０項,鋼骨鋼筋混凝土造,107年7月2日,十四層,
RPQPMLOKRHGGFBA87CC,3,4.23,本共有部分之項目有梯廳、陽台及雨遮等３項,鋼骨鋼筋混凝土造,107年7月2日,十四層,
RPUNMLOKRHGGFCA18CC,24,28.83,共有部分,鋼筋混凝土造,86年7月18日,七層,
RPOOMLOKRHGGFCA67CC,41,277.97,住家用,鋼筋混凝土造,69年6月12日,十三層,
RPPQMLOKRHGGFBA87CC,,25.56,,加強磚造,,四層,
RPUOMLOKRHGGFCA28CC,6,47.81,住家用,鋼筋混凝土造,104年5月22日,十層,
RPUOMLOKRHGGFCA28CC,6,30.40,本共有部分之項目有管委會使用空間、儲藏室、行動不便者昇降機１５人份、（甲梯）室內安全梯、昇降機１５人份、宅配室、梯廳、警衛室、自行車停車空間、（乙梯）戶外安全梯、（丙梯）戶外安全梯、男廁、女廁、雨遮、消防水箱、機電設備空間、水箱、機房、機電設備空間（發電機室）、垃圾車暫停區、機電設備空間（污物處理室）、受電箱、電錶箱、台電配電室、機電設備空間（電信室）、機電設備空間（排風機房）、機車位、消防水池、消防機房等２９項。,鋼筋混凝土造,104年5月22日,十層,
RPUOMLOKRHGGFCA28CC,6,47.15,本共有部分之項目有汽車坡道、停車空間、防空避難室兼停車空間等３項。,鋼筋混凝土造,104年5月22日,十層,
RPXOMLOKRHGGFCA58CC,18,239.69,工業用,鋼筋混凝土造,92年8月21日,十三層,
RPXOMLOKRHGGFCA58CC,18,9.63,共有部分,鋼筋混凝土造,92年8月21日,十三層,
RPXOMLOKRHGGFCA58CC,18,45.82,共有部分,鋼筋混凝土造,92年8月21日,十三層,
RPXOMLOKRHGGFCA58CC,18,94.71,共有部分,鋼筋混凝土造,92年8月21日,十三層,
RPVNMLOKRHGGFCA28CC,41,151.72,住家用,鋼筋混凝土造,69年8月22日,十二層,
RPVNMLOKRHGGFCA28CC,41,34.97,共有部分,鋼筋混凝土造,69年8月22日,十二層,
RPSPMLOKRHGGFCA18CC,10,40.50,住家用,鋼筋混凝土造,101年1月9日,九層,
RPSPMLOKRHGGFCA18CC,10,13.55,本共有部分之項目有梯廳、客梯、管理員室、乙梯、丙梯、機車升降機、汽車升降機、陽台、消防水箱、電梯機房、水箱一、水箱二、甲梯、機房（供電信使用）、台電配電室、儲藏室、防空避難室兼停車空間、停車空間、緊急發電機室及消防泵浦室等２０項,鋼筋混凝土造,101年1月9日,九層,
RPSPMLOKRHGGFCA18CC,10,6.69,本共有部分之項目有梯廳、乙梯、丙梯及客梯等４項,鋼筋混凝土造,101年1月9日,九層,
RPWPMLOKRHGGFCA58CC,39,41.42,住家用,鋼筋混凝土造,71年11月27日,十二層,
RPWPMLOKRHGGFCA58CC,39,5.30,住家用,鋼筋混凝土造,71年11月27日,十二層,
RPWPMLOKRHGGFCA58CC,39,10.58,共有部分,鋼筋混凝土造,71年11月27日,十二層,
RPORMLOKRHGGFCA97CC,13,59.79,住家用,鋼筋混凝土造,98年1月20日,七層,
RPORMLOKRHGGFCA97CC,13,33.27,共有部分,鋼筋混凝土造,98年1月20日,七層,
RPPQMLOKRHGGFCA97CC,27,158.79,商業用,鋼筋混凝土造,83年12月5日,五層,
RPRQMLOKRHGGFCA18CC,4,62.28,住家用,鋼筋混凝土造,106年10月2日,十層,
RPRQMLOKRHGGFCA18CC,4,29.86,本共有部分有：管委會使用空間、宅配室、梯廳、行動不便者使用１７人份、甲安全梯、乙安全梯無障礙樓梯、乙安全梯、消防專用屋頂水箱、水箱、電梯機房、污物處理室、進風、發電機房、排風機房、進風機房、機電設備空間、消防幫浦室、設備空間、排風機等１９項。,鋼筋混凝土造,106年10月2日,十層,
RPPRMLOKRHGGFCA08CC,11,46.73,住家用,鋼筋混凝土造,100年1月28日,十四層,
RPPRMLOKRHGGFCA08CC,11,22.05,本共有部分之項目：機車停車空間、安全梯通道、管委會空間、安全梯、排煙室、門廳、戶外安全梯、陽台、走廊、雨遮、電梯機房、消防水箱、水箱、電錶室、售電箱、台電配電室、電梯機坑、梯廳防空避難室兼停車空間、台電專用管道、發電機室、維護空間、電信機房、機房、消防泵浦室、緊急昇降機、昇降機等２６項。,鋼筋混凝土造,100年1月28日,十四層,
RPPRMLOKRHGGFCA08CC,11,.01,本共有部分之項目有：車道、等候空間等２項。,鋼筋混凝土造,100年1月28日,十四層,
RPPNMLPKRHGGFCA77CC,43,81.55,住家用,鋼筋混凝土造,67年3月23日,四層,
RPPOMLPKRHGGFCA87CC,9,42.38,住家用,鋼筋混凝土造,101年10月11日,十一層,
RPWNMLPKRHGGFCA48CC,13,90.64,住家用,鋼筋混凝土造,97年3月14日,十五層,
RPWNMLPKRHGGFCA48CC,13,33.08,共有部分,鋼筋混凝土造,97年3月14日,十五層,
RPWNMLPKRHGGFCA48CC,13,9.28,共有部分,鋼筋混凝土造、鋼骨鋼筋混凝土造,97年3月14日,十五層,
RPUNMLPKRHGGFCA28CC,12,9.31,共有部分,鋼筋混凝土造,98年9月16日,十八層,
RPUNMLPKRHGGFCA28CC,12,9.76,共有部分,鋼筋混凝土造,98年9月16日,十八層,
RPUNMLPKRHGGFCA28CC,12,2.59,共有部分,鋼筋混凝土造,98年9月16日,十八層,
RPUNMLPKRHGGFCA28CC,12,44.96,商業用,鋼筋混凝土造,98年9月16日,十八層,
RPVNMLPKRHGGFCA38CC,4,170.49,住家用,鋼骨造,107年2月23日,二十九層,
RPVNMLPKRHGGFCA38CC,4,135.29,本共有部分之項目有梯廳、供行動不便者使用之電梯、無機房電梯、行動不便廁所、特別安全梯Ａ１、特別安全梯Ａ２、一般安全梯Ａ２、排煙室Ａ、特別安全梯Ｂ１、特別安全梯Ｂ２、一般安全梯Ｂ２、排煙室Ｂ、電力、弱電、消防、給水、進風、排煙、緊急昇降機、緩衝空間、管委會使用空間九、外廊、信箱間、儲藏室、行動不便廁所、無機房電梯、陽台、戶外安全梯Ｅ、管委會使用空間一至七、茶水間、機電設備空間、機電設備〈消防中繼幫浦室〉、男廁、排煙室Ａ１、排煙室Ａ２、排煙室Ｂ１、排煙室Ｂ２、樓梯間、一般安全梯Ｇ、自來水箱、電梯設備空間、消防中繼水箱、一般安全梯Ｈ、發電機、排氣、汽車車道、發電機室、梯間、一般安全梯Ｆ、發電機室、電錶室、台電配電場所、防災中心、撒水、停車空間、防空避難室兼停車空間、機車車道、走道、排氣、排風機電設備空間、泵浦機房、雨水過濾機電設備空間、消防泵浦等６９項。,鋼骨造,107年2月23日,二十九層,
RPVNMLPKRHGGFCA38CC,4,3.59,本共有部分之項目有機車位１項。,鋼骨造,107年2月23日,二十九層,
RPQOMLPKRHGGFCA97CC,41,81.62,住家用,鋼筋混凝土造,69年12月17日,五層,
RPROMLPKRHGGFCA08CC,50,76.47,商業用,鋼筋混凝土造,60年3月24日,四層,
RPSNMLPKRHGGFBA97CC,38,34.38,商業用,鋼筋混凝土造,72年1月31日,十二層,
RPTOMLPKRHGGFCA28CC,51,41.55,住家用,鋼筋混凝土造,59年9月30日,七層,
RPSOMLPKRHGGFCA18CC,40,29.80,住家用,鋼筋混凝土造,70年11月27日,七層,
RPXOMLPKRHGGFBA58CC,20,25.56,見使用執照,鋼筋混凝土造,90年7月5日,十四層,
RPXOMLPKRHGGFBA58CC,20,11.09,見使用執照,鋼筋混凝土造,90年7月5日,十四層,
RPXNMLPKRHGGFBA48CC,21,127.83,見使用執照,鋼筋混凝土造,89年6月14日,八層,
RPXNMLPKRHGGFBA48CC,21,69.05,共有部分,鋼筋混凝土造,89年6月14日,八層,
RPTOMLPKRHGGFBA18CC,43,31.59,見使用執照,鋼筋混凝土造,67年7月18日,十二層,
RPRNMLPKRHGGFFA28CC,20,48.76,住家用,鋼筋混凝土造,90年5月14日,七層,
RPRNMLPKRHGGFFA28CC,20,21.28,共有部分,鋼筋混凝土造,90年5月14日,七層,
RPXOMLPKRHGGFFA98CC,49,85.11,住家用,鋼筋混凝土造,62年1月6日,四層,
RPUOMLPKRHGGFFA68CC,50,85.12,住家用,鋼筋混凝土造,60年6月10日,四層,
RPQPMLNKRHGGFBA77CC,15,23.57,自由職業事務所,鋼筋混凝土造,95年7月4日,十一層,
RPQPMLNKRHGGFBA77CC,15,4.35,共有部分,鋼筋混凝土造,95年7月4日,十一層,
RPQPMLNKRHGGFBA77CC,15,7.33,共有部分,鋼筋混凝土造,95年7月4日,十一層,
RPTPMLNKRHGGFBA08CC,31,18.73,商業用,鋼筋混凝土造,70年2月23日,十一層,
RPTPMLNKRHGGFBA08CC,31,7.48,共有部分,鋼筋混凝土造,70年2月23日,十一層,
RPPNMLPKRHGGFDA87CC,,73.79,住家用,鋼筋混凝土造,,四層,
RPWNMLPKRHGGFDA58CC,32,514.59,工業用,鋼筋混凝土造,78年9月15日,五層,
RPWNMLPKRHGGFDA58CC,32,136.75,見使用執照,鋼筋混凝土造,78年9月15日,十層,
RPTNMLQKRHGGFDA38CC,35,40.06,商業用,鋼筋混凝土造,75年4月17日,六層,
RPTNMLQKRHGGFDA38CC,35,8.90,共有部分,鋼筋混凝土造,75年4月17日,六層,
RPTNMLQKRHGGFDA38CC,35,42.72,見使用執照,鋼筋混凝土造,75年4月17日,六層,
RPOPMLPKRHGGFEA08CC,24,33.25,住家用,鋼筋混凝土造,87年1月5日,十層,
RPOPMLPKRHGGFEA08CC,24,11.46,共有部分,鋼筋混凝土造,87年1月5日,十層,
RPUOMLPKRHGGFEA58CC,46,102.92,住家用,鋼筋混凝土造,64年8月1日,四層,
RPQNMLPKRHGGFEA08CC,41,109.01,住家用,鋼筋混凝土造,70年2月4日,五層,
RPXOMLPKRHGGFEA88CC,55,460.35,住家用,鋼筋混凝土造,55年6月1日,二層,
RPXNMLQKRHGGFDA78CC,28,166.54,住家用,鋼骨鋼筋混凝土造,82年5月14日,十七層,
RPXNMLQKRHGGFDA78CC,28,41.78,共有部分,鋼骨鋼筋混凝土造,82年5月14日,十七層,
RPWNMLQKRHGGFDA68CC,12,7345.41,一般旅館業（Ｂ４）（附屬一般零售業甲組及餐廳、附屬機房及辦公室）、樓梯間、機械室,鋼筋混凝土造,98年12月21日,五層,
RPWNMLQKRHGGFDA68CC,12,808.52,一般旅館業（Ｂ４）（附屬辦公室及機房）,鋼筋混凝土造,98年12月21日,五層,
RPQNMLQKRHGGFEA18CC,55,147.92,住家用,加強磚造,55年6月18日,,
RPWNMLQKRHGGFEA78CC,14,139.79,一般事務所,鋼骨鋼筋混凝土造,96年10月30日,十四層,
RPROMLNKRHGGFDA08DC,29,62.69,商業用,鋼筋混凝土造,81年10月9日,六層,
RPROMLNKRHGGFDA08DC,29,63.98,見使用執照,鋼筋混凝土造,81年10月9日,六層,
RPTOMLNKRHGGFDA28DC,28,179.87,商業用,鋼骨混凝土造,82年5月24日,三十層,
RPXNMLNKRHGGFDA58DC,25,30.44,商業用,鋼骨混凝土造,85年3月20日,二十層,
RPXNMLNKRHGGFDA58DC,25,11.52,共有部分,鋼骨混凝土造,85年3月20日,二十層,
RPXNMLNKRHGGFDA58DC,25,4.72,共有部分,鋼骨混凝土造,85年3月20日,二十層,
RPXOMLQKRHGGFAA58CC,39,69.93,見使用執照,鋼筋混凝土造,71年9月29日,八層,
RPXOMLQKRHGGFAA58CC,39,9.83,共有部分,鋼筋混凝土造,71年9月29日,八層,
RPPOMLQKRHGGFAA77CC,20,28.03,住家用,鋼筋混凝土造,90年11月19日,十三層,
RPPOMLQKRHGGFAA77CC,20,10.12,共有部分,鋼筋混凝土造,90年11月19日,十三層,
RPQOMLQKRHGGFAA87CC,16,99.45,一般零售業（餐廳）,鋼筋混凝土造,94年12月29日,十五層,
RPQOMLQKRHGGFAA87CC,16,109.34,一般事務所,鋼筋混凝土造,94年12月29日,十五層,
RPQOMLQKRHGGFAA87CC,16,95.80,一般事務所,鋼筋混凝土造,94年12月29日,十五層,
RPQOMLQKRHGGFAA87CC,16,110.83,共有部分,鋼筋混凝土造,94年12月29日,十五層,
RPQOMLQKRHGGFAA87CC,16,37.15,共有部分,鋼筋混凝土造,94年12月29日,十五層,
RPOOMLQKRHGGFEA08CC,53,118.80,住家用,加強磚造,57年10月30日,二層,
RPOPMLQKRHGGFDA08CC,32,105.07,商業用,鋼筋混凝土造,79年1月19日,十二層,
RPOPMLQKRHGGFDA08CC,32,32.68,共有部分,鋼筋混凝土造,79年1月19日,十二層,
RPPPMLQKRHGGFDA18CC,38,202.62,商業用,鋼筋混凝土造,72年12月21日,十二層,
RPPPMLQKRHGGFDA18CC,38,58.84,共有部分,鋼筋混凝土造,72年12月21日,十二層,
RPQPMLQKRHGGFDA28CC,40,47.35,商業用,鋼筋混凝土造,70年12月18日,十二層,
RPQPMLQKRHGGFDA28CC,40,12.80,共有部分,鋼筋混凝土造,70年12月18日,十二層,
RPTOMLQKRHGGFBA28CC,,35.84,,加強磚造,,三層,
RPQOMLQKRHGGFDA18CC,12,104.28,住家用,鋼筋混凝土造,98年5月14日,七層,
RPQOMLQKRHGGFDA18CC,12,25.15,共有部分,鋼筋混凝土造,98年5月14日,七層,
RPQOMLQKRHGGFDA18CC,12,22.69,共有部分,鋼筋混凝土造,98年5月14日,七層,
RPQOMLQKRHGGFDA18CC,12,41.77,共有部分,鋼筋混凝土造,98年5月14日,七層,
RPSPMLQKRHGGFAA18CC,,35.83,商業用,鋼筋混凝土造,,十一層,
RPSPMLQKRHGGFAA18CC,,4.83,共有部分,鋼筋混凝土造,,十一層,
RPUNMLQKRHGGFAA18CC,4,725.64,一般零售業甲組,鋼骨造,106年6月2日,十八層,
RPPPMLQKRHGGFAA87CC,41,143.51,見使用執照,鋼筋混凝土造,70年2月16日,七層,
RPUNMLQKRHGGFAA18CC,4,423.93,共有部分，本共有部分之項目有梯廳兼排煙室、緊急昇降機、行動不便者電梯、管道間、Ｂ棟Ａ梯特別安全梯、Ｂ棟Ｂ梯特別安全梯、排煙室、Ａ棟Ｃ梯特別安全梯、門廳、警衛室、儲藏室、高層建築防災中心、服務管理台、Ａ棟Ａ梯特別安全梯、Ａ棟Ｂ梯特別安全梯、機械進風、機械排風、陽台、走廊、男廁、女廁、茶水間、Ｂ棟電錶室、管委會使用空間、消防中繼水箱、機房、Ａ棟錶室、機電設備空間、住戶交誼空間、中繼水箱機房（消防）、管道室、電梯廳兼排煙室、消防給水弱電、昇降機坑、防空避難室兼停車空間、排氣管道間、進氣管道間、排氣機房、排氣管道、進氣機房、進氣管道、臺電配電場所、機車停車空間、梯廳、電錶區、受電箱區、油槽室、緊急發電機室、電信室、垃圾暫存空間、行動不便者、Ｂ棟梯廳、過濾機房、Ｂ棟水池、Ａ棟水池、消防泵浦室、消防蓄水池、昇降機房、屋頂水箱等５９項。,鋼骨造,106年6月2日,十八層,
RPPPMLQKRHGGFAA87CC,41,9.15,共有部分,鋼筋混凝土造,70年2月16日,七層,
RPUNMLQKRHGGFAA18CC,4,309.13,共有部分，本共有部分之項目有商場出入口、門廳、電扶梯Ａ．Ｂ．Ｃ．Ｄ、商場自來水箱、油脂機房、梯廳、冷棟機房、商場水池、商場自來水蓄水池等９項。,鋼骨造,106年6月2日,十八層,
RPPPMLQKRHGGFAA87CC,41,29.30,共有部分,鋼筋混凝土造,70年2月16日,七層,
RPPPMLQKRHGGFAA87CC,41,3.05,共有部分,鋼筋混凝土造,70年2月16日,七層,
RPPPMLQKRHGGFAA87CC,41,136.95,見使用執照,鋼筋混凝土造,70年2月16日,七層,
RPPPMLQKRHGGFAA87CC,41,8.73,共有部分,鋼筋混凝土造,70年2月16日,七層,
RPPPMLQKRHGGFAA87CC,41,27.98,共有部分,鋼筋混凝土造,70年2月16日,七層,
RPPPMLQKRHGGFAA87CC,41,2.94,共有部分,鋼筋混凝土造,70年2月16日,七層,
RPPPMLQKRHGGFAA87CC,41,138.61,見使用執照,鋼筋混凝土造,70年2月16日,七層,
RPPPMLQKRHGGFAA87CC,41,8.84,共有部分,鋼筋混凝土造,70年2月16日,七層,
RPPPMLQKRHGGFAA87CC,41,28.22,共有部分,鋼筋混凝土造,70年2月16日,七層,
RPPPMLQKRHGGFAA87CC,41,3.02,共有部分,鋼筋混凝土造,70年2月16日,七層,
RPPPMLQKRHGGFAA87CC,41,138.61,見使用執照,鋼筋混凝土造,70年2月16日,七層,
RPPPMLQKRHGGFAA87CC,41,8.84,共有部分,鋼筋混凝土造,70年2月16日,七層,
RPPPMLQKRHGGFAA87CC,41,28.22,共有部分,鋼筋混凝土造,70年2月16日,七層,
RPPPMLQKRHGGFAA87CC,41,2.98,共有部分,鋼筋混凝土造,70年2月16日,七層,
RPTOMLPKRHGGFAA08CC,41,143.51,見使用執照,鋼筋混凝土造,70年2月16日,七層,
RPTOMLPKRHGGFAA08CC,41,9.15,共有部分,鋼筋混凝土造,70年2月16日,七層,
RPTOMLPKRHGGFAA08CC,41,29.30,共有部分,鋼筋混凝土造,70年2月16日,七層,
RPTOMLPKRHGGFAA08CC,41,3.05,共有部分,鋼筋混凝土造,70年2月16日,七層,
RPTOMLPKRHGGFAA08CC,41,136.95,見使用執照,鋼筋混凝土造,70年2月16日,七層,
RPTOMLPKRHGGFAA08CC,41,136.95,見使用執照,鋼筋混凝土造,70年2月16日,七層,
RPTOMLPKRHGGFAA08CC,41,8.73,共有部分,鋼筋混凝土造,70年2月16日,七層,
RPTOMLPKRHGGFAA08CC,41,27.98,共有部分,鋼筋混凝土造,70年2月16日,七層,
RPTOMLPKRHGGFAA08CC,41,2.94,共有部分,鋼筋混凝土造,70年2月16日,七層,
RPTOMLPKRHGGFAA08CC,41,138.61,見使用執照,鋼筋混凝土造,70年2月16日,七層,
RPTOMLPKRHGGFAA08CC,41,8.84,共有部分,鋼筋混凝土造,70年2月16日,七層,
RPTOMLPKRHGGFAA08CC,41,28.22,共有部分,鋼筋混凝土造,70年2月16日,七層,
RPTOMLPKRHGGFAA08CC,41,3.02,共有部分,鋼筋混凝土造,70年2月16日,七層,
RPTOMLPKRHGGFAA08CC,41,138.61,見使用執照,鋼筋混凝土造,70年2月16日,七層,
RPTOMLPKRHGGFAA08CC,41,8.84,共有部分,鋼筋混凝土造,70年2月16日,七層,
RPTOMLPKRHGGFAA08CC,41,28.22,共有部分,鋼筋混凝土造,70年2月16日,七層,
RPTOMLPKRHGGFAA08CC,41,2.98,共有部分,鋼筋混凝土造,70年2月16日,七層,
RPXOMLQKRHGGFCA78CC,39,86.87,住商用,鋼筋混凝土造,71年5月1日,五層,
RPXOMLQKRHGGFCA78CC,39,12.82,住商用,鋼筋混凝土造,71年5月1日,五層,
RPXOMLQKRHGGFCA78CC,39,5.82,共有部分,鋼筋混凝土造,71年5月1日,五層,
RPXNMLQKRHGGFCA68CC,24,34.03,住家用,鋼筋混凝土造,86年5月14日,十一層,
RPXNMLQKRHGGFCA68CC,24,9.22,共有部分,鋼筋混凝土造,86年5月14日,十一層,
RPWNMLRKRHGGFCA68CC,47,21.49,住家用,鋼筋混凝土造,63年7月26日,四層,
RPVNMLRKRHGGFCA58CC,,20.19,,加強磚造,,三層,
RPTPMLQKRHGGFCA48CC,43,122.03,住家用,鋼筋混凝土造,67年9月29日,七層,
RPTPMLQKRHGGFCA48CC,43,.00,共有部分,鋼筋混凝土造,67年9月29日,七層,
RPUNMLRKRHGGFCA48CC,,19.53,住家用,加強磚造,,三層,
RPSNMLRKRHGGFCA28CC,44,18.54,住家用,鋼筋混凝土造,66年12月19日,五層,
RPTNMLRKRHGGFCA38CC,54,40.52,住家用,加強磚造,56年10月30日,四層,
RPQPMLQKRHGGFCA18CC,54,126.00,住家用,鋼筋混凝土造,56年3月24日,十層,
RPQPMLQKRHGGFCA18CC,54,49.00,住家用,鋼筋混凝土造,56年3月24日,十層,
RPUOMLRKRHGGFCA58CC,22,43.09,商業用,鋼筋混凝土造,88年9月28日,十二層,
RPUOMLRKRHGGFCA58CC,22,21.43,共有部分,鋼筋混凝土造,88年9月28日,十二層,
RPUOMLQKRHGGFCA48CC,38,58.10,商業用,鋼筋混凝土造,72年6月13日,五層,
RPUOMLQKRHGGFCA48CC,38,14.88,商業用,鋼筋混凝土造,72年6月13日,五層,
RPUOMLQKRHGGFCA48CC,38,5.61,商業用,鋼筋混凝土造,72年6月13日,五層,
RPUOMLQKRHGGFCA48CC,38,12.41,共有部分,鋼筋混凝土造,72年6月13日,五層,
RPTNMLRKRHGGFBA28CC,,101.08,,加強磚造,,四層,
RPOOMLRKRHGGFCA97CC,28,30.89,住家用,鋼筋混凝土造,82年12月13日,十二層,
RPOOMLRKRHGGFCA97CC,28,6.50,共有部分,鋼筋混凝土造,82年12月13日,十二層,
RPOOMLRKRHGGFBA87CC,12,55.52,住家用,鋼骨造,98年7月24日,十八層,
RPOOMLRKRHGGFBA87CC,12,16.60,共有部分,鋼骨造,98年7月24日,十八層,
RPOOMLRKRHGGFBA87CC,12,.12,共有部分,鋼骨造,98年7月24日,十八層,
RPPOMLRKRHGGFCA08CC,31,31.47,住家用,鋼筋混凝土造,79年9月21日,五層,
RPPOMLRKRHGGFCA08CC,31,11.29,共有部分,鋼筋混凝土造,79年9月21日,五層,
RPOQMLRKRHGGFCA18CC,,23.31,,加強磚造,,四層,
RPPOMLRKRHGGFBA97CC,12,53.34,住家用,鋼骨造,98年7月24日,十八層,
RPPOMLRKRHGGFBA97CC,12,15.89,共有部分,鋼骨造,98年7月24日,十八層,
RPPOMLRKRHGGFBA97CC,12,.11,共有部分,鋼骨造,98年7月24日,十八層,
RPPOMLRKRHGGFBA97CC,12,7.76,共有部分,鋼骨造,98年7月24日,十八層,
RPXOMLRKRHGGFBA78CC,44,83.66,住家用,鋼筋混凝土造,66年9月5日,五層,
RPUPMLRKRHGGFCA68CC,24,36.35,停車空間,鋼筋混凝土造,87年1月22日,九層,
RPUPMLRKRHGGFCA68CC,24,119.22,住家用,鋼筋混凝土造,87年1月22日,六層,
RPSOMLRKRHGGFBA28CC,6,58.84,住家用,鋼筋混凝土造,104年10月16日,十五層,
RPSOMLRKRHGGFBA28CC,6,11.03,本共有部分之項目有梯廳、電信機房、外廊、管委會空間、走道、無障礙升降機、緊急升降機、Ａ樓梯（特別安全梯）、Ｃ樓梯（安全梯）、排煙室、台電配電室、防空避難空間兼停車空間、排風機房、發電機室、受電箱、機房、進風機房、消防機械室、Ａ水箱、Ｂ水箱、排煙管道及進風管道等２２項。,鋼筋混凝土造,104年10月16日,十五層,
RPSOMLRKRHGGFBA28CC,6,2.52,本共有部分之項目有梯廳、無障礙升降機、緊急升降機、排煙管道、進風管道、Ａ樓梯（特別安全梯）、Ｂ樓梯（特別安全梯）、排煙室、機房、水箱、水錶室、消防水箱、電梯機房、排煙及儲藏室等１５項。,鋼筋混凝土造,104年10月16日,十五層,
RPSOMLRKRHGGFBA28CC,6,11.52,本共有部分之項目有梯廳、排煙室、緊急升降機、無障礙升降機、排煙管道、進風管道、Ａ樓梯（特別安全梯）及Ｂ樓梯（特別安全梯）等８項。,鋼筋混凝土造,104年10月16日,十五層,
RPSOMLRKRHGGFBA28CC,6,.57,本共有部分之項目有車道、排氣管道、進風及防空避難空間兼停車空間等４項。,鋼筋混凝土造,104年10月16日,十五層,
RPTNMLRKRHGGFEA58CC,39,21.03,住家用,鋼筋混凝土造,71年12月27日,五層,
RPTNMLRKRHGGFEA58CC,39,.58,共有部分,鋼筋混凝土造,71年12月27日,五層,
RPVPMLRKRHGGFCA78CC,40,25.46,住家用,鋼筋混凝土造,70年5月4日,十二層,
RPVPMLRKRHGGFCA78CC,40,7.50,共有部分,鋼筋混凝土造,70年5月4日,十二層,
RPTPMLRKRHGGFEA78CC,44,20.89,住家用,鋼筋混凝土造,66年4月16日,六層,
RPTPMLRKRHGGFEA78CC,44,3.82,共有部分,鋼筋混凝土造,66年4月16日,六層,
RPQOMLRKRHGGFBA08CC,10,58.72,一般事務所,鋼筋混凝土造,100年12月5日,十五層,
RPQOMLRKRHGGFBA08CC,10,29.94,本共有部分之項目有，梯廳，管理員室，騎樓，機車升降機，行動不便者電梯，緊急升降機，陽台，排煙室（梯廳），樓梯，樓梯甲，樓梯乙，發電機房，防空避難室兼停車空間，停車空間，台電受電室，電表箱，發電機房，停車空間，蓄水池，消防幫浦室，電信室，機房，水箱，電梯機房，等２４項。,鋼筋混凝土造,100年12月5日,十五層,
RPRNMLRKRHGGFEA38CC,39,89.73,住家用,鋼筋混凝土造,71年12月27日,五層,
RPRNMLRKRHGGFEA38CC,39,2.26,共有部分,鋼筋混凝土造,71年12月27日,五層,
RPUNMLRKRHGGFFA78CC,33,20.00,住家用,鋼筋混凝土造,77年12月23日,五層,
RPUNMLRKRHGGFFA78CC,33,9.68,共有部分,鋼筋混凝土造,77年12月23日,五層,
RPXNMLRKRHGGFDA88CC,47,82.43,住家用,鋼筋混凝土造,63年6月14日,四層,
RPRNMLRKRHGGFFA48CC,23,66.66,住家用,鋼筋混凝土造,87年12月1日,十四層,
RPRNMLRKRHGGFFA48CC,23,23.04,共有部分,鋼筋混凝土造,87年12月1日,十四層,
RPWNMLRKRHGGFFA98CC,1,107.84,一般事務所,鋼骨鋼筋混凝土造,109年9月9日,二十三層,
RPWNMLRKRHGGFFA98CC,1,85.33,本共有部分之項目有梯廳、安全梯、緊急昇降機、排煙室、緩衝空間、特別安全梯、管委會使用空間、防災中心、昇降機、停車場排風、騎樓、儲藏室、空調機房、發電機室排風管道、發電機室進風管道、車道、機電管道、機電管道間、女廁、男廁、雨遮、機房、電梯機房、緊急升降機機房、機車停車空間、防空避難室兼停車空間、排風機房、電錶、受電箱、機電設備空間（污物處理設備空間）、電錶間、機電設備空間（台電配電場所）、發電機室、停車空間、機電設備空間、（消防中繼機房）機電設備空間、設備機房、電信機房、水箱機房、ＦＲＰ水箱（二）、消防泵浦室機房、雨水處理機房、機電用管道間、噴灌設備空間、門廳、陽臺等４６項,鋼骨鋼筋混凝土造,109年9月9日,二十三層,
RPWNMLRKRHGGFFA98CC,1,2.08,本共有部分之項目有茶水間、供行動不便廁所、女廁、男廁等４項,鋼骨鋼筋混凝土造,109年9月9日,二十三層,
RPTNMLRKRHGGFFA68CC,32,116.76,見使用執照,鋼筋混凝土造,78年10月12日,十二層,
RPTNMLRKRHGGFFA68CC,32,29.42,共有部分,鋼筋混凝土造,78年10月12日,十二層,
RPPNMLSKRHGGFCA08CC,35,128.13,商業用,鋼筋混凝土造,76年2月4日,十二層,
RPPNMLSKRHGGFCA08CC,35,115.71,商業用,鋼筋混凝土造,76年2月4日,十二層,
RPQNMLSKRHGGFDA38DC,47,84.34,住家用,鋼筋混凝土造,63年12月5日,四層,
RPPNMLKLRHGGFCA37CC,51,82.26,住家用,鋼筋混凝土造,59年8月22日,四層,
RPPNMLTKRHGGFCA18CC,54,87.67,住家用,加強磚造,56年4月8日,四層,
RPXOMLRKRHGGFDA98CC,37,63.75,住家用,鋼筋混凝土造,73年9月15日,十五層,
RPQPMLRKRHGGFDA38CC,37,89.80,住家用,混凝土造,73年10月29日,五層,
RPPNMLTKRHGGFDA28CC,49,16.53,住家用,鋼筋混凝土造,61年6月29日,四層,
RPQPMLRKRHGGFDA38CC,37,10.79,共有部分,鋼筋混凝土造,73年10月29日,五層,
