﻿編號,土地位置,土地移轉面積(平方公尺),使用分區或編定,權利人持分分母,權利人持分分子,移轉情形,地號
The serial number, land position,land shifting area square meter,the use zoning or compiles and checks,,,,land parcel
RPOOMLTLRHGGFDC48DA,五堵段五堵北小段,48.38,都市：其他:住宅區,8,1,持分移轉,10100000
RPROMLTLRHGGFDC78DA,八堵段八堵北小段,1.48,都市：其他:保護區,63,3,持分移轉,01190008
RPROMLTLRHGGFDC78DA,八堵段八堵北小段,.10,都市：其他:保護區,63,3,持分移轉,01190010
RPROMLTLRHGGFDC78DA,八堵段八堵北小段,121.84,都市：其他:住宅區,3000,1498,持分移轉,03250000
RPOQMLKMRHGGFDC87DA,武嶺段,.05,都市：其他:道路用地,200000,280,持分移轉,04930000
RPOQMLKMRHGGFDC87DA,武嶺段,.07,都市：其他:道路用地,200000,280,持分移轉,04940000
RPOQMLKMRHGGFDC87DA,武嶺段,5.52,都市：其他:住宅區(住一),200000,280,持分移轉,04950000
RPOQMLKMRHGGFDC87DA,武嶺段,.06,都市：其他:道路用地,200000,280,持分移轉,04950001
RPOQMLKMRHGGFDC87DA,武嶺段,.13,都市：其他:住宅區(住一),200000,280,持分移轉,04960000
RPOQMLKMRHGGFDC87DA,武嶺段,2.54,都市：其他:住宅區(住一),200000,280,持分移轉,04970000
RPOQMLKMRHGGFDC87DA,武嶺段,.01,都市：其他:道路用地,200000,280,持分移轉,04980000
RPOQMLKMRHGGFDC87DA,武嶺段,5.84,都市：其他:住宅區(住一),200000,280,持分移轉,04990000
RPOQMLKMRHGGFDC87DA,武嶺段,.13,都市：其他:道路用地,200000,280,持分移轉,04990001
RPOQMLKMRHGGFDC87DA,武嶺段,.05,都市：其他:道路用地,200000,280,持分移轉,05000000
RPOQMLKMRHGGFDC87DA,武嶺段,.23,都市：其他:道路用地,200000,280,持分移轉,05010000
RPOQMLKMRHGGFDC87DA,武嶺段,.02,都市：其他:住宅區(住一),200000,280,持分移轉,05010001
RPOQMLKMRHGGFDC87DA,武嶺段,.13,都市：其他:道路用地,200000,280,持分移轉,05020000
RPOQMLKMRHGGFDC87DA,武嶺段,.02,都市：其他:道路用地,200000,280,持分移轉,05020001
RPOQMLKMRHGGFDC87DA,武嶺段,.03,都市：其他:住宅區(住一),200000,280,持分移轉,05060000
RPOQMLKMRHGGFDC87DA,武嶺段,.00,都市：其他:住宅區(住一),200000,280,持分移轉,05060001
RPOQMLKMRHGGFDC87DA,武嶺段,1.26,都市：其他:住宅區(住一),200000,280,持分移轉,05100000
RPOQMLKMRHGGFDC87DA,武嶺段,.09,都市：其他:住宅區(住一),200000,280,持分移轉,05110000
RPOQMLKMRHGGFDC87DA,武嶺段,8.29,都市：其他:住宅區(住一),200000,280,持分移轉,05120000
RPOQMLKMRHGGFDC87DA,武嶺段,.00,都市：其他:道路用地,200000,280,持分移轉,05120001
RPOQMLKMRHGGFDC87DA,武嶺段,1.87,都市：其他:住宅區(住一),200000,280,持分移轉,05130000
RPOQMLKMRHGGFDC87DA,武嶺段,.02,都市：其他:住宅區(住一),200000,280,持分移轉,05140000
RPOQMLKMRHGGFDC87DA,武嶺段,.07,都市：其他:住宅區(住一),200000,280,持分移轉,05150000
RPOQMLKMRHGGFDC87DA,武嶺段,.03,都市：其他:住宅區(住一),200000,280,持分移轉,05160000
RPOQMLKMRHGGFDC87DA,武嶺段,2.85,都市：其他:住宅區(住一),200000,280,持分移轉,05170000
RPOQMLKMRHGGFDC87DA,武嶺段,.06,都市：其他:住宅區(住一),200000,280,持分移轉,05190000
RPOQMLKMRHGGFDC87DA,武嶺段,.03,都市：其他:住宅區(住一),200000,280,持分移轉,05240000
RPOQMLKMRHGGFDC87DA,武嶺段,.02,都市：其他:住宅區(住一),200000,280,持分移轉,05250000
RPOQMLKMRHGGFDC87DA,武嶺段,.04,都市：其他:住宅區(住一),200000,280,持分移轉,05270000
RPOQMLKMRHGGFDC87DA,武嶺段,.02,都市：其他:住宅區(住一),200000,280,持分移轉,05280000
RPOQMLKMRHGGFDC87DA,武嶺段,.09,都市：其他:道路用地,200000,280,持分移轉,05280001
RPOQMLKMRHGGFDC87DA,武嶺段,.06,都市：其他:住宅區(住一),200000,280,持分移轉,05290000
RPOQMLKMRHGGFDC87DA,武嶺段,.00,都市：其他:道路用地,200000,280,持分移轉,05290001
RPWOMLPJIIGGFDC87DA,八德段,4.03,都市：其他:道路用地,36,1,持分移轉,05100000
RPWOMLPJIIGGFDC87DA,八德段,3.97,都市：其他:綠地用地,36,1,持分移轉,05100001
RPWOMLPJIIGGFDC87DA,八德段,.28,都市：其他:綠地用地,36,1,持分移轉,05100002
RPWOMLPJIIGGFDC87DA,八德段,28.89,都市：其他:住宅區(住二),36,1,持分移轉,05110000
RPXNMLOJIIGGFDC77DA,武嶺段,32.76,都市：其他:住宅區(住一),100000,466,持分移轉,05690000
RPVNMLOJIIGGFDC57DA,德安段,90.09,都市：其他:住宅區(住二),10000,176,持分移轉,12040000
RPVNMLOJIIGGFDC57DA,德安段,2.94,都市：其他:保護區,10000,176,持分移轉,12040001
RPVNMLOJIIGGFDC57DA,德安段,1.33,都市：其他:住宅區(住二),10000,176,持分移轉,12200000
RPVNMLOJIIGGFDC57DA,德安段,.22,都市：其他:商業區,10000,1,持分移轉,12490000
RPVNMLOJIIGGFDC57DA,德安段,.44,都市：其他:住宅區(住二),10000,1,持分移轉,12500000
RPUNMLQJIIGGFDC67DA,湖海段,18.38,都市：其他:住宅區,15,1,持分移轉,02990000
RPUNMLQJIIGGFDC67DA,湖海段,17.59,都市：其他:住宅區,15,1,持分移轉,03060000
RPUNMLQJIIGGFDC67DA,湖海段,23.98,都市：其他:住宅區,15,1,持分移轉,03150000
RPUNMLQJIIGGFDC67DA,湖海段,16.11,都市：其他:住宅區,15,1,持分移轉,03190000
RPUNMLQJIIGGFDC67DA,湖海段,38.12,都市：其他:住宅區,15,1,持分移轉,03290000
RPXNMLQJIIGGFDC97DA,麥金段,21.53,都市：其他:住宅區(住二),100000,197,持分移轉,07510000
RPXNMLQJIIGGFDC97DA,麥金段,.22,都市：其他:保護區,100000,197,持分移轉,07510001
RPSPMLPKRHGGFDC48DA,新中山段,18.19,都市：其他:商業區,100000,3621,持分移轉,05770000
RPRPMLOJIIGGFDC37DA,湖海段,91.88,都市：其他:住宅區,10000,560,持分移轉,06380000
RPWOMLRJIIGGFDC08DA,田寮段,19.60,都市：其他:商業區,5,1,持分移轉,04630000
RPWOMLRJIIGGFDC08DA,田寮段,.20,都市：其他:商業區,5,1,持分移轉,04640001
RPUOMLNKRHGGFDC38DA,新中山段,15.40,都市：其他:商業區,10,2,持分移轉,03590000
RPTPMLSLRHGGFDC98DA,成功段,.76,都市：其他:商業區,100000,85,持分移轉,10940000
RPOOMLNKIIGGFDC07EA,麥金段,14.74,都市：其他:住宅區(住二),100000,64,持分移轉,05350000
RPTPMLSLRHGGFDC98DA,成功段,.00,都市：其他:道路用地,100000,85,持分移轉,10940012
RPTPMLSLRHGGFDC98DA,成功段,.00,都市：其他:道路用地,100000,85,持分移轉,10940029
RPOOMLNKIIGGFDC07EA,麥金段,.56,都市：其他:住宅區(住一),100000,64,持分移轉,05350001
RPTPMLSLRHGGFDC98DA,成功段,1.33,都市：其他:住宅區,100000,85,持分移轉,10940031
RPOOMLNKIIGGFDC07EA,麥金段,.33,都市：其他:住宅區(住一),100000,64,持分移轉,05350002
RPTPMLSLRHGGFDC98DA,成功段,1.53,都市：其他:住宅區,100000,85,持分移轉,11780000
RPTPMLSLRHGGFDC98DA,成功段,18.13,都市：其他:住宅區,100000,85,持分移轉,11790000
RPOOMLNKIIGGFDC07EA,麥金段,.30,都市：其他:市場用地,100000,64,持分移轉,05350003
RPTPMLSLRHGGFDC98DA,成功段,.03,都市：其他:道路用地,100000,85,持分移轉,11790008
RPTPMLSLRHGGFDC98DA,成功段,1.64,都市：其他:住宅區,100000,85,持分移轉,19640000
RPOOMLNKIIGGFDC07EA,麥金段,.03,都市：其他:住宅區(住一),100000,64,持分移轉,05350004
RPOOMLNKIIGGFDC07EA,麥金段,.02,都市：其他:住宅區(住一),100000,64,持分移轉,05350005
RPOOMLNKIIGGFDC07EA,麥金段,.00,都市：其他:住宅區(住二),100000,64,持分移轉,05350006
RPOOMLNKIIGGFDC07EA,麥金段,.00,都市：其他:住宅區(住一),100000,64,持分移轉,05350007
RPOOMLQJIIGGFDC17DA,麥金段,17.02,都市：其他:住宅區(住二),100000,117,持分移轉,06130000
RPOOMLQJIIGGFDC17DA,麥金段,.49,都市：其他:保護區,100000,117,持分移轉,06130001
RPPOMLRJRHGGFDC18DA,安國段,48.90,都市：其他:住宅區,20,1,持分移轉,00010025
RPTOMLOJIIGGFDC47DA,源遠段,4.57,都市：其他:住宅區(住一),100000,115,持分移轉,12700002
RPTOMLOJIIGGFDC47DA,源遠段,1.32,都市：其他:住宅區(住一),47,1,持分移轉,12710001
RPXNMLRJIIGGFDC08DA,光明段,40.59,都市：其他:住宅區,10000,32,持分移轉,00730000
RPXNMLRJIIGGFDC08DA,光明段,.04,都市：其他:機關用地,10000,32,持分移轉,00730001
RPXNMLRJIIGGFDC08DA,光明段,.22,都市：其他:機關用地,10000,32,持分移轉,00730002
RPXNMLRJIIGGFDC08DA,光明段,.05,都市：其他:機關用地,10000,32,持分移轉,00730003
RPXNMLRJIIGGFDC08DA,光明段,.10,都市：其他:道路用地,10000,32,持分移轉,00730004
RPVOMLQJIIGGFDC87DA,港濱段,21.17,都市：其他:住宅區(住一),12,1,持分移轉,10220000
RPXNMLRJIIGGFDC08DA,光明段,.05,都市：其他:機關用地,10000,32,持分移轉,00730005
RPVOMLQJIIGGFDC87DA,港濱段,15.12,都市：其他:住宅區(住一),8,1,持分移轉,10230000
RPPOMLRJIIGGFDC37DA,港濱段,46.62,都市：其他:住宅區(住一),8,1,持分移轉,10660000
RPPOMLRJIIGGFDC37DA,港濱段,4.12,都市：其他:住宅區(住一),8,1,持分移轉,10670000
RPPPMLSJIIGGFDC57DA,忠義段六小段,19.00,都市：其他:住宅區,8,1,持分移轉,00310003
RPPPMLSJIIGGFDC57DA,忠義段六小段,2.50,都市：其他:道路用地,8,1,持分移轉,00310088
RPUNMLSJIIGGFDC87DA,德厚段,23.86,都市：其他:住宅區(住三),10000,53,持分移轉,07450000
RPUNMLSJIIGGFDC87DA,德厚段,.03,都市：其他:道路用地,10000,53,持分移轉,07450012
RPVPMLSJRHGGFDC98DA,長潭段,61.95,都市：其他:住宅區(住二),100000,7648,持分移轉,09750005
RPTOMLTLRHGGFDC98DA,調和段,31.72,都市：其他:住宅區(住二),10000,30,持分移轉,04660000
RPTOMLTLRHGGFDC98DA,調和段,.05,都市：其他:道路用地,10000,30,持分移轉,04660001
RPTOMLTLRHGGFDC98DA,調和段,.05,都市：其他:道路用地,10000,30,持分移轉,04660002
RPTOMLTLRHGGFDC98DA,調和段,.05,都市：其他:保護區,10000,30,持分移轉,04660003
RPTQMLMLRHGGFDC48DA,武嶺段,25.55,都市：其他:住宅區(住一),20000,222,持分移轉,00340000
RPTQMLMLRHGGFDC48DA,武嶺段,4.12,都市：其他:水溝用地,20000,222,持分移轉,00340001
RPTQMLMLRHGGFDC48DA,武嶺段,.04,都市：其他:道路用地,20000,222,持分移轉,00340002
RPTQMLMLRHGGFDC48DA,武嶺段,1.07,都市：其他:道路用地,20000,222,持分移轉,00340003
RPUOMLOJIIGGFDC57DA,武嶺段,14.30,都市：其他:住宅區(住三),10000,76,持分移轉,07720000
RPVNMLKKIIGGFDC27DA,港濱段,25.74,都市：其他:商業區(商一),10000,333,持分移轉,11190000
RPWNMLKKIIGGFDC37DA,調和段,26.81,都市：其他:住宅區(住二),10000,21,持分移轉,03840000
RPOPMLLMQHGGFDC77DA,大華段,32.70,都市：其他:住宅區(住三),20,1,持分移轉,06560000
RPTNMLMJIIGGFDC17DA,五堵段五堵北小段,45.66,都市：其他:住宅區,10000,102,持分移轉,07070000
RPRNMLLKIIGGFDC96DA,成功段,36.50,都市：其他:住宅區,2,1,持分移轉,05250000
RPQNMLLKIIGGFDC86DA,日新段四小段,20.20,都市：其他:商業區(商四),10,2,持分移轉,00010016
RPQNMLLKIIGGFDC86DA,日新段四小段,5.80,都市：其他:商業區(商四),10,2,持分移轉,00010017
RPUNMLMKIIGGFDC37DA,長潭段,1.37,都市：其他:住宅區(住二),100000,52,持分移轉,08450000
RPUNMLMKIIGGFDC37DA,長潭段,13.66,都市：其他:住宅區(住二),100000,52,持分移轉,08450003
RPVNMLSJIIGGFDC97DA,過港段,20.80,都市：其他:住宅區,10000,710,持分移轉,04470000
RPVOMLSLRHGGFDC09DA,代天府段,.84,都市：其他:住宅區(住三),3360,1,持分移轉,05990000
RPVOMLSLRHGGFDC09DA,代天府段,26.46,都市：其他:住宅區(住三),10000,48,持分移轉,06040000
RPXOMLSLRHGGFDC66DA,港灣段二小段,15.00,都市：其他:道路用地,1,1,全筆移轉,00210000
RPXOMLSLRHGGFDC66DA,港灣段二小段,15.00,都市：其他:住宅區,1,1,全筆移轉,00210010
RPQNMLMKIIGGFDC07EA,源遠段,3.16,都市：其他:住宅區(住三),300,12,持分移轉,04150000
RPVRMLMKIIGGFDC97EA,深澳段,26.45,都市：其他:住宅區(住四),10000,138,持分移轉,00910000
RPPNMLMKIIGGFDC96EA,源遠段,3.16,都市：其他:住宅區(住三),300,12,持分移轉,04150000
RPPNMLSJIIGGFDC47EA,暖暖段暖暖小段,41.59,都市：其他:住宅區(住三),10000,145,持分移轉,04500000
RPQRMLMKIIGGFDC37DA,光明段,10.57,都市：其他:住宅區,7,1,持分移轉,03550000
RPQRMLMKIIGGFDC37DA,光明段,.14,都市：其他:道路用地,7,1,持分移轉,03550002
RPRRMLMKIIGGFDC47DA,深美段,6.89,都市：其他:住宅區(住四),50000,35,持分移轉,06560000
RPRRMLMKIIGGFDC47DA,深美段,.04,都市：其他:保護區,50000,35,持分移轉,06560001
RPRRMLMKIIGGFDC47DA,深美段,.36,都市：其他:住宅區(住三),50000,35,持分移轉,06560002
RPRRMLMKIIGGFDC47DA,祥豐段,.06,都市：其他:住宅區(住四),50000,35,持分移轉,07050001
RPVNMLMKIIGGFDC47DA,長潭段,2.13,都市：其他:住宅區(住二),100000,81,持分移轉,08450000
RPVNMLMKIIGGFDC47DA,長潭段,21.28,都市：其他:住宅區(住二),100000,81,持分移轉,08450003
RPVOMLMKIIGGFDC57DA,東明段,28.00,都市：其他:住宅區,4,1,持分移轉,06380000
RPQPMLMKIIGGFDC17DA,德安段,87.66,都市：其他:住宅區(住二),10000,117,持分移轉,11710000
RPQPMLMKIIGGFDC17DA,德安段,.03,都市：其他:住宅區(住二),10000,117,持分移轉,11710001
RPQPMLMKIIGGFDC17DA,德安段,.22,都市：其他:商業區,10000,1,持分移轉,12490000
RPQPMLMKIIGGFDC17DA,德安段,.44,都市：其他:住宅區(住二),10000,1,持分移轉,12500000
RPTTMLMKIIGGFDC87DA,源遠段,23.26,都市：其他:住宅區(住二),10000,37,持分移轉,11280002
RPVPMLMKIIGGFDC67DA,溪頭段,7.66,都市：其他:住宅區(住三),100000,344,持分移轉,05070000
RPVPMLMKIIGGFDC67DA,溪頭段,.17,都市：其他:住宅區(住三),100000,344,持分移轉,05070001
RPXOMLMKIIGGFDC77DA,代天府段,.97,都市：其他:住宅區(住三),336000,115,持分移轉,05990000
RPXOMLMKIIGGFDC77DA,代天府段,42.07,都市：其他:住宅區(住二),10000,41,持分移轉,07160000
RPWQMLMKIIGGFDC87DA,大華段,20.00,都市：其他:住宅區(住三),5,1,持分移轉,02710000
RPRNMLMKIIGGFDC17EA,源遠段,19.91,都市：其他:住宅區(住二),10000,20,持分移轉,11280000
RPPQMLMKIIGGFDC17DA,調和段,73.78,都市：其他:住宅區(住二),10000,112,持分移轉,02510000
RPPQMLMKIIGGFDC17DA,調和段,.02,都市：其他:住宅區(住二),10000,112,持分移轉,02510001
RPUOMLPJIIGGFDC67DA,忠義段六小段,23.67,都市：其他:住宅區,3,1,持分移轉,00370039
RPQOMLNLRHGGFDC08DA,新會段,28.88,都市：其他:住宅區(住三),100000,765,持分移轉,05010000
RPSOMLRJIIGGFDC67DA,新城段,.50,都市：其他:道路用地,10000,5,持分移轉,09410000
RPSOMLRJIIGGFDC67DA,新城段,.00,都市：其他:道路用地,10000,5,持分移轉,09610000
RPSOMLRJIIGGFDC67DA,新城段,1.00,都市：其他:住宅區(住二),10000,5,持分移轉,09640000
RPSOMLRJIIGGFDC67DA,新城段,.01,都市：其他:道路用地,10000,5,持分移轉,09640001
RPSOMLRJIIGGFDC67DA,新城段,3.48,都市：其他:住宅區(住二),10000,5,持分移轉,09700000
RPSOMLRJIIGGFDC67DA,新城段,.21,都市：其他:道路用地,10000,5,持分移轉,09700001
RPSOMLRJIIGGFDC67DA,新城段,.02,都市：其他:道路用地,10000,5,持分移轉,09740000
RPSSMLMKIIGGFDC67DA,金華段,68.67,都市：其他:住宅區,10000,225,持分移轉,04670000
RPVNMLQJRHGGFDC58DA,調和段,51.24,都市：其他:住宅區(住一),10000,61,持分移轉,13820008
RPVNMLQJRHGGFDC58DA,調和段,.04,都市：其他:住宅區(住一),10000,1,持分移轉,13820014
RPVNMLQJRHGGFDC58DA,調和段,.66,都市：其他:住宅區(住一),10000,2,持分移轉,13820017
RPVNMLQJRHGGFDC58DA,調和段,.06,都市：其他:住宅區(住一),10000,1,持分移轉,13820024
RPVNMLQJRHGGFDC58DA,調和段,.04,都市：其他:住宅區(住一),10000,1,持分移轉,13820025
RPVNMLQJRHGGFDC58DA,調和段,.20,都市：其他:住宅區(住一),10000,1,持分移轉,13820029
RPUOMLNKIIGGFDC57DA,友蚋段港口小段,.39,非都市：山坡地保育區 ; 非都市編定：丙種建築用地,48600000,2836,持分移轉,01100000
RPUOMLNKIIGGFDC57DA,友蚋段港口小段,108.84,非都市：山坡地保育區 ; 非都市編定：丙種建築用地,100000,792,持分移轉,03840000
RPUPMLNLRHGGFDC58DA,大德段,14.55,都市：其他:住宅區,1700,166,持分移轉,05850000
RPUPMLNLRHGGFDC58DA,大德段,2.05,都市：其他:道路用地,1700,166,持分移轉,05850001
RPPQMLOLRHGGFDC28DA,武嶺段,22.59,都市：其他:住宅區(住三),100000,649,持分移轉,09560000
RPPQMLOLRHGGFDC28DA,武嶺段,.67,都市：其他:住宅區(住三),100000,649,持分移轉,09560001
RPPPMLPJIIGGFDC27DA,代天府段,.84,都市：其他:住宅區(住三),3360,1,持分移轉,05990000
RPPPMLPJIIGGFDC27DA,代天府段,22.87,都市：其他:住宅區,10000,76,持分移轉,06220000
RPPPMLPJIIGGFDC27DA,代天府段,.06,都市：其他:住宅區,10000,76,持分移轉,06220001
RPOPMLRJIIGGFDC37DA,培德段,19.09,都市：其他:住宅區(住三),100000,67,持分移轉,04270000
RPPPMLRJIIGGFDC47DA,培德段,19.09,都市：其他:住宅區(住三),100000,67,持分移轉,04270000
RPQPMLRJIIGGFDC57DA,培德段,19.09,都市：其他:住宅區(住三),100000,67,持分移轉,04270000
RPRPMLRJIIGGFDC67DA,培德段,14.53,都市：其他:住宅區(住三),100000,51,持分移轉,04270000
RPRQMLOLRHGGFDC48DA,德厚段,55.00,都市：其他:住宅區(住一),1,1,全筆移轉,07030000
RPUOMLTJRHGGFDC88DA,代天府段,22.81,都市：其他:住宅區(住三),100000,56,持分移轉,08370000
RPUOMLTJRHGGFDC88DA,代天府段,.14,都市：其他:道路用地,100000,56,持分移轉,08370001
RPUOMLTJRHGGFDC88DA,代天府段,.18,都市：其他:住宅區(住三),100000,56,持分移轉,08370002
RPUOMLTJRHGGFDC88DA,代天府段,.04,都市：其他:保護區,100000,56,持分移轉,08370003
RPUOMLTJRHGGFDC88DA,代天府段,.00,都市：其他:住宅區(住三),100000,56,持分移轉,08370004
RPUOMLTJRHGGFDC88DA,代天府段,.09,都市：其他:住宅區(住三),100000,56,持分移轉,08370005
RPUOMLTJRHGGFDC88DA,代天府段,.06,都市：其他:道路用地,100000,56,持分移轉,08370006
RPSPMLRJIIGGFDC77DA,培德段,27.92,都市：其他:住宅區(住三),100000,98,持分移轉,04270000
RPPOMLNKRHGGFDC87DA,源遠段,61.47,都市：其他:住宅區(住三),100000,442,持分移轉,12400000
RPPOMLNKRHGGFDC87DA,源遠段,.13,都市：其他:道路用地,100000,442,持分移轉,12440000
RPQNMLNKIIGGFDC17EA,調和段,.08,都市：其他:住宅區(住一),10000,2,持分移轉,13820014
RPQNMLNKIIGGFDC17EA,調和段,19.37,都市：其他:住宅區(住一),10000,307,持分移轉,13820015
RPQNMLNKIIGGFDC17EA,調和段,.66,都市：其他:住宅區(住一),10000,2,持分移轉,13820017
RPQNMLNKIIGGFDC17EA,調和段,.12,都市：其他:住宅區(住一),10000,2,持分移轉,13820024
RPQNMLNKIIGGFDC17EA,調和段,.08,都市：其他:住宅區(住一),10000,2,持分移轉,13820025
RPQNMLNKIIGGFDC17EA,調和段,.39,都市：其他:住宅區(住一),10000,2,持分移轉,13820029
RPQNMLNKIIGGFDC17EA,調和段,12.55,都市：其他:住宅區(住一),10000,307,持分移轉,13820030
RPQNMLNKIIGGFDC17EA,調和段,18.87,都市：其他:住宅區(住一),10000,307,持分移轉,13820031
RPPNMLNKIIGGFDC07EA,長潭段,42.00,都市：其他:商業區,1,1,全筆移轉,06080001
RPTNMLNKIIGGFDC47EA,金華段,23.13,都市：其他:住宅區,8261,33,持分移轉,00040000
RPTNMLNKIIGGFDC47EA,金華段,1.66,都市：其他:兒童遊樂場用地,8261,33,持分移轉,00040001
RPTNMLNKIIGGFDC47EA,金華段,2.67,都市：其他:保護區,8261,33,持分移轉,00040002
RPUOMLOLRHGGFDC58DA,長潭段,2.13,都市：其他:住宅區(住二),100000,81,持分移轉,08450000
RPUOMLOLRHGGFDC58DA,長潭段,21.28,都市：其他:住宅區(住二),100000,81,持分移轉,08450003
RPQOMLOKIIGGFDC27DA,調和段,28.54,都市：其他:住宅區(住二),10000,27,持分移轉,04660000
RPQOMLOKIIGGFDC27DA,調和段,.05,都市：其他:道路用地,10000,27,持分移轉,04660001
RPQOMLOKIIGGFDC27DA,調和段,.04,都市：其他:道路用地,10000,27,持分移轉,04660002
RPQOMLOKIIGGFDC27DA,調和段,.04,都市：其他:保護區,10000,27,持分移轉,04660003
RPORMLNKIIGGFDC27DA,新店段一小段,20.20,都市：其他:商業區(商四),5,1,持分移轉,00220000
RPUNMLOKIIGGFDC57DA,福祿段,1.20,都市：其他:道路用地,5,1,持分移轉,02380000
RPUNMLOKIIGGFDC57DA,福祿段,27.00,都市：其他:住宅區,5,1,持分移轉,02380001
RPUTMLMKIIGGFDC97DA,調和段,.74,都市：其他:商業區,200000,212,持分移轉,07240000
RPUTMLMKIIGGFDC97DA,調和段,121.25,都市：其他:住宅區(住二),200000,2762,持分移轉,07420000
RPUTMLMKIIGGFDC97DA,調和段,.42,都市：其他:住宅區(住二),200000,516,持分移轉,08190009
RPUTMLMKIIGGFDC97DA,調和段,.16,都市：其他:住宅區(住二),200000,516,持分移轉,08190010
RPUTMLMKIIGGFDC97DA,調和段,.57,都市：其他:住宅區(住二),200000,516,持分移轉,08490006
RPSOMLNKIIGGFDC37DA,新中山段,2.19,都市：其他:道路用地,170,33,持分移轉,01780000
RPSOMLNKIIGGFDC37DA,新中山段,11.10,都市：其他:商業區,170,33,持分移轉,01930000
RPTOMLNKIIGGFDC47DA,深美段,40.95,都市：其他:住宅區(住四),16,1,持分移轉,08220000
RPRPMLMKIIGGFDC27DA,大華段,138.00,都市：其他:機關用地,1,1,全筆移轉,14810000
RPRPMLMKIIGGFDC27DA,大華段,4.00,都市：其他:機關用地,1,1,全筆移轉,14810001
RPRPMLMKIIGGFDC27DA,大華段,2.00,都市：其他:機關用地,1,1,全筆移轉,15060000
RPRPMLMKIIGGFDC27DA,大華段,31.00,都市：其他:機關用地,1,1,全筆移轉,15060001
RPRPMLMKIIGGFDC27DA,大華段,138.00,都市：其他:停車場用地,1,1,全筆移轉,15060004
RPRPMLMKIIGGFDC27DA,大華段,7.00,都市：其他:機關用地,1,1,全筆移轉,15060005
RPXPMLMKIIGGFDC87DA,南新段,25.38,都市：其他:住宅區(住一),8,1,持分移轉,07780000
RPVNMLOKIIGGFDC67DA,工建段,17.82,都市：其他:乙種工業區,100000,332,持分移轉,09090006
RPVNMLOKIIGGFDC67DA,工建段,21.54,都市：其他:乙種工業區,100000,332,持分移轉,09090111
RPVNMLOKIIGGFDC67DA,工建段,.02,都市：其他:乙種工業區,100000,1,持分移轉,09090113
RPVNMLOKIIGGFDC67DA,工建段,.01,都市：其他:乙種工業區,100000,1,持分移轉,09090116
RPVNMLOKIIGGFDC67DA,工建段,.01,都市：其他:乙種工業區,100000,1,持分移轉,09090126
RPVNMLOKIIGGFDC67DA,工建段,21.96,都市：其他:乙種工業區,100000,332,持分移轉,09090148
RPVNMLOKIIGGFDC67DA,工建段,20.28,都市：其他:乙種工業區,100000,332,持分移轉,09090151
RPVNMLOKIIGGFDC67DA,工建段,.01,都市：其他:乙種工業區,100000,1,持分移轉,09090152
RPPPMLNKIIGGFDC17DA,南新段,15.29,都市：其他:住宅區(住一),14,1,持分移轉,05240000
RPPPMLNKIIGGFDC17DA,南新段,3.50,都市：其他:住宅區(住一),14,1,持分移轉,05250001
RPPPMLNKIIGGFDC17DA,南新段,.21,都市：其他:道路用地,14,1,持分移轉,05250014
RPPPMLNKIIGGFDC17DA,南新段,.86,都市：其他:住宅區(住一),14,1,持分移轉,06010001
RPPPMLNKIIGGFDC17DA,南新段,.29,都市：其他:道路用地,14,1,持分移轉,06010022
RPPNMLOKIIGGFDC17EA,八德段,5.74,都市：其他:住宅區(住二),10000,107,持分移轉,00690000
RPTNMLRKIIGGFDC77DA,成功段,33.00,都市：其他:住宅區,1,1,全筆移轉,08000000
RPROMLOKIIGGFDC37DA,調和段,51.24,都市：其他:住宅區(住一),10000,61,持分移轉,13820008
RPROMLOKIIGGFDC37DA,調和段,.04,都市：其他:住宅區(住一),10000,1,持分移轉,13820014
RPROMLOKIIGGFDC37DA,調和段,.66,都市：其他:住宅區(住一),10000,2,持分移轉,13820017
RPROMLOKIIGGFDC37DA,調和段,.06,都市：其他:住宅區(住一),10000,1,持分移轉,13820024
RPROMLOKIIGGFDC37DA,調和段,.04,都市：其他:住宅區(住一),10000,1,持分移轉,13820025
RPROMLOKIIGGFDC37DA,調和段,.20,都市：其他:住宅區(住一),10000,1,持分移轉,13820029
RPTOMLOKIIGGFDC57DA,大華段,22.95,都市：其他:商業區(商三),1275,118,持分移轉,14710000
RPTOMLSJRHGGFDC68DA,源遠段,29.12,都市：其他:住宅區(住二),100000,152,持分移轉,11250000
RPWOMLSJRHGGFDC98DA,草濫段拔西猴小段,84.75,都市：其他:住宅區(住三),1000000,21390,持分移轉,00550000
RPVNMLPKIIGGFDC77DA,武嶺段,32.05,都市：其他:住宅區(住一),100000,456,持分移轉,05690000
RPTNMLLKIIGGFDC17DA,調和段,15.27,都市：其他:住宅區(住二),10000,9,持分移轉,14140000
RPUOMLOKIIGGFDC67DA,成功段,10.00,都市：其他:道路用地,1,1,全筆移轉,03510000
RPTNMLLKIIGGFDC17DA,調和段,.00,都市：其他:道路用地,10000,9,持分移轉,14140001
RPWNMLQJIIGGFDC87DA,工建段,22.07,都市：其他:住宅區(住三),10000,63,持分移轉,02290000
RPUOMLQJIIGGFDC77DA,長安段,41.76,都市：其他:住宅區(住二),200000,4188,持分移轉,00380000
RPQOMLPJIIGGFDC27DA,武嶺段,46.75,都市：其他:住宅區(住一),100000,665,持分移轉,05690000
RPTOMLPJIIGGFDC57DA,長潭段,10.47,都市：其他:住宅區(住二),36,1,持分移轉,10190000
RPTOMLPJIIGGFDC57DA,長潭段,.31,都市：其他:道路用地,36,1,持分移轉,10190001
RPTOMLPJIIGGFDC57DA,長潭段,4.50,都市：其他:道路用地,36,1,持分移轉,10190002
RPUOMLTLRHGGFDC09DA,延年段,52.00,都市：其他:住宅區(住三),1,1,全筆移轉,10610000
RPQPMLOJIIGGFDC27DA,調和段,15.19,都市：其他:住宅區(住二),10000,20,持分移轉,11250000
RPVNMLKMRHGGFDC28DA,源遠段,37.70,都市：其他:住宅區(住三),20,1,持分移轉,00390000
RPPNMLMJIIGGFDC76DA,深美段,62.82,都市：其他:住宅區(住四),10000,125,持分移轉,07970000
RPXPMLLJIIGGFDC67DA,東明段,39.92,都市：其他:住宅區,30000,2466,持分移轉,01230000
RPRQMLTLRHGGFDC98DA,延年段,27.75,都市：其他:住宅區(住三),8,1,持分移轉,13360000
RPRQMLTLRHGGFDC98DA,延年段,1.12,都市：其他:道路用地,8,1,持分移轉,13360001
RPSNMLLKIIGGFDC07DA,草濫段拔西猴小段,84.67,都市：其他:住宅區(住三),100000,2137,持分移轉,00550000
RPROMLRJIIGGFDC57DA,調和段,15.19,都市：其他:住宅區(住二),10000,20,持分移轉,11250000
RPXOMLRJIIGGFDC18DA,長潭段,2.15,都市：其他:住宅區(住二),100000,82,持分移轉,08450000
RPXOMLRJIIGGFDC18DA,長潭段,21.54,都市：其他:住宅區(住二),100000,82,持分移轉,08450003
RPPOMLPKIIGGFDC27DA,長潭段,1.37,都市：其他:住宅區(住二),100000,52,持分移轉,08450000
RPPOMLPKIIGGFDC27DA,長潭段,13.66,都市：其他:住宅區(住二),100000,52,持分移轉,08450003
RPOPMLOKIIGGFDC17DA,工建段,15.46,都市：其他:住宅區(住四),10000,181,持分移轉,05180026
RPQNMLRKIIGGFDC47DA,港濱段,21.75,都市：其他:住宅區(住一),4,1,持分移轉,04200000
RPPOMLOKIIGGFDC17DA,大華段,29.50,都市：其他:住宅區(住三),4,1,持分移轉,07790000
RPXNMLOKIIGGFDC87DA,麥金段,10.62,都市：其他:住宅區(住二),100000000,29744,持分移轉,05250000
RPXNMLOKIIGGFDC87DA,麥金段,.01,都市：其他:住宅區(住一),100000000,29744,持分移轉,05270001
RPXNMLOKIIGGFDC87DA,麥金段,.00,都市：其他:住宅區(住一),100000000,29744,持分移轉,05290002
RPQPMLNKIIGGFDC27DA,新會段,11.25,都市：其他:住宅區,10000,33,持分移轉,02700000
RPUNMLSKIIGGFDC97DA,光明段,27.43,都市：其他:住宅區,7,1,持分移轉,01330066
RPXNMLSKIIGGFDC28DA,五堵段五堵北小段,24.60,都市：其他:商業區,120,4,持分移轉,07540000
RPSOMLNLQHGGFDC18DA,調和段,5.35,都市：其他:住宅區(住二),100000,37,持分移轉,14130000
RPWNMLSKIIGGFDC18DA,五堵段五堵北小段,6.15,都市：其他:商業區,120,1,持分移轉,07540000
RPWOMLSKIIGGFDC28DA,調和段,.00,都市：其他:道路用地,100000,5,持分移轉,13590000
RPWOMLSKIIGGFDC28DA,調和段,.00,都市：其他:道路用地,100000,5,持分移轉,13590001
RPWOMLSKIIGGFDC28DA,調和段,1.70,都市：其他:住宅區(住二),100000,5,持分移轉,14150000
RPWOMLSKIIGGFDC28DA,調和段,.00,都市：其他:住宅區(住二),100000,5,持分移轉,14150001
RPWOMLSKIIGGFDC28DA,調和段,.00,都市：其他:住宅區(住一),100000,5,持分移轉,14150002
RPVOMLSKIIGGFDC18DA,德安段,28.72,都市：其他:住宅區(住二),10,1,持分移轉,09520000
RPUNMLRKIIGGFDC87DA,觀音段,22.12,都市：其他:住宅區,8,1,持分移轉,04200000
RPUNMLRKIIGGFDC87DA,觀音段,3.62,都市：其他:道路用地,8,1,持分移轉,04200001
RPXOMLSKIIGGFDC38DA,源遠段,.11,都市：其他:住宅區(住三),100000,10,持分移轉,04740000
RPOOMLSKIIGGFDC47DA,工建段,17.64,都市：其他:住宅區(住四),100000,142,持分移轉,05120000
RPOOMLSKIIGGFDC47DA,工建段,1.24,都市：其他:住宅區(住四),200000,20,持分移轉,05120000
RPPOMLSKIIGGFDC57DA,五堵段五堵北小段,32.37,都市：其他:住宅區,1000,56,持分移轉,05940000
RPVOMLNKIIGGFDC67DA,太平段,17.67,都市：其他:住宅區,6,1,持分移轉,09740000
RPVOMLNKIIGGFDC67DA,太平段,1.33,都市：其他:住宅區,6,1,持分移轉,09740002
RPVOMLNKIIGGFDC67DA,太平段,2.17,都市：其他:住宅區,6,1,持分移轉,09950001
RPWOMLNKIIGGFDC77DA,暖暖段暖暖小段,64.25,都市：其他:住宅區(住三),10000,410,持分移轉,04450000
RPXQMLNKIIGGFDC08DA,港灣段一小段,11.23,都市：其他:商業區,10000,219,持分移轉,00040000
RPXQMLNKIIGGFDC08DA,港灣段一小段,.81,都市：其他:商業區,10000,219,持分移轉,00050006
RPRTMLMKIIGGFDC67DA,大華段,23.48,都市：其他:商業區(商三),476,46,持分移轉,18480000
RPUPMLNKIIGGFDC67DA,光明段,43.13,都市：其他:部分住宅區部分道路用地,100000,3550,持分移轉,04840001
RPUPMLNKIIGGFDC67DA,光明段,1.21,都市：其他:部分住宅區部分道路用地,100000,3550,持分移轉,04840023
RPUPMLNKIIGGFDC67DA,光明段,.82,都市：其他:部分住宅區部分道路用地,100000,3550,持分移轉,04840024
RPUPMLNKIIGGFDC67DA,光明段,.21,都市：其他:道路用地,100000,3550,持分移轉,04840041
