﻿鄉鎮市區,交易標的,土地位置建物門牌,土地移轉總面積平方公尺,都市土地使用分區,非都市土地使用分區,非都市土地使用編定,交易年月日,交易筆棟數,移轉層次,總樓層數,建物型態,主要用途,主要建材,建築完成年月,建物移轉總面積平方公尺,建物現況格局-房,建物現況格局-廳,建物現況格局-衛,建物現況格局-隔間,有無管理組織,總價元,單價元平方公尺,車位類別,車位移轉總面積平方公尺,車位總價元,備註,編號,建案名稱,棟及號
The villages and towns urban district,transaction sign,land sector position building sector house number plate,land shifting total area square meter,the use zoning or compiles and checks,the non-metropolis land use district,non-metropolis land use,transaction year month and day,transaction pen number,shifting level,total floor number,building state,main use,main building materials,construction to complete the years,building shifting total area,Building present situation pattern - room,building present situation pattern - hall,building present situation pattern - health,building present situation pattern - compartmented,Whether there is manages the organization,total price NTD,the unit price (NTD / square meter),the berth category,berth shifting total area square meter,the berth total price NTD,the note,serial number,build case,buildings
安樂區,房地(土地+建物)+車位,基隆市安樂區內寮里35鄰武隆街127號7樓之13,25.56,商,,,1100711,土地1建物1車位1,七層,9,華廈(10層含以下有電梯),住家用,鋼筋混凝土造,,150.12,3,2,2,有,無,8840000,58886,坡道平面,37.67,0,,RPPNMLLKRHGGFDC67DB,水天德莊,L棟7-13號
安樂區,房地(土地+建物)+車位,基隆市安樂區內寮里35鄰武隆街127號4樓之10,18.24,商,,,1100904,土地1建物1車位1,四層,9,華廈(10層含以下有電梯),住家用,鋼筋混凝土造,,117.94,2,2,1,有,無,5990000,50789,坡道平面,37.67,0,,RPQNMLLKRHGGFDC77DB,水天德莊,I棟4-10號
安樂區,房地(土地+建物)+車位,基隆市安樂區內寮里35鄰武隆街127號5樓之10,18.24,商,,,1100904,土地1建物1車位1,五層,9,華廈(10層含以下有電梯),住家用,鋼筋混凝土造,,117.94,2,2,1,有,無,6330000,53671,坡道平面,37.67,0,,RPRNMLLKRHGGFDC87DB,水天德莊,I棟5-10號
安樂區,房地(土地+建物)+車位,基隆市安樂區內寮里35鄰武隆街127號2樓之9,26.29,商,,,1100901,土地1建物1車位1,二層,9,華廈(10層含以下有電梯),住家用,鋼筋混凝土造,,115.58,3,2,2,有,無,9770000,108324,坡道平面,37.85,1350000,,RPSNMLLKRHGGFDC97DB,水天德莊,H棟2-9號
中正區,房地(土地+建物)+車位,基隆市中正區調和街266巷,78.2,住,,,1100815,土地3建物1車位1,全,3,透天厝,住家用,鋼筋混凝土造,,169.89,3,2,2,有,無,11500000,67006,坡道平面,20.65,1500000,,RPTNMLLKRHGGFDC08DB,僑家大院,G棟8號
中正區,房地(土地+建物)+車位,基隆市中正區調和街266巷,86.73,住,,,1100823,土地3建物1車位1,全,3,透天厝,住家用,鋼筋混凝土造,,183.86,3,2,2,有,無,12000000,63722,坡道平面,20.65,1600000,,RPUNMLLKRHGGFDC18DB,僑家大院,F棟12號
中正區,房地(土地+建物)+車位,基隆市中正區調和街266巷,86.17,住,,,1100828,土地3建物1車位1,全,3,透天厝,住家用,鋼筋混凝土造,,182.7,3,2,2,有,無,12000000,64795,坡道平面,20.65,1500000,,RPVNMLLKRHGGFDC28DB,僑家大院,G棟10號
安樂區,房地(土地+建物)+車位,基隆市安樂區內寮里35鄰武隆街127號8樓之6,20.86,商,,,1100814,土地1建物1車位1,八層,9,華廈(10層含以下有電梯),住家用,鋼筋混凝土造,,91.75,2,2,1,有,無,7660000,119785,坡道平面,37.82,1200000,,RPPNMLPKRHGGFDC08DB,水天德莊,E棟8-6號
中正區,房地(土地+建物)+車位,基隆市中正區新豐街162巷150號9樓,30.44,住,,,1100907,土地1建物1車位1,九層,9,華廈(10層含以下有電梯),住家用,鋼筋混凝土造,,121.94,2,2,1,有,無,7040000,60382,坡道機械,17.77,750000,,RPPNMLPKRHGGFDC97CB,早安．國揚,H2棟9號
中正區,房地(土地+建物),基隆市中正區新豐街162巷148號9樓,30.83,住,,,1100907,土地1建物1車位0,九層,9,華廈(10層含以下有電梯),住家用,鋼筋混凝土造,,104.57,2,2,1,有,無,6280000,60055,,0.0,0,,RPQNMLPKRHGGFDC08CB,早安．國揚,H1棟9號
中正區,房地(土地+建物)+車位,基隆市中正區新豐街162巷146號9樓,30.24,住,,,1100905,土地1建物1車位1,九層,9,華廈(10層含以下有電梯),住家用,鋼筋混凝土造,,117.54,2,2,1,有,無,6900000,63145,坡道機械,17.77,600000,本戶另持分坐落於基隆市中正區調和段1382-14、1382-24、1382-25、1382-29等地號之總社區上水箱，土地權利範圍為200000分之13，建物權利範圍為126600分之64，且不計價。,RPRNMLPKRHGGFDC18CB,早安．國揚,G1棟9號
中正區,房地(土地+建物)+車位,基隆市中正區新豐街162巷30號8樓,31.03,住,,,1100907,土地1建物1車位1,八層,9,華廈(10層含以下有電梯),住家用,鋼筋混凝土造,,124.0,2,2,1,有,無,6950000,60717,坡道機械,17.77,500000,,RPSNMLPKRHGGFDC28CB,早安．國揚,O3棟8號
中正區,房地(土地+建物)+車位,基隆市中正區新豐街162巷158號9樓,30.24,住,,,1100908,土地1建物1車位1,九層,9,華廈(10層含以下有電梯),住家用,鋼筋混凝土造,,117.54,2,2,1,有,無,6900000,63145,坡道機械,17.77,600000,,RPTNMLPKRHGGFDC38CB,早安．國揚,I1棟9號
安樂區,房地(土地+建物)+車位,基隆市安樂區安樂路一段21號7樓,31.37,住,,,1100909,土地1建物1車位1,七層,9,華廈(10層含以下有電梯),住家用,鋼筋混凝土造,,139.01,2,2,1,有,無,11000000,93051,坡道平面,37.99,1600000,,RPPNMLRKRHGGFDC18CB,新光新海灣,C3棟7F號
安樂區,房地(土地+建物)+車位,基隆市安樂區安樂路一段1號7樓,51.1,住,,,1100909,土地1建物1車位1,七層,9,華廈(10層含以下有電梯),住家用,鋼筋混凝土造,,209.52,4,2,2,有,無,17880000,94911,坡道平面,37.99,1600000,,RPQNMLRKRHGGFDC28CB,新光新海灣,A1棟7F號
安樂區,房地(土地+建物)+車位,基隆市安樂區安樂路一段17號6樓,51.1,住,,,1100914,土地1建物1車位1,六層,9,華廈(10層含以下有電梯),住家用,鋼筋混凝土造,,210.47,4,2,2,有,無,17820000,94040,坡道平面,37.99,1600000,,RPRNMLRKRHGGFDC38CB,新光新海灣,C1棟6F號
仁愛區,房地(土地+建物)+車位,基隆市仁愛區崇安街,18.94,商,,,1091027,土地2建物1車位1,三層,12,住宅大樓(11層含以上有電梯),住家用,鋼筋混凝土造,,174.92,3,2,2,有,無,15900000,102041,坡道平面,36.74,1800000,,RPQNMLRKRHGGFDC38DB,仁人愛,A1棟0號
仁愛區,房地(土地+建物)+車位,基隆市仁愛區崇安街,18.94,商,,,1091028,土地2建物1車位1,四層,12,住宅大樓(11層含以上有電梯),住家用,鋼筋混凝土造,,174.92,3,2,2,有,無,16030000,102982,坡道平面,36.74,1800000,,RPRNMLRKRHGGFDC48DB,仁人愛,A1棟0號
仁愛區,房地(土地+建物)+車位,基隆市仁愛區崇安街,18.94,商,,,1091015,土地2建物1車位1,五層,12,住宅大樓(11層含以上有電梯),住家用,鋼筋混凝土造,,174.92,3,2,2,有,無,16050000,103850,坡道平面,36.74,1700000,,RPSNMLRKRHGGFDC58DB,仁人愛,A1棟0號
仁愛區,房地(土地+建物)+車位,基隆市仁愛區崇安街,18.94,商,,,1091112,土地2建物1車位1,六層,12,住宅大樓(11層含以上有電梯),住家用,鋼筋混凝土造,,174.92,3,2,2,有,無,15940000,103778,坡道平面,36.74,1600000,,RPTNMLRKRHGGFDC68DB,仁人愛,A1棟0號
仁愛區,房地(土地+建物)+車位,基隆市仁愛區崇安街,18.94,商,,,1091016,土地2建物1車位1,七層,12,住宅大樓(11層含以上有電梯),住家用,鋼筋混凝土造,,174.92,3,2,2,有,無,16590000,107758,坡道平面,36.74,1700000,,RPUNMLRKRHGGFDC78DB,仁人愛,A1棟0號
仁愛區,房地(土地+建物)+車位,基隆市仁愛區崇安街,18.94,商,,,1091016,土地2建物1車位1,二層,12,住宅大樓(11層含以上有電梯),住家用,鋼筋混凝土造,,174.92,3,2,2,有,無,16050000,103126,坡道平面,36.74,1800000,,RPVNMLRKRHGGFDC88DB,仁人愛,A1棟0號
仁愛區,房地(土地+建物)+車位,基隆市仁愛區崇安街,18.94,商,,,1100914,土地2建物1車位1,八層,12,住宅大樓(11層含以上有電梯),住家用,鋼筋混凝土造,,174.92,3,2,2,有,無,16770000,109784,坡道平面,36.74,1600000,,RPWNMLRKRHGGFDC98DB,仁人愛,A1棟0號
仁愛區,房地(土地+建物)+車位,基隆市仁愛區崇安街,18.94,商,,,1091016,土地2建物1車位1,九層,12,住宅大樓(11層含以上有電梯),住家用,鋼筋混凝土造,,174.92,3,2,2,有,無,16880000,109857,坡道平面,36.74,1700000,,RPXNMLRKRHGGFDC09DB,仁人愛,A1棟0號
仁愛區,房地(土地+建物)+車位,基隆市仁愛區崇安街,18.94,商,,,1091027,土地2建物1車位1,十層,12,住宅大樓(11層含以上有電梯),住家用,鋼筋混凝土造,,174.92,3,2,2,有,無,17250000,111087,坡道平面,36.74,1900000,,RPOOMLRKRHGGFDC28DB,仁人愛,A1棟0號
仁愛區,房地(土地+建物)+車位,基隆市仁愛區崇安街,18.94,商,,,1091019,土地2建物1車位1,十一層,12,住宅大樓(11層含以上有電梯),住家用,鋼筋混凝土造,,174.92,3,2,2,有,無,17260000,111883,坡道平面,36.74,1800000,,RPPOMLRKRHGGFDC38DB,仁人愛,A1棟0號
仁愛區,房地(土地+建物)+車位,基隆市仁愛區崇安街,19.17,商,,,1091027,土地2建物1車位1,二層,12,住宅大樓(11層含以上有電梯),住家用,鋼筋混凝土造,,177.29,3,2,2,有,無,15770000,100107,坡道平面,36.74,1700000,,RPQOMLRKRHGGFDC48DB,仁人愛,A2棟0號
仁愛區,房地(土地+建物)+車位,基隆市仁愛區崇安街,19.17,商,,,1091024,土地2建物1車位1,三層,12,住宅大樓(11層含以上有電梯),住家用,鋼筋混凝土造,,177.29,3,2,2,有,無,15700000,101032,坡道平面,36.74,1500000,,RPROMLRKRHGGFDC58DB,仁人愛,A2棟0號
仁愛區,房地(土地+建物)+車位,基隆市仁愛區崇安街,19.17,商,,,1091018,土地2建物1車位1,四層,12,住宅大樓(11層含以上有電梯),住家用,鋼筋混凝土造,,177.29,3,2,2,有,無,15920000,101885,坡道平面,36.74,1600000,,RPSOMLRKRHGGFDC68DB,仁人愛,A2棟0號
仁愛區,房地(土地+建物)+車位,基隆市仁愛區崇安街,19.17,商,,,1091023,土地2建物1車位1,五層,12,住宅大樓(11層含以上有電梯),住家用,鋼筋混凝土造,,177.29,3,2,2,有,無,16160000,102882,坡道平面,36.74,1700000,,RPTOMLRKRHGGFDC78DB,仁人愛,A2棟0號
仁愛區,房地(土地+建物)+車位,基隆市仁愛區崇安街,19.17,商,,,1091020,土地2建物1車位1,六層,12,住宅大樓(11層含以上有電梯),住家用,鋼筋混凝土造,,177.29,3,2,2,有,無,16300000,103166,坡道平面,36.74,1800000,,RPUOMLRKRHGGFDC88DB,仁人愛,A2棟0號
仁愛區,房地(土地+建物)+車位,基隆市仁愛區崇安街,19.17,商,,,1091020,土地2建物1車位1,七層,12,住宅大樓(11層含以上有電梯),住家用,鋼筋混凝土造,,177.29,3,2,2,有,無,16740000,107008,坡道平面,36.74,1700000,,RPVOMLRKRHGGFDC98DB,仁人愛,A2棟0號
仁愛區,房地(土地+建物)+車位,基隆市仁愛區崇安街,19.17,商,,,1091019,土地2建物1車位1,八層,12,住宅大樓(11層含以上有電梯),住家用,鋼筋混凝土造,,177.29,3,2,2,有,無,17050000,108858,坡道平面,36.74,1750000,,RPWOMLRKRHGGFDC09DB,仁人愛,A2棟0號
仁愛區,房地(土地+建物)+車位,基隆市仁愛區崇安街,19.17,商,,,1091030,土地2建物1車位1,九層,12,住宅大樓(11層含以上有電梯),住家用,鋼筋混凝土造,,177.29,3,2,2,有,無,17000000,108858,坡道平面,36.74,1700000,,RPXOMLRKRHGGFDC56DB,仁人愛,A2棟0號
仁愛區,房地(土地+建物)+車位,基隆市仁愛區崇安街,19.17,商,,,1091027,土地2建物1車位1,十層,12,住宅大樓(11層含以上有電梯),住家用,鋼筋混凝土造,,177.29,3,2,2,有,無,17280000,110139,坡道平面,36.74,1800000,,RPOPMLRKRHGGFDC38DB,仁人愛,A2棟0號
仁愛區,房地(土地+建物)+車位,基隆市仁愛區崇安街,19.17,商,,,1091013,土地2建物1車位1,十一層,12,住宅大樓(11層含以上有電梯),住家用,鋼筋混凝土造,,177.29,3,2,2,有,無,17300000,110993,坡道平面,36.74,1700000,,RPPPMLRKRHGGFDC48DB,仁人愛,A2棟0號
仁愛區,房地(土地+建物)+車位,基隆市仁愛區崇安街,17.63,商,,,1091026,土地2建物1車位1,二層,12,住宅大樓(11層含以上有電梯),住家用,鋼筋混凝土造,,146.8,3,2,2,有,無,13660000,98071,坡道機械,17.71,1000000,,RPQPMLRKRHGGFDC58DB,仁人愛,A3棟0號
仁愛區,房地(土地+建物)+車位,基隆市仁愛區崇安街,17.63,商,,,1091018,土地2建物1車位1,三層,12,住宅大樓(11層含以上有電梯),住家用,鋼筋混凝土造,,165.83,3,2,2,有,無,14380000,99001,坡道平面,36.74,1600000,,RPRPMLRKRHGGFDC68DB,仁人愛,A3棟0號
仁愛區,房地(土地+建物)+車位,基隆市仁愛區崇安街,17.63,商,,,1091101,土地2建物1車位1,四層,12,住宅大樓(11層含以上有電梯),住家用,鋼筋混凝土造,,165.83,3,2,2,有,無,14480000,99775,坡道平面,36.74,1600000,,RPSPMLRKRHGGFDC78DB,仁人愛,A3棟0號
仁愛區,房地(土地+建物)+車位,基隆市仁愛區崇安街,17.63,商,,,1091016,土地2建物1車位1,五層,12,住宅大樓(11層含以上有電梯),住家用,鋼筋混凝土造,,165.83,3,2,2,有,無,14830000,100937,坡道平面,36.74,1800000,,RPTPMLRKRHGGFDC88DB,仁人愛,A3棟0號
仁愛區,房地(土地+建物)+車位,基隆市仁愛區崇安街,17.63,商,,,1091016,土地2建物1車位1,六層,12,住宅大樓(11層含以上有電梯),住家用,鋼筋混凝土造,,165.83,3,2,2,有,無,14610000,100782,坡道平面,36.74,1600000,,RPUPMLRKRHGGFDC98DB,仁人愛,A3棟0號
仁愛區,房地(土地+建物)+車位,基隆市仁愛區崇安街,17.63,商,,,1091015,土地2建物1車位1,七層,12,住宅大樓(11層含以上有電梯),住家用,鋼筋混凝土造,,165.83,3,2,2,有,無,15300000,105353,坡道平面,36.74,1700000,,RPVPMLRKRHGGFDC09DB,仁人愛,A3棟0號
仁愛區,房地(土地+建物)+車位,基隆市仁愛區崇安街,17.63,商,,,1091020,土地2建物1車位1,八層,12,住宅大樓(11層含以上有電梯),住家用,鋼筋混凝土造,,165.83,3,2,2,有,無,15400000,106128,坡道平面,36.74,1700000,,RPWPMLRKRHGGFDC56DB,仁人愛,A3棟0號
仁愛區,房地(土地+建物)+車位,基隆市仁愛區崇安街,17.63,商,,,1091030,土地2建物1車位1,九層,12,住宅大樓(11層含以上有電梯),住家用,鋼筋混凝土造,,165.83,3,2,2,有,無,15500000,106902,坡道平面,36.74,1700000,,RPXPMLRKRHGGFDC66DB,仁人愛,A3棟0號
仁愛區,房地(土地+建物)+車位,基隆市仁愛區崇安街,17.63,商,,,1091015,土地2建物1車位1,十層,12,住宅大樓(11層含以上有電梯),住家用,鋼筋混凝土造,,165.83,3,2,2,有,無,15600000,108064,坡道平面,36.74,1650000,,RPOQMLRKRHGGFDC48DB,仁人愛,A3棟0號
仁愛區,房地(土地+建物)+車位,基隆市仁愛區崇安街,17.63,商,,,1091015,土地2建物1車位1,十一層,12,住宅大樓(11層含以上有電梯),住家用,鋼筋混凝土造,,165.83,3,2,2,有,無,15760000,108142,坡道平面,36.74,1800000,,RPPQMLRKRHGGFDC58DB,仁人愛,A3棟0號
仁愛區,房地(土地+建物)+車位,基隆市仁愛區崇安街,17.63,商,,,1091012,土地2建物1車位1,十二層,12,住宅大樓(11層含以上有電梯),住家用,鋼筋混凝土造,,165.83,3,2,2,有,無,15790000,108374,坡道平面,36.74,1800000,,RPQQMLRKRHGGFDC68DB,仁人愛,A3棟0號
仁愛區,房地(土地+建物)+車位,基隆市仁愛區崇安街,13.09,商,,,1091101,土地2建物1車位1,二層,12,住宅大樓(11層含以上有電梯),住家用,鋼筋混凝土造,,112.97,2,2,1,有,無,10100000,95528,坡道機械,17.71,1000000,,RPRQMLRKRHGGFDC78DB,仁人愛,A5棟0號
仁愛區,房地(土地+建物)+車位,基隆市仁愛區崇安街,13.09,商,,,1091021,土地2建物1車位1,三層,12,住宅大樓(11層含以上有電梯),住家用,鋼筋混凝土造,,113.15,2,2,1,有,無,10200000,96396,坡道機械,17.71,1000000,,RPSQMLRKRHGGFDC88DB,仁人愛,A5棟0號
仁愛區,房地(土地+建物)+車位,基隆市仁愛區崇安街,13.09,商,,,1091124,土地2建物1車位1,四層,12,住宅大樓(11層含以上有電梯),住家用,鋼筋混凝土造,,113.15,2,2,1,有,無,10280000,97234,坡道機械,17.71,1000000,,RPTQMLRKRHGGFDC98DB,仁人愛,A5棟0號
仁愛區,房地(土地+建物)+車位,基隆市仁愛區崇安街,13.09,商,,,1091012,土地2建物1車位1,五層,12,住宅大樓(11層含以上有電梯),住家用,鋼筋混凝土造,,113.15,2,2,1,有,無,10370000,98177,坡道機械,17.71,1000000,,RPUQMLRKRHGGFDC09DB,仁人愛,A5棟0號
仁愛區,房地(土地+建物)+車位,基隆市仁愛區崇安街,13.09,商,,,1091012,土地2建物1車位1,六層,12,住宅大樓(11層含以上有電梯),住家用,鋼筋混凝土造,,113.15,2,2,1,有,無,10450000,99015,坡道機械,17.71,1000000,,RPVQMLRKRHGGFDC56DB,仁人愛,A5棟0號
仁愛區,房地(土地+建物)+車位,基隆市仁愛區崇安街,13.09,商,,,1091016,土地2建物1車位1,七層,12,住宅大樓(11層含以上有電梯),住家用,鋼筋混凝土造,,113.15,2,2,1,有,無,11000000,102682,坡道機械,17.71,1200000,,RPWQMLRKRHGGFDC66DB,仁人愛,A5棟0號
仁愛區,房地(土地+建物)+車位,基隆市仁愛區崇安街,13.09,商,,,1091016,土地2建物1車位1,九層,12,住宅大樓(11層含以上有電梯),住家用,鋼筋混凝土造,,113.15,2,2,1,有,無,11200000,104778,坡道機械,17.71,1200000,,RPXQMLRKRHGGFDC76DB,仁人愛,A5棟0號
仁愛區,房地(土地+建物)+車位,基隆市仁愛區崇安街,13.09,商,,,1091030,土地2建物1車位1,十層,12,住宅大樓(11層含以上有電梯),住家用,鋼筋混凝土造,,113.15,2,2,1,有,無,11100000,105826,坡道機械,17.71,1000000,,RPORMLRKRHGGFDC58DB,仁人愛,A5棟0號
仁愛區,房地(土地+建物)+車位,基隆市仁愛區崇安街,13.09,商,,,1091012,土地2建物1車位1,十一層,12,住宅大樓(11層含以上有電梯),住家用,鋼筋混凝土造,,113.15,2,2,1,有,無,11350000,106350,坡道機械,17.71,1200000,,RPPRMLRKRHGGFDC68DB,仁人愛,A5棟0號
仁愛區,房地(土地+建物)+車位,基隆市仁愛區崇安街,13.09,商,,,1091014,土地2建物1車位1,十二層,12,住宅大樓(11層含以上有電梯),住家用,鋼筋混凝土造,,113.15,2,2,1,有,無,11300000,105826,坡道機械,17.71,1200000,,RPQRMLRKRHGGFDC78DB,仁人愛,A5棟0號
中正區,房地(土地+建物),基隆市中正區和豐街,14.74,住,,,1100907,土地2建物1車位0,五層,11,住宅大樓(11層含以上有電梯),住家用,鋼筋混凝土造,,67.74,1,1,1,有,無,3880000,57278,,0.0,0,,RPQNMLSKRHGGFDC38CB,台北雪梨灣,C棟6-5號
中正區,房地(土地+建物)+車位,基隆市中正區和豐街,17.76,住,,,1100907,土地2建物1車位2,二層,11,住宅大樓(11層含以上有電梯),住家用,鋼筋混凝土造,,96.85,1,1,1,有,無,5100000,57595,坡道機械,31.74,1350000,,RPRNMLSKRHGGFDC48CB,台北雪梨灣,E棟7-2號
七堵區,房地(土地+建物)+車位,基隆市七堵區堵南街,36.15,住,,,1100830,土地1建物1車位1,十層,10,華廈(10層含以下有電梯),住商用,鋼筋混凝土造,,156.26,3,2,2,有,無,10300000,66522,坡道平面,26.98,1700000,,RPPOMLKLRHGGFDC67CB,萬隆青青二期,A5棟10號
七堵區,房地(土地+建物),基隆市七堵區堵南街,22.15,住,,,1100906,土地1建物1車位0,二層,7,華廈(10層含以下有電梯),住家用,鋼筋混凝土造,,80.56,2,2,1,有,無,5700000,70755,,0.0,0,,RPQOMLKLRHGGFDC77CB,萬隆青青二期,B2棟2號
七堵區,房地(土地+建物),基隆市七堵區長安街210巷,31.21,,鄉村區,乙種建築用地,1100918,土地1建物1車位0,三層,6,華廈(10層含以下有電梯),住家用,鋼筋混凝土造,,110.4,2,2,2,有,無,7450000,67482,,0.0,0,,RPQNMLLLRHGGFDC87DB,里山鑽,A1棟3號
安樂區,房地(土地+建物)+車位,基隆市安樂區安樂路一段19號5樓,51.81,住,,,1100918,土地1建物1車位1,五層,9,華廈(10層含以下有電梯),住家用,鋼筋混凝土造,,211.95,4,2,2,有,無,18000000,94275,坡道平面,37.99,1600000,,RPPNMLNLRHGGFDC87CB,新光新海灣,C2棟5F號
