﻿編號,土地位置,土地移轉面積(平方公尺),使用分區或編定,權利人持分分母,權利人持分分子,移轉情形,地號
The serial number, land position,land shifting area square meter,the use zoning or compiles and checks,,,,land parcel
RPWOMLLKRHGGFDC48CC,太平段,.00,都市：住,,,,01860000
RPVOMLLKRHGGFDC38CC,代天府段,.00,都市：其他:部份住宅區(住三)部份道路用地,,,,08370000
RPVOMLLKRHGGFDC38CC,代天府段,.00,都市：其他:道路用地,,,,08370006
RPXNMLOKRHGGFDC78CC,工建段,23.29,都市：工,,,,09090111
RPROMLOKRHGGFDC28CC,港濱段,.00,都市：商,,,,11570000
RPPOMLOKRHGGFDC08CC,港濱段,.00,都市：住,,,,05030000
RPOOMLOKRHGGFDC97CC,福祿段,.00,都市：住,,,,05090000
RPSOMLOKRHGGFDC38CC,長潭段,.00,都市：住,,,,08450003
RPTOMLLKRHGGFDC18CC,過港段,.00,都市：住,,,,02260000
RPXNMLLKRHGGFDC48CC,培德段,.00,都市：住,,,,07640000
RPROMLLKRHGGFDC97CC,源遠段,.00,都市：住,,,,11280007
RPSOMLLKRHGGFDC08CC,長潭段,.00,都市：住,,,,08450003
RPOOMLLKRHGGFDC67CC,榮華段,.00,都市：住,,,,10400000
RPQOMLLKRHGGFDC87CC,安國段,.00,都市：住,,,,00010009
RPPOMLLKRHGGFDC77CC,南新段,.00,都市：住,,,,09770000
RPPOMLLKRHGGFDC77CC,南新段,.00,都市：住,,,,09780000
RPROMLPKRHGGFDC38CC,暖暖段東勢坑小段,.00,都市：住,,,,10080000
RPUOMLPKRHGGFDC68CC,延平段,.00,都市：住,,,,05260001
RPPOMLPKRHGGFDC18CC,深澳段,.00,都市：住,,,,01090000
RPWOMLPKRHGGFDC88CC,福祿段,.00,都市：住,,,,09170000
RPTOMLPKRHGGFDC58CC,港濱段,.00,都市：住,,,,05030000
RPWNMLPKRHGGFDC78CC,麥金段,.00,都市：住,,,,05350000
RPVNMLPKRHGGFDC68CC,鶯歌石段鶯歌石小段,.00,都市：住,,,,01340014
RPVNMLPKRHGGFDC68CC,鶯歌石段鶯歌石小段,.00,都市：住,,,,01340042
RPVOMLPKRHGGFDC78CC,源遠段,.00,都市：住,,,,11280002
RPXNMLPKRHGGFDC88CC,長潭段,.00,都市：住,,,,08450003
RPVOMLOKRHGGFDC68CC,麥金段,11.51,都市：住,,,,05350000
RPVOMLOKRHGGFDC68CC,麥金段,.44,都市：住,,,,05350001
RPVOMLOKRHGGFDC68CC,麥金段,.25,都市：住,,,,05350002
RPVOMLOKRHGGFDC68CC,麥金段,.23,都市：其他:市場用地,,,,05350003
RPVOMLOKRHGGFDC68CC,麥金段,.02,都市：住,,,,05350004
RPVOMLOKRHGGFDC68CC,麥金段,.01,都市：住,,,,05350005
RPVOMLOKRHGGFDC68CC,麥金段,.00,都市：住,,,,05350006
RPVOMLOKRHGGFDC68CC,麥金段,.00,都市：住,,,,05350007
RPXOMLPKRHGGFDC98CC,光明段,.00,都市：住,,,,00730000
RPPPMLPKRHGGFDC28CC,代天府段,.00,都市：其他:部份住宅區(住三)部份道路用地,,,,08370000
RPPPMLPKRHGGFDC28CC,代天府段,.00,都市：其他:道路用地,,,,08370006
RPTOMLRKRHGGFDC78CC,八德段,.00,都市：住,,,,03200000
RPVOMLRKRHGGFDC98CC,長潭段,.00,都市：住,,,,08920000
RPUOMLRKRHGGFDC88CC,長潭段,.00,都市：住,,,,08450003
RPSOMLRKRHGGFDC68CC,調和段,.00,都市：住,,,,14130000
RPROMLRKRHGGFDC58CC,中正段一小段,.00,都市：商,,,,00370002
RPUPMLPKRHGGFDC78CC,祥豐段,.00,都市：住,,,,05170000
RPUPMLPKRHGGFDC78CC,祥豐段,.00,都市：住,,,,05180000
RPUPMLPKRHGGFDC78CC,祥豐段,.00,都市：住,,,,05540000
RPWOMLRKRHGGFDC09CC,代天府段,.00,都市：住,,,,06430000
RPVPMLPKRHGGFDC88CC,調和段,.00,都市：住,,,,14130000
RPOPMLRKRHGGFDC38CC,培德段,.00,都市：住,,,,04270000
RPPPMLRKRHGGFDC48CC,光明段,.00,都市：住,,,,06220000
RPRPMLRKRHGGFDC68CC,光明段,.00,都市：住,,,,09380000
RPVPMLRKRHGGFDC09CC,長潭段,.00,都市：住,,,,08450003
RPOQMLRKRHGGFDC48CC,深澳段,.00,都市：住,,,,10170000
RPWPMLRKRHGGFDC56CC,深澳段,.00,都市：住,,,,10170000
RPXPMLRKRHGGFDC66CC,調和段,.00,都市：住,,,,03850000
RPTPMLRKRHGGFDC88CC,德厚段,.00,都市：住,,,,04420000
RPUPMLRKRHGGFDC98CC,德厚段,.00,都市：住,,,,08750005
RPUPMLRKRHGGFDC98CC,德厚段,.00,都市：住,,,,08750032
RPSPMLRKRHGGFDC78CC,長潭段,.00,都市：住,,,,08920000
RPQPMLRKRHGGFDC58CC,暖暖段東勢坑小段,.00,都市：住,,,,09020000
