﻿編號,土地位置,土地移轉面積(平方公尺),使用分區或編定,權利人持分分母,權利人持分分子,移轉情形,地號
The serial number, land position,land shifting area square meter,the use zoning or compiles and checks,,,,land parcel
RPUNMLLKRHGGFDC18DB,調和段,85.88,都市：住,100000,925,持分移轉,08480000
RPUNMLLKRHGGFDC18DB,調和段,.31,都市：住,100000,925,持分移轉,08480001
RPUNMLLKRHGGFDC18DB,調和段,.55,都市：住,100000,925,持分移轉,08490008
RPPNMLPKRHGGFDC08DB,湖海段,20.86,都市：商,100000,964,持分移轉,08530000
RPVNMLLKRHGGFDC28DB,調和段,85.32,都市：住,100000,919,持分移轉,08480000
RPVNMLLKRHGGFDC28DB,調和段,.31,都市：住,100000,919,持分移轉,08480001
RPVNMLLKRHGGFDC28DB,調和段,.54,都市：住,100000,919,持分移轉,08490008
RPSNMLLKRHGGFDC97DB,湖海段,26.29,都市：商,100000,1215,持分移轉,08530000
RPPNMLLKRHGGFDC67DB,湖海段,25.56,都市：商,100000,1181,持分移轉,08530000
RPQNMLLKRHGGFDC77DB,湖海段,18.24,都市：商,100000,843,持分移轉,08530000
RPTNMLLKRHGGFDC08DB,調和段,77.43,都市：住,100000,834,持分移轉,08480000
RPTNMLLKRHGGFDC08DB,調和段,.28,都市：住,100000,834,持分移轉,08480001
RPTNMLLKRHGGFDC08DB,調和段,.49,都市：住,100000,834,持分移轉,08490008
RPRNMLLKRHGGFDC87DB,湖海段,18.24,都市：商,100000,843,持分移轉,08530000
RPQNMLRKRHGGFDC38DB,成功段,18.52,都市：商,10000,246,持分移轉,01300000
RPQNMLRKRHGGFDC38DB,成功段,.42,都市：商,10000,246,持分移轉,01300001
RPRNMLRKRHGGFDC48DB,成功段,18.52,都市：商,10000,246,持分移轉,01300000
RPRNMLRKRHGGFDC48DB,成功段,.42,都市：商,10000,246,持分移轉,01300001
RPTNMLRKRHGGFDC68DB,成功段,18.52,都市：商,10000,246,持分移轉,01300000
RPTNMLRKRHGGFDC68DB,成功段,.42,都市：商,10000,246,持分移轉,01300001
RPSNMLRKRHGGFDC58DB,成功段,18.52,都市：商,10000,246,持分移轉,01300000
RPSNMLRKRHGGFDC58DB,成功段,.42,都市：商,10000,246,持分移轉,01300001
RPUNMLRKRHGGFDC78DB,成功段,18.52,都市：商,10000,246,持分移轉,01300000
RPUNMLRKRHGGFDC78DB,成功段,.42,都市：商,10000,246,持分移轉,01300001
RPVNMLRKRHGGFDC88DB,成功段,18.52,都市：商,10000,246,持分移轉,01300000
RPVNMLRKRHGGFDC88DB,成功段,.42,都市：商,10000,246,持分移轉,01300001
RPWNMLRKRHGGFDC98DB,成功段,18.52,都市：商,10000,246,持分移轉,01300000
RPWNMLRKRHGGFDC98DB,成功段,.42,都市：商,10000,246,持分移轉,01300001
RPOOMLRKRHGGFDC28DB,成功段,18.52,都市：商,10000,246,持分移轉,01300000
RPOOMLRKRHGGFDC28DB,成功段,.42,都市：商,10000,246,持分移轉,01300001
RPXNMLRKRHGGFDC09DB,成功段,18.52,都市：商,10000,246,持分移轉,01300000
RPXNMLRKRHGGFDC09DB,成功段,.42,都市：商,10000,246,持分移轉,01300001
RPPOMLRKRHGGFDC38DB,成功段,18.52,都市：商,10000,246,持分移轉,01300000
RPPOMLRKRHGGFDC38DB,成功段,.42,都市：商,10000,246,持分移轉,01300001
RPQNMLPKRHGGFDC08CB,調和段,30.83,都市：住,100000,156,持分移轉,13820021
RPRNMLRKRHGGFDC38CB,觀音段,51.10,都市：住,10000,145,持分移轉,00670000
RPPNMLRKRHGGFDC18CB,觀音段,31.37,都市：住,10000,89,持分移轉,00670000
RPPNMLPKRHGGFDC97CB,調和段,30.44,都市：住,100000,154,持分移轉,13820021
RPRNMLPKRHGGFDC18CB,調和段,30.24,都市：住,100000,153,持分移轉,13820021
RPSNMLPKRHGGFDC28CB,調和段,31.03,都市：住,100000,157,持分移轉,13820021
RPTNMLPKRHGGFDC38CB,調和段,30.24,都市：住,100000,153,持分移轉,13820021
RPQNMLRKRHGGFDC28CB,觀音段,51.10,都市：住,10000,145,持分移轉,00670000
RPQOMLRKRHGGFDC48DB,成功段,18.75,都市：商,10000,249,持分移轉,01300000
RPQOMLRKRHGGFDC48DB,成功段,.42,都市：商,10000,249,持分移轉,01300001
RPUOMLRKRHGGFDC88DB,成功段,18.75,都市：商,10000,249,持分移轉,01300000
RPUOMLRKRHGGFDC88DB,成功段,.42,都市：商,10000,249,持分移轉,01300001
RPVOMLRKRHGGFDC98DB,成功段,18.75,都市：商,10000,249,持分移轉,01300000
RPVOMLRKRHGGFDC98DB,成功段,.42,都市：商,10000,249,持分移轉,01300001
RPXOMLRKRHGGFDC56DB,成功段,18.75,都市：商,10000,249,持分移轉,01300000
RPXOMLRKRHGGFDC56DB,成功段,.42,都市：商,10000,249,持分移轉,01300001
RPSOMLRKRHGGFDC68DB,成功段,18.75,都市：商,10000,249,持分移轉,01300000
RPSOMLRKRHGGFDC68DB,成功段,.42,都市：商,10000,249,持分移轉,01300001
RPWOMLRKRHGGFDC09DB,成功段,18.75,都市：商,10000,249,持分移轉,01300000
RPWOMLRKRHGGFDC09DB,成功段,.42,都市：商,10000,249,持分移轉,01300001
RPROMLRKRHGGFDC58DB,成功段,18.75,都市：商,10000,249,持分移轉,01300000
RPROMLRKRHGGFDC58DB,成功段,.42,都市：商,10000,249,持分移轉,01300001
RPTOMLRKRHGGFDC78DB,成功段,18.75,都市：商,10000,249,持分移轉,01300000
RPTOMLRKRHGGFDC78DB,成功段,.42,都市：商,10000,249,持分移轉,01300001
RPXPMLRKRHGGFDC66DB,成功段,17.24,都市：商,10000,229,持分移轉,01300000
RPXPMLRKRHGGFDC66DB,成功段,.39,都市：商,10000,229,持分移轉,01300001
RPTPMLRKRHGGFDC88DB,成功段,17.24,都市：商,10000,229,持分移轉,01300000
RPTPMLRKRHGGFDC88DB,成功段,.39,都市：商,10000,229,持分移轉,01300001
RPSPMLRKRHGGFDC78DB,成功段,17.24,都市：商,10000,229,持分移轉,01300000
RPSPMLRKRHGGFDC78DB,成功段,.39,都市：商,10000,229,持分移轉,01300001
RPWPMLRKRHGGFDC56DB,成功段,17.24,都市：商,10000,229,持分移轉,01300000
RPWPMLRKRHGGFDC56DB,成功段,.39,都市：商,10000,229,持分移轉,01300001
RPVPMLRKRHGGFDC09DB,成功段,17.24,都市：商,10000,229,持分移轉,01300000
RPVPMLRKRHGGFDC09DB,成功段,.39,都市：商,10000,229,持分移轉,01300001
RPQPMLRKRHGGFDC58DB,成功段,17.24,都市：商,10000,229,持分移轉,01300000
RPOPMLRKRHGGFDC38DB,成功段,18.75,都市：商,10000,249,持分移轉,01300000
RPQPMLRKRHGGFDC58DB,成功段,.39,都市：商,10000,229,持分移轉,01300001
RPOPMLRKRHGGFDC38DB,成功段,.42,都市：商,10000,249,持分移轉,01300001
RPUPMLRKRHGGFDC98DB,成功段,17.24,都市：商,10000,229,持分移轉,01300000
RPUPMLRKRHGGFDC98DB,成功段,.39,都市：商,10000,229,持分移轉,01300001
RPRPMLRKRHGGFDC68DB,成功段,17.24,都市：商,10000,229,持分移轉,01300000
RPRPMLRKRHGGFDC68DB,成功段,.39,都市：商,10000,229,持分移轉,01300001
RPPPMLRKRHGGFDC48DB,成功段,18.75,都市：商,10000,249,持分移轉,01300000
RPPPMLRKRHGGFDC48DB,成功段,.42,都市：商,10000,249,持分移轉,01300001
RPVQMLRKRHGGFDC56DB,成功段,12.80,都市：商,10000,170,持分移轉,01300000
RPVQMLRKRHGGFDC56DB,成功段,.29,都市：商,10000,170,持分移轉,01300001
RPSQMLRKRHGGFDC88DB,成功段,12.80,都市：商,10000,170,持分移轉,01300000
RPSQMLRKRHGGFDC88DB,成功段,.29,都市：商,10000,170,持分移轉,01300001
RPUQMLRKRHGGFDC09DB,成功段,12.80,都市：商,10000,170,持分移轉,01300000
RPUQMLRKRHGGFDC09DB,成功段,.29,都市：商,10000,170,持分移轉,01300001
RPORMLRKRHGGFDC58DB,成功段,12.80,都市：商,10000,170,持分移轉,01300000
RPORMLRKRHGGFDC58DB,成功段,.29,都市：商,10000,170,持分移轉,01300001
RPXQMLRKRHGGFDC76DB,成功段,12.80,都市：商,10000,170,持分移轉,01300000
RPXQMLRKRHGGFDC76DB,成功段,.29,都市：商,10000,170,持分移轉,01300001
RPOQMLRKRHGGFDC48DB,成功段,17.24,都市：商,10000,229,持分移轉,01300000
RPOQMLRKRHGGFDC48DB,成功段,.39,都市：商,10000,229,持分移轉,01300001
RPTQMLRKRHGGFDC98DB,成功段,12.80,都市：商,10000,170,持分移轉,01300000
RPTQMLRKRHGGFDC98DB,成功段,.29,都市：商,10000,170,持分移轉,01300001
RPPRMLRKRHGGFDC68DB,成功段,12.80,都市：商,10000,170,持分移轉,01300000
RPWQMLRKRHGGFDC66DB,成功段,12.80,都市：商,10000,170,持分移轉,01300000
RPPRMLRKRHGGFDC68DB,成功段,.29,都市：商,10000,170,持分移轉,01300001
RPWQMLRKRHGGFDC66DB,成功段,.29,都市：商,10000,170,持分移轉,01300001
RPPQMLRKRHGGFDC58DB,成功段,17.24,都市：商,10000,229,持分移轉,01300000
RPPQMLRKRHGGFDC58DB,成功段,.39,都市：商,10000,229,持分移轉,01300001
RPRNMLSKRHGGFDC48CB,長潭段,1.98,都市：住,100000,135,持分移轉,08920001
RPRNMLSKRHGGFDC48CB,長潭段,15.79,都市：住,100000,135,持分移轉,09020000
RPQQMLRKRHGGFDC68DB,成功段,17.24,都市：商,10000,229,持分移轉,01300000
RPQQMLRKRHGGFDC68DB,成功段,.39,都市：商,10000,229,持分移轉,01300001
RPRQMLRKRHGGFDC78DB,成功段,12.80,都市：商,10000,170,持分移轉,01300000
RPRQMLRKRHGGFDC78DB,成功段,.29,都市：商,10000,170,持分移轉,01300001
RPQOMLKLRHGGFDC77CB,台五線段,22.15,都市：住,10000,76,持分移轉,07820000
RPPOMLKLRHGGFDC67CB,台五線段,36.15,都市：住,10000,124,持分移轉,07820000
RPQNMLSKRHGGFDC38CB,長潭段,1.64,都市：住,100000,112,持分移轉,08920001
RPQNMLSKRHGGFDC38CB,長潭段,13.10,都市：住,100000,112,持分移轉,09020000
RPPNMLNLRHGGFDC87CB,觀音段,51.81,都市：住,10000,147,持分移轉,00670000
RPQRMLRKRHGGFDC78DB,成功段,12.80,都市：商,10000,170,持分移轉,01300000
RPQRMLRKRHGGFDC78DB,成功段,.29,都市：商,10000,170,持分移轉,01300001
RPQNMLLLRHGGFDC87DB,長安段,31.21,非都市：鄉村區 ; 非都市編定：乙種建築用地,10000,173,持分移轉,02740000
