﻿編號,屋齡,建物移轉面積平方公尺,主要用途,主要建材,建築完成日期,總層數,建物分層
The serial number,room age,building shifting area square meter,the main use,main building materials,construction completes the date,total layer,building lamination
RPWOMLLKRHGGFDC48CC,28,71.07,住家用,鋼筋混凝土造,82年5月31日,五層,
RPVOMLLKRHGGFDC38CC,24,53.10,住家用,鋼筋混凝土造,86年5月8日,十一層,
RPXNMLOKRHGGFDC78CC,13,148.17,地面一至四層：一般事務所,鋼筋混凝土造,97年10月3日,4,
RPROMLOKRHGGFDC28CC,34,100.77,住家用,鋼筋混凝土造,76年9月3日,五層,
RPPOMLOKRHGGFDC08CC,22,24.57,住家用,鋼筋混凝土造,88年5月10日,七層,
RPOOMLOKRHGGFDC97CC,24,85.96,住家用,鋼筋混凝土造,86年6月7日,六層,
RPSOMLOKRHGGFDC38CC,23,57.41,住家用,鋼筋混凝土造,88年1月14日,十六層,
RPTOMLLKRHGGFDC18CC,45,59.65,住家用,鋼筋混凝土加強磚造,66年2月9日,四層,
RPXNMLLKRHGGFDC48CC,26,64.58,住宅（夾層）儲藏室,鋼筋混凝土造,84年6月10日,四層,
RPROMLLKRHGGFDC97CC,26,68.28,住家用,鋼筋混凝土造,84年2月28日,六層,
RPSOMLLKRHGGFDC08CC,23,57.41,住家用,鋼筋混凝土造,88年1月14日,十六層,
RPOOMLLKRHGGFDC67CC,,45.33,住家用,鋼筋混凝土加強磚造,,四層,
RPQOMLLKRHGGFDC87CC,40,79.61,住家用,鋼筋混凝土造,70年6月5日,五層,
RPPOMLLKRHGGFDC77CC,42,70.71,住家用,鋼筋混凝土造,68年3月14日,四層,
RPROMLPKRHGGFDC38CC,31,128.47,住家用,鋼筋混凝土造,80年1月25日,五層,
RPUOMLPKRHGGFDC68CC,64,102.21,住家用,磚造,46年6月1日,二層,
RPPOMLPKRHGGFDC18CC,23,85.46,住家用,鋼筋混凝土造,88年1月20日,七層,
RPWOMLPKRHGGFDC88CC,46,75.33,住家用,鋼筋混凝土加強磚造,64年8月2日,四層,
RPTOMLPKRHGGFDC58CC,22,24.57,住家用,鋼筋混凝土造,88年5月10日,七層,
RPWNMLPKRHGGFDC78CC,24,65.38,住家用,鋼筋混凝土造,86年7月18日,十三層,
RPVNMLPKRHGGFDC68CC,39,63.87,住家用,鋼筋混凝土造,71年2月27日,五層,
RPVOMLPKRHGGFDC78CC,26,95.47,住家用,鋼筋混凝土造,84年8月8日,六層,
RPXNMLPKRHGGFDC88CC,23,92.47,住家用,鋼筋混凝土造,88年1月14日,十五層,
RPVOMLOKRHGGFDC68CC,24,86.90,住家用,鋼筋混凝土造,86年7月18日,十五層,
RPVOMLOKRHGGFDC68CC,24,1.97,共用部份,鋼筋混凝土造,86年7月18日,四層,
RPVOMLOKRHGGFDC68CC,24,11.16,共用部份,鋼筋混凝土造,86年7月18日,十五層,
RPVOMLOKRHGGFDC68CC,24,14.52,共用部份,鋼筋混凝土造,86年7月18日,十五層,
RPXOMLPKRHGGFDC98CC,26,98.45,住家用,鋼筋混凝土造,84年11月16日,五層,
RPPPMLPKRHGGFDC28CC,24,54.24,住家用,鋼筋混凝土造,86年5月8日,十一層,
RPTOMLRKRHGGFDC78CC,30,67.22,住家用,鋼筋混凝土造,80年6月21日,四層,
RPVOMLRKRHGGFDC98CC,23,130.33,住家用,鋼筋混凝土造,88年1月14日,十六層,
RPUOMLRKRHGGFDC88CC,23,31.95,住家用,鋼筋混凝土造,88年1月14日,十六層,
RPSOMLRKRHGGFDC68CC,25,55.08,住家用,鋼筋混凝土造,85年11月29日,二十三層,
RPUPMLPKRHGGFDC78CC,39,102.67,住家用,鋼筋混凝土造,71年12月29日,五層,
RPROMLRKRHGGFDC58CC,49,73.36,住家用,鋼筋混凝土加強磚造,61年12月14日,六層,
RPWOMLRKRHGGFDC09CC,24,66.92,住家用,鋼筋混凝土造,86年4月1日,五層,
RPVPMLPKRHGGFDC88CC,25,42.60,住家用,鋼筋混凝土造,85年11月29日,二十三層,
RPOPMLRKRHGGFDC38CC,4,122.88,集合住宅,鋼筋混凝土造,106年10月18日,十五層,
RPPPMLRKRHGGFDC48CC,36,100.82,住家用,鋼筋混凝土造,74年8月3日,五層,
RPRPMLRKRHGGFDC68CC,45,92.45,住家用,鋼筋混凝土加強磚造,65年6月26日,四層,
RPVPMLRKRHGGFDC09CC,23,24.46,住家用,鋼筋混凝土造,88年1月14日,十六層,
RPOQMLRKRHGGFDC48CC,23,79.53,住家用,鋼筋混凝土造,88年1月22日,七層,
RPWPMLRKRHGGFDC56CC,23,32.49,住家用,鋼筋混凝土造,88年1月22日,七層,
RPXPMLRKRHGGFDC66CC,27,99.49,住家用,鋼筋混凝土造,83年4月29日,七層,
RPTPMLRKRHGGFDC88CC,,53.08,住家用,加強磚造,,四層,
RPUPMLRKRHGGFDC98CC,24,68.49,住家用,鋼筋混凝土造,86年5月27日,四層,
RPSPMLRKRHGGFDC78CC,23,102.00,住家用,鋼筋混凝土造,88年1月14日,十六層,
RPQPMLRKRHGGFDC58CC,40,111.22,住家用,鋼筋混凝土造,70年12月7日,四層,
