﻿編號,車位類別,車位價格,車位面積平方公尺,車位所在樓層
Serial number,berth category,berth price,berth area square meter,
RPRPMLPKRHGGFAD28CC,坡道平面,0,45.61,地下二樓
RPTOMLQKRHGGFCD68CC,坡道平面,0,,地下一樓
RPSOMLPKRHGGFCD48CC,坡道平面,0,29.01,地下二樓
RPPOMLQKRHGGFBD18CC,坡道平面,0,25.60,地下二樓
RPUNMLRKRHGGFID76CC,坡道平面,0,17.45,地下四樓
RPVNMLRKRHGGFID86CC,坡道平面,0,17.45,地下三樓
RPQNMLQKRHGGFKD09CC,坡道機械,0,,地下二樓
RPTNMLRKRHGGFCD68CC,坡道平面,0,33.74,地下一樓
RPUNMLRKRHGGFAD58CC,坡道平面,0,,地下二樓
RPQNMLKLRHGGFAD57CC,坡道平面,0,26.64,地下二樓
