﻿編號,車位類別,車位價格,車位面積平方公尺,車位所在樓層
Serial number,berth category,berth price,berth area square meter,
RPPOMLLKRHGGFBE77CC,坡道平面,1700,12.65,地下五樓含以下
RPUNMLLKRHGGFBE18CC,坡道平面,1800,12.66,地下四樓
RPVQMLNKRHGGFEE09CC,坡道平面,0,35.03,地下二樓
RPSOMLNKRHGGFDE48CC,坡道機械,2500,,地下二樓
RPOPMLOKRHGGFAE97CC,坡道平面,1000,20.18,地下二樓
RPSPMLOKRHGGFEE78CC,坡道平面,0,18.64,地下三樓
RPRPMLOKRHGGFEE68CC,坡道平面,0,32.49,地下三樓
RPQPMLOKRHGGFEE58CC,坡道平面,0,,地下一樓
RPRSMLOKRHGGFCE78CC,坡道機械,0,8.68,地下三樓
RPXOMLPKRHGGFCE09CC,坡道平面,0,22.09,地下三樓
RPUOMLPKRHGGFAE58CC,升降機械,0,,地下三樓
RPUNMLPKRHGGFBE58CC,塔式車位,0,16.98,地下二樓
RPUOMLPKRHGGFIE86DC,坡道平面,0,33.05,地下二樓
RPSQMLQKRHGGFIE86CC,坡道平面,0,49.38,地下三樓
RPOPMLQKRHGGFEE58CC,升降機械,0,9.43,地下二樓
RPXNMLRKRHGGFCE56CC,坡道平面,0,24.86,地下三樓
RPPOMLRKRHGGFCE48CC,坡道平面,0,24.05,地下二樓
RPOOMLRKRHGGFCE38CC,坡道平面,0,23.19,地下四樓
RPTOMLRKRHGGFBE78CC,坡道平面,0,16.86,地下五樓含以下
RPTOMLRKRHGGFBE78CC,坡道平面,0,16.86,地下五樓含以下
RPWPMLRKRHGGFEE86CC,坡道平面,0,33.01,地下四樓
