﻿鄉鎮市區,交易標的,土地位置建物門牌,土地面積平方公尺,都市土地使用分區,非都市土地使用分區,非都市土地使用編定,租賃年月日,租賃筆棟數,租賃層次,總樓層數,建物型態,主要用途,主要建材,建築完成年月,建物總面積平方公尺,建物現況格局-房,建物現況格局-廳,建物現況格局-衛,建物現況格局-隔間,有無管理組織,有無附傢俱,總額元,單價元平方公尺,車位類別,車位面積平方公尺,車位總額元,備註,編號
The villages and towns urban district,transaction sign,land sector position building sector house number plate,land shifting total area square meter,the use zoning or compiles and checks,the non-metropolis land use district,non-metropolis land use,transaction year month and day,transaction pen number,shifting level,total floor number,building state,main use,main building materials,construction to complete the years,building shifting total area,Building present situation pattern - room,building present situation pattern - hall,building present situation pattern - health,building present situation pattern - compartmented,Whether there is manages the organization,Whether there is attaches the furniture,total price NTD,the unit price (NTD / square meter),the berth category,berth shifting total area square meter,the berth total price NTD,the note,serial number
苓雅區,車位,高雄市苓雅區新光路６２巷B４-１３車位,0.0,商,,,1100617,土地0建物0車位1,,,其他,,,,0.0,0,0,0,有,有,無,1800,,坡道平面,12.66,1800,,RPUNMLLKRHGGFBE18CC
苓雅區,建物,高雄市苓雅區中正三路２號６樓B室,0.0,商,,,1100911,土地0建物1車位0,六層,21,辦公商業大樓,,鋼筋混凝土造,0741022,102.14,0,0,0,無,無,有,23607,231,,0.0,0,,RPVNMLLKRHGGFBE28CC
新興區,建物,高雄市新興區六合二路５６號５樓之３,0.0,商,,,1100819,土地0建物1車位0,五層,12,套房(1房1廳1衛),,鋼筋混凝土造,0721021,32.25,1,0,1,有,有,有,7200,223,,0.0,0,,RPXNMLLKRHGGFBE48CC
苓雅區,車位,高雄市苓雅區新光路６２巷B５-００２車位,0.0,商,,,1100907,土地0建物0車位1,,,其他,,,,0.0,0,0,0,有,有,無,1700,,坡道平面,12.65,1700,,RPPOMLLKRHGGFBE77CC
苓雅區,建物,高雄市苓雅區福德一路１３４巷１２弄７號四樓之２,0.0,住,,,1100823,土地0建物1車位0,四層,5,公寓(5樓含以下無電梯),,鋼筋混凝土造,0681119,99.08,3,1,2,有,無,有,10000,101,,0.0,0,,RPQOMLLKRHGGFBE87CC
鼓山區,房地(土地+建物),高雄市鼓山區青海路１９３號,103.56,住,,,1100909,土地1建物1車位0,全,5,透天厝,住商用,鋼筋混凝土造,0941208,313.01,0,0,0,無,無,無,70000,224,,0.0,0,本租賃建築物是透天五樓的產品   這次租賃範圍只有一、二樓部分租期5年（前30個月租金7萬  後30個月租金7.8萬）    租賃時間由110年10月10日開始起租,RPRNMLLKRHGGFAE77CC
三民區,建物,高雄市三民區義永路２３巷１弄７之２號,0.0,商,,,1100817,土地0建物1車位0,三層,5,公寓(5樓含以下無電梯),,鋼筋混凝土造,0691201,82.0,3,1,2,有,無,有,8500,104,,0.0,0,,RPQPMLLKRHGGFDE18CC
三民區,建物,高雄市三民區博愛一路１號７樓之９,0.0,商,,,1100819,土地0建物1車位0,七層,13,套房(1房1廳1衛),,鋼筋混凝土造,0710401,38.18,1,0,1,有,有,有,6000,157,,0.0,0,,RPVPMLLKRHGGFDE68CC
左營區,建物,高雄市左營區新莊仔路１４５巷７號,0.0,住,,,1100904,土地0建物1車位0,全,4,透天厝,住家用,鋼筋混凝土結構造,0991110,16.83,1,0,1,有,無,有,6000,357,,0.0,0,本案為共格10間分租套房，本次僅出租16.83平方公尺,RPPQMLLKRHGGFEE28CC
燕巢區,建物,高雄市燕巢區橫山路９２號４樓之１５,0.0,,特定農業區,甲種建築用地,1100901,土地0建物1車位0,四層,7,華廈(10層含以下有電梯),集合住宅,鋼筋混凝土造,1070820,30.26,1,0,1,有,無,有,5800,192,,0.0,0,面馬路採光好,RPQOMLLKRHGGFFE28CC
燕巢區,建物,高雄市燕巢區橫山路９２號３樓之３,0.0,,特定農業區,甲種建築用地,1100901,土地0建物1車位0,三層,7,華廈(10層含以下有電梯),集合住宅,鋼筋混凝土造,1070820,29.62,1,0,1,有,無,有,5800,196,,0.0,0,面馬路採光好,RPROMLLKRHGGFFE38CC
燕巢區,建物,高雄市燕巢區橫山路９２號３樓之７,0.0,,特定農業區,甲種建築用地,1100902,土地0建物1車位0,三層,7,華廈(10層含以下有電梯),工業用,鋼筋混凝土造,0780820,29.62,1,0,1,有,無,有,5800,196,,0.0,0,面馬路採光好,RPSOMLLKRHGGFFE48CC
燕巢區,建物,高雄市燕巢區橫山路９２號７樓之１０,0.0,,特定農業區,甲種建築用地,1100901,土地0建物1車位0,七層,7,華廈(10層含以下有電梯),集合住宅,鋼筋混凝土造,1070820,33.519999999999996,1,0,1,有,無,有,7500,224,,0.0,0,雙人房,RPUOMLLKRHGGFFE68CC
燕巢區,建物,高雄市燕巢區橫山路９２號７樓之２１,0.0,,特定農業區,甲種建築用地,1100901,土地0建物1車位0,七層,7,華廈(10層含以下有電梯),集合住宅,鋼筋混凝土造,1070820,29.62,1,0,1,有,無,有,5500,186,,0.0,0,面樹林採光不好,RPOPMLLKRHGGFFE18CC
燕巢區,建物,高雄市燕巢區橫山路９２號７樓之１３,0.0,,特定農業區,甲種建築用地,1100902,土地0建物1車位0,七層,7,華廈(10層含以下有電梯),集合住宅,鋼筋混凝土造,1070820,29.62,1,0,1,有,無,有,5800,196,,0.0,0,面馬路採光好,RPPPMLLKRHGGFFE28CC
燕巢區,建物,高雄市燕巢區橫山路９２號四樓之８,0.0,,特定農業區,甲種建築用地,1100903,土地0建物1車位0,四層,7,華廈(10層含以下有電梯),集合住宅,鋼筋混凝土造,1070820,29.62,1,0,1,有,無,有,5800,196,,0.0,0,面馬路採光好,RPQPMLLKRHGGFFE38CC
燕巢區,建物,高雄市燕巢區橫山路９２號７樓之５,0.0,,特定農業區,甲種建築用地,1100904,土地0建物1車位0,七層,7,華廈(10層含以下有電梯),集合住宅,鋼筋混凝土造,1070820,29.62,1,0,1,有,無,有,5800,196,,0.0,0,面馬路採光好,RPRPMLLKRHGGFFE48CC
燕巢區,建物,高雄市燕巢區橫山路９２號３樓之一,0.0,,特定農業區,甲種建築用地,1100906,土地0建物1車位0,三層,7,華廈(10層含以下有電梯),集合住宅,鋼筋混凝土造,1070820,30.26,1,0,1,有,無,有,5800,192,,0.0,0,面馬路採光好,RPSPMLLKRHGGFFE58CC
大社區,建物,高雄市大社區中華路８９巷３２號之一號,0.0,住,,,1100904,土地0建物1車位0,全,4,透天厝,集合住宅,鋼筋混凝土,1070606,25.63,1,0,1,有,無,有,5800,226,,0.0,0,本案為共隔19間分租套房，本次僅出租此間為25.63平方公尺,RPTOMLLKRHGGFIE88CC
大社區,房地(土地+建物),高雄市大社區中山路１０５號,80.0,住,,,1100910,土地2建物1車位0,見其他登記事項,3,店面(店鋪),住商用,鋼筋混凝土造,0760420,158.15,4,1,3,有,無,無,32000,202,,0.0,0,,RPRPMLNKRHGGFIE98CC
大社區,土地,中里段1120-16地號,82.64,工,,,1100816,土地1建物0車位0,,,其他,,,,0.0,0,0,0,有,無,無,10000,121,,0.0,0,租賃部分面積約82.64平方公尺。含增建或未登記建物。,RPQQMLNKRHGGFIE98CC
大社區,土地,保甲段307地號,363.63,農,,,1100909,土地1建物0車位0,,,其他,,,,0.0,0,0,0,有,無,無,33000,91,,0.0,0,含增建或未登記建物。；1. 實際承租地坪約為110坪2. 承租未保存登記建物約為100坪,RPUQMLNKRHGGFIE76CC
仁武區,房地(土地+建物),高雄市仁武區仁雄路３５０號,129.61,住,,,1100909,土地1建物1車位0,全,4,透天厝,店舖、住宅、樓梯間,鋼筋混凝土造,1010330,319.49,4,4,6,有,無,有,50000,156,,0.0,0,,RPORMLNKRHGGFIE88CC
前鎮區,建物,高雄市前鎮區英德橫巷２弄８號,0.0,住,,,1100818,土地0建物1車位0,一層,4,公寓(5樓含以下無電梯),,鋼筋混凝土造,0660322,50.01,3,2,1,有,無,有,8000,160,,0.0,0,,RPRNMLNKRHGGFCE18CC
鳳山區,建物,高雄市鳳山區文雅東街９巷１之１號２樓,0.0,住,,,1100823,土地0建物1車位0,二層,5,公寓(5樓含以下無電梯),住家用,鋼筋混凝土造,0730720,87.66,3,1,2,有,無,有,7000,80,,0.0,0,,RPWNMLNKRHGGFGE09CC
大樹區,房地(土地+建物),高雄市大樹區九曲路５巷１９號,597.84,工,,,1100825,土地2建物1車位0,見其他登記事項,1,工廠,作業廠房,鋼骨造,1071026,167.33,0,0,0,無,無,無,58000,,,0.0,0,,RPPPMLNKRHGGFGE58CC
鳳山區,房地(土地+建物),高雄市鳳山區鳳南路１４８號,66.0,住,,,1100913,土地1建物1車位0,全,3,透天厝,住商用,鋼筋混凝土造,0620615,131.15,5,3,3,有,無,無,22000,168,,0.0,0,,RPQPMLNKRHGGFGE68CC
岡山區,土地,程香段150地號,5745.0,其他,,,1100827,土地2建物0車位0,,,其他,,,,0.0,0,0,0,有,無,無,180000,31,,0.0,0,,RPSPMLNKRHGGFFE78CC
橋頭區,房地(土地+建物),高雄市橋頭區甲昌路２８１號,81.8,,鄉村區,乙種建築用地,1100825,土地1建物1車位0,全,4,透天厝,住商用,鋼筋混凝土造,0930517,185.13,5,1,3,有,無,有,19500,105,,0.0,0,,RPSQMLNKRHGGFFE88CC
楠梓區,房地(土地+建物),高雄市楠梓區廣昌街１８２巷７１號,101.0,商,,,1100815,土地1建物1車位0,全,3,透天厝,,鋼筋混凝土造,0771107,145.4,4,1,2,有,無,有,5000,34,,0.0,0,,RPUQMLNKRHGGFEE98CC
左營區,房地(土地+建物)+車位,高雄市左營區大順一路２７２號４樓之１,18.46,住,,,1100828,土地1建物1車位1,四層,14,住宅大樓(11層含以上有電梯),住家用,鋼筋混凝土造,0931227,163.51,4,2,2,有,有,有,18000,110,坡道平面,35.03,0,續租。；,RPVQMLNKRHGGFEE09CC
三民區,房地(土地+建物),高雄市三民區建和街３號８樓,11.76,商,,,1100903,土地1建物1車位0,八層,12,住宅大樓(11層含以上有電梯),住家用,鋼筋混凝土造,0860902,140.7,4,2,2,有,有,有,18000,128,,0.0,0,,RPROMLNKRHGGFDE38CC
三民區,房地(土地+建物)+車位,高雄市三民區慶雲街１２３號２３樓,9.8,商,,,1100903,土地1建物1車位1,二十三層,26,住宅大樓(11層含以上有電梯),住家用,鋼筋混凝土造,0841219,175.7,3,2,2,有,有,有,15000,85,坡道機械,0.0,2500,,RPSOMLNKRHGGFDE48CC
三民區,建物,高雄市三民區建國二路１００號４樓之７,0.0,商,,,1100827,土地0建物1車位0,四層,12,套房(1房1廳1衛),住家用,鋼筋混凝土造,0830629,35.120000000000005,1,0,1,有,有,有,6000,171,,0.0,0,,RPTOMLNKRHGGFDE58CC
前金區,房地(土地+建物),高雄市前金區新盛二街８３號４樓之３,5.2,商,,,1100830,土地1建物1車位0,四層,8,華廈(10層含以下有電梯),,鋼筋混凝土造,0700713,31.89,1,0,1,有,有,有,9000,282,,0.0,0,,RPOPMLNKRHGGFAE87CC
前金區,建物,高雄市前金區六合二路１２４號６樓之２,0.0,商,,,1100823,土地0建物1車位0,六層,10,套房(1房1廳1衛),,鋼筋混凝土造,0700619,53.93,1,0,1,有,有,有,11500,213,,0.0,0,,RPPPMLNKRHGGFAE97CC
新興區,房地(土地+建物),高雄市新興區復興一路５３號,38.46,商,,,1100819,土地1建物1車位0,見其他登記事項,12,店面(店鋪),,鋼筋混凝土造,0720505,327.56,2,1,2,有,有,有,38000,116,,0.0,0,,RPTNMLNKRHGGFBE28CC
新興區,建物,高雄市新興區中山一路２６３號６樓之４,0.0,商,,,1100823,土地0建物1車位0,六層,12,住宅大樓(11層含以上有電梯),,鋼筋混凝土造,0721227,51.31999999999999,0,0,0,無,無,有,8000,156,,0.0,0,,RPUNMLNKRHGGFBE38CC
新興區,建物,高雄市新興區中山一路２６３號７樓之１０,0.0,商,,,1100817,土地0建物1車位0,見其他登記事項,12,住宅大樓(11層含以上有電梯),,鋼筋混凝土造,0721227,50.94,0,0,0,無,無,有,9000,177,,0.0,0,,RPVNMLNKRHGGFBE48CC
新興區,建物,高雄市新興區中山一路２６３號６樓之９,0.0,商,,,1100817,土地0建物1車位0,見其他登記事項,12,住宅大樓(11層含以上有電梯),,鋼筋混凝土造,0721227,52.66,0,0,0,無,無,有,9000,171,,0.0,0,,RPWNMLNKRHGGFBE58CC
苓雅區,建物,高雄市苓雅區渤海街６號１１樓之９,0.0,商,,,1100820,土地0建物1車位0,見其他登記事項,12,住宅大樓(11層含以上有電梯),,鋼筋混凝土造,0710227,100.02,3,1,2,有,無,有,12000,120,,0.0,0,,RPXNMLNKRHGGFBE68CC
新興區,房地(土地+建物),高雄市新興區文化路２４號,17.77,商,,,1100906,土地1建物1車位0,一層,4,店面(店鋪),,鋼筋混凝土造,0610502,68.7,0,1,0,有,無,無,56000,815,,0.0,0,,RPPOMLNKRHGGFBE97CC
新興區,建物,高雄市新興區中山一路２６３號１０樓之２,0.0,商,,,1100818,土地0建物1車位0,十層,12,住宅大樓(11層含以上有電梯),,鋼筋混凝土造,0721227,51.29,0,0,0,無,無,有,9000,175,,0.0,0,,RPQOMLNKRHGGFBE08CC
新興區,房地(土地+建物),高雄市新興區民生一路２４７號１３樓之２之３,57.26,商,,,1100910,土地1建物2車位0,十三層,18,辦公商業大樓,商業用,鋼筋混凝土造,0801219,562.86,0,0,0,無,有,無,60300,107,,0.0,0,,RPTOMLNKRHGGFBE38CC
新興區,建物,高雄市新興區中山一路２６３號１２樓之８,0.0,商,,,1100815,土地0建物1車位0,十二層,12,套房(1房1廳1衛),,鋼筋混凝土造,0721227,52.66,1,0,1,有,有,有,8000,152,,0.0,0,,RPUOMLNKRHGGFBE48CC
苓雅區,建物,高雄市苓雅區新光路６２巷１０號４樓之１,0.0,商,,,1100909,土地0建物1車位0,四層,35,住宅大樓(11層含以上有電梯),住家用,鋼筋混凝土造,0860421,167.31,3,2,2,有,有,有,16000,96,,0.0,0,租賃範圍不含車位，且無法區分車位面積。；,RPOPMLNKRHGGFBE97CC
苓雅區,建物,高雄市苓雅區自強三路２０巷１６號,0.0,商,,,1100906,土地0建物1車位0,一層,35,店面(店鋪),住商用,鋼筋混凝土造,0860421,167.24,2,2,3,有,有,無,16000,96,,0.0,0,租賃範圍不含車位，且無法區分車位面積。；,RPPPMLNKRHGGFBE08CC
苓雅區,房地(土地+建物),高雄市苓雅區新光路２８巷５０之２號,16.63,商,,,1100831,土地1建物1車位0,三層,5,公寓(5樓含以下無電梯),,鋼筋混凝土造,0661110,53.35,2,0,1,有,無,有,9000,169,,0.0,0,,RPXPMLNKRHGGFBE88CC
苓雅區,房地(土地+建物),高雄市苓雅區林南街２７巷９號５樓,26.28,住,,,1100908,土地1建物1車位0,五層,5,套房(1房1廳1衛),,鋼筋混凝土造,0700118,76.29,1,1,1,有,無,有,5800,76,,0.0,0,,RPTNMLOKRHGGFBE38CC
前金區,房地(土地+建物),高雄市前金區中華三路６７號,53.31,商,,,1100914,土地1建物1車位0,一層,12,店面(店鋪),,鋼筋混凝土造,0730712,182.59,0,0,0,無,無,無,45000,246,,0.0,0,,RPUOMLOKRHGGFAE48CC
鼓山區,建物,高雄市鼓山區昌盛路３３４號１３樓,0.0,商,,,1100902,土地0建物1車位0,十三層,13,辦公商業大樓,商業用,鋼筋混凝土造,0790122,218.47,0,0,0,無,無,有,27000,124,,0.0,0,,RPVOMLOKRHGGFAE58CC
鹽埕區,建物,高雄市鹽埕區府北路２５號８樓之一,0.0,,,,1100907,土地0建物1車位0,八層,12,住宅大樓(11層含以上有電梯),,鋼筋混凝土造,0701124,25.169999999999998,1,0,1,有,無,有,5590,222,,0.0,0,,RPXOMLOKRHGGFAE78CC
鼓山區,建物,高雄市鼓山區裕誠路１９２０號２樓,0.0,住,,,1100824,土地0建物1車位1,二層,14,住宅大樓(11層含以上有電梯),住家用,鋼筋混凝土造,0931018,140.32999999999998,3,1,2,有,有,有,16200,127,坡道平面,20.18,1000,110年11月30日起租。,RPOPMLOKRHGGFAE97CC
三民區,建物,高雄市三民區愛國路９７號４樓之２３,0.0,住,,,1100823,土地0建物1車位0,四層,10,套房(1房1廳1衛),商業用,鋼筋混凝土造,0950726,16.009999999999998,1,0,1,有,無,有,5000,312,,0.0,0,含機車車位1個。,RPQNNLOKRHGGFDE38CC
楠梓區,建物,高雄市楠梓區芎蕉五街１５７號３樓之５,0.0,住,,,1100821,土地0建物1車位0,三層,6,華廈(10層含以下有電梯),住家用,鋼筋混凝土結構造,0900907,32.120000000000005,1,0,1,有,有,有,7500,233,,0.0,0,,RPWOMLOKRHGGFEE09CC
楠梓區,房地(土地+建物)+車位,高雄市楠梓區藍昌路３６０巷６８號１１樓,5.82,住,,,1100907,土地1建物2車位1,十一層,15,住宅大樓(11層含以上有電梯),集合住宅,鋼筋混凝土,1040529,46.56,3,2,2,有,有,有,25000,537,坡道平面,0.0,0,,RPQPMLOKRHGGFEE58CC
楠梓區,建物,高雄市楠梓區楠梓路２６９巷２９號四樓,0.0,住,,,1100902,土地0建物1車位1,四層,23,住宅大樓(11層含以上有電梯),集合住宅,鋼筋混凝土造,1090904,131.82999999999998,2,2,1,有,有,有,18000,137,坡道平面,32.49,0,,RPRPMLOKRHGGFEE68CC
左營區,房地(土地+建物)+車位,高雄市左營區文天路１３５號９樓之１,12.12,商,,,1100906,土地1建物1車位1,九層,15,住宅大樓(11層含以上有電梯),住家用,鋼筋混凝土造,1021111,166.16,3,2,2,有,有,有,30500,184,坡道平面,18.64,0,,RPSPMLOKRHGGFEE78CC
左營區,建物,高雄市左營區孟子路６８０號,0.0,住,,,1100902,土地0建物0車位0,見其他登記事項,5,店面(店鋪),住商用,鋼筋混凝土造,0950511,89.27,0,1,1,有,無,無,45000,504,,0.0,0,含增建或未登記建物。；一個建號為部分承租。兩個門牌。租金調漲：自民國110年10月1日起至民國111年9月30日止每月應繳月租金新台幣肆萬伍仟元整。自民國111年10月1日起至民國112年9月30日止每月應繳月租金新台幣伍萬元整。,RPTPMLOKRHGGFEE88CC
左營區,房地(土地+建物),高雄市左營區文自路３２５號７樓之５,9.04,商,,,1100906,土地1建物1車位0,七層,15,住宅大樓(11層含以上有電梯),集合住宅,鋼筋混凝土,1080718,87.47,2,1,1,有,有,有,23000,263,,0.0,0,,RPVPMLOKRHGGFEE09CC
岡山區,房地(土地+建物),高雄市岡山區中山北路１４０號５樓之３,35.33,住,,,1100910,土地1建物1車位0,五層,15,住宅大樓(11層含以上有電梯),住家用,鋼筋混凝土造,0821125,126.23,1,1,2,有,無,有,13000,103,,0.0,0,,RPWOMLOKRHGGFFE56CC
燕巢區,建物,高雄市燕巢區橫山路９２號５樓之１３,0.0,,特定農業區,甲種建築用地,1100910,土地0建物1車位0,五層,7,華廈(10層含以下有電梯),集合住宅,鋼筋混凝土造,1070820,29.62,1,0,1,有,無,有,5800,196,,0.0,0,面馬路採光好,RPQPMLOKRHGGFFE68CC
燕巢區,建物,高雄市燕巢區橫山路９２號５樓之１９,0.0,,特定農業區,甲種建築用地,1100910,土地0建物1車位0,五層,7,華廈(10層含以下有電梯),集合住宅,鋼筋混凝土造,1070820,29.62,1,0,1,有,無,有,5500,186,,0.0,0,面樹林採光不好,RPRPMLOKRHGGFFE78CC
鳳山區,建物,高雄市鳳山區臨海街１７號,0.0,住,,,1100907,土地0建物1車位0,全,3,透天厝,住家用,加強磚造,0601230,19.89,1,0,1,有,無,有,7000,352,,0.0,0,,RPVOMLOKRHGGFGE56CC
鳳山區,建物,高雄市鳳山區臨海街１７號,0.0,住,,,1100908,土地0建物1車位0,全,3,透天厝,住家用,加強磚造,0601230,19.89,1,0,1,有,無,有,7000,352,,0.0,0,,RPXOMLOKRHGGFGE76CC
鳳山區,建物,高雄市鳳山區五福二路１００巷５１弄８之４號,0.0,住,,,1100825,土地0建物1車位0,五層,5,公寓(5樓含以下無電梯),住家用,鋼筋混凝土造,0680120,56.1,2,0,2,有,無,有,5900,105,,0.0,0,,RPOPMLOKRHGGFGE58CC
前鎮區,建物,高雄市前鎮區新光路２１號２４樓-５,0.0,商,,,1100909,土地0建物1車位0,二十四層,39,住宅大樓(11層含以上有電梯),住家用,鋼骨造,0880209,39.58,1,0,1,有,有,有,8000,202,,0.0,0,,RPTNMLOKRHGGFCE48CC
前鎮區,建物,高雄市前鎮區二聖一巷６號５樓,0.0,住,,,1100823,土地0建物1車位0,五層,5,公寓(5樓含以下無電梯),,鋼筋混凝土造,0731003,71.48,2,1,1,有,無,有,4500,63,,0.0,0,,RPOSMLOKRHGGFCE48CC
前鎮區,房地(土地+建物),高雄市前鎮區中山二路１８２號７樓,7.61,商,,,1100904,土地1建物1車位0,七層,15,住宅大樓(11層含以上有電梯),住家用,鋼筋混凝土造,1000125,91.93,2,1,1,有,有,有,23500,256,,0.0,0,,RPPSMLOKRHGGFCE58CC
前鎮區,房地(土地+建物)+車位,高雄市前鎮區鄭和南路３５３號２４樓,12.2,商,,,1100823,土地1建物1車位1,二十四層,27,住宅大樓(11層含以上有電梯),住家用,鋼筋混凝土造,0960509,139.6,3,2,2,有,有,有,25500,183,坡道機械,8.68,0,,RPRSMLOKRHGGFCE78CC
鳥松區,土地,feef埔段1163地號,330.57,農,,,1100910,土地1建物0車位0,,,其他,,,,0.0,0,0,0,有,無,無,25000,76,,0.0,0,含增建或未登記建物。；1. 實際承租地坪約為100坪2. 承租未保存登記建物約為92坪,RPWNMLOKRHGGFIE76CC
鳥松區,土地,feef埔段1298-8地號,425.0,農,,,1100910,土地1建物0車位0,,,其他,,,,0.0,0,0,0,有,無,無,48000,113,,0.0,0,含增建或未登記建物。；1. 承租未保存登記建物約為100坪,RPVOMLOKRHGGFIE76CC
大社區,建物,高雄市大社區中華路８９巷３２之一號,0.0,住,,,1100908,土地0建物1車位0,全,4,透天厝,集合住宅,鋼筋混凝土,1070606,25.63,1,0,1,有,無,有,5500,215,,0.0,0,本案為共隔19間分租套房，本次僅出租此間為25.63平方公尺,RPPPMLOKRHGGFIE88CC
湖內區,房地(土地+建物),高雄市湖內區民權路１３２號,296.63,商,,,1100914,土地1建物1車位0,全,4,透天厝,住家用,鋼筋混凝土造,0841230,226.4,5,2,2,有,無,無,14000,62,,0.0,0,,RPSNMLOKRHGGFJE09CC
湖內區,房地(土地+建物),高雄市湖內區民權路１３２號,296.63,商,,,1100914,土地1建物1車位0,全,4,透天厝,住家用,鋼筋混凝土造,0841230,142.69,0,1,2,有,無,無,18000,126,,0.0,0,,RPTNMLOKRHGGFJE56CC
湖內區,房地(土地+建物),高雄市湖內區民權路１３２號,296.63,商,,,1100914,土地1建物1車位0,全,4,透天厝,住家用,鋼筋混凝土造,0841230,142.69,7,0,2,有,無,無,18000,126,,0.0,0,,RPUNMLOKRHGGFJE66CC
大寮區,土地,赤崁段潮州寮小段5067地號,280.0,農,,,1100828,土地1建物0車位0,,,其他,,,,0.0,0,0,0,有,無,無,23000,82,,0.0,0,含增建或未登記建物。；承租未保存登記建物約60坪,RPVNMLPKRHGGFLE07CC
仁武區,房地(土地+建物),高雄市仁武區名光街５６號九樓,13.42,住,,,1100827,土地1建物1車位0,九層,15,住宅大樓(11層含以上有電梯),集合住宅,鋼筋混凝土造,1040724,51.07,2,2,1,有,有,有,13000,255,,0.0,0,,RPQOMLPKRHGGFIE09DC
仁武區,房地(土地+建物)+車位,高雄市仁武區八德北路７２２號二樓,18.43,住,,,1100819,土地1建物1車位1,二層,10,住宅大樓(11層含以上有電梯),集合住宅,鋼筋混凝土造,1041217,99.83,3,2,2,有,有,有,26000,260,坡道平面,33.05,0,,RPUOMLPKRHGGFIE86DC
仁武區,土地,澄清段78-2地號,33.05,住,,,1100914,土地1建物0車位0,,,其他,,,,0.0,0,0,0,有,無,無,6000,182,,0.0,0,含增建或未登記建物。；1. 實際承租地坪約為10坪2. 承租未保存登記建物約為6坪,RPROMLPKRHGGFIE09CC
前鎮區,建物,高雄市前鎮區管仲南路３５６號二樓之１,0.0,商,,,1100914,土地0建物1車位1,二層,15,住宅大樓(11層含以上有電梯),住家用,鋼筋混凝土結構造,0960126,150.62,3,2,2,有,有,有,25000,166,坡道平面,22.09,0,租金含管理費。,RPXOMLPKRHGGFCE09CC
前鎮區,房地(土地+建物),高雄市前鎮區中山二路９０號７F,6.77,住,,,1100901,土地1建物1車位0,七層,19,住宅大樓(11層含以上有電梯),住家用,鋼筋混凝土造,0981224,110.96,2,1,1,有,有,有,24000,216,,0.0,0,含管理費,RPPQMLPKRHGGFCE48CC
前鎮區,房地(土地+建物),高雄市前鎮區鄭和南路３６５號２０樓,24.39,住,,,1100915,土地1建物1車位0,二十層,27,住宅大樓(11層含以上有電梯),住家用,鋼筋混凝土造,0960509,301.43,4,2,2,有,有,有,43138,143,,0.0,0,續租。；,RPQQMLPKRHGGFCE58CC
小港區,建物,高雄市小港區民航三街７之１號,0.0,住,,,1100824,土地0建物1車位0,二層,4,公寓(5樓含以下無電梯),,鋼筋混凝土造,0670605,69.54,3,1,2,有,無,有,10000,144,,0.0,0,住宅及都市更新中心社會住宅包租代管計畫,RPSRMLPKRHGGFCE88CC
鳳山區,房地(土地+建物),高雄市鳳山區凱旋路８８之６號,105.06,住,,,1100914,土地1建物1車位0,全,5,透天厝,店舖、停車空間、住宅、樓梯間、機械房,鋼筋混凝土造,1010401,261.46,5,3,6,有,無,有,38000,145,,0.0,0,,RPUOMLPKRHGGFGE56CC
燕巢區,建物,高雄市燕巢區橫山路９２號６樓之２５,0.0,,特定農業區,甲種建築用地,1100910,土地0建物1車位0,六層,7,華廈(10層含以下有電梯),集合住宅,鋼筋混凝土造,1070820,29.62,1,0,1,有,無,有,5500,186,,0.0,0,面樹林採光不好,RPVPMLPKRHGGFFE66CC
橋頭區,土地,筆秀段79地號,1124.0,其他,,,1100909,土地1建物0車位0,,,其他,,,,0.0,0,0,0,有,無,無,103000,92,,0.0,0,含增建或未登記建物。；承租地坪約340坪，承租未保存登記建物約305坪,RPXPMLPKRHGGFFE86CC
岡山區,建物,高雄市岡山區岡山路１７２號３樓,0.0,住,,,1100907,土地0建物0車位0,三層,16,住宅大樓(11層含以上有電梯),住家用,鋼筋混凝土造,0821220,25.04,1,0,1,有,有,有,6500,260,,0.0,0,,RPPQMLPKRHGGFFE78CC
岡山區,建物,高雄市岡山區岡山路１７２號３樓之１,0.0,住,,,1100913,土地0建物0車位0,三層,16,住宅大樓(11層含以上有電梯),住家用,鋼筋混凝土造,0821220,19.3,1,0,1,有,無,有,3500,181,,0.0,0,承租分租之一部分房間,RPQQMLPKRHGGFFE88CC
左營區,房地(土地+建物),高雄市左營區文慈路２８９巷１號,12.85,住,,,1100821,土地1建物1車位0,見其他登記事項,13,店面(店鋪),住家用,鋼筋混凝土造,0840818,117.7,5,2,2,有,無,有,27000,229,,0.0,0,,RPSNMLPKRHGGFEE68CC
楠梓區,房地(土地+建物),高雄市楠梓區德賢路５３０巷３號,22.35,住,,,1100820,土地1建物1車位0,見其他登記事項,13,住宅大樓(11層含以上有電梯),住商用,鋼筋混凝土造,0831027,142.23000000000002,2,2,2,有,有,無,28000,197,,0.0,0,,RPTOMLPKRHGGFEE88CC
左營區,建物,高雄市左營區自由二路１４０號,0.0,住,,,1100910,土地0建物1車位0,見其他登記事項,14,店面(店鋪),住商用,鋼筋混凝土造,0800703,149.54,0,0,0,無,有,無,56889,380,,0.0,0,,RPQPMLPKRHGGFEE68CC
楠梓區,建物,高雄市楠梓區楠梓新路１９７號７樓之３,0.0,商,,,1100826,土地0建物1車位0,七層,12,住宅大樓(11層含以上有電梯),住家用,鋼筋混凝土造,0830305,88.39,3,1,2,有,有,有,11500,130,,0.0,0,,RPSPMLPKRHGGFEE88CC
楠梓區,建物,高雄市楠梓區監理街４１號２樓,0.0,商,,,1100825,土地0建物1車位0,二層,10,華廈(10層含以下有電梯),住家用,見使用執照,0890411,136.0,3,2,2,有,有,有,19500,143,,0.0,0,,RPVPMLPKRHGGFEE56CC
楠梓區,建物,高雄市楠梓區青田街３２號,0.0,住,,,1100829,土地0建物0車位0,二層,8,華廈(10層含以下有電梯),住商用,鋼筋混凝土造,0821117,22.14,1,0,1,有,無,有,6000,271,,0.0,0,,RPRQMLPKRHGGFEE88CC
左營區,建物,高雄市左營區新上街５４號,0.0,住,,,1100905,土地0建物0車位0,全,3,透天厝,,鋼筋混凝土造,0700113,15.74,1,0,1,有,無,有,5800,368,,0.0,0,承租分租之一部分房間,RPSQMLPKRHGGFEE98CC
三民區,房地(土地+建物),高雄市三民區九如一路２１９號,75.89,商,,,1100824,土地1建物1車位0,全,4,透天厝,,鋼筋混凝土造,0680925,207.36,4,2,4,有,無,無,19000,92,,0.0,0,續租。；,RPQSMLPKRHGGFDE88CC
三民區,建物,高雄市三民區民族一路３１２巷３２號８樓之７,0.0,商,,,1100829,土地0建物1車位0,八層,15,住宅大樓(11層含以上有電梯),住家用,鋼筋混凝土造,0940913,84.28,2,1,1,有,有,有,18000,214,,0.0,0,含管理費,RPWTMLPKRHGGFDE96CC
三民區,建物,高雄市三民區南臺路１９５巷１３號１９樓之１９,0.0,商,,,1100901,土地0建物1車位0,十九層,25,住宅大樓(11層含以上有電梯),商業用,鋼骨鋼筋混凝土造,0870929,51.650000000000006,1,1,1,有,有,有,12000,232,,0.0,0,含管理費,RPPUMLPKRHGGFDE98CC
三民區,建物,高雄市三民區建興路２１號３樓之１５,0.0,商,,,1100826,土地0建物1車位0,三層,7,套房(1房1廳1衛),,鋼筋混凝土造,0781019,37.81,1,0,1,有,有,有,6500,172,,0.0,0,,RPWUMLPKRHGGFDE07CC
前金區,房地(土地+建物)+車位,高雄市前金區自強二路３號１１樓之１,9.47,住,,,1100915,土地1建物1車位1,十五層,15,住宅大樓(11層含以上有電梯),住家用,鋼筋混凝土造,0960208,133.94,3,2,2,有,有,有,41389,309,升降機械,0.0,0,含租賃稅二代健保,RPUOMLPKRHGGFAE58CC
前金區,建物,高雄市前金區允文街７５號１２樓之６,0.0,商,,,1100831,土地0建物1車位0,十二層,13,住宅大樓(11層含以上有電梯),住家用,鋼筋混凝土造,0860217,30.269999999999996,1,0,1,有,有,有,9000,297,,0.0,0,住宅及都市更新中心社會住宅包租代管計畫,RPPPMLPKRHGGFAE18CC
鼓山區,建物,高雄市鼓山區安海街３２巷３７號,0.0,其他,,,1100907,土地0建物1車位0,一層,1,其他,,加強磚造,0460806,15.29,1,0,1,有,無,有,5500,360,,0.0,0,本案為共格3間分租套房，本次僅出租為15.29平方公尺,RPRPMLPKRHGGFAE38CC
鹽埕區,建物,高雄市鹽埕區富野路９７號,0.0,其他,,,1100823,土地0建物0車位0,全,4,透天厝,,加強磚造,0210305,22.41,1,0,1,有,無,有,5500,245,,0.0,0,承租分租之一部分房間,RPSPMLPKRHGGFAE48CC
鹽埕區,建物,高雄市鹽埕區富野路９７號,0.0,其他,,,1100903,土地0建物0車位0,全,4,透天厝,,加強磚造,0210305,22.41,1,0,1,有,無,有,5500,245,,0.0,0,承租分租之一部分房間,RPTPMLPKRHGGFAE58CC
新興區,建物,高雄市新興區球庭路６８號十三樓之３,0.0,商,,,1100911,土地0建物1車位1,十三層,14,住宅大樓(11層含以上有電梯),住家用,鋼筋混凝土造,1010509,98.54,2,1,1,有,有,有,19000,193,塔式車位,16.98,0,租金含管理費。,RPUNMLPKRHGGFBE58CC
新興區,建物,高雄市新興區中正三路６８之４號８樓,0.0,商,,,1100911,土地0建物0車位0,八層,8,華廈(10層含以下有電梯),,鋼筋混凝土造,0720228,16.259999999999998,1,0,1,有,無,有,7500,461,,0.0,0,承租分租之一部分房間,RPPPMLPKRHGGFBE28CC
苓雅區,建物,高雄市苓雅區武慶三路１２２巷１８號,0.0,住,,,1100827,土地0建物1車位0,全,2,透天厝,,加強磚造,0600830,68.31,5,2,3,有,無,有,10000,146,,0.0,0,住宅及都市更新中心社會住宅包租代管計畫,RPSNMLQKRHGGFBE48CC
苓雅區,房地(土地+建物),高雄市苓雅區興中一路７巷３３號,49.0,商,,,1100915,土地1建物1車位0,全,2,透天厝,,加強磚造,0600910,80.62,2,2,2,有,無,有,16000,198,,0.0,0,,RPTNMLQKRHGGFBE58CC
苓雅區,房地(土地+建物),高雄市苓雅區自強三路６８號１樓,82.0,商,,,1100915,土地1建物1車位0,全,2,透天厝,,加強磚造,0541021,64.3,0,0,0,無,無,有,23000,358,,0.0,0,,RPWNMLQKRHGGFBE88CC
苓雅區,建物,高雄市苓雅區自強三路５號二十三樓之３３,0.0,商,,,1100827,土地0建物1車位0,二十三層,85,套房(1房1廳1衛),商業用,鋼骨鋼筋混凝土造,0880401,46.55,1,1,1,有,有,有,11200,241,,0.0,0,,RPPOMLQKRHGGFBE28CC
苓雅區,建物,高雄市苓雅區四維三路５７巷３７號１１樓之３,0.0,商,,,1100830,土地0建物1車位0,十一層,12,住宅大樓(11層含以上有電梯),,鋼筋混凝土造,0770915,52.410000000000004,1,1,1,有,有,有,9000,172,,0.0,0,住宅及都市更新中心社會住宅包租代管計畫,RPTOMLQKRHGGFBE68CC
苓雅區,建物,高雄市苓雅區建國一路７２巷１９弄５號,0.0,住,,,1100831,土地0建物1車位0,一層,5,公寓(5樓含以下無電梯),,鋼筋混凝土造,0680908,71.64,3,2,1,有,無,有,8000,112,,0.0,0,住宅及都市更新中心社會住宅包租代管計畫,RPWOMLQKRHGGFBE98CC
鼓山區,建物,高雄市鼓山區裕誠路１５０５號４樓之５,0.0,商,,,1100828,土地0建物1車位0,四層,16,住宅大樓(11層含以上有電梯),住家用,鋼筋混凝土造,0800810,47.300000000000004,1,0,1,有,有,有,6300,133,,0.0,0,住宅及都市更新中心社會住宅包租代管計畫,RPPNMLQKRHGGFAE08CC
鼓山區,建物,高雄市鼓山區大順一路９３９號１４樓之１,0.0,住,,,1100826,土地0建物1車位0,十四層,20,住宅大樓(11層含以上有電梯),住家用,鋼筋混凝土造,0840302,94.86,2,1,1,有,有,有,15200,160,,0.0,0,住宅及都市更新中心社會住宅包租代管計畫,RPROMLQKRHGGFAE38CC
鼓山區,房地(土地+建物),高雄市鼓山區美術東二路７號,826.44,住,,,1100903,土地1建物1車位0,一層,1,店面(店鋪),商業用,鋼骨造,0970314,264.46,0,0,0,無,無,無,200000,756,,0.0,0,110.9.3-110.11.14為裝潢期免付租金.110.11.15-112.11.14月租金20萬元整.112.11.15-114.11.14月租金20.6萬元整.114.11.15-116.11.14月租金21.218萬元整.116.11.15-118.11.14月租金21.8545萬元整.,RPTOMLQKRHGGFAE58CC
三民區,建物,高雄市三民區河北一路２６８號５樓之７,0.0,商,,,1100826,土地0建物1車位0,五層,12,套房(1房1廳1衛),,鋼筋混凝土造,0690718,23.73,1,0,1,有,有,有,6500,274,,0.0,0,,RPRNMLQKRHGGFDE58CC
三民區,建物,高雄市三民區灣中街２５１之３號十樓,0.0,住,,,1100910,土地0建物1車位0,十層,15,住宅大樓(11層含以上有電梯),住家用,鋼筋混凝土造,0950711,78.85,2,1,1,有,有,有,15000,190,,0.0,0,租金含管理費。租賃範圍不含車位，已扣除車位面積。,RPUNMLQKRHGGFDE88CC
三民區,房地(土地+建物),高雄市三民區覺民路１３號９樓,10.7,住,,,1100906,土地1建物1車位0,九層,15,住宅大樓(11層含以上有電梯),集合住宅,鋼筋混凝土造,1080618,80.92,2,2,1,有,有,有,20000,247,,0.0,0,,RPROMLQKRHGGFDE68CC
三民區,建物,高雄市三民區九如一路８９５號１１樓之４,0.0,住,,,1100825,土地0建物1車位0,十一層,11,住宅大樓(11層含以上有電梯),住家用,鋼筋混凝土造,0671216,68.85,3,1,1,有,有,有,15500,225,,0.0,0,住宅及都市更新中心社會住宅包租代管計畫,RPSOMLQKRHGGFDE78CC
三民區,房地(土地+建物),高雄市三民區建國三路６號二十樓之１４,1.94,商,,,1100915,土地1建物1車位0,二十層,21,住宅大樓(11層含以上有電梯),住家用,鋼筋混凝土造,0840615,32.6,1,0,1,有,有,有,5500,169,,0.0,0,,RPRPMLQKRHGGFDE78CC
三民區,土地,獅頭段一小段1444地號,115.7,住,,,1100826,土地1建物0車位0,,,其他,,,,0.0,0,0,0,有,無,無,30000,259,,0.0,0,含增建或未登記建物。；,RPXPMLQKRHGGFDE76CC
楠梓區,建物,高雄市楠梓區德信街２５號９樓,0.0,住,,,1100827,土地0建物1車位0,九層,10,華廈(10層含以下有電梯),住家用,鋼筋混凝土造,0811210,111.52,3,2,2,有,有,有,15000,135,,0.0,0,,RPTNMLQKRHGGFEE88CC
楠梓區,土地,藍田段二小段1305地號,66.2,住,,,1100913,土地1建物0車位0,,,其他,,,,0.0,0,0,0,有,無,無,12000,181,,0.0,0,含增建或未登記建物。；,RPUNMLQKRHGGFEE98CC
左營區,建物,高雄市左營區嘉慶街１２０號３樓,0.0,住,,,1100826,土地0建物1車位0,三層,15,住宅大樓(11層含以上有電梯),住家用,鋼筋混凝土造,1011115,188.21,4,2,2,有,有,有,40000,213,,0.0,0,續租。；含管理費、稅金或水電等費用。；,RPVNMLQKRHGGFEE09CC
楠梓區,建物,高雄市楠梓區芎蕉五街１５７號２樓之１６,0.0,住,,,1100827,土地0建物1車位0,二層,6,華廈(10層含以下有電梯),住家用,見使用執照,0900907,30.229999999999997,1,0,1,有,有,有,4500,149,,0.0,0,,RPWNMLQKRHGGFEE56CC
左營區,建物,高雄市左營區自由二路１３０號,0.0,住,,,1100910,土地0建物1車位0,見其他登記事項,14,店面(店鋪),住商用,鋼筋混凝土造,0800703,464.64,3,2,2,有,有,無,75000,161,,0.0,0,含增建或未登記建物。；租賃期間含免租金裝潢期。110年10月15日至111年10月14日，租金為75000元/月。111年10月15日至113年10月14日，租金為85000元/月。113年10月15日至116年10月14日，租金為90000元/月。116年10月15日至119年10月14日，租金為95000元/月。119年10月15日至120年10月14日，租金為100000元/月。,RPROMLQKRHGGFEE78CC
楠梓區,建物,高雄市楠梓區廣昌街１８１號３樓之２,0.0,住,,,1100826,土地0建物1車位1,三層,15,住宅大樓(11層含以上有電梯),集合住宅,鋼筋混凝土,1041103,86.53,2,1,1,有,有,有,16500,191,升降機械,9.43,0,,RPOPMLQKRHGGFEE58CC
楠梓區,建物,高雄市楠梓區朝明路１１６巷５１號１４樓,0.0,住,,,1100830,土地0建物1車位0,十四層,15,住宅大樓(11層含以上有電梯),集合住宅,鋼筋混凝土,1060123,97.3,3,1,2,有,有,有,17000,175,,0.0,0,,RPWPMLQKRHGGFEE76CC
前鎮區,建物,高雄市前鎮區二聖路２２７號５樓,0.0,住,,,1100827,土地0建物1車位0,五層,5,公寓(5樓含以下無電梯),,鋼筋混凝土造,0670920,65.94,3,1,1,有,無,有,7000,106,,0.0,0,住宅及都市更新中心社會住宅包租代管計畫,RPPNMLQKRHGGFCE28CC
前鎮區,房地(土地+建物),高雄市前鎮區新光路７號３６樓之３,6.99,商,,,1100901,土地2建物1車位0,三十六層,39,住宅大樓(11層含以上有電梯),住家用,鋼骨造,0880209,142.03,2,2,2,有,有,有,18077,127,,0.0,0,,RPOPMLQKRHGGFCE38CC
鳥松區,房地(土地+建物)+車位,高雄市鳥松區澄湖路２１５號３樓之９,10.22,住,,,1100916,土地1建物1車位1,三層,17,住宅大樓(11層含以上有電梯),住家用,鋼筋混凝土造,0850816,192.97,1,1,1,有,有,有,11000,57,坡道平面,49.38,0,含管理費、稅金或水電等費用。；,RPSQMLQKRHGGFIE86CC
前鎮區,房地(土地+建物),高雄市前鎮區瑞北路２２２巷１５號,65.0,住,,,1100915,土地1建物1車位0,全,3,透天厝,,鋼筋混凝土加強磚造,0660121,118.16,5,3,4,有,無,有,20000,169,,0.0,0,,RPROMLQKRHGGFCE68DC
大寮區,房地(土地+建物),高雄市大寮區捷西路５０５號,106.0,農,,,1100908,土地1建物1車位0,全,3,透天厝,集合住宅,鋼筋混凝土造,1071122,232.45,0,0,0,無,無,無,35000,151,,0.0,0,,RPSNMLRKRHGGFLE96CC
前鎮區,建物,高雄市前鎮區廣西路２０７號１０樓之３,0.0,住,,,1100826,土地0建物1車位1,十層,16,住宅大樓(11層含以上有電梯),集合住宅,鋼筋混凝土,1070620,122.81,2,1,1,有,無,有,19000,155,坡道平面,24.86,0,含機車車位1個,RPXNMLRKRHGGFCE56CC
前鎮區,房地(土地+建物)+車位,高雄市前鎮區南天街１２９號２５樓,14.46,商,,,1100912,土地1建物1車位1,二十五層,28,住宅大樓(11層含以上有電梯),集合住宅,鋼筋混凝土造,1060904,264.39,4,2,3,有,有,有,40000,151,坡道平面,23.19,0,,RPOOMLRKRHGGFCE38CC
前鎮區,建物,高雄市前鎮區鄭和路４７號五樓,0.0,商,,,1100909,土地0建物1車位1,五層,27,住宅大樓(11層含以上有電梯),住家用,鋼筋混凝土造,0860527,181.27,4,2,2,有,有,有,20000,110,坡道平面,24.05,0,租金含管理費。,RPPOMLRKRHGGFCE48CC
前鎮區,房地(土地+建物),高雄市前鎮區中山二路１８２號１５樓之１,4.34,商,,,1100830,土地1建物1車位0,十五層,15,住宅大樓(11層含以上有電梯),住家用,鋼筋混凝土造,1000125,52.56999999999999,1,1,1,有,有,有,14000,266,,0.0,0,續租。；,RPWQMLRKRHGGFCE76CC
鳳山區,建物,高雄市鳳山區青年路二段４７６號６樓,0.0,住,,,1100827,土地0建物1車位0,六層,15,住宅大樓(11層含以上有電梯),住家用,鋼筋混凝土造,0800320,162.82,4,2,2,有,有,有,17000,104,,0.0,0,,RPXNMLRKRHGGFGE96CC
楠梓區,建物,高雄市楠梓區土庫路１０３號,0.0,住,,,1100901,土地0建物0車位0,一層,4,店面(店鋪),辦公室，集合住宅,鋼筋混凝土造,0990315,56.9,0,1,1,有,無,無,15000,264,,0.0,0,含增建或未登記建物。；,RPTOMLRKRHGGFEE09CC
左營區,房地(土地+建物)+車位,高雄市左營區重平路６５號２０樓,6.07,商,,,1100913,土地1建物1車位1,二十層,23,住宅大樓(11層含以上有電梯),集合住宅,鋼筋混凝土,1090611,104.41999999999999,2,1,2,有,有,有,25500,244,坡道平面,33.01,0,,RPWPMLRKRHGGFEE86CC
楠梓區,土地,藍田東段179地號,1529.5,住,,,1100916,土地1建物0車位0,,,其他,,,,0.0,0,0,0,有,無,無,120000,78,,0.0,0,,RPQQMLRKRHGGFEE98CC
左營區,建物,高雄市左營區文川路３８２號４樓之３,0.0,商,,,1100909,土地0建物1車位0,四層,10,華廈(10層含以下有電梯),住家用,鋼筋混凝土造,0831207,116.57000000000001,3,2,2,有,有,有,16500,142,,0.0,0,住宅及都市更新中心社會住宅包租代管計畫,RPUQMLRKRHGGFEE76CC
燕巢區,土地,安招段416地號,370.92,住,,,1100902,土地1建物0車位0,,,其他,,,,0.0,0,0,0,有,無,無,68000,183,,0.0,0,,RPPOMLRKRHGGFFE78CC
三民區,房地(土地+建物),高雄市三民區建工路４５７號,94.0,商,,,1100906,土地1建物1車位0,一層,3,店面(店鋪),,鋼筋混凝土造,0641222,76.56,0,0,0,無,無,無,19000,248,,0.0,0,,RPOOMLRKRHGGFDE48CC
三民區,房地(土地+建物),高雄市三民區慶雲街６７之２號,4.98,住,,,1100915,土地2建物1車位0,一層,7,華廈(10層含以下有電梯),住家用,鋼筋混凝土造,0840801,46.94,2,2,2,有,無,有,11000,234,,0.0,0,,RPROMLRKRHGGFDE78CC
三民區,房地(土地+建物),高雄市三民區喜峰街１６８號１樓,57.0,住,,,1100916,土地1建物1車位0,全,3,透天厝,住商用,加強磚造,0591223,41.45,0,0,0,無,無,無,12000,290,,0.0,0,,RPUOMLRKRHGGFDE09CC
三民區,房地(土地+建物),高雄市三民區建工路２７４號二樓之１,30.71,商,,,1100907,土地1建物1車位0,二層,5,公寓(5樓含以下無電梯),,鋼筋混凝土造,0681128,95.74,3,2,2,有,無,無,14000,146,,0.0,0,,RPUPMLRKRHGGFDE56CC
三民區,房地(土地+建物),高雄市三民區大豐二路４７６號,11.74,商,,,1100915,土地1建物1車位0,見其他登記事項,16,店面(店鋪),住商用,鋼筋混凝土造,0850729,131.62,1,2,2,有,有,無,12500,95,,0.0,0,租金包含管理費。,RPRQMLRKRHGGFDE98CC
三民區,建物,高雄市三民區孝順街４７巷２之４號,0.0,住,,,1100831,土地0建物1車位0,五層,5,公寓(5樓含以下無電梯),,鋼筋混凝土造,0671220,41.88,1,0,1,有,無,有,3000,72,,0.0,0,住宅及都市更新中心社會住宅包租代管計畫,RPTQMLRKRHGGFDE56CC
三民區,建物,高雄市三民區黃興路５０巷５號１２樓之２,0.0,住,,,1100909,土地0建物1車位0,見其他登記事項,13,住宅大樓(11層含以上有電梯),住家用,鋼筋混凝土造,0850216,215.55,4,2,2,有,有,有,15000,70,,0.0,0,住宅及都市更新中心社會住宅包租代管計畫,RPVRMLRKRHGGFDE86CC
三民區,房地(土地+建物),高雄市三民區建興路３５７號３樓,5.04,商,,,1100828,土地1建物1車位0,三層,26,住宅大樓(11層含以上有電梯),集合住宅,鋼筋混凝土造,1091102,77.0,2,1,1,有,有,有,16000,208,,0.0,0,,RPXRMLRKRHGGFDE07CC
鹽埕區,建物,高雄市鹽埕區北斗街５號５樓之２,0.0,商,,,1100831,土地0建物1車位0,五層,16,住宅大樓(11層含以上有電梯),,鋼筋混凝土造,0750217,37.78,1,0,1,有,有,有,5500,146,,0.0,0,住宅及都市更新中心社會住宅包租代管計畫,RPVOMLRKRHGGFAE88CC
鼓山區,房地(土地+建物),高雄市鼓山區大順一路９０９巷１號２１樓,26.2,住,,,1100830,土地1建物1車位0,二十一層,26,住宅大樓(11層含以上有電梯),住家用,鋼筋混凝土造,1020313,257.15999999999997,4,2,3,有,有,有,53000,206,,0.0,0,續租。；,RPWRMLRKRHGGFAE66CC
苓雅區,房地(土地+建物),高雄市苓雅區七賢一路１２１號２８樓之２,3.86,商,,,1100906,土地1建物1車位0,二十八層,29,住宅大樓(11層含以上有電梯),集合住宅,鋼骨構造、鋼骨鋼筋混凝土構造、鋼筋混凝土構造,1070911,72.11,1,2,1,有,有,有,16000,222,,0.0,0,,RPRNMLRKRHGGFBE48CC
苓雅區,建物,高雄市苓雅區和平一路１０９巷４１號２樓,0.0,住,,,1100902,土地0建物1車位0,二層,5,公寓(5樓含以下無電梯),,鋼筋混凝土造,0720915,94.45,3,1,2,有,無,有,19000,201,,0.0,0,住宅及都市更新中心社會住宅包租代管計畫,RPUNMLRKRHGGFBE78CC
新興區,建物,高雄市新興區文化路５５之９號,0.0,商,,,1100901,土地0建物1車位0,四層,5,公寓(5樓含以下無電梯),,鋼筋混凝土造,0651202,85.21,3,2,2,有,無,有,12000,141,,0.0,0,住宅及都市更新中心社會住宅包租代管計畫,RPWNMLRKRHGGFBE98CC
苓雅區,房地(土地+建物),高雄市苓雅區七賢一路１２１號２７樓之６,3.18,商,,,1100826,土地1建物1車位0,二十七層,29,住宅大樓(11層含以上有電梯),集合住宅,鋼骨構造、鋼骨鋼筋混凝土構造、鋼筋混凝土構造,1070911,59.22,1,1,1,有,無,有,18000,304,,0.0,0,,RPPOMLRKRHGGFBE38CC
苓雅區,房地(土地+建物),高雄市苓雅區七賢一路１２１號２７樓之６,3.18,商,,,1100826,土地1建物1車位0,二十七層,29,住宅大樓(11層含以上有電梯),集合住宅,鋼骨構造、鋼骨鋼筋混凝土構造、鋼筋混凝土構造,1070911,59.22,1,1,1,有,無,有,18000,304,,0.0,0,,RPROMLRKRHGGFBE58CC
苓雅區,建物,高雄市苓雅區武廟路８８巷３弄１號５樓,0.0,商,,,1100830,土地0建物1車位0,五層,5,公寓(5樓含以下無電梯),,鋼筋混凝土造,0740731,157.33,4,2,3,有,無,有,10000,64,,0.0,0,住宅及都市更新中心社會住宅包租代管計畫,RPSOMLRKRHGGFBE68CC
新興區,房地(土地+建物)+車位,高雄市新興區民生二路３６號３８樓之１,11.15,商,,,1100820,土地1建物1車位2,三十八層,41,住宅大樓(11層含以上有電梯),住家用,鋼骨造,0900326,429.75,5,2,5,有,有,有,70000,163,坡道平面,33.72,0,,RPTOMLRKRHGGFBE78CC
苓雅區,建物,高雄市苓雅區澄清路１７９號,0.0,住,,,1100910,土地0建物1車位0,見其他登記事項,17,店面(店鋪),住商用,鋼筋混凝土造,0850708,206.54000000000002,4,2,4,有,有,無,30000,145,,0.0,0,租金含管理費。,RPXOMLRKRHGGFBE56CC
