﻿編號,土地位置,土地移轉面積(平方公尺),使用分區或編定,權利人持分分母,權利人持分分子,移轉情形,地號
The serial number, land position,land shifting area square meter,the use zoning or compiles and checks,,,,land parcel
RPQPMLLKRHGGFDE18CC,建興段,.00,都市：商,,,,06790000
RPVPMLLKRHGGFDE68CC,大港段三小段,.00,都市：商,,,,07840001
RPQOMLLKRHGGFFE28CC,興龍段,.00,非都市：特定農業區 ; 非都市編定：甲種建築用地,,,,00040000
RPROMLLKRHGGFFE38CC,興龍段,.00,非都市：特定農業區 ; 非都市編定：甲種建築用地,,,,00040000
RPPQMLLKRHGGFEE28CC,新庄段五小段,.00,都市：住,,,,08190000
RPPQMLLKRHGGFEE28CC,新庄段五小段,.00,都市：住,,,,08220000
RPRNMLLKRHGGFAE77CC,青海段,103.56,都市：住,,,,04940019
RPPPMLLKRHGGFFE28CC,興龍段,.00,非都市：特定農業區 ; 非都市編定：甲種建築用地,,,,00040000
RPSOMLLKRHGGFFE48CC,興龍段,.00,非都市：特定農業區 ; 非都市編定：甲種建築用地,,,,00040000
RPOPMLLKRHGGFFE18CC,興龍段,.00,非都市：特定農業區 ; 非都市編定：甲種建築用地,,,,00040000
RPUOMLLKRHGGFFE68CC,興龍段,.00,非都市：特定農業區 ; 非都市編定：甲種建築用地,,,,00040000
RPQPMLLKRHGGFFE38CC,興龍段,.00,非都市：特定農業區 ; 非都市編定：甲種建築用地,,,,00040000
RPVNMLLKRHGGFBE28CC,林德官段,.00,都市：商,,,,15080000
RPPOMLLKRHGGFBE77CC,意誠段,.00,都市：商,,,,01990000
RPXNMLLKRHGGFBE48CC,新興段四小段,.00,都市：商,,,,10440000
RPUNMLLKRHGGFBE18CC,意誠段,.00,都市：商,,,,01990000
RPQOMLLKRHGGFBE87CC,正言段,.00,都市：住,,,,04350000
RPQOMLLKRHGGFBE87CC,正言段,.00,都市：住,,,,04360000
RPSPMLLKRHGGFFE58CC,興龍段,.00,非都市：特定農業區 ; 非都市編定：甲種建築用地,,,,00040000
RPRPMLLKRHGGFFE48CC,興龍段,.00,非都市：特定農業區 ; 非都市編定：甲種建築用地,,,,00040000
RPSPMLNKRHGGFFE78CC,程香段,2755.00,都市：其他:農業區,,,,01510000
RPSPMLNKRHGGFFE78CC,程香段,2990.00,都市：其他:乙種工業區,,,,01500000
RPSQMLNKRHGGFFE88CC,甲圍段,81.80,非都市：鄉村區 ; 非都市編定：乙種建築用地,,,,14630000
RPUQMLNKRHGGFEE98CC,右昌段五小段,101.00,都市：商,,,,10110019
RPVQMLNKRHGGFEE09CC,新庄段十二小段,18.46,都市：住,,,,12350000
RPROMLNKRHGGFDE38CC,建安段,11.76,都市：商,,,,02150000
RPQPMLNKRHGGFGE68CC,七老爺段一甲小段,66.00,都市：住,,,,14710046
RPSOMLNKRHGGFDE48CC,大港段,9.80,都市：商,,,,35650000
RPPPMLNKRHGGFGE58CC,曹公段,328.19,都市：工,,,,00640031
RPPPMLNKRHGGFGE58CC,曹公段,269.65,都市：工,,,,00640032
RPWNMLNKRHGGFGE09CC,文英段,.00,都市：住,,,,07350000
RPTOMLNKRHGGFDE58CC,長明段,.00,都市：商,,,,01900000
RPOPMLNKRHGGFAE87CC,前金段,5.20,都市：商,,,,00710019
RPPPMLNKRHGGFAE97CC,東金段,.00,都市：商,,,,08360000
RPUNMLNKRHGGFBE38CC,新興段四小段,.00,都市：商,,,,07490000
RPWNMLNKRHGGFBE58CC,新興段四小段,.00,都市：商,,,,07490000
RPPOMLNKRHGGFBE97CC,大統段二小段,17.77,都市：商,,,,07610000
RPXNMLNKRHGGFBE68CC,林德官段,.00,都市：商,,,,15090002
RPQOMLNKRHGGFBE08CC,新興段四小段,.00,都市：商,,,,07490000
RPTOMLNKRHGGFBE38CC,大統段一小段,57.26,都市：商,,,,02600000
RPUOMLNKRHGGFBE48CC,新興段四小段,.00,都市：商,,,,07490000
RPOPMLNKRHGGFBE97CC,意誠段,.00,都市：商,,,,01990000
RPPPMLNKRHGGFBE08CC,意誠段,.00,都市：商,,,,01990000
RPXPMLNKRHGGFBE88CC,意誠段,16.63,都市：商,,,,01440000
RPTNMLOKRHGGFBE38CC,林德官段二小段,26.28,都市：住,,,,34310001
RPUOMLOKRHGGFAE48CC,前金段,53.31,都市：商,,,,04210005
RPVOMLOKRHGGFAE58CC,龍華段八小段,.00,都市：商,,,,22510000
RPXOMLOKRHGGFAE78CC,府北段五小段,.00,非都市： ; 非都市編定：,,,,02210000
RPOPMLOKRHGGFAE97CC,龍中段,.00,都市：住,,,,01660000
RPTNMLNKRHGGFBE28CC,新興段三小段,38.46,都市：商,,,,00200000
RPVNMLNKRHGGFBE48CC,新興段四小段,.00,都市：商,,,,07490000
RPQNNLOKRHGGFDE38CC,灣華段,.00,都市：住,,,,09820000
RPWOMLOKRHGGFEE09CC,芎蕉段,.00,都市：住,,,,02150003
RPSPMLOKRHGGFEE78CC,福山段,12.12,都市：商,,,,02910000
RPTPMLOKRHGGFEE88CC,新光段,.00,都市：住,,,,02760000
RPTPMLOKRHGGFEE88CC,新光段,.00,都市：住,,,,02760001
RPRPMLOKRHGGFEE68CC,楠梓段一小段,.00,都市：住,,,,01580000
RPQPMLOKRHGGFEE58CC,德昌段,5.82,都市：住,,,,00590000
RPVPMLOKRHGGFEE09CC,新民段,9.04,都市：商,,,,01690000
RPQPMLOKRHGGFFE68CC,興龍段,.00,非都市：特定農業區 ; 非都市編定：甲種建築用地,,,,00040000
RPRPMLOKRHGGFFE78CC,興龍段,.00,非都市：特定農業區 ; 非都市編定：甲種建築用地,,,,00040000
RPWOMLOKRHGGFFE56CC,大公段,35.33,都市：住,,,,03710000
RPVOMLOKRHGGFGE56CC,五甲段,.00,都市：住,,,,02060042
RPQQMLNKRHGGFIE98CC,中里段,82.64,都市：工,,,,11200016
RPORMLNKRHGGFIE88CC,金鼎段,129.61,都市：住,,,,06870002
RPRPMLNKRHGGFIE98CC,大安段,32.00,都市：住,,,,08060009
RPTOMLLKRHGGFIE88CC,興農段,.00,都市：住,,,,07940010
RPRPMLNKRHGGFIE98CC,大安段,48.00,都市：住,,,,08390001
RPTOMLLKRHGGFIE88CC,興農段,.00,都市：住,,,,07940011
RPUQMLNKRHGGFIE76CC,保甲段,363.63,都市：農,,,,03070000
RPVOMLOKRHGGFIE76CC,?埔段,425.00,都市：農,,,,12980008
RPPPMLOKRHGGFIE88CC,興農段,.00,都市：住,,,,07940010
RPPPMLOKRHGGFIE88CC,興農段,.00,都市：住,,,,07940011
RPWNMLOKRHGGFIE76CC,?埔段,330.57,都市：農,,,,11630000
RPSNMLOKRHGGFJE09CC,碧湖段,296.63,都市：商,,,,05770000
RPXOMLOKRHGGFGE76CC,五甲段,.00,都市：住,,,,02060042
RPOPMLOKRHGGFGE58CC,五甲段,.00,都市：住,,,,13890009
RPUNMLOKRHGGFJE66CC,碧湖段,296.63,都市：商,,,,05770000
RPTNMLOKRHGGFJE56CC,碧湖段,296.63,都市：商,,,,05770000
RPROMLPKRHGGFIE09CC,澄清段,33.05,都市：住,,,,00780002
RPOSMLOKRHGGFCE48CC,愛群段,.00,都市：住,,,,04280000
RPPSMLOKRHGGFCE58CC,愛群段,7.61,都市：商,,,,24590000
RPRNMLNKRHGGFCE18CC,竹北段,.00,都市：住,,,,17110000
RPTNMLOKRHGGFCE48CC,獅甲段,.00,都市：商,,,,03300000
RPTNMLOKRHGGFCE48CC,獅甲段,.00,都市：商,,,,03310000
RPRSMLOKRHGGFCE78CC,憲德段二小段,12.20,都市：商,,,,00260004
RPXOMLPKRHGGFCE09CC,憲德段二小段,.00,都市：商,,,,00280003
RPSRMLPKRHGGFCE88CC,青島段二小段,.00,都市：住,,,,04880000
RPQQMLPKRHGGFCE58CC,憲德段二小段,24.39,都市：住,,,,00260004
RPUOMLPKRHGGFGE56CC,灣頭段,105.06,都市：住,,,,00390139
RPPQMLPKRHGGFFE78CC,文化段,.00,都市：住,,,,06390000
RPPQMLPKRHGGFCE48CC,愛群段,6.77,都市：住,,,,23940000
RPSNMLPKRHGGFEE68CC,福民段,12.85,都市：住,,,,01280000
RPVPMLPKRHGGFFE66CC,興龍段,.00,非都市：特定農業區 ; 非都市編定：甲種建築用地,,,,00040000
RPXPMLPKRHGGFFE86CC,筆秀段,1124.00,都市：其他:分區界線尚未分割,,,,00790000
RPQQMLPKRHGGFFE88CC,文化段,.00,都市：住,,,,06390000
RPQSMLPKRHGGFDE88CC,水源段,75.89,都市：商,,,,07890000
RPWTMLPKRHGGFDE96CC,灣復段,.00,都市：商,,,,12110000
RPPUMLPKRHGGFDE98CC,三塊厝段一小段,.00,都市：商,,,,10850001
RPWUMLPKRHGGFDE07CC,義民段,.00,都市：商,,,,09170000
RPWUMLPKRHGGFDE07CC,義民段,.00,都市：商,,,,09200001
RPUOMLPKRHGGFAE58CC,博孝段,9.47,都市：住,,,,05360000
RPPPMLPKRHGGFAE18CC,文東段,.00,都市：商,,,,15150000
RPRPMLPKRHGGFAE38CC,鼓南段四小段,.00,都市：其他:道路用地,,,,04710000
RPSPMLPKRHGGFAE48CC,興仁段,.00,都市：商,,,,00230000
RPSPMLPKRHGGFAE48CC,興仁段,.00,都市：商,,,,00240000
RPSPMLPKRHGGFAE48CC,興仁段,.00,都市：其他:道路用地,,,,00240001
RPVNMLPKRHGGFLE07CC,赤崁段潮州寮小段,280.00,都市：農,,,,50670000
RPTPMLPKRHGGFAE58CC,興仁段,.00,都市：商,,,,00230000
RPTPMLPKRHGGFAE58CC,興仁段,.00,都市：商,,,,00240000
RPTPMLPKRHGGFAE58CC,興仁段,.00,都市：其他:道路用地,,,,00240001
RPUNMLPKRHGGFBE58CC,新興段三小段,.00,都市：商,,,,09410000
RPPPMLPKRHGGFBE28CC,新興段一小段,.00,都市：商,,,,10240000
RPTNMLQKRHGGFBE58CC,林德官段一小段,49.00,都市：商,,,,24330000
RPSNMLQKRHGGFBE48CC,武聖段,.00,都市：住,,,,20050000
RPWNMLQKRHGGFBE88CC,意誠段,82.00,都市：商,,,,03680000
RPPOMLQKRHGGFBE28CC,意誠段,.00,都市：商,,,,07630001
RPTOMLQKRHGGFBE68CC,過田子段,.00,都市：商,,,,09020005
RPWOMLQKRHGGFBE98CC,正言段,.00,都市：住,,,,01730000
RPPNMLQKRHGGFAE08CC,龍華段八小段,.00,都市：商,,,,22390000
RPROMLQKRHGGFAE38CC,龍華段四小段,.00,都市：住,,,,07550000
RPRNMLQKRHGGFDE58CC,大港段六小段,.00,都市：商,,,,06380001
RPTOMLQKRHGGFAE58CC,青海段,826.44,都市：住,,,,05170000
RPQPMLPKRHGGFEE68CC,新庄段十二小段,.00,都市：住,,,,10300000
RPSQMLPKRHGGFEE98CC,新庄段一小段,.00,都市：住,,,,07550000
RPRQMLPKRHGGFEE88CC,楠梓段五小段,.00,都市：住,,,,11860000
RPVPMLPKRHGGFEE56CC,楠梓段五小段,.00,都市：商,,,,11680001
RPSPMLPKRHGGFEE88CC,楠梓段三小段,.00,都市：商,,,,05440000
RPTOMLPKRHGGFEE88CC,和平段五小段,22.35,都市：住,,,,02170000
RPTNMLQKRHGGFEE88CC,和平段五小段,.00,都市：住,,,,03170000
RPUNMLQKRHGGFEE98CC,藍田段二小段,66.20,都市：住,,,,13050000
RPVNMLQKRHGGFEE09CC,新庄段八小段,.00,都市：住,,,,00620000
RPQOMLPKRHGGFIE09DC,澄合段,13.42,都市：住,,,,03060000
RPUOMLPKRHGGFIE86DC,草潭段,18.43,都市：住,,,,05000000
RPPNMLQKRHGGFCE28CC,瑞隆段一小段,.00,都市：住,,,,06320000
RPOPMLQKRHGGFCE38CC,獅甲段,1.69,都市：商,,,,03300000
RPOPMLQKRHGGFCE38CC,獅甲段,5.30,都市：商,,,,03310000
RPSQMLQKRHGGFIE86CC,育才段,10.22,都市：住,,,,02560000
RPWNMLQKRHGGFEE56CC,芎蕉段,.00,都市：住,,,,02150003
RPOPMLQKRHGGFEE58CC,右昌段六小段,.00,都市：住,,,,16260000
RPROMLQKRHGGFEE78CC,新庄段十二小段,.00,都市：住,,,,10300000
RPROMLQKRHGGFEE78CC,新庄段十二小段,.00,都市：住,,,,10310000
RPWPMLQKRHGGFEE76CC,楠都段三小段,.00,都市：住,,,,06020000
RPXNMLRKRHGGFCE56CC,盛興段,.00,都市：住,,,,14920000
RPPOMLRKRHGGFCE48CC,憲德段一小段,.00,都市：住,,,,08040000
RPPOMLRKRHGGFCE48CC,憲德段一小段,.00,都市：商,,,,08040001
RPSNMLRKRHGGFLE96CC,山子頂段,106.00,都市：農,,,,25490020
RPOOMLRKRHGGFCE38CC,愛群段,14.46,都市：商,,,,29500003
RPWQMLRKRHGGFCE76CC,愛群段,4.34,都市：商,,,,24590000
RPXNMLRKRHGGFGE96CC,文山段,.00,都市：住,,,,01860002
RPTOMLRKRHGGFEE09CC,清豐段,.00,都市：住,,,,01880423
RPPOMLRKRHGGFFE78CC,安招段,370.92,都市：住,,,,04160000
RPXPMLQKRHGGFDE76CC,獅頭段一小段,115.70,都市：住,,,,14440000
RPUNMLQKRHGGFDE88CC,灣中段,.00,都市：住,,,,04330000
RPOOMLRKRHGGFDE48CC,建德段,94.00,都市：商,,,,03750000
RPSOMLQKRHGGFDE78CC,大港段,.00,都市：住,,,,36060000
RPRPMLQKRHGGFDE78CC,大港段七小段,1.94,都市：商,,,,04440006
RPROMLQKRHGGFDE68CC,獅頭段一小段,10.70,都市：住,,,,19620000
RPROMLRKRHGGFDE78CC,大港段,2.66,都市：住,,,,35750000
RPROMLRKRHGGFDE78CC,大港段,2.32,都市：住,,,,35760000
RPUOMLRKRHGGFDE09CC,三塊厝段,57.00,都市：住,,,,12260032
RPUPMLRKRHGGFDE56CC,大豐段一小段,30.71,都市：商,,,,03200000
RPVRMLRKRHGGFDE86CC,澄清段二小段,.00,都市：住,,,,00060000
RPRQMLRKRHGGFDE98CC,寶國段,11.74,都市：商,,,,04270000
RPXRMLRKRHGGFDE07CC,建安段,5.04,都市：商,,,,04010000
RPTQMLRKRHGGFDE56CC,大港段二小段,.00,都市：住,,,,11590000
RPWNMLRKRHGGFBE98CC,大統段二小段,.00,都市：商,,,,11580000
RPRNMLRKRHGGFBE48CC,林德官段,3.86,都市：商,,,,12940023
RPVOMLRKRHGGFAE88CC,鹽壽段,.00,都市：商,,,,00050000
RPWRMLRKRHGGFAE66CC,龍華段三小段,26.20,都市：住,,,,09450000
RPUNMLRKRHGGFBE78CC,林德官段一小段,.00,都市：住,,,,16600001
RPUNMLRKRHGGFBE78CC,林德官段一小段,.00,都市：住,,,,16610000
RPPOMLRKRHGGFBE38CC,林德官段,3.18,都市：商,,,,12940023
RPROMLRKRHGGFBE58CC,林德官段,3.18,都市：商,,,,12940023
RPSOMLRKRHGGFBE68CC,五塊厝段,.00,都市：商,,,,18360001
RPTOMLRKRHGGFBE78CC,新興段四小段,11.15,都市：商,,,,24000000
RPXOMLRKRHGGFBE56CC,正文段,.00,都市：住,,,,01810000
RPROMLQKRHGGFCE68DC,瑞隆段一小段,65.00,都市：住,,,,07430000
RPUQMLRKRHGGFEE76CC,福山段,.00,都市：商,,,,03130000
RPQQMLRKRHGGFEE98CC,藍田東段,1529.50,都市：住,,,,01790000
RPWPMLRKRHGGFEE86CC,福山段,6.07,都市：商,,,,04760002
