﻿編號,屋齡,建物移轉面積平方公尺,主要用途,主要建材,建築完成日期,總層數,建物分層
The serial number,room age,building shifting area square meter,the main use,main building materials,construction completes the date,total layer,building lamination
RPWNMLQJIIGGFAG97DA,28,53.30,住家用,鋼筋混凝土造,82年9月15日,六層,四層 陽台
RPWNMLQJIIGGFAG97DA,28,21.15,地下室、梯間,鋼筋混凝土造,82年9月15日,六層,
RPSNMLOLRHGGFAG38DA,42,255.34,住家用,鋼筋混凝土造,68年12月14日,四層,一層 二層 三層 四層 騎樓
RPVNMLRJIIGGFAG97DA,2,49.87,集合住宅,鋼筋混凝土造,108年7月11日,十三層,六層 陽台
RPVNMLRJIIGGFAG97DA,2,24.39,共有部份,鋼筋混凝土造,108年7月11日,十三層,
RPVNMLRJIIGGFAG97DA,2,37.22,本件共有部份之項目：停車空間、車道等２項,鋼筋混凝土造,108年7月11日,十三層,
RPTNMLRJIIGGFAG77DA,5,124.32,住家用,鋼筋混凝土造,105年6月28日,三層,一層 二層 三層 陽台
RPOOMLSJIIGGFAG47DA,,48.19,住家用,鋼筋混凝土加強磚造,,二層,一層 二層
RPXNMLSJIIGGFAG28DA,9,114.77,農業資材室,鋼骨造,101年11月28日,一層,一層
RPVNMLSJIIGGFAG08DA,41,123.22,住家用,鋼筋混凝土加強磚造,70年2月3日,二層,一層 二層 騎樓
RPSOMLQJRHGGFAG48DA,1,172.58,住家用,鋼筋混凝土造,110年2月3日,三層,一層 二層 三層 陽台
RPPNMLRJIIGGFBG47DA,45,89.54,住家用,鋼筋混凝土加強磚造,65年10月30日,二層,一層 二層
RPVNMLRJIIGGFBG08DA,38,111.36,住家用,鋼筋混凝土加強磚造,72年4月11日,二層,一層 二層 陽台
RPVQMLKMRHGGFBG78DA,8,220.75,農舍、樓梯間,鋼筋混凝土造,102年8月1日,三層,一層 二層 三層 陽台 見其他登記事項
RPPPMLQJRHGGFBG38DA,43,94.30,住家用,鋼筋混凝土加強磚造,67年3月28日,二層,一層 二層
RPPOMLPKRHGGFAG18DA,,195.44,住家用,鋼筋混凝土造,110年7月1日,三層,一層 二層 三層 陽台 見其他登記事項
RPSNMLQJIIGGFBG67DA,26,123.82,住家用,鋼筋混凝土造,85年2月15日,七層,二層 陽台 見其他登記事項
RPSNMLQJIIGGFBG67DA,26,7.98,共有部份,鋼筋混凝土造,85年2月15日,七層,
RPSNMLQJIIGGFBG67DA,26,27.40,共有部份,鋼筋混凝土造,85年2月15日,七層,
RPQNMLPLRHGGFBG38DA,11,418.98,農舍,鋼筋混凝土（ＲＣ）、鋼骨造,100年1月10日,三層,一層 二層 三層 陽台
RPSNMLMKIIGGFBG47EA,26,77.45,住家用,鋼筋混凝土造,84年4月10日,八層,六層 陽台
RPSNMLMKIIGGFBG47EA,26,15.96,共有部份,鋼筋混凝土造,84年4月10日,八層,
RPSNMLMKIIGGFBG47EA,26,14.82,共有部份,鋼筋混凝土造,84年4月10日,八層,
RPWOMLRJIIGGFAG28EA,,169.45,住家用,鋼筋混凝土造,110年7月30日,三層,一層 二層 三層 陽台
RPTOMLSJIIGGFAG08EA,,200.51,住家用,鋼筋混凝土造,110年7月23日,三層,一層 二層 三層 陽台
RPTNMLQJIIGGFAG77EA,32,1734.24,住家及店舖、辦公室,鋼筋混凝土造,78年7月14日,二層,一層 二層 騎樓
RPROMLRJIIGGFAG77EA,,161.82,住家用,鋼筋混凝土造,110年7月30日,三層,一層 二層 三層 陽台
RPUOMLSJIIGGFAG18EA,53,122.00,住商用,木造,57年5月16日,二層,一層 二層 騎樓
RPOPMLSJIIGGFBG67DA,24,75.71,住家用,鋼筋混凝土造,86年12月26日,十三層,七層 陽台
RPOPMLSJIIGGFBG67DA,24,.12,管理室,鋼筋混凝土造,86年12月26日,十三層,一層
RPOPMLSJIIGGFBG67DA,24,9.61,共有部份,鋼筋混凝土造,86年12月26日,十三層,
RPOPMLSJIIGGFBG67DA,24,.01,共有部份,鋼筋混凝土造,86年12月26日,十三層,
RPOPMLSJIIGGFBG67DA,24,1.74,共有部份,鋼筋混凝土造,86年12月26日,十三層,
RPOPMLSJIIGGFBG67DA,24,9.58,共有部份,鋼筋混凝土造,86年12月26日,十三層,
RPOPMLSJIIGGFBG67DA,24,.01,共有部份,鋼筋混凝土造,86年12月26日,十三層,
RPOPMLSJIIGGFBG67DA,24,14.42,共有部份,鋼筋混凝土造,86年12月26日,十三層,
SPSNMLLKIIGGFBG37DA,3,.19,辦公室,鋼筋混凝土造,108年1月3日,十五層,一層
SPSNMLLKIIGGFBG37DA,3,60.04,本共有部分之項目有：停車空間、機電設備空間、水箱、梯廳、供管委員會使用空間、樓電梯間、機房等７項,鋼筋混凝土造,108年1月3日,十五層,
RPPNMLKKIIGGFBG86DA,38,63.12,住家用,鋼筋混凝土造,73年1月10日,四層,四層 陽台
RPPNMLKKIIGGFBG86DA,38,7.00,共有部份,鋼筋混凝土造,73年1月10日,四層,
RPSNMLLKIIGGFBG27DA,3,72.09,集合住宅,鋼筋混凝土造,108年1月3日,十五層,七層 陽台 雨遮
RPSNMLLKIIGGFBG27DA,3,58.66,本共有部分之項目有：停車空間、機電設備空間、水箱、梯廳、供管委員會使用空間、樓電梯間、機房等７項,鋼筋混凝土造,108年1月3日,十五層,
RPPPMLRJIIGGFBG67DA,23,70.40,住家用,鋼筋混凝土造,87年4月16日,七層,四層 陽台
RPPPMLRJIIGGFBG67DA,23,25.93,停車場﹒防空避難室﹒台電受電室﹒梯間,鋼筋混凝土造,87年4月16日,七層,
RPUOMLRJIIGGFBG18EA,40,51.59,住家用,鋼筋混凝土造,70年8月6日,七層,三層 陽台
RPUOMLRJIIGGFBG18EA,40,19.29,共有部份,鋼筋混凝土造,70年8月6日,七層,
RPXOMLPJIIGGFBG18DA,24,32.00,住家用,鋼筋混凝土造,86年8月11日,六層,六層 陽台
RPXOMLPJIIGGFBG18DA,24,9.71,共有部份,鋼筋混凝土造,86年8月11日,六層,
RPXOMLPJIIGGFBG18DA,24,11.89,共有部份,鋼筋混凝土造,86年8月11日,六層,
RPPPMLLJIIGGFAG96DA,26,3.05,共同使用,鋼筋混凝土造,84年4月10日,四層,
RPPPMLLJIIGGFAG96DA,26,111.19,住家用,鋼筋混凝土造,84年4月10日,四層,四層 陽台 雨遮
RPXOMLLKRHGGFAG58DA,3,194.11,住家用,鋼筋混凝土造,108年1月14日,三層,一層 二層 三層 陽台 見其他登記事項
RPTNMLSJIIGGFAG87DA,51,96.82,住家用,鋼筋混凝土加強磚造,59年12月12日,二層,一層 二層 騎樓
RPRPMLSJIIGGFAG87DA,9,192.80,住家用,鋼筋混凝土造,101年7月27日,三層,一層 二層 三層 陽台
RPRNMLMKIIGGFAG17DA,24,164.12,住家用,鋼筋混凝土造,86年11月13日,三層,一層 二層 三層 陽台
RPVNMLMKIIGGFAG57DA,2,150.13,住家用,鋼筋混凝土造,108年11月4日,三層,一層 二層 三層 陽台
RPSNMLMKIIGGFAG27DA,42,97.49,住家用,鋼筋混凝土加強磚造,68年7月10日,二層,一層 二層
RPQNMLMLRHGGFAG97DA,4,214.30,住家用,鋼筋混凝土造,106年5月23日,三層,一層 二層 三層 陽台 雨遮
RPOOMLNKRHGGFAG87DA,40,112.88,住家用,鋼筋混凝土加強磚造,70年7月22日,二層,一層 二層
RPQPMLLKRHGGFAG97DA,5,21.51,本共有部分之項目有電梯間、配電室、機房、水箱、管委會空間、樓梯間、消防空間等７項。,鋼筋混凝土造,105年12月19日,五層,
RPQPMLLKRHGGFAG97DA,5,12.82,本共有部分之項目有機械停車空間、停車空間等２項。,鋼筋混凝土造,105年12月19日,五層,
RPQPMLLKRHGGFAG97DA,5,83.21,住家用,鋼筋混凝土造,105年12月19日,五層,三層 陽台
RPPOMLMKIIGGFAG07DA,9,194.66,住家用,鋼筋混凝土造,102年1月22日,三層,一層 二層 三層 陽台
RPVOMLMKIIGGFAG67DA,,185.87,住家用,鋼筋混凝土造,110年7月1日,三層,一層 二層 三層 陽台 見其他登記事項
RPRNMLNKIIGGFAG27DA,2,19.44,農業資材室,鋼骨造,108年4月26日,一層,一層
RPPPMLMKIIGGFAG17DA,4,98.58,集合住宅,鋼筋混凝土造,106年7月5日,十三層,十一層 陽台
RPPPMLMKIIGGFAG17DA,4,71.19,本共有部分之項目有排煙室兼緊急昇降機間、升降設備、梯廳、安全梯、樓梯間、機械室、水錶室、電梯機房、水箱、停車空間、車道、消防機械室、景觀機房、發電機室、電錶區、台電配電室、電信室、受電箱及管委會使用空間等１９項。,鋼筋混凝土造,106年7月5日,十三層,
RPXOMLMKIIGGFAG87DA,23,66.97,住家用,鋼筋混凝土造,87年5月12日,六層,五層 陽台
RPXOMLMKIIGGFAG87DA,23,18.47,停車場、共同使用部份,鋼筋混凝土造,87年5月12日,六層,
RPXOMLMKIIGGFAG87DA,23,5.89,梯間、共同使用部份,鋼筋混凝土造,87年5月12日,六層,
RPRRMLKMRHGGFBG48DA,40,111.72,住家用,鋼筋混凝土加強磚造,70年12月24日,二層,一層 二層
RPROMLSJIIGGFBG87DA,4,253.80,停車空間、住宅、樓梯間,鋼筋混凝土造,106年11月14日,四層,二層 三層 四層 陽台 屋簷 見其他登記事項
RPSOMLSJIIGGFBG97DA,6,34.27,集合住宅,鋼筋混凝土造,104年9月23日,十四層,十二層 陽台
RPSOMLSJIIGGFBG97DA,6,31.23,共有部份,鋼筋混凝土造,104年9月23日,十四層,
RPTOMLMKIIGGFBG57DA,,243.69,住宅、樓梯間,鋼筋混凝土造,110年8月10日,三層,一層 二層 三層 陽台 見其他登記事項
RPSOMLMKIIGGFBG47DA,25,6.95,共有部份,鋼筋混凝土造,85年10月14日,十層,
RPSOMLMKIIGGFBG47DA,25,6.95,共有部份,鋼筋混凝土造,85年10月14日,十層,
RPSOMLMKIIGGFBG47DA,25,9.99,共有部份,鋼筋混凝土造,85年10月14日,十層,
RPSOMLMKIIGGFBG47DA,25,9.99,共有部份,鋼筋混凝土造,85年10月14日,十層,
RPSOMLMKIIGGFBG47DA,25,32.98,住家用,鋼筋混凝土造,85年10月14日,十層,五層 陽台
RPSOMLMKIIGGFBG47DA,25,32.98,住家用,鋼筋混凝土造,85年10月14日,十層,五層 陽台
RPXOMLMKIIGGFBG97DA,4,318.10,店舖、住宅、停車空間、樓梯間、水箱,鋼筋混凝土造,106年4月26日,四層,一層 二層 三層 四層 陽台 雨遮 見其他登記事項
RPWPMLMKIIGGFBG97DA,9,283.94,住宅、樓梯間,鋼筋混凝土造,102年1月10日,三層,一層 二層 三層 陽台 見其他登記事項
RPOQMLMKIIGGFBG27DA,10,45.80,辦公室,鋼筋混凝土造,100年5月27日,九層,五層 陽台 雨遮
RPOQMLMKIIGGFBG27DA,10,5.44,本共有部分之項目有梯廳、走廊、雨遮等３項。,鋼筋混凝土造,100年5月27日,九層,
RPOQMLMKIIGGFBG27DA,10,26.28,本共有部分之項目有停車空間、蓄水池、垃圾集中室、水箱、消防蓄水池、緊急發電機室、消防泵浦室、台電配電室、電信室、機械室、生活污水處理設施、管理委員會辦公室、管理委員會會議室、管理委員會管理區、儲藏室、樓梯間、電梯機械室、陽台、雨遮等１９項。,鋼筋混凝土造,100年5月27日,九層,
RPVOMLMKIIGGFAG77EA,,277.52,住家用,鋼筋混凝土造,110年8月4日,三層,一層 二層 三層 陽台 見其他登記事項
RPOOMLNKIIGGFAG17EA,23,101.38,住家用,鋼筋混凝土造,87年10月19日,五層,五層 陽台
RPOOMLNKIIGGFAG17EA,23,20.00,梯間．停車場共同使用部份,鋼筋混凝土造,87年10月19日,五層,
RPPOMLNKIIGGFAG27EA,13,214.07,住家用,鋼筋混凝土造,98年2月24日,三層,一層 二層 三層 陽台
RPPNMLMKIIGGFBG17EA,29,86.92,住家用,鋼筋混凝土造,81年12月15日,五層,二層 陽台
RPXNMLQJIIGGFAG18EA,30,106.41,住家用,鋼筋混凝土造,81年1月3日,二層,一層 二層 騎樓
RPXNMLNKIIGGFAG97EA,38,156.22,住家用,鋼筋混凝土加強磚造,72年11月2日,二層,一層 二層
RPWNMLMKIIGGFBG87EA,,51.21,集合住宅,鋼筋混凝土造,110年3月30日,十四層,六層 陽台
RPWNMLMKIIGGFBG87EA,,41.14,本共有部分之項目有：停車空間、電梯間、安全梯、水箱、機械機房、消防機房、排風機房、防空避難室兼停車空間、電信室、泳池機房、景觀機房、台電配電室、發電機室、防災中心、公共服務空間、垃圾儲藏空間等１６項,鋼筋混凝土造,110年3月30日,十八層,
RPWNMLMKIIGGFBG87EA,,15.65,本共有部分之項目有：樓梯間、梯廳、消防中繼機械室、水錶區、水箱、機械室等６項,鋼筋混凝土造,110年3月30日,十四層,
RPPNMLNKIIGGFBG27EA,,139.79,住家用,鋼筋混凝土造,110年7月20日,三層,一層 二層 三層 陽台
RPSNMLNKIIGGFBG57EA,,153.43,住家用,鋼筋混凝土造,110年7月20日,三層,一層 二層 三層 陽台
RPRNMLNKIIGGFBG47EA,,154.22,住家用,鋼筋混凝土造,110年7月20日,三層,一層 二層 三層 陽台
RPVNMLNKIIGGFBG87EA,36,67.46,住家用,鋼筋混凝土造,74年10月29日,六層,四層
RPVNMLNKIIGGFBG87EA,36,6.08,共有部份,鋼筋混凝土造,74年10月29日,六層,
RPTNMLNKIIGGFBG67EA,,151.97,住家用,鋼筋混凝土造,110年7月20日,三層,一層 二層 三層 陽台
RPXPMLMKIIGGFBG08DA,3,58.76,集合住宅,鋼筋混凝土造,107年3月23日,四層,一層
RPXPMLMKIIGGFBG08DA,3,32.91,本件共有部分項目：樓梯間,鋼筋混凝土造,107年3月23日,四層,
RPRQMLMKIIGGFBG57DA,7,44.15,集合住宅,鋼筋混凝土造,103年5月28日,十層,六層 陽台
RPRQMLMKIIGGFBG57DA,7,.49,管理員室、廁所、交誼室,鋼筋混凝土造,103年5月28日,十層,一層
RPRQMLMKIIGGFBG57DA,7,4.68,本件共有部分之項目：停車場等１項,鋼筋混凝土造,103年5月28日,十層,
RPRQMLMKIIGGFBG57DA,7,.04,本件共有部分之項目：停車場等１項,鋼筋混凝土造,103年5月28日,十層,
RPRQMLMKIIGGFBG57DA,7,19.20,本件共有部分之項目有：門廳、受電室、機械室、水箱、電梯間等５項,鋼筋混凝土造,103年5月28日,十層,
RPRQMLMKIIGGFBG57DA,7,.16,本件共有部分之項目有：門廳、受電室、機械室、水箱、電梯間等５項,鋼筋混凝土造,103年5月28日,十層,
RPRQMLMKIIGGFBG57DA,7,18.45,本件共有部分之項目有：停車場等１項,鋼筋混凝土造,103年5月28日,十層,
RPRQMLMKIIGGFBG57DA,7,.02,本件共有部分之項目有：停車場等１項,鋼筋混凝土造,103年5月28日,十層,
RPRPMLMKIIGGFBG47DA,29,35.42,共有部份,鋼筋混凝土造,81年8月25日,十五層,
RPRPMLMKIIGGFBG47DA,29,27.35,停車場﹒防空避難室,鋼筋混凝土造,81年8月25日,十五層,地下層
RPRPMLMKIIGGFBG47DA,29,167.56,住家用,鋼筋混凝土造,81年8月25日,十五層,十四層 十五層 陽台 露台
RPSPMLMKIIGGFBG57DA,5,294.93,住宅、樓梯間,鋼筋混凝土造,105年5月10日,三層,一層 二層 三層 陽台 見其他登記事項
RPXNMLTLRHGGFBG86DA,,77.72,集合住宅,鋼筋混凝土造,110年7月13日,五層,四層 陽台
RPXNMLTLRHGGFBG86DA,,37.07,本共有部分之項目有：停車空間、樓梯間、昇降設備機房等３項,鋼筋混凝土造,110年7月13日,五層,
RPRPMLRJIIGGFBG87DA,28,101.45,住家用,鋼筋混凝土造,82年8月3日,十六層,十層 陽台 花台
RPRPMLRJIIGGFBG87DA,28,17.25,共有部份,鋼筋混凝土造,82年8月3日,十六層,
RPRPMLRJIIGGFBG87DA,28,23.50,共有部份,鋼筋混凝土造,82年8月3日,十六層,
RPOOMLMKIIGGFBG07DA,24,101.63,住家用,鋼筋混凝土造,86年12月12日,八層,四層 陽台
RPOOMLMKIIGGFBG07DA,24,9.70,共有部份,鋼筋混凝土造,86年12月12日,八層,
RPOOMLMKIIGGFBG07DA,24,59.97,共有部份,鋼筋混凝土造,86年12月12日,八層,
RPQNMLOKIIGGFAG27DA,26,44.99,住家用,鋼筋混凝土造,84年6月23日,八層,三層 陽台
RPQNMLOKIIGGFAG27DA,26,8.88,防空避難室、停車場、穿廊共同使用部份,鋼筋混凝土造,84年6月23日,八層,
RPQNMLOKIIGGFAG27DA,26,3.40,梯間、通道共同使用部份,鋼筋混凝土造,84年6月23日,八層,
RPSNMLOKIIGGFBG57DA,,147.09,住家用,鋼筋混凝土造,110年6月21日,三層,一層 二層 三層 陽台
RPOOMLOKIIGGFBG27DA,27,27.06,住家用,鋼筋混凝土造,83年9月8日,七層,二層 陽台
RPOOMLOKIIGGFBG27DA,27,19.26,共有部份,鋼筋混凝土造,83年9月8日,七層,
RPRNMLOKIIGGFBG47DA,6,487.85,農舍,鋼筋混凝土造,104年5月13日,三層,一層 二層 三層 陽台
RPUNMLNKIIGGFBG67DA,26,187.97,住家用,鋼筋混凝土造,85年2月13日,三層,一層 二層 三層 陽台 平台 夾層
RPVNMLOKIIGGFBG87DA,28,37.37,住家用,鋼筋混凝土造,82年3月30日,七層,四層 陽台
RPVNMLOKIIGGFBG87DA,28,19.85,共有部份,鋼筋混凝土造,82年3月30日,七層,
RPQNMLNKIIGGFAG17DA,23,27.55,住家用,鋼筋混凝土造,88年1月28日,十四層,十一層 陽台
RPQNMLNKIIGGFAG17DA,23,20.06,共同使用部份　梯間．通道．防空避難室．停車場,鋼筋混凝土造,88年1月28日,十四層,
RPUPMLNKIIGGFBG87DA,26,90.61,住家用,鋼筋混凝土造,84年7月15日,八層,三層 陽台
RPUPMLNKIIGGFBG87DA,26,8.01,共有部份,鋼筋混凝土造,84年7月15日,八層,
RPUPMLNKIIGGFBG87DA,26,44.52,共有部份,鋼筋混凝土造,84年7月15日,八層,
RPQOMLQJIIGGFAG47DA,1,28.68,店舖,鋼筋混凝土造,110年2月26日,五層,一層
RPQOMLQJIIGGFAG47DA,1,26.55,店舖,鋼筋混凝土造,110年2月26日,五層,一層
RPQOMLQJIIGGFAG47DA,1,7.56,本共有部分之項目有梯廳及無障礙電梯等二項,鋼筋混凝土造,110年2月26日,五層,
RPQOMLQJIIGGFAG47DA,1,6.99,本共有部分之項目有梯廳及無障礙電梯等二項,鋼筋混凝土造,110年2月26日,五層,
RPQOMLQJIIGGFAG47DA,1,24.88,本共有部分之項目有停車空間一項,鋼筋混凝土（ＲＣ）,110年2月26日,五層,
RPQOMLQJIIGGFAG47DA,1,49.76,本共有部分之項目有停車空間一項,鋼筋混凝土造,110年2月26日,五層,
RPTOMLTJRHGGFAG88DA,5,187.20,住家用,鋼筋混凝土造,105年7月4日,三層,一層 二層 三層 陽台
RPWNMLOKIIGGFAG87DA,7,199.92,農業設施（茶葉加工室）,鋼骨造,104年2月8日,一層,一層
RPROMLMKIIGGFAG27DA,23,110.27,住家用,鋼筋混凝土造,87年6月2日,四層,三層 四層 陽台
RPROMLMKIIGGFAG27DA,23,43.10,防空避難室.停車場.梯間.共同使用部份,鋼筋混凝土造,87年6月2日,四層,
RPPOMLMKIIGGFBG17DA,10,150.39,住家用,鋼筋混凝土造,100年12月12日,三層,一層 二層 三層 陽台
RPQOMLMKIIGGFBG27DA,26,54.86,住家用,鋼筋混凝土造,84年9月4日,七層,七層 陽台
RPQOMLMKIIGGFBG27DA,26,28.03,共有部份,鋼筋混凝土造,84年9月4日,七層,
RPQOMLOKIIGGFBG47DA,5,243.97,住宅、停車空間,鋼筋混凝土造,105年6月27日,四層,一層 二層 三層 四層 陽台
RPUOMLOKIIGGFBG87DA,1,87.62,住宅、樓梯間,鋼筋混凝土造,109年12月29日,三層,一層 二層 三層 陽台 見其他登記事項
RPWOMLOKIIGGFBG08DA,,105.75,集合住宅,鋼筋混凝土造,110年7月14日,六層,四層 陽台
RPWOMLOKIIGGFBG08DA,,65.04,本共有部分之項目有：停車空間、防空避難室、機械室、樓梯間、電梯間、梯廳、水箱等７項,鋼筋混凝土造,110年7月14日,六層,
RPPOMLTJRHGGFAG48DA,1,180.68,住家用,鋼筋混凝土造,110年2月3日,三層,一層 二層 三層 陽台
RPQQMLMKIIGGFBG47DA,23,296.94,工業用,鋼造,87年2月23日,一層,一層
RPUOMLOLRHGGFAG68DA,1,187.81,住家用,鋼筋混凝土造,110年2月3日,三層,一層 二層 三層 陽台
RPQOMLOKIIGGFAG37DA,40,126.22,住家用,鋼筋混凝土加強磚造,70年6月25日,二層,一層 二層 騎樓
RPPOMLOKIIGGFAG27DA,25,92.49,住家用,鋼筋混凝土造,86年1月23日,六層,四層 陽台
RPPOMLOKIIGGFAG27DA,25,13.21,梯間．共同使用部份,鋼筋混凝土造,86年1月23日,六層,
RPPOMLOKIIGGFAG27DA,25,.71,管理室．共同使用部份,鋼筋混凝土造,86年1月23日,七層,
RPPOMLOKIIGGFAG27DA,25,22.37,停車場．防空避難室．通道．共同使用部份,鋼筋混凝土造,86年1月23日,七層,
RPROMLPKIIGGFBG77EA,,153.64,住家用,鋼筋混凝土造,110年7月20日,三層,一層 二層 三層 陽台
RPOOMLPKIIGGFBG47EA,4,228.04,住宅、電梯間、樓梯間,鋼筋混凝土造,106年3月30日,三層,一層 二層 三層 陽台 屋簷 見其他登記事項
RPOOMLOKIIGGFAG27EA,39,101.76,住家用,鋼筋混凝土造,71年2月27日,五層,三層
RPQNMLNKIIGGFBG37EA,,139.96,住家用,鋼筋混凝土造,110年7月20日,三層,一層 二層 三層 陽台
RPVPMLOKIIGGFBG08DA,3,241.00,住宅、樓梯間,鋼筋混凝土造,107年10月23日,三層,一層 二層 三層 陽台 屋簷 見其他登記事項
RPVPMLOKIIGGFBG08DA,3,.62,本共有部分之項目有：管理室、設備機房等２項,鋼筋混凝土造,107年10月23日,一層,
RPXPMLOKIIGGFBG28DA,16,236.95,住家用,鋼筋混凝土造,94年5月19日,四層,一層 二層 三層 四層 陽台 見其他登記事項
RPUPMLOKIIGGFBG97DA,4,251.83,停車空間、住宅、樓梯間,鋼筋混凝土造,106年11月14日,四層,二層 三層 四層 陽台 屋簷 見其他登記事項
RPSPMLOKIIGGFBG87EA,6,250.80,水箱、樓梯間、住宅,鋼筋混凝土造,104年9月15日,三層,一層 二層 三層 陽台 夾層 見其他登記事項
RPQNMLSKIIGGFAG77EA,40,99.90,住家用,鋼筋混凝土加強磚造,70年12月15日,二層,一層 二層
RPUNMLPKIIGGFAG87EA,30,215.24,住家用,鋼筋混凝土造,80年12月12日,三層,一層 二層 三層 屋頂突出物
RPSOMLPKIIGGFAG77EA,6,1.55,管委會空間,鋼筋混凝土造,104年9月30日,四層,一層
RPSOMLPKIIGGFAG77EA,6,244.59,集合住宅,鋼筋混凝土造,104年9月30日,四層,三層 陽台
RPSOMLPKIIGGFAG77EA,6,1.00,本件共有部份之項目：機電空間．停車空間．管委會空間．樓梯間等４項。,鋼筋混凝土造,104年9月30日,四層,
RPSOMLPKIIGGFAG77EA,6,93.11,本件共有部份之項目：機電空間．停車空間．管委會空間．樓梯間等４項。,鋼筋混凝土造,104年9月30日,四層,
RPSOMLPKIIGGFAG77EA,6,40.95,本件共有部份之項目：樓梯間等１項。,鋼筋混凝土造,104年9月30日,四層,
RPUNMLSKIIGGFAG18EA,24,579.92,餐廳,鋼筋混凝土造,86年12月11日,十層,三層 陽台
RPUNMLSKIIGGFAG18EA,24,155.43,防空避難室、停車場、台電配電室、車道、共同使用部份,鋼筋混凝土造,86年12月11日,十層,
RPUNMLSKIIGGFAG18EA,24,65.60,梯間、走道電梯、共同使用部份,鋼筋混凝土造,86年12月11日,十層,
RPWOMLRLRHGGFBG66DA,10,114.37,店舖,鋼筋混凝土造,100年4月14日,七層,一層 陽台
RPWOMLRLRHGGFBG66DA,10,75.09,本共有部分之項目有防空避難室兼停車空間、管委會使用空間、電梯機房、水箱等４項。,鋼筋混凝土造,100年4月14日,七層,
RPQOMLPKIIGGFBG67EA,15,185.39,住家用,鋼筋混凝土造,95年5月26日,三層,一層 二層 三層 陽台 見其他登記事項
RPSOMLPKIIGGFBG87EA,,154.33,住家用,鋼筋混凝土造,110年7月20日,三層,一層 二層 三層 陽台
RPSQMLOKIIGGFBG87DA,3,.19,辦公室,鋼筋混凝土造,108年1月3日,十五層,一層
RPSQMLOKIIGGFBG87DA,3,60.04,本共有部分之項目有：停車空間、機電設備空間、水箱、梯廳、供管委員會使用空間、樓電梯間、機房等７項,鋼筋混凝土造,108年1月3日,十五層,
RPRQMLOKIIGGFBG77DA,3,46.50,集合住宅,鋼筋混凝土造,108年1月3日,十五層,十二層 陽台
RPRQMLOKIIGGFBG77DA,3,37.84,本共有部分之項目有：停車空間、機電設備空間、水箱、梯廳、供管委員會使用空間、樓電梯間、機房等７項,鋼筋混凝土造,108年1月3日,十五層,
RPUNMLPKIIGGFBG87DA,,203.98,,,,,一層 二層 三層 陽台 見其他登記事項
RPUQMLOKIIGGFBG08DA,2,225.31,住家用,鋼筋混凝土造,108年6月20日,三層,一層 二層 三層 陽台
RPRNMLPKIIGGFBG57DA,38,30.51,住家用,鋼筋混凝土造,72年11月24日,七層,三層 陽台
RPRNMLPKIIGGFBG57DA,38,8.79,共有部份,鋼筋混凝土造,72年11月24日,七層,
RPTQMLOKIIGGFBG97DA,3,46.67,集合住宅,鋼筋混凝土造,108年1月3日,十五層,八層 陽台 雨遮
RPTQMLOKIIGGFBG97DA,3,37.98,本共有部分之項目有：停車空間、機電設備空間、水箱、梯廳、供管委員會使用空間、樓電梯間、機房等７項,鋼筋混凝土造,108年1月3日,十五層,
RPVOMLSKIIGGFBG48EA,2,108.86,集合住宅,鋼筋混凝土造,108年7月26日,十五層,十層 陽台
RPVOMLSKIIGGFBG48EA,2,50.48,本共有部分之項目有：自來水蓄水池、排煙室、汙水處理機房、消防機房、樓梯間、緊急升降機兼無障礙電梯、管道間、樓電梯間、停車空間、台電配電場所、機房、電信室、垃圾處理室、管理員室、發電機室、機電空間、人行道系統、服務性車位、垃圾裝卸車位、會議室、健身房、韻律室、戶外安全梯、管理委員會使用空間、公共管道間、公共服務空間、走道、雨遮、入口大廳等２９項。,鋼筋混凝土造,108年7月26日,十五層,
RPVOMLSKIIGGFBG48EA,2,25.24,本共有部分之項目有：排煙室、緊急升降機間無障礙電梯、梯廳、管道間、管理委員會使用空間、樓梯間、戶外安全梯、公共管道間、電梯、走道、機電空間、電梯機房、水箱等１３項,鋼筋混凝土造,108年7月26日,十五層,
RPPQMLOKIIGGFBG57DA,21,13.73,共有部份,鋼筋混凝土造,89年4月27日,十二層,
RPPQMLOKIIGGFBG57DA,21,23.32,共有部份,鋼筋混凝土造,89年4月27日,十二層,
RPPQMLOKIIGGFBG57DA,21,77.06,住家用,鋼筋混凝土造,89年4月27日,十二層,一層 陽台
RPPQMLOKIIGGFBG57DA,21,2.49,共有部份,鋼筋混凝土造,89年4月27日,十二層,
RPPQMLOKIIGGFBG57DA,21,.07,住家用,鋼筋混凝土造,89年4月27日,十二層,一層
RPWPMLOKIIGGFBG18DA,16,17.48,住家用,鋼筋混凝土造,94年9月14日,六層,六層
RPWPMLOKIIGGFBG18DA,16,12.63,共有部份,鋼筋混凝土造,94年9月14日,六層,
RPOOMLNKIIGGFBG17DA,11,321.63,見其他登記事項,鋼筋混凝土（ＲＣ）、鋼鐵造有牆,99年6月30日,三層,一層 二層 三層 陽台 見其他登記事項
RPSPMLOKIIGGFBG77DA,3,44.89,集合住宅,鋼筋混凝土造,108年1月3日,十五層,二層 陽台 雨遮
RPSPMLOKIIGGFBG77DA,3,36.52,本共有部分之項目有：停車空間、機電設備空間、水箱、梯廳、供管委員會使用空間、樓電梯間、機房等７項,鋼筋混凝土造,108年1月3日,十五層,
RPOPMLMKIIGGFBG17DA,24,69.11,住家用,鋼筋混凝土造,86年9月17日,八層,五層 陽台 見其他登記事項
RPOPMLMKIIGGFBG17DA,24,13.99,共有部份,鋼筋混凝土造,86年9月17日,八層,
RPOPMLMKIIGGFBG17DA,24,35.15,共有部份,鋼筋混凝土造,86年9月17日,八層,
SPSPMLOKIIGGFBG87DA,3,.19,辦公室,鋼筋混凝土造,108年1月3日,十五層,一層
SPSPMLOKIIGGFBG87DA,3,60.04,本共有部分之項目有：停車空間、機電設備空間、水箱、梯廳、供管委員會使用空間、樓電梯間、機房等７項,鋼筋混凝土造,108年1月3日,十五層,
RPOPMLOKIIGGFBG37DA,4,51.87,集合住宅,鋼骨鋼筋混凝土造,106年12月21日,二十九層,五層 陽台
RPOPMLOKIIGGFBG37DA,4,42.06,本共用部分之項目有：停車空間、大廳、供管委員會使用空間、中繼機房、機電梯間、機房、水箱等７項,鋼骨鋼筋混凝土造,106年12月21日,二十九層,
RPQNMLPKIIGGFAG37DA,1,219.54,住宅、室內停車,鋼筋混凝土造,109年4月15日,四層,一層 二層 三層 四層 陽台
RPXOMLOKRHGGFBG98DA,,214.77,住家用,鋼筋混凝土造及鋼筋混凝土加強磚造,,三層,一層 二層 三層 騎樓
RPWOMLLJIIGGFBG67DA,5,47.47,集合住宅,鋼筋混凝土造,105年11月8日,十三層,十二層 陽台
RPWOMLLJIIGGFBG67DA,5,35.64,本共有部分之項目有：停車空間、頂蓋型廣場式開放空間、公共服務空間、ＫＴＶ室、棋牌室、樓梯間、水錶區、水箱,鋼筋混凝土造,105年11月8日,十三層,
RPUOMLLJIIGGFBG47DA,5,49.37,集合住宅,鋼筋混凝土造,105年11月8日,十三層,五層 陽台
RPUOMLLJIIGGFBG47DA,5,37.10,本共有部分之項目有：停車空間、頂蓋型廣場式開放空間、公共服務空間、ＫＴＶ室、棋牌室、樓梯間、水錶區、水箱,鋼筋混凝土造,105年11月8日,十三層,
RPTOMLLJIIGGFBG37DA,5,96.38,集合住宅,鋼筋混凝土造,105年11月8日,十三層,三層 陽台
RPTOMLLJIIGGFBG37DA,5,72.35,本共有部分之項目有：停車空間、頂蓋型廣場式開放空間、公共服務空間、ＫＴＶ室、棋牌室、樓梯間、水錶區、水箱,鋼筋混凝土造,105年11月8日,十三層,
RPVOMLLJIIGGFBG57DA,5,70.48,集合住宅,鋼筋混凝土造,105年11月8日,十三層,三層 陽台
RPVOMLLJIIGGFBG57DA,5,52.96,本共有部分之項目有：停車空間、頂蓋型廣場式開放空間、公共服務空間、ＫＴＶ室、棋牌室、樓梯間、水錶區、水箱,鋼筋混凝土造,105年11月8日,十三層,
RPTOMLMKIIGGFAG47DA,,2.41,門廊、樓梯電梯間、受電發電室﹙共同使用部份﹚,鋼筋混凝土造,,十二層,
RPTOMLMKIIGGFAG47DA,27,50.93,商業用,鋼筋混凝土造,83年12月13日,十二層,一層 平台 騎樓
RPTOMLOKIIGGFAG67DA,30,157.21,集合住家,鋼筋混凝土造,80年11月21日,七層,七層 陽台 花台
RPTOMLOKIIGGFAG67DA,30,26.37,共有部份,鋼筋混凝土造,80年11月21日,七層,
RPTOMLOKIIGGFAG67DA,30,42.85,防空避難室及停車場,鋼筋混凝土造,80年11月21日,七層,地下一層
RPOPMLMKIIGGFAG07DA,3,33.93,農業資材室,鋼筋鐵皮,107年12月13日,一層,一層
RPOOMLOKIIGGFAG17DA,6,114.22,農舍,鋼筋混凝土造,104年6月11日,二層,一層 二層
RPVOMLSKIIGGFAG28DA,4,98.58,集合住宅,鋼筋混凝土造,106年7月5日,十三層,十二層 陽台
RPVOMLSKIIGGFAG28DA,4,71.19,本共有部分之項目有排煙室兼緊急昇降機間、升降設備、梯廳、安全梯、樓梯間、機械室、水錶室、電梯機房、水箱、停車空間、車道、消防機械室、景觀機房、發電機室、電錶區、台電配電室、電信室、受電箱及管委會使用空間等１９項。,鋼筋混凝土造,106年7月5日,十三層,
RPQOMLPKIIGGFAG47DA,19,130.46,住家用,鋼筋混凝土造,92年2月17日,三層,一層 二層 三層 陽台 平台 屋頂突出物 見其他登記事項
RPROMLPKIIGGFAG57DA,28,123.58,住家用,鋼筋混凝土造,82年7月23日,六層,三層 陽台
RPROMLPKIIGGFAG57DA,28,40.53,防空避難室、停車場,鋼筋混凝土造,82年7月23日,,
RPPPMLRJIIGGFAG57DA,26,26.94,住家用,鋼筋混凝土造,84年6月15日,六層,四層 陽台
RPPPMLRJIIGGFAG57DA,26,8.57,防空避難室及梯間、共同使用部份,鋼筋混凝土造,84年6月15日,六層,
RPPNMLPKIIGGFAG27DA,27,186.37,住家用,鋼筋混凝土造,83年4月8日,三層,一層 二層 三層 見其他登記事項
RPWOMLTLRHGGFBG86DA,31,237.77,住家用,鋼筋混凝土造,79年4月2日,三層,一層 二層 三層 屋頂突出物 騎樓 見其他登記事項
RPQNMLQJRHGGFBG28DA,3,49.31,集合住宅,鋼筋混凝土造,108年2月13日,十層,十層 雨遮
RPQNMLQJRHGGFBG28DA,3,59.03,本共有部分之項目有：停車空間、機械室、門廳、管委會空間、樓電梯間、消防水箱、陽台、公共設施等８項,鋼筋混凝土造,108年2月13日,十層,
RPWNMLTKIIGGFAG38DA,10,426.24,農舍,鋼筋混凝土造,100年12月27日,三層,一層 二層 三層 陽台 屋頂突出物
RPUOMLPKIIGGFAG87DA,10,226.41,農舍,鋼筋混凝土造,100年7月5日,三層,一層 二層 三層 陽台
RPPNMLRLRHGGFAG38DA,1,217.33,室內空間、停車空間、住宅,鋼筋混凝土造,110年1月13日,四層,一層 二層 三層 四層 陽台
RPRNMLRKIIGGFAG67DA,2,171.65,住家用,鋼筋混凝土造,109年1月6日,三層,一層 二層 三層 陽台 見其他登記事項
RPQPMLMKIIGGFBG37DA,25,91.86,住家用,鋼筋混凝土造,85年6月12日,五層,一層
RPQPMLMKIIGGFBG37DA,25,91.86,住家用,鋼筋混凝土造,85年6月12日,五層,一層
RPQPMLMKIIGGFBG37DA,25,10.71,共有部份,鋼筋混凝土造,85年6月12日,五層,
RPQPMLMKIIGGFBG37DA,25,10.71,共有部份,鋼筋混凝土造,85年6月12日,五層,
RPUOMLMKIIGGFBG67DA,26,51.53,住家用,鋼筋混凝土造,84年9月4日,七層,七層 陽台
RPUOMLMKIIGGFBG67DA,26,28.03,共有部份,鋼筋混凝土造,84年9月4日,七層,
RPPNMLKLPHGGFAG47DA,13,291.88,農舍,鋼筋混凝土造,97年5月26日,一層,一層 陽台
RPPNMLKLPHGGFAG47DA,13,1579.87,花卉溫室,鋼筋混凝土造,97年1月31日,一層,一層
RPPNMLKLPHGGFAG47DA,25,174.20,花卉集貨場,鋼筋混凝土造,85年6月14日,二層,一層 二層
RPQNMLOJIIGGFBG27DA,24,78.35,住家用,鋼筋混凝土造,86年5月13日,六層,六層 陽台
RPQNMLOJIIGGFBG27DA,24,13.63,共有部份,鋼筋混凝土造,86年5月13日,六層,
RPQNMLOJIIGGFBG27DA,24,15.68,共有部份,鋼筋混凝土造,86年5月13日,六層,
RPWPMLSKIIGGFBG58DA,29,122.83,住家用,鋼筋混凝土造,81年8月25日,十五層,十層 陽台 花台
RPWPMLSKIIGGFBG58DA,29,23.65,共有部份,鋼筋混凝土造,81年8月25日,十五層,
RPWPMLSKIIGGFBG58DA,29,9.33,停車場﹒防空避難室,鋼筋混凝土造,81年8月25日,十五層,地下層
RPPNMLTKIIGGFBG77DA,,77.72,集合住宅,鋼筋混凝土造,110年7月13日,五層,五層 陽台
RPPNMLTKIIGGFBG77DA,,37.07,本共有部分之項目有：停車空間、樓梯間、昇降設備機房等３項,鋼筋混凝土造,110年7月13日,五層,
RPSNMLTKIIGGFBG18EA,14,43.02,集合住宅,鋼筋混凝土造,97年1月18日,九層,二層 陽台
RPSNMLTKIIGGFBG18EA,14,5.68,停車場,鋼筋混凝土造,97年1月18日,九層,一層 陽台 騎樓
RPSNMLTKIIGGFBG18EA,14,18.59,共有部份,鋼筋混凝土造,97年1月18日,九層,
RPSNMLTKIIGGFBG18EA,14,.11,共有部份,鋼筋混凝土造,97年1月18日,九層,
RPSNMLTKIIGGFBG18EA,14,16.48,共有部份,鋼筋混凝土造,97年1月18日,九層,
RPXNMLTKIIGGFBG68EA,7,55.23,集合住宅,鋼筋混凝土造,104年1月8日,十五層,四層 陽台 雨遮
RPXNMLTKIIGGFBG68EA,7,48.38,本共有部分之項目有：停車空間、梯廳、供管委會使用空間、排煙室、機房、樓梯間、水箱等七項,鋼筋混凝土造,104年1月8日,十五層,
RPUOMLSKIIGGFAG28EA,4,254.66,騎樓、住宅,鋼筋混凝土造,105年10月5日,三層,一層 二層 三層 陽台 騎樓 見其他登記事項
RPROMLSKIIGGFBG97DA,1,38.75,本共有部分之項目有停車空間、管委會及公共服務空間等２項,鋼筋混凝土造,110年1月25日,十八層,
RPVNMLSKIIGGFBG28DA,38,5.76,樓梯間,鋼筋混凝土造,72年5月11日,五層,
RPVNMLSKIIGGFBG28DA,38,.02,樓梯間,鋼筋混凝土造,72年5月11日,五層,
RPVNMLSKIIGGFBG28DA,38,88.20,住家用,鋼筋混凝土造,72年5月11日,五層,四層 陽台
RPVNMLSKIIGGFBG28DA,38,.27,住家用,鋼筋混凝土造,72年5月11日,一層,一層 陽台
RPVPMLSKIIGGFBG48DA,,316.07,農舍、樓梯間,鋼筋混凝土造,110年8月23日,三層,一層 二層 三層 陽台 見其他登記事項
RPPOMLSKIIGGFBG77DA,1,38.75,本共有部分之項目有停車空間、管委會及公共服務空間等２項,鋼筋混凝土造,110年1月25日,十八層,
RPOOMLSKIIGGFBG67DA,1,38.75,本共有部分之項目有停車空間、管委會及公共服務空間等２項,鋼筋混凝土造,110年1月25日,十八層,
RPUNMLSLRHGGFAG98DA,,178.53,住家用,鋼筋混凝土造,110年4月22日,三層,一層 二層 三層 陽台
RPQOMLTLRHGGFAG78DA,41,40.85,商業用,鋼筋混凝土造,69年7月15日,五層,一層
RPQOMLTLRHGGFAG78DA,41,34.59,商業用,鋼筋混凝土造,69年7月15日,五層,
