﻿編號,土地位置,土地移轉面積(平方公尺),使用分區或編定,權利人持分分母,權利人持分分子,移轉情形,地號
The serial number, land position,land shifting area square meter,the use zoning or compiles and checks,,,,land parcel
RPXNMLNKRHGGFBG78CB,玉田段,25.06,非都市：特定農業區 ; 非都市編定：甲種建築用地,100000,1765,持分移轉,08220000
RPTNMLNKRHGGFBG38CB,玉田段,25.06,非都市：特定農業區 ; 非都市編定：甲種建築用地,100000,1765,持分移轉,08220000
RPRNMLNKRHGGFBG18CB,外員段,24.19,都市：住,1000000,24426,持分移轉,04410000
RPRNMLNKRHGGFBG18CB,外員段,11.74,都市：住,1000000,24426,持分移轉,04570000
RPUNMLNKRHGGFBG48CB,玉田段,33.14,非都市：特定農業區 ; 非都市編定：甲種建築用地,100000,2334,持分移轉,08220000
RPVNMLNKRHGGFBG58CB,玉田段,23.44,非都市：特定農業區 ; 非都市編定：甲種建築用地,100000,1651,持分移轉,08220000
RPWNMLNKRHGGFBG68CB,玉田段,25.06,非都市：特定農業區 ; 非都市編定：甲種建築用地,100000,1765,持分移轉,08220000
RPOOMLNKRHGGFBG97CB,玉田段,25.06,非都市：特定農業區 ; 非都市編定：甲種建築用地,100000,1765,持分移轉,08220000
RPPNMLMKRHGGFAG77CB,利成段,66.82,非都市：鄉村區 ; 非都市編定：乙種建築用地,1,1,全筆移轉,05660045
RPPNMLMKRHGGFAG77CB,利成段,14.85,非都市：鄉村區 ; 非都市編定：乙種建築用地,1,1,全筆移轉,05660031
RPPNMLMKRHGGFAG77CB,利成段,.76,非都市：鄉村區 ; 非都市編定：乙種建築用地,66,1,持分移轉,05660036
RPPNMLMKRHGGFAG77CB,利成段,7.31,非都市：一般農業區 ; 非都市編定：農牧用地,66,1,持分移轉,05740000
RPPNMLMKRHGGFAG77CB,利成段,1.12,非都市：一般農業區 ; 非都市編定：農牧用地,2772,1,持分移轉,05760000
RPPNMLMKRHGGFAG77CB,利成段,.17,非都市：一般農業區 ; 非都市編定：農牧用地,8328672,1115,持分移轉,05700000
RPQNMLLKRHGGFAG77CB,利成段,33.53,非都市：鄉村區 ; 非都市編定：乙種建築用地,10000,252,持分移轉,05660000
RPQNMLLKRHGGFAG77CB,利成段,2.76,非都市：鄉村區 ; 非都市編定：乙種建築用地,10000,252,持分移轉,05660050
RPQNMLLKRHGGFAG77CB,利成段,.76,非都市：鄉村區 ; 非都市編定：乙種建築用地,66,1,持分移轉,05660036
RPQNMLLKRHGGFAG77CB,利成段,7.31,非都市：一般農業區 ; 非都市編定：農牧用地,66,1,持分移轉,05740000
RPQNMLLKRHGGFAG77CB,利成段,14.11,非都市：一般農業區 ; 非都市編定：農牧用地,41,1,持分移轉,05740001
RPQNMLLKRHGGFAG77CB,利成段,1.12,非都市：一般農業區 ; 非都市編定：農牧用地,2772,1,持分移轉,05760000
RPQNMLLKRHGGFAG77CB,利成段,.17,非都市：一般農業區 ; 非都市編定：農牧用地,8328672,1115,持分移轉,05700000
RPQOMLNKRHGGFBG18CB,玉田段,26.91,非都市：特定農業區 ; 非都市編定：甲種建築用地,100000,1895,持分移轉,08220000
RPPNMLNKRHGGFAG87CB,東榮一段,28.22,都市：商,100000,1817,持分移轉,01270000
RPPNMLLKRHGGFAG67CB,利成段,34.99,非都市：鄉村區 ; 非都市編定：乙種建築用地,10000,263,持分移轉,05660000
RPPNMLLKRHGGFAG67CB,利成段,2.88,非都市：鄉村區 ; 非都市編定：乙種建築用地,10000,263,持分移轉,05660050
RPPNMLLKRHGGFAG67CB,利成段,.76,非都市：鄉村區 ; 非都市編定：乙種建築用地,66,1,持分移轉,05660036
RPPNMLLKRHGGFAG67CB,利成段,7.31,非都市：一般農業區 ; 非都市編定：農牧用地,66,1,持分移轉,05740000
RPPNMLLKRHGGFAG67CB,利成段,14.11,非都市：一般農業區 ; 非都市編定：農牧用地,41,1,持分移轉,05740001
RPPNMLLKRHGGFAG67CB,利成段,1.12,非都市：一般農業區 ; 非都市編定：農牧用地,2772,1,持分移轉,05760000
RPPNMLLKRHGGFAG67CB,利成段,.17,非都市：一般農業區 ; 非都市編定：農牧用地,8328672,1115,持分移轉,05700000
RPPOMLNKRHGGFBG08CB,玉田段,25.11,非都市：特定農業區 ; 非都市編定：甲種建築用地,100000,1768,持分移轉,08220000
RPPNMLOKRHGGFBG08CB,新福段,84.22,非都市：特定農業區 ; 非都市編定：甲種建築用地,1,1,全筆移轉,08300034
RPPNMLOKRHGGFBG08CB,新福段,19.01,非都市：特定農業區 ; 非都市編定：甲種建築用地,1,1,全筆移轉,08300033
RPPNMLOKRHGGFBG08CB,新福段,33.15,非都市：特定農業區 ; 非都市編定：農牧用地,20,1,持分移轉,08310000
RPPNMLOKRHGGFBG08CB,新福段,33.85,非都市：特定農業區 ; 非都市編定：農牧用地,20,1,持分移轉,08320000
RPQNMLOKRHGGFBG18CB,新福段,56.79,非都市：特定農業區 ; 非都市編定：甲種建築用地,1,1,全筆移轉,08300036
RPQNMLOKRHGGFBG18CB,新福段,19.98,非都市：特定農業區 ; 非都市編定：甲種建築用地,1,1,全筆移轉,08300031
RPQNMLOKRHGGFBG18CB,新福段,33.15,非都市：特定農業區 ; 非都市編定：農牧用地,20,1,持分移轉,08310000
RPQNMLOKRHGGFBG18CB,新福段,33.85,非都市：特定農業區 ; 非都市編定：農牧用地,20,1,持分移轉,08320000
RPSOMLNKRHGGFBG38CB,玉田段,33.14,非都市：特定農業區 ; 非都市編定：甲種建築用地,100000,2334,持分移轉,08220000
RPTOMLNKRHGGFBG48CB,金泰段,89.89,都市：住,1,1,全筆移轉,03940007
RPTOMLNKRHGGFBG48CB,金泰段,22.85,都市：其他:道路用地,30090,2285,持分移轉,03940001
RPPNMLOKRHGGFAG97CB,富農段,60.60,非都市：特定農業區 ; 非都市編定：甲種建築用地,100000,4329,持分移轉,00050003
RPPNMLQKRHGGFBG38DB,深賢段,23.70,非都市：鄉村區 ; 非都市編定：乙種建築用地,1,1,全筆移轉,08240011
RPPNMLQKRHGGFBG38DB,深賢段,62.50,非都市：鄉村區 ; 非都市編定：乙種建築用地,1,1,全筆移轉,08240016
RPRNMLOKRHGGFBG28CB,新福段,57.11,非都市：特定農業區 ; 非都市編定：甲種建築用地,1,1,全筆移轉,08300037
RPRNMLOKRHGGFBG28CB,新福段,19.03,非都市：特定農業區 ; 非都市編定：甲種建築用地,1,1,全筆移轉,08300030
RPRNMLOKRHGGFBG28CB,新福段,33.15,非都市：特定農業區 ; 非都市編定：農牧用地,20,1,持分移轉,08310000
RPRNMLOKRHGGFBG28CB,新福段,33.85,非都市：特定農業區 ; 非都市編定：農牧用地,20,1,持分移轉,08320000
RPSNMLOKRHGGFBG38CB,新福段,62.91,非都市：特定農業區 ; 非都市編定：甲種建築用地,1,1,全筆移轉,08300038
RPSNMLOKRHGGFBG38CB,新福段,12.59,非都市：特定農業區 ; 非都市編定：甲種建築用地,1,1,全筆移轉,08300029
RPSNMLOKRHGGFBG38CB,新福段,33.15,非都市：特定農業區 ; 非都市編定：農牧用地,20,1,持分移轉,08310000
RPSNMLOKRHGGFBG38CB,新福段,33.85,非都市：特定農業區 ; 非都市編定：農牧用地,20,1,持分移轉,08320000
RPVNMLOKRHGGFBG68CB,金泰段,87.26,都市：住,1,1,全筆移轉,03940005
RPVNMLOKRHGGFBG68CB,金泰段,25.42,都市：其他:道路用地,30090,2542,持分移轉,03940001
RPUNMLOKRHGGFBG58CB,新福段,61.64,非都市：特定農業區 ; 非都市編定：甲種建築用地,1,1,全筆移轉,08300040
RPUNMLOKRHGGFBG58CB,新福段,12.60,非都市：特定農業區 ; 非都市編定：甲種建築用地,1,1,全筆移轉,08300027
RPUNMLOKRHGGFBG58CB,新福段,33.15,非都市：特定農業區 ; 非都市編定：農牧用地,20,1,持分移轉,08310000
RPUNMLOKRHGGFBG58CB,新福段,33.85,非都市：特定農業區 ; 非都市編定：農牧用地,20,1,持分移轉,08320000
RPSNMLQKRHGGFBG68DB,深賢段,23.85,非都市：鄉村區 ; 非都市編定：乙種建築用地,1,1,全筆移轉,08240032
RPSNMLQKRHGGFBG68DB,深賢段,74.21,非都市：鄉村區 ; 非都市編定：乙種建築用地,1,1,全筆移轉,08240037
RPTNMLQKRHGGFBG78DB,壯志段,88.30,非都市：特定農業區 ; 非都市編定：甲種建築用地,1,1,全筆移轉,07410001
RPPNMLRKRHGGFBG48DB,壯志段,114.43,非都市：特定農業區 ; 非都市編定：甲種建築用地,1,1,全筆移轉,07410012
RPPNMLRKRHGGFBG48DB,壯志段,14.10,非都市：特定農業區 ; 非都市編定：甲種建築用地,1,1,全筆移轉,07410013
RPSOMLRKRHGGFAG68CB,義德段,121.97,都市：住,1,1,全筆移轉,04190008
RPROMLRKRHGGFAG58CB,義德段,86.88,都市：住,1,1,全筆移轉,04190011
RPUOMLRKRHGGFAG88CB,義德段,115.15,都市：住,1,1,全筆移轉,04190006
RPPNMLKLRHGGFBG77CB,新福段,94.61,非都市：特定農業區 ; 非都市編定：甲種建築用地,1,1,全筆移轉,08300004
RPPNMLKLRHGGFBG77CB,新福段,11.92,非都市：特定農業區 ; 非都市編定：甲種建築用地,1,1,全筆移轉,08300023
RPPNMLKLRHGGFBG77CB,新福段,33.15,非都市：特定農業區 ; 非都市編定：農牧用地,20,1,持分移轉,08310000
RPPNMLKLRHGGFBG77CB,新福段,33.85,非都市：特定農業區 ; 非都市編定：農牧用地,20,1,持分移轉,08320000
RPPNMLRKRHGGFBG38CB,吉祥一段,.63,都市：住,10000,238,持分移轉,06030001
RPPNMLRKRHGGFBG38CB,吉祥一段,2.04,都市：住,10000,238,持分移轉,06060000
RPPNMLRKRHGGFBG38CB,吉祥一段,2.06,都市：住,10000,238,持分移轉,06070000
RPPNMLRKRHGGFBG38CB,吉祥一段,3.91,都市：住,10000,238,持分移轉,06080000
RPPNMLRKRHGGFBG38CB,吉祥一段,4.44,都市：住,10000,238,持分移轉,06090000
RPPNMLRKRHGGFBG38CB,吉祥一段,2.07,都市：住,10000,238,持分移轉,06100000
RPPNMLRKRHGGFBG38CB,吉祥一段,5.81,都市：住,10000,238,持分移轉,06110000
RPPNMLRKRHGGFBG38CB,吉祥一段,10.08,都市：住,10000,238,持分移轉,06120000
RPPNMLRKRHGGFBG38CB,吉祥一段,.15,都市：住,10000,238,持分移轉,06140000
RPQNMLPKRHGGFBG28CB,金泰段,196.27,都市：住,1,1,全筆移轉,03940002
RPQNMLPKRHGGFBG28CB,金泰段,78.24,都市：其他:道路用地,30090,7824,持分移轉,03940001
RPRNMLKLRHGGFBG97CB,新福段,60.68,非都市：特定農業區 ; 非都市編定：甲種建築用地,1,1,全筆移轉,08300006
RPRNMLKLRHGGFBG97CB,新福段,12.90,非都市：特定農業區 ; 非都市編定：甲種建築用地,1,1,全筆移轉,08300021
RPRNMLKLRHGGFBG97CB,新福段,33.15,非都市：特定農業區 ; 非都市編定：農牧用地,20,1,持分移轉,08310000
RPRNMLKLRHGGFBG97CB,新福段,33.85,非都市：特定農業區 ; 非都市編定：農牧用地,20,1,持分移轉,08320000
RPXNMLOKRHGGFBG88CB,新福段,70.18,非都市：特定農業區 ; 非都市編定：甲種建築用地,1,1,全筆移轉,08300043
RPXNMLOKRHGGFBG88CB,新福段,12.16,非都市：特定農業區 ; 非都市編定：甲種建築用地,1,1,全筆移轉,08300024
RPXNMLOKRHGGFBG88CB,新福段,33.15,非都市：特定農業區 ; 非都市編定：農牧用地,20,1,持分移轉,08310000
RPXNMLOKRHGGFBG88CB,新福段,33.85,非都市：特定農業區 ; 非都市編定：農牧用地,20,1,持分移轉,08320000
RPQNMLKLRHGGFBG87CB,新福段,60.66,非都市：特定農業區 ; 非都市編定：甲種建築用地,1,1,全筆移轉,08300005
RPQNMLKLRHGGFBG87CB,新福段,12.90,非都市：特定農業區 ; 非都市編定：甲種建築用地,1,1,全筆移轉,08300022
RPQNMLKLRHGGFBG87CB,新福段,33.15,非都市：特定農業區 ; 非都市編定：農牧用地,20,1,持分移轉,08310000
RPQNMLKLRHGGFBG87CB,新福段,33.85,非都市：特定農業區 ; 非都市編定：農牧用地,20,1,持分移轉,08320000
RPPNMLQKRHGGFBG28CB,阿蘭城段,98.85,非都市：鄉村區 ; 非都市編定：乙種建築用地,1,1,全筆移轉,00570001
RPPNMLPKRHGGFBG18CB,珍子滿力段擺厘小段,34.51,都市：住,10000,1030,持分移轉,00610000
RPPNMLPKRHGGFBG18CB,進士一段,5.73,都市：農,12,1,持分移轉,09530001
RPPNMLPKRHGGFBG18CB,進士一段,1.53,都市：農,36,1,持分移轉,09530000
RPPNMLPKRHGGFBG18CB,進士一段,.02,都市：農,36,1,持分移轉,09530002
RPPOMLOKRHGGFBG18CB,金泰段,125.23,都市：住,1,1,全筆移轉,03940011
RPPOMLOKRHGGFBG18CB,金泰段,23.42,都市：其他:道路用地,30090,2342,持分移轉,03940001
RPPOMLOKRHGGFBG18CB,金泰段,4.99,都市：住,1,1,全筆移轉,03940012
RPPNMLMLRHGGFAG87CB,山明段,68.52,都市：住,1,1,全筆移轉,05720007
RPPNMLMLRHGGFAG87CB,山明段,18.57,都市：住,1,1,全筆移轉,05720008
RPQNMLMLRHGGFAG97CB,山明段,71.50,都市：住,1,1,全筆移轉,05720019
RPQNMLMLRHGGFAG97CB,山明段,15.60,都市：住,1,1,全筆移轉,05720020
RPPNMLMLRHGGFBG08DB,五美段,15.00,非都市：特定農業區 ; 非都市編定：甲種建築用地,1,1,全筆移轉,04820043
RPPNMLMLRHGGFBG08DB,五美段,75.00,非都市：特定農業區 ; 非都市編定：甲種建築用地,1,1,全筆移轉,04820054
RPRNMLMLRHGGFBG28DB,深賢段,24.51,非都市：鄉村區 ; 非都市編定：乙種建築用地,1,1,全筆移轉,08240031
RPRNMLMLRHGGFBG28DB,深賢段,66.47,非都市：鄉村區 ; 非都市編定：乙種建築用地,1,1,全筆移轉,08240036
RPSNMLMLRHGGFBG38DB,深賢段,60.66,非都市：鄉村區 ; 非都市編定：乙種建築用地,1,1,全筆移轉,08240024
RPSNMLMLRHGGFBG38DB,深賢段,23.00,非都市：鄉村區 ; 非都市編定：乙種建築用地,1,1,全筆移轉,08240029
RPSNMLNLRHGGFBG48DB,金古段,90.65,都市：住,1,1,全筆移轉,05580035
RPSNMLNLRHGGFBG48DB,金古段,16.96,都市：住,8,1,持分移轉,05570008
RPUNMLNLRHGGFAG48CB,錦草段,72.00,非都市：特定農業區 ; 非都市編定：甲種建築用地,1,1,全筆移轉,07480037
RPUNMLNLRHGGFAG48CB,錦草段,20.00,非都市：特定農業區 ; 非都市編定：甲種建築用地,1,1,全筆移轉,07480055
RPUNMLNLRHGGFAG48CB,錦草段,.09,非都市：特定農業區 ; 非都市編定：甲種建築用地,32,1,持分移轉,07480001
RPQNMLNLRHGGFAG08CB,錦草段,71.00,非都市：特定農業區 ; 非都市編定：甲種建築用地,1,1,全筆移轉,07480005
RPQNMLNLRHGGFAG08CB,錦草段,19.00,非都市：特定農業區 ; 非都市編定：甲種建築用地,1,1,全筆移轉,07480018
RPQNMLNLRHGGFAG08CB,錦草段,.09,非都市：特定農業區 ; 非都市編定：甲種建築用地,32,1,持分移轉,07480001
RPOOMLOLRHGGFAG18DB,大吉三段,22.20,非都市：特定農業區 ; 非都市編定：甲種建築用地,10000,162,持分移轉,12660000
RPQRMLMLRHGGFBG48CB,宜大段,2.74,都市：住,1000000,432,持分移轉,06390000
RPORMLMLRHGGFBG28CB,宜大段,2.38,都市：住,1000000,375,持分移轉,06390000
RPPRMLMLRHGGFBG38CB,宜大段,2.99,都市：住,1000000,471,持分移轉,06390000
RPXNMLNLRHGGFAG78CB,錦草段,70.00,非都市：特定農業區 ; 非都市編定：甲種建築用地,1,1,全筆移轉,07480035
RPXNMLNLRHGGFAG78CB,錦草段,37.00,非都市：特定農業區 ; 非都市編定：甲種建築用地,1,1,全筆移轉,07480059
RPXNMLNLRHGGFAG78CB,錦草段,.09,非都市：特定農業區 ; 非都市編定：甲種建築用地,32,1,持分移轉,07480001
RPXQMLMLRHGGFBG09CB,宜大段,3.03,都市：住,1000000,477,持分移轉,06390000
RPXNMLTLRHGGFBG96DB,阿蘭城段,83.53,非都市：鄉村區 ; 非都市編定：乙種建築用地,1,1,全筆移轉,00030002
RPUNMLKLRHGGFBG28CB,新福段,57.04,非都市：特定農業區 ; 非都市編定：甲種建築用地,1,1,全筆移轉,08300010
RPUNMLKLRHGGFBG28CB,新福段,16.90,非都市：特定農業區 ; 非都市編定：甲種建築用地,1,1,全筆移轉,08300017
RPUNMLKLRHGGFBG28CB,新福段,33.15,非都市：特定農業區 ; 非都市編定：農牧用地,20,1,持分移轉,08310000
RPUNMLKLRHGGFBG28CB,新福段,33.85,非都市：特定農業區 ; 非都市編定：農牧用地,20,1,持分移轉,08320000
RPSOMLOLRHGGFAG58DB,利成段,54.30,非都市：鄉村區 ; 非都市編定：乙種建築用地,1,1,全筆移轉,04790036
RPSOMLOLRHGGFAG58DB,利成段,23.03,非都市：鄉村區 ; 非都市編定：乙種建築用地,909304,14475,持分移轉,04790000
RPSOMLOLRHGGFAG58DB,利成段,1.39,非都市：鄉村區 ; 非都市編定：乙種建築用地,100000,199,持分移轉,05110000
RPVNMLKLRHGGFBG38CB,新福段,80.29,非都市：特定農業區 ; 非都市編定：甲種建築用地,1,1,全筆移轉,08300013
RPVNMLKLRHGGFBG38CB,新福段,21.59,非都市：特定農業區 ; 非都市編定：甲種建築用地,1,1,全筆移轉,08300014
RPVNMLKLRHGGFBG38CB,新福段,33.15,非都市：特定農業區 ; 非都市編定：農牧用地,20,1,持分移轉,08310000
RPVNMLKLRHGGFBG38CB,新福段,33.85,非都市：特定農業區 ; 非都市編定：農牧用地,20,1,持分移轉,08320000
RPTNMLKLRHGGFBG18CB,新福段,60.80,非都市：特定農業區 ; 非都市編定：甲種建築用地,1,1,全筆移轉,08300009
RPTNMLKLRHGGFBG18CB,新福段,12.97,非都市：特定農業區 ; 非都市編定：甲種建築用地,1,1,全筆移轉,08300018
RPTNMLKLRHGGFBG18CB,新福段,33.15,非都市：特定農業區 ; 非都市編定：農牧用地,20,1,持分移轉,08310000
RPTNMLKLRHGGFBG18CB,新福段,33.85,非都市：特定農業區 ; 非都市編定：農牧用地,20,1,持分移轉,08320000
RPSNMLKLRHGGFBG08CB,新福段,60.73,非都市：特定農業區 ; 非都市編定：甲種建築用地,1,1,全筆移轉,08300008
RPSNMLKLRHGGFBG08CB,新福段,12.87,非都市：特定農業區 ; 非都市編定：甲種建築用地,1,1,全筆移轉,08300019
RPSNMLKLRHGGFBG08CB,新福段,33.15,非都市：特定農業區 ; 非都市編定：農牧用地,20,1,持分移轉,08310000
RPSNMLKLRHGGFBG08CB,新福段,33.85,非都市：特定農業區 ; 非都市編定：農牧用地,20,1,持分移轉,08320000
RPPNMLOLRHGGFBG18CB,吉祥一段,.66,都市：住,10000,250,持分移轉,06030001
RPPNMLOLRHGGFBG18CB,吉祥一段,2.14,都市：住,10000,250,持分移轉,06060000
RPPNMLOLRHGGFBG18CB,吉祥一段,2.16,都市：住,10000,250,持分移轉,06070000
RPPNMLOLRHGGFBG18CB,吉祥一段,4.11,都市：住,10000,250,持分移轉,06080000
RPPNMLOLRHGGFBG18CB,吉祥一段,4.67,都市：住,10000,250,持分移轉,06090000
RPPNMLOLRHGGFBG18CB,吉祥一段,2.18,都市：住,10000,250,持分移轉,06100000
RPPNMLOLRHGGFBG18CB,吉祥一段,6.11,都市：住,10000,250,持分移轉,06110000
RPPNMLOLRHGGFBG18CB,吉祥一段,10.59,都市：住,10000,250,持分移轉,06120000
RPPNMLOLRHGGFBG18CB,吉祥一段,.16,都市：住,10000,250,持分移轉,06140000
RPPNMLRLRHGGFAG38CB,和平段,23.36,都市：住,100000,11870,持分移轉,02010001
RPPNMLRLRHGGFAG38CB,和平段,23.36,都市：住,100000,11870,持分移轉,02010002
RPTNMLTLRHGGFBG56DB,阿蘭城段,82.39,非都市：鄉村區 ; 非都市編定：乙種建築用地,1,1,全筆移轉,00030001
RPUNMLLJIIGGFBG47DB,阿蘭城段,82.05,非都市：鄉村區 ; 非都市編定：乙種建築用地,1,1,全筆移轉,00050000
RPUNMLLJIIGGFBG47DB,阿蘭城段,9.02,非都市：鄉村區 ; 非都市編定：乙種建築用地,5,1,持分移轉,00050004
RPXNMLLJIIGGFBG77DB,雙福段,40.58,都市：住,1000000,12800,持分移轉,09110000
RPWNMLKMRHGGFBG58CB,深洲段,13.26,非都市：特定農業區 ; 非都市編定：甲種建築用地,10000,639,持分移轉,02590001
RPWNMLKMRHGGFBG58CB,深洲段,46.43,非都市：特定農業區 ; 非都市編定：甲種建築用地,10000,639,持分移轉,02690000
RPQNMLKMRHGGFAG87CB,香城段,68.00,非都市：特定農業區 ; 非都市編定：甲種建築用地,1,1,全筆移轉,09150013
RPQNMLKMRHGGFAG87CB,香城段,2.00,非都市：特定農業區 ; 非都市編定：甲種建築用地,1,1,全筆移轉,09150014
RPQNMLKMRHGGFAG87CB,香城段,13.00,非都市：特定農業區 ; 非都市編定：甲種建築用地,1,1,全筆移轉,09150015
RPQNMLKMRHGGFAG87CB,香城段,.67,非都市：特定農業區 ; 非都市編定：甲種建築用地,15,1,持分移轉,09150020
RPQNMLKMRHGGFAG87CB,香城段,6.87,非都市：特定農業區 ; 非都市編定：甲種建築用地,15,1,持分移轉,09150021
RPQNMLKMRHGGFAG87CB,香城段,.87,非都市：特定農業區 ; 非都市編定：甲種建築用地,15,1,持分移轉,09150022
RPWOMLLJIIGGFBG67CB,中興段,60.54,都市：住,1,1,全筆移轉,01250005
RPWOMLLJIIGGFBG67CB,中興段,14.18,都市：住,1,1,全筆移轉,01250049
RPOOMLLJIIGGFBG96DB,雙福段,40.58,都市：住,1000000,12800,持分移轉,09110000
RPPOMLLJIIGGFBG07DB,雙福段,29.93,都市：住,1000000,9441,持分移轉,09110000
RPSNMLNJIIGGFAG27CB,尾塹二段,74.59,非都市：特定農業區 ; 非都市編定：甲種建築用地,1,1,全筆移轉,08280029
RPOOMLOJIIGGFAG17DB,文化段,55.00,都市：住,1,1,全筆移轉,03140030
RPOOMLOJIIGGFAG17DB,文化段,13.20,都市：住,1,1,全筆移轉,03140023
RPQOMLOJIIGGFAG37DB,文化段,55.00,都市：住,1,1,全筆移轉,03140035
RPQOMLOJIIGGFAG37DB,文化段,13.20,都市：住,1,1,全筆移轉,03140046
RPQNMLRJIIGGFAG47CB,新健富段,2.18,非都市：特定農業區 ; 非都市編定：甲種建築用地,1,1,全筆移轉,08530000
RPQNMLRJIIGGFAG47CB,新健富段,8.44,非都市：特定農業區 ; 非都市編定：甲種建築用地,1,1,全筆移轉,08530001
RPQNMLRJIIGGFAG47CB,新健富段,123.78,非都市：特定農業區 ; 非都市編定：甲種建築用地,1,1,全筆移轉,08530002
RPPNMLSJIIGGFBG57CB,新生段,70.07,都市：住,1,1,全筆移轉,06850009
RPPNMLSJIIGGFBG57CB,新生段,13.50,都市：住,1,1,全筆移轉,06850033
RPUNMLRJIIGGFAG87CB,寶員段,63.00,非都市：特定農業區 ; 非都市編定：甲種建築用地,1,1,全筆移轉,08440004
RPUNMLRJIIGGFAG87CB,寶員段,5.57,非都市：特定農業區 ; 非都市編定：甲種建築用地,22,1,持分移轉,08440000
RPUNMLRJIIGGFAG87CB,寶員段,13.71,非都市：特定農業區 ; 非都市編定：甲種建築用地,3,1,持分移轉,08440006
RPPNMLMKIIGGFBG07CB,金泰段,85.96,都市：住,1,1,全筆移轉,03940004
RPPNMLMKIIGGFBG07CB,金泰段,16.68,都市：其他:道路用地,20017,1668,持分移轉,03940001
RPPNMLMKIIGGFBG07CB,金泰段,10.03,都市：住,1,1,全筆移轉,03940015
RPWNMLMKIIGGFBG77CB,新生段,20.25,都市：住,1,1,全筆移轉,06850051
RPWNMLMKIIGGFBG77CB,新生段,63.23,都市：住,1,1,全筆移轉,06850067
RPVNMLPKIIGGFBG97CB,協天段,21.58,都市：住,10000,352,持分移轉,08240000
RPTNMLTKIIGGFAG18DB,大吉三段,35.49,非都市：特定農業區 ; 非都市編定：甲種建築用地,10000,259,持分移轉,12660000
RPPNMLNKIIGGFBG17CB,新生段,66.33,都市：住,1,1,全筆移轉,06850005
RPPNMLNKIIGGFBG17CB,新生段,20.25,都市：住,1,1,全筆移轉,06850037
RPRNMLPKIIGGFAG47CB,孝威段,48.29,非都市：特定農業區 ; 非都市編定：甲種建築用地,100000,4586,持分移轉,02400000
RPRNMLPKIIGGFAG47CB,孝威段,40.22,非都市：特定農業區 ; 非都市編定：甲種建築用地,100000,4586,持分移轉,02420000
RPSNMLPKIIGGFAG57CB,永吉段,96.49,非都市：特定農業區 ; 非都市編定：甲種建築用地,1,1,全筆移轉,08680006
RPSNMLPKIIGGFAG57CB,永吉段,18.83,非都市：特定農業區 ; 非都市編定：甲種建築用地,1,1,全筆移轉,08680014
RPSNMLPKIIGGFAG57CB,永吉段,5.96,非都市：特定農業區 ; 非都市編定：甲種建築用地,16,1,持分移轉,08680000
RPQNMLPKIIGGFAG37CB,義成一段,50.09,非都市：特定農業區 ; 非都市編定：甲種建築用地,10000,491,持分移轉,03640000
RPQNMLPKIIGGFAG37CB,義成一段,4.16,非都市：特定農業區 ; 非都市編定：農牧用地,43282,416,持分移轉,03630000
RPUNMLRJIIGGFBG97CB,玉田段,25.11,非都市：特定農業區 ; 非都市編定：甲種建築用地,100000,1768,持分移轉,08220000
RPUNMLQLIIGGFBG08CB,乾門一段,3.10,都市：住,100000,2050,持分移轉,10820000
RPUNMLQLIIGGFBG08CB,乾門一段,.09,都市：住,100000,2050,持分移轉,10830000
RPUNMLQLIIGGFBG08CB,乾門一段,17.64,都市：住,100000,2050,持分移轉,10840000
RPUNMLQLIIGGFBG08CB,乾門一段,.32,都市：住,100000,2050,持分移轉,10840001
RPUNMLQLIIGGFBG08CB,乾門一段,14.97,都市：住,100000,2050,持分移轉,10850000
RPUNMLQLIIGGFBG08CB,乾門一段,4.80,都市：住,100000,2050,持分移轉,10910000
RPUNMLQLIIGGFBG08CB,乾門一段,2.00,都市：住,100000,2050,持分移轉,10950000
RPUNMLQLIIGGFBG08CB,乾門一段,.02,都市：住,100000,2050,持分移轉,10960004
RPUNMLQLIIGGFBG08CB,乾門一段,.32,都市：住,100000,2050,持分移轉,10960003
RPUNMLQLIIGGFBG08CB,乾門一段,.78,都市：住,100000,2050,持分移轉,10970000
RPUNMLQLIIGGFBG08CB,乾門一段,.82,都市：住,100000,2050,持分移轉,11200000
RPVNMLRJIIGGFBG08CB,玉田段,23.44,非都市：特定農業區 ; 非都市編定：甲種建築用地,100000,1651,持分移轉,08220000
RPQNMLQJIIGGFBG47CB,延平段,108.00,都市：農,1,1,全筆移轉,02350001
RPQNMLQJIIGGFBG47CB,延平段,29.00,都市：農,1,1,全筆移轉,02350009
RPWNMLRJIIGGFBG18CB,玉田段,25.06,非都市：特定農業區 ; 非都市編定：甲種建築用地,100000,1765,持分移轉,08220000
