﻿編號,屋齡,建物移轉面積平方公尺,主要用途,主要建材,建築完成日期,總層數,建物分層
The serial number,room age,building shifting area square meter,the main use,main building materials,construction completes the date,total layer,building lamination
RPPNMLQKRHGGFAG28CC,51,94.97,住商用,鋼筋混凝土加強磚造,60年1月23日,三層,
RPXOMLQKRHGGFBG66CC,28,194.92,住家用,鋼筋混凝土造,82年9月29日,三層,
RPWOMLQKRHGGFBG56CC,36,86.95,住家用,鋼筋混凝土造,75年2月6日,五層,
RPXNMLPKRHGGFBG09CC,4,43.50,集合住宅,鋼筋混凝土造,106年8月14日,十五層,
RPUNMLQKRHGGFBG88CC,15,30.33,住家用,鋼筋混凝土造,95年9月21日,十四層,
RPXNMLPKRHGGFBG09CC,4,34.30,本共有部分之項目有停車空間、機電空間、管理委員會空間及屋頂突出物等４項,鋼筋混凝土造,106年8月14日,十五層,
RPRNMLQKRHGGFBG58CC,16,29.22,住商用,鋼筋混凝土造,94年10月7日,四層,
RPVNMLPKRHGGFBG88CC,7,52.35,Ｈ２集合住宅,鋼筋混凝土造,103年11月20日,二十四層,
RPVNMLPKRHGGFBG88CC,7,36.55,本共有部分之項目有：停車場、頂蓋型沿街步道式開放空間、樓梯間、機械室、水箱等五項,鋼筋混凝土造,103年11月20日,二十四層,
