﻿鄉鎮市區,交易標的,土地位置建物門牌,土地移轉總面積平方公尺,都市土地使用分區,非都市土地使用分區,非都市土地使用編定,交易年月日,交易筆棟數,移轉層次,總樓層數,建物型態,主要用途,主要建材,建築完成年月,建物移轉總面積平方公尺,建物現況格局-房,建物現況格局-廳,建物現況格局-衛,建物現況格局-隔間,有無管理組織,總價元,單價元平方公尺,車位類別,車位移轉總面積平方公尺,車位總價元,備註,編號,建案名稱,棟及號
The villages and towns urban district,transaction sign,land sector position building sector house number plate,land shifting total area square meter,the use zoning or compiles and checks,the non-metropolis land use district,non-metropolis land use,transaction year month and day,transaction pen number,shifting level,total floor number,building state,main use,main building materials,construction to complete the years,building shifting total area,Building present situation pattern - room,building present situation pattern - hall,building present situation pattern - health,building present situation pattern - compartmented,Whether there is manages the organization,total price NTD,the unit price (NTD / square meter),the berth category,berth shifting total area square meter,the berth total price NTD,the note,serial number,build case,buildings
五結鄉,房地(土地+建物),宜蘭縣五結鄉利成路一段226巷,61.33,,鄉村區,乙種建築用地,1100829,土地7建物1車位0,二層,4,華廈(10層含以下有電梯),住家用,鋼筋混凝土造,,90.34,3,2,2,有,無,4700000,52026,,0.0,0,,RPPNMLLKRHGGFAG67CB,青年大鎮,
五結鄉,房地(土地+建物),宜蘭縣五結鄉利成路一段226巷,59.75,,鄉村區,乙種建築用地,1100911,土地7建物1車位0,二層,4,華廈(10層含以下有電梯),住家用,鋼筋混凝土造,,85.91,3,2,2,有,無,4450000,51798,,0.0,0,,RPQNMLLKRHGGFAG77CB,青年大鎮,
五結鄉,房地(土地+建物),宜蘭縣五結鄉利成路一段226巷,91.02,,鄉村區,乙種建築用地,1100912,土地6建物1車位0,全,3,透天厝,住家用,鋼筋混凝土造,,140.33,4,2,3,有,無,7200000,51308,,0.0,0,,RPPNMLMKRHGGFAG77CB,青年大鎮,
羅東鎮,房地(土地+建物)+車位,宜蘭縣羅東鎮東宜一路33號,28.22,商,,,1100823,土地1建物1車位1,二層,13,住宅大樓(11層含以上有電梯),住家用,鋼筋混凝土造,,186.01,3,2,2,有,無,13250000,77791,坡道平面,31.75,1250000,,RPPNMLNKRHGGFAG87CB,誠峰裸東,
員山鄉,房地(土地+建物)+車位,宜蘭縣員山鄉金山西路160巷,35.92,住,,,1100820,土地2建物1車位1,五層,6,華廈(10層含以下有電梯),住家用,鋼筋混凝土造,,90.09,2,2,1,有,無,5900000,65490,一樓平面,0.0,0,,RPRNMLNKRHGGFBG18CB,亞蘭德倫,
礁溪鄉,房地(土地+建物),宜蘭縣礁溪鄉 玉田一路,25.06,,特定農業區,甲種建築用地,1100815,土地1建物1車位0,一層,4,華廈(10層含以下有電梯),住家用,鋼筋混凝土造,,57.88,2,2,1,有,無,5050000,87249,,0.0,0,1.依府授建管字第1100004733號函原起造人為:大雁開發實業股份有限公司變更為:僑馥建築經理股份有限公司。,RPTNMLNKRHGGFBG38CB,獨角仙與光臘樹,
礁溪鄉,房地(土地+建物),宜蘭縣礁溪鄉 玉田一路,33.14,,特定農業區,甲種建築用地,1100815,土地1建物1車位0,三層,4,華廈(10層含以下有電梯),住家用,鋼筋混凝土造,,79.36,2,2,1,有,無,5580000,70313,,0.0,0,1.依府授建管字第1100004733號函原起造人為:大雁開發實業股份有限公司變更為:僑馥建築經理股份有限公司。,RPUNMLNKRHGGFBG48CB,獨角仙與光臘樹,
礁溪鄉,房地(土地+建物),宜蘭縣礁溪鄉 玉田一路,23.44,,特定農業區,甲種建築用地,1100817,土地1建物1車位0,三層,4,華廈(10層含以下有電梯),住家用,鋼筋混凝土造,,59.33,2,2,1,有,無,4800000,80903,,0.0,0,依府授建管字第1100004733號函原起造人為:大雁開發實業股份有限公司變更為:僑馥建築經理股份有限公司。,RPVNMLNKRHGGFBG58CB,獨角仙與光臘樹,
礁溪鄉,房地(土地+建物),宜蘭縣礁溪鄉 玉田一路,25.06,,特定農業區,甲種建築用地,1100817,土地1建物1車位0,四層,4,華廈(10層含以下有電梯),住家用,鋼筋混凝土造,,57.88,2,2,1,有,無,4750000,82066,,0.0,0,依府授建管字第1100004733號函原起造人為:大雁開發實業股份有限公司變更為:僑馥建築經理股份有限公司。,RPWNMLNKRHGGFBG68CB,獨角仙與光臘樹,
礁溪鄉,房地(土地+建物),宜蘭縣宜蘭市 玉田一路,25.06,,特定農業區,甲種建築用地,1100817,土地1建物1車位0,三層,4,華廈(10層含以下有電梯),住家用,鋼筋混凝土造,,57.88,2,2,1,有,無,4750000,82066,,0.0,0,依府授建管字第1100004733號函原起造人為:大雁開發實業股份有限公司變更為:僑馥建築經理股份有限公司。,RPXNMLNKRHGGFBG78CB,獨角仙與光臘樹,
礁溪鄉,房地(土地+建物),宜蘭縣宜蘭市 玉田一路,25.06,,特定農業區,甲種建築用地,1100821,土地1建物1車位0,一層,4,華廈(10層含以下有電梯),住家用,鋼筋混凝土造,,57.88,2,2,1,有,無,5020000,86731,,0.0,0,依府授建管字第1100004733號函原起造人為:大雁開發實業股份有限公司變更為:僑馥建築經理股份有限公司。,RPOOMLNKRHGGFBG97CB,獨角仙與光臘樹,
礁溪鄉,房地(土地+建物),宜蘭縣宜蘭市 玉田一路,25.11,,特定農業區,甲種建築用地,1100830,土地1建物1車位0,四層,4,華廈(10層含以下有電梯),住家用,鋼筋混凝土造,,63.59,2,2,1,有,無,4460000,70137,,0.0,0,依府授建管字第1100004733號函原起造人為:大雁開發實業股份有限公司變更為:僑馥建築經理股份有限公司。,RPPOMLNKRHGGFBG08CB,獨角仙與光臘樹,
礁溪鄉,房地(土地+建物),宜蘭縣礁溪鄉 玉田一路,26.91,,特定農業區,甲種建築用地,1100909,土地1建物1車位0,三層,4,華廈(10層含以下有電梯),住家用,鋼筋混凝土造,,66.99,2,2,1,有,無,4700000,70160,,0.0,0,依府授建管字第1100004733號函原起造人為:大雁開發實業股份有限公司變更為:僑馥建築經理股份有限公司。,RPQOMLNKRHGGFBG18CB,獨角仙與光臘樹,
礁溪鄉,房地(土地+建物),宜蘭縣礁溪鄉 玉田一路,33.14,,特定農業區,甲種建築用地,1100909,土地1建物1車位0,二層,4,華廈(10層含以下有電梯),住家用,鋼筋混凝土造,,79.36,2,2,1,有,無,5470000,68926,,0.0,0,依府授建管字第1100004733號函原起造人為:大雁開發實業股份有限公司變更為:僑馥建築經理股份有限公司。,RPSOMLNKRHGGFBG38CB,獨角仙與光臘樹,
員山鄉,房地(土地+建物),宜蘭縣員山鄉慈惠路,112.74,住,,,1100817,土地2建物1車位0,全,3,透天厝,住家用,鋼筋混凝土造,,146.29,4,2,3,有,無,9500000,64940,,0.0,0,,RPTOMLNKRHGGFBG48CB,金泰天下,
壯圍鄉,房地(土地+建物),宜蘭縣壯圍鄉中興六路35巷,170.23,,特定農業區,甲種建築用地,1100626,土地4建物1車位0,全,4,透天厝,住家用,鋼筋混凝土造,,155.61,4,2,3,有,無,8500000,54624,,0.0,0,含2筆農地土地持分，價金380000元整A1戶原合約書地號830、830-1等2筆地號,RPPNMLOKRHGGFBG08CB,新元墅6,
壯圍鄉,房地(土地+建物),宜蘭縣壯圍鄉中興六路35巷,143.77,,特定農業區,甲種建築用地,1100327,土地4建物1車位0,全,3,透天厝,住家用,鋼筋混凝土造,,144.3,4,2,3,有,無,7800000,54054,,0.0,0,含2筆農地土地持分，價金380000元整A3戶原合約書地號830、830-1等2筆地號,RPQNMLOKRHGGFBG18CB,新元墅6,
壯圍鄉,房地(土地+建物),宜蘭縣壯圍鄉中興六路35巷,143.14,,特定農業區,甲種建築用地,1100422,土地4建物1車位0,全,3,透天厝,住家用,鋼筋混凝土造,,142.41,4,2,3,有,無,7800000,54771,,0.0,0,含2筆農地土地持分，價金380000元整A5戶原合約書地號830、830-1等2筆地號,RPRNMLOKRHGGFBG28CB,新元墅6,
壯圍鄉,房地(土地+建物),宜蘭縣壯圍鄉中興六路35巷,142.5,,特定農業區,甲種建築用地,1100503,土地4建物1車位0,全,3,透天厝,住家用,鋼筋混凝土造,,144.66,4,2,3,有,無,7800000,53920,,0.0,0,含2筆農地土地持分，價金380000元整A6戶原合約書地號830、830-1等2筆地號,RPSNMLOKRHGGFBG38CB,新元墅6,
壯圍鄉,房地(土地+建物),宜蘭縣壯圍鄉中興六路35巷,141.24,,特定農業區,甲種建築用地,1100630,土地4建物1車位0,全,3,透天厝,住家用,鋼筋混凝土造,,144.67,4,2,3,有,無,7800000,53916,,0.0,0,含2筆農地土地持分，價金380000元整A8戶原合約書地號830、830-1等2筆地號,RPUNMLOKRHGGFBG58CB,新元墅6,
員山鄉,房地(土地+建物),宜蘭縣員山鄉慈惠路,112.68,住,,,1100628,土地2建物1車位0,全,3,透天厝,住家用,鋼筋混凝土造,,146.29,4,2,3,有,無,9500000,64940,,0.0,0,,RPVNMLOKRHGGFBG68CB,金泰天下,
壯圍鄉,房地(土地+建物),宜蘭縣壯圍鄉中興六路35巷,149.34,,特定農業區,甲種建築用地,1100403,土地4建物1車位0,全,3,透天厝,住家用,鋼筋混凝土造,,144.67,4,2,3,有,無,7800000,53916,,0.0,0,含2筆農地土地持分，價金380000元整A11戶原合約書地號830、830-1等2筆地號,RPXNMLOKRHGGFBG88CB,新元墅6,
員山鄉,房地(土地+建物),宜蘭縣員山鄉慈惠路,153.64,住,,,1100626,土地3建物1車位0,全,3,透天厝,住家用,鋼筋混凝土造,,154.09,4,2,3,有,無,9600000,62301,,0.0,0,,RPPOMLOKRHGGFBG18CB,金泰天下,
冬山鄉,房地(土地+建物)+車位,宜蘭縣冬山鄉協松路530巷,60.6,,特定農業區,甲種建築用地,1100911,土地1建物1車位1,三層,4,華廈(10層含以下有電梯),住家用,鋼筋混凝土造,,149.03,2,2,2,有,無,5380000,36100,一樓平面,0.0,0,,RPPNMLOKRHGGFAG97CB,保駿NO.8 伯朗逸境,
宜蘭市,房地(土地+建物)+車位,宜蘭縣宜蘭市嵐峰路二段,41.78,住,,,1100816,土地4建物1車位1,二層,5,華廈(10層含以下有電梯),住家用,鋼筋混凝土造,,97.8,2,2,1,有,無,7600000,78374,一樓平面,16.14,1200000,,RPPNMLPKRHGGFBG18CB,碧城上晴,
員山鄉,房地(土地+建物),宜蘭縣員山鄉慈惠路,274.51,住,,,1100616,土地2建物1車位0,全,3,透天厝,住家用,鋼筋混凝土造,,295.41,6,3,7,有,無,19300000,65333,,0.0,0,,RPQNMLPKRHGGFBG28CB,金泰天下,
員山鄉,房地(土地+建物),宜蘭縣員山鄉蘭城路,98.85,,鄉村區,乙種建築用地,1100821,土地1建物1車位0,全,3,透天厝,住家用,鋼筋混凝土造,,135.6,4,2,3,有,無,8580000,63274,,0.0,0,,RPPNMLQKRHGGFBG28CB,築荷2,
員山鄉,房地(土地+建物),宜蘭縣員山鄉七賢路,86.2,,鄉村區,乙種建築用地,1100911,土地2建物1車位0,全,3,透天厝,住家用,鋼筋混凝土造,,150.75,4,2,3,有,無,7580000,50282,,0.0,0,,RPPNMLQKRHGGFBG38DB,麗璟綻,
員山鄉,房地(土地+建物),宜蘭縣員山鄉七賢路,98.06,,鄉村區,乙種建築用地,1100911,土地2建物1車位0,全,3,透天厝,住家用,鋼筋混凝土造,,146.56,4,2,3,有,無,7650000,52197,,0.0,0,,RPSNMLQKRHGGFBG68DB,麗璟綻,
壯圍鄉,房地(土地+建物),宜蘭縣壯圍鄉大福路二段209巷,88.3,,特定農業區,甲種建築用地,1100821,土地1建物1車位0,全,3,透天厝,住家用,鋼筋混凝土造,,158.61,4,2,5,有,無,7480000,47160,,0.0,0,,RPTNMLQKRHGGFBG78DB,吉邑美城,
壯圍鄉,房地(土地+建物),宜蘭縣壯圍鄉大福路二段209巷,128.53,,特定農業區,甲種建築用地,1100818,土地2建物1車位0,全,3,透天厝,住家用,鋼筋混凝土造,,169.05,4,2,5,有,無,8450000,49985,,0.0,0,,RPPNMLRKRHGGFBG48DB,吉邑美城,
三星鄉,房地(土地+建物),宜蘭縣三星鄉三星路六段,86.88,住,,,1100306,土地1建物1車位0,全,3,透天厝,住家用,鋼筋混凝土造,,146.32,4,2,4,有,無,7000000,47840,,0.0,0,,RPROMLRKRHGGFAG58CB,上讚,
三星鄉,房地(土地+建物),宜蘭縣三星鄉三星路六段,121.97,住,,,1100206,土地1建物1車位0,全,3,透天厝,住家用,鋼筋混凝土造,,160.57,4,2,4,有,無,7750000,48266,,0.0,0,,RPSOMLRKRHGGFAG68CB,上讚,
三星鄉,房地(土地+建物),宜蘭縣三星鄉三星路六段,115.15,住,,,1100417,土地1建物1車位0,全,3,透天厝,住家用,鋼筋混凝土造,,160.57,4,2,4,有,無,7450000,46397,,0.0,0,,RPUOMLRKRHGGFAG88CB,上讚,
壯圍鄉,房地(土地+建物),宜蘭縣壯圍鄉壯五路,31.2,住,,,1100821,土地9建物1車位0,五層,7,華廈(10層含以下有電梯),住家用,鋼筋混凝土造,,86.26,2,2,1,有,無,5860000,67934,,0.0,0,,RPPNMLRKRHGGFBG38CB,小時代3,
壯圍鄉,房地(土地+建物),宜蘭縣壯圍鄉中興六路35巷,173.53,,特定農業區,甲種建築用地,1100315,土地4建物1車位0,全,3,透天厝,住家用,鋼筋混凝土造,,144.66,4,2,3,有,無,8100000,55993,,0.0,0,含2筆農地土地持分，價金380000元整A12戶原合約書地號830、830-1等2筆地號,RPPNMLKLRHGGFBG77CB,新元墅6,
壯圍鄉,房地(土地+建物),宜蘭縣壯圍鄉中興六路35巷,140.56,,特定農業區,甲種建築用地,1100217,土地4建物1車位0,全,3,透天厝,住家用,鋼筋混凝土造,,144.66,4,2,3,有,無,7680000,53090,,0.0,0,含2筆農地土地持分，價金380000元整A13戶原合約書地號830、830-1等2筆地號,RPQNMLKLRHGGFBG87CB,新元墅6,
壯圍鄉,房地(土地+建物),宜蘭縣壯圍鄉中興六路35巷,140.58,,特定農業區,甲種建築用地,1100627,土地4建物1車位0,全,3,透天厝,住家用,鋼筋混凝土造,,144.67,4,2,3,有,無,7680000,53086,,0.0,0,其他：含2筆農地土地持分，價金380000元整A14戶原合約書地號830、830-1等2筆地號,RPRNMLKLRHGGFBG97CB,新元墅6,
壯圍鄉,房地(土地+建物),宜蘭縣壯圍鄉中興六路35巷,140.6,,特定農業區,甲種建築用地,1100417,土地4建物1車位0,全,3,透天厝,住家用,鋼筋混凝土造,,144.66,4,2,3,有,無,7800000,53920,,0.0,0,含2筆農地土地持分，價金380000元整A16戶原合約書地號830、830-1等2筆地號,RPSNMLKLRHGGFBG08CB,新元墅6,
壯圍鄉,房地(土地+建物),宜蘭縣壯圍鄉中興六路35巷,140.77,,特定農業區,甲種建築用地,1100310,土地4建物1車位0,全,3,透天厝,住家用,鋼筋混凝土造,,144.66,4,2,3,有,無,7800000,53920,,0.0,0,含2筆農地土地持分，價金380000元整A17戶原合約書地號830、830-1等2筆地號,RPTNMLKLRHGGFBG18CB,新元墅6,
壯圍鄉,房地(土地+建物),宜蘭縣壯圍鄉中興六路35巷,140.94,,特定農業區,甲種建築用地,1100412,土地4建物1車位0,全,3,透天厝,住家用,鋼筋混凝土造,,139.44,4,2,3,有,無,8100000,58090,,0.0,0,含2筆農地土地持分，價金380000元整A18戶原合約書地號830、830-1等2筆地號,RPUNMLKLRHGGFBG28CB,新元墅6,
壯圍鄉,房地(土地+建物),宜蘭縣壯圍鄉中興六路35巷,168.88,,特定農業區,甲種建築用地,1100420,土地4建物1車位0,全,3,透天厝,住家用,鋼筋混凝土造,,144.67,4,2,3,有,無,7800000,53916,,0.0,0,含2筆農地土地持分，價金380000元整A21戶原合約書地號830、830-1等2筆地號,RPVNMLKLRHGGFBG38CB,新元墅6,
宜蘭市,房地(土地+建物)+車位,宜蘭縣宜蘭市民族路,3.03,住,,,1100915,土地1建物1車位1,七層,14,住宅大樓(11層含以上有電梯),住家用,鋼筋混凝土造,,153.12,3,2,2,有,無,11870000,83203,坡道平面,24.88,1200000,,RPXQMLMLRHGGFBG09CB,謙和,
宜蘭市,房地(土地+建物)+車位,宜蘭縣宜蘭市民族路,2.38,住,,,1100915,土地1建物1車位1,六層,14,住宅大樓(11層含以上有電梯),住家用,鋼筋混凝土造,,125.62,2,2,2,有,無,9310000,82986,坡道平面,24.88,950000,,RPORMLMLRHGGFBG28CB,謙和,
宜蘭市,房地(土地+建物)+車位,宜蘭縣宜蘭市民族路,2.99,住,,,1100915,土地1建物1車位1,七層,14,住宅大樓(11層含以上有電梯),住家用,鋼筋混凝土造,,151.41,3,2,2,有,無,11770000,83538,坡道平面,24.88,1200000,,RPPRMLMLRHGGFBG38CB,謙和,
宜蘭市,房地(土地+建物)+車位,宜蘭縣宜蘭市民族路,2.74,住,,,1100915,土地1建物1車位1,十三層,13,住宅大樓(11層含以上有電梯),住家用,鋼筋混凝土造,,141.09,3,2,2,有,無,10520000,81060,坡道平面,24.88,1100000,,RPQRMLMLRHGGFBG48CB,謙和,
冬山鄉,房地(土地+建物)+車位,宜蘭縣冬山鄉香南路253巷6弄,87.09,住,,,1100911,土地2建物1車位1,全,3,透天厝,住家用,鋼筋混凝土造,,168.78,3,2,3,有,無,8500000,50361,一樓平面,0.0,0,,RPPNMLMLRHGGFAG87CB,冬山星鑽Ⅱ,
冬山鄉,房地(土地+建物)+車位,宜蘭縣冬山鄉香南路253巷6弄,87.1,住,,,1100912,土地2建物1車位1,全,3,透天厝,住家用,鋼筋混凝土造,,169.02,3,2,3,有,無,8400000,49698,一樓平面,0.0,0,,RPQNMLMLRHGGFAG97CB,冬山星鑽Ⅱ,
壯圍鄉,房地(土地+建物),宜蘭縣壯圍鄉大福路,90.0,,特定農業區,甲種建築用地,1100914,土地2建物1車位0,全,3,透天厝,住家用,鋼筋混凝土造,,153.33,4,2,3,有,無,9780000,63784,,0.0,0,,RPPNMLMLRHGGFBG08DB,金玉滿堂第20期,
員山鄉,房地(土地+建物),宜蘭縣員山鄉七賢路,90.98,,鄉村區,乙種建築用地,1100914,土地2建物1車位0,全,3,透天厝,住家用,鋼筋混凝土造,,146.67,4,2,3,有,無,7650000,52158,,0.0,0,,RPRNMLMLRHGGFBG28DB,麗璟綻,
員山鄉,房地(土地+建物),宜蘭縣員山鄉七賢路,83.66,,鄉村區,乙種建築用地,1100920,土地2建物1車位0,全,3,透天厝,住家用,鋼筋混凝土造,,150.75,4,2,3,有,無,7550000,50083,,0.0,0,,RPSNMLMLRHGGFBG38DB,麗璟綻,
員山鄉,房地(土地+建物),宜蘭縣員山鄉文化路100巷,107.61,住,,,1100911,土地2建物1車位0,全,3,透天厝,住家用,鋼筋混凝土造,,205.13,4,1,5,有,無,12800000,62399,,0.0,0,,RPSNMLNLRHGGFBG48DB,無,
五結鄉,房地(土地+建物),宜蘭縣五結鄉錦草一路180巷,90.09,,特定農業區,甲種建築用地,1100912,土地3建物1車位0,全,3,透天厝,住家用,鋼筋混凝土造,,143.55,4,2,3,有,無,7650000,53292,,0.0,0,,RPQNMLNLRHGGFAG08CB,朗朗居,
五結鄉,房地(土地+建物),宜蘭縣五結鄉錦草一路180巷,92.09,,特定農業區,甲種建築用地,1100912,土地3建物1車位0,全,3,透天厝,住家用,鋼筋混凝土造,,153.1,4,2,3,有,無,7950000,51927,,0.0,0,,RPUNMLNLRHGGFAG48CB,朗朗居,
五結鄉,房地(土地+建物),宜蘭縣五結鄉錦草一路180巷,107.09,,特定農業區,甲種建築用地,1100914,土地3建物1車位0,全,3,透天厝,住家用,鋼筋混凝土造,,151.43,4,2,3,有,無,7980000,52698,,0.0,0,,RPXNMLNLRHGGFAG78CB,朗朗居,
五結鄉,房地(土地+建物),宜蘭縣五結鄉三吉一路123巷,22.2,,特定農業區,甲種建築用地,1100917,土地1建物1車位0,一層,4,華廈(10層含以下有電梯),住家用,鋼筋混凝土造,,54.66,1,1,1,有,無,3350000,61288,,0.0,0,,RPOOMLOLRHGGFAG18DB,五結我家,
五結鄉,房地(土地+建物),宜蘭縣五結鄉利成路一段292巷,78.72,,鄉村區,乙種建築用地,1100918,土地3建物1車位0,全,4,透天厝,住家用,鋼筋混凝土造,,154.44,4,2,4,有,無,7200000,46620,,0.0,0,,RPSOMLOLRHGGFAG58DB,元邦景心,
壯圍鄉,房地(土地+建物),宜蘭縣壯圍鄉壯五路,32.77,住,,,1100911,土地9建物1車位0,六層,7,華廈(10層含以下有電梯),住家用,鋼筋混凝土造,,79.43,2,2,1,有,無,6680000,84099,,0.0,0,,RPPNMLOLRHGGFBG18CB,小時代3,
五結鄉,房地(土地+建物)+車位,宜蘭縣五結鄉中興路三段,46.73,住,,,1100917,土地2建物1車位1,五層,5,華廈(10層含以下有電梯),住家用,鋼筋混凝土造,,110.58,3,2,2,有,無,7700000,69633,一樓平面,0.0,0,,RPPNMLRLRHGGFAG38CB,富御城家,
員山鄉,房地(土地+建物),宜蘭縣員山鄉蘭城路,82.39,,鄉村區,乙種建築用地,1100917,土地1建物1車位0,全,3,透天厝,住家用,鋼筋混凝土造,,140.23,3,1,4,有,無,8050000,57406,,0.0,0,,RPTNMLTLRHGGFBG56DB,鳳凰愛買第一期,
員山鄉,房地(土地+建物),宜蘭縣員山鄉蘭城路,83.53,,鄉村區,乙種建築用地,1100919,土地1建物1車位0,全,3,透天厝,住家用,鋼筋混凝土造,,138.36,3,1,4,有,無,8000000,57820,,0.0,0,,RPXNMLTLRHGGFBG96DB,鳳凰愛買第一期,
冬山鄉,房地(土地+建物)+車位,宜蘭縣冬山鄉三奇村三城路,91.4,,特定農業區,甲種建築用地,1100917,土地6建物1車位1,全,3,透天厝,住家用,鋼筋混凝土造,,164.06,4,2,4,有,無,7880000,48031,一樓平面,0.0,0,,RPQNMLKMRHGGFAG87CB,向青苑,
員山鄉,房地(土地+建物)+車位,宜蘭縣員山鄉深洲一路,59.7,,特定農業區,甲種建築用地,1100913,土地2建物1車位1,四層,4,華廈(10層含以下有電梯),住家用,鋼筋混凝土造,,124.16,3,2,2,有,無,6450000,51949,一樓平面,0.0,0,,RPWNMLKMRHGGFBG58CB,輕時尚,
宜蘭市,房地(土地+建物),宜蘭縣宜蘭市成功路93巷52號,74.72,住,,,1100914,土地2建物1車位0,全,4,透天厝,住家用,鋼筋混凝土造,,194.1,4,2,4,有,無,11880000,61206,,0.0,0,,RPWOMLLJIIGGFBG67CB,幸福來了,
員山鄉,房地(土地+建物),宜蘭縣員山鄉蘭城路,91.07,,鄉村區,乙種建築用地,1100918,土地2建物1車位0,全,3,透天厝,住家用,鋼筋混凝土造,,140.6,3,1,4,有,無,8200000,58321,,0.0,0,,RPUNMLLJIIGGFBG47DB,鳳凰愛買第一期,
宜蘭市,房地(土地+建物)+車位,宜蘭縣宜蘭市宜興路三段,40.58,住,,,1100914,土地1建物1車位1,二層,10,華廈(10層含以下有電梯),住家用,鋼筋混凝土造,,156.1,3,2,2,有,無,8350000,58941,坡道平面,31.4,1000000,原契約書地號雙福段911913915917919地號,RPXNMLLJIIGGFBG77DB,歡喜家園.20,
宜蘭市,房地(土地+建物)+車位,宜蘭縣宜蘭市宜興路三段,40.58,住,,,1100917,土地1建物1車位1,六層,10,華廈(10層含以下有電梯),住家用,鋼筋混凝土造,,156.1,3,2,2,有,無,8500000,60144,坡道平面,31.4,1000000,原契約書地號雙福段911913915917919地號,RPOOMLLJIIGGFBG96DB,歡喜家園.20,
宜蘭市,房地(土地+建物)+車位,宜蘭縣宜蘭市宜興路三段,29.93,住,,,1100914,土地1建物1車位1,十層,10,華廈(10層含以下有電梯),住家用,鋼筋混凝土造,,121.11,2,2,1,有,無,6900000,65767,坡道平面,31.4,1000000,原契約書地號雙福段911913915917919地號,RPPOMLLJIIGGFBG07DB,歡喜家園.20,
三星鄉,房地(土地+建物),宜蘭縣三星鄉五分路一段,74.59,,特定農業區,甲種建築用地,1100915,土地1建物1車位0,全,3,透天厝,住家用,鋼筋混凝土造,,174.29,3,2,4,有,無,11480000,65867,,0.0,0,,RPSNMLNJIIGGFAG27CB,丞心一號院,
蘇澳鎮,房地(土地+建物),宜蘭縣蘇澳鎮新榮路,68.2,住,,,1100914,土地2建物1車位0,全,3,透天厝,住家用,鋼筋混凝土造,,151.21,4,2,3,有,無,6600000,43648,,0.0,0,,RPOOMLOJIIGGFAG17DB,麒美藏富第一期,
蘇澳鎮,房地(土地+建物),宜蘭縣蘇澳鎮新榮路,68.2,住,,,1100914,土地2建物1車位0,全,3,透天厝,住家用,鋼筋混凝土造,,151.21,4,2,3,有,無,6600000,43648,,0.0,0,,RPQOMLOJIIGGFAG37DB,麒美藏富第一期,
宜蘭市,房地(土地+建物),宜蘭縣宜蘭市延平一路198巷,137.0,農,,,1100920,土地2建物1車位0,全,3,透天厝,住家用,鋼筋混凝土造,,193.59,4,3,5,有,無,11400000,58887,,0.0,0,,RPQNMLQJIIGGFBG47CB,京騰一邸(十期)京采宜蘭,
礁溪鄉,房地(土地+建物),宜蘭縣礁溪鄉 玉田一路,25.11,,特定農業區,甲種建築用地,1100911,土地1建物1車位0,三層,4,華廈(10層含以下有電梯),住家用,鋼筋混凝土造,,63.59,2,2,1,有,無,4460000,70137,,0.0,0,依府授建管字第1100004733號函原起造人為:大雁開發實業股份有限公司變更為:僑馥建築經理股份有限公司。,RPUNMLRJIIGGFBG97CB,獨角仙與光臘樹,
礁溪鄉,房地(土地+建物),宜蘭縣礁溪鄉 玉田一路,23.44,,特定農業區,甲種建築用地,1100916,土地1建物1車位0,四層,4,華廈(10層含以下有電梯),住家用,鋼筋混凝土造,,59.33,2,2,1,有,無,4800000,80903,,0.0,0,依府授建管字第1100004733號函原起造人為:大雁開發實業股份有限公司變更為:僑馥建築經理股份有限公司。含裝潢費550000元；,RPVNMLRJIIGGFBG08CB,獨角仙與光臘樹,
礁溪鄉,房地(土地+建物),宜蘭縣礁溪鄉 玉田一路,25.06,,特定農業區,甲種建築用地,1100918,土地1建物1車位0,二層,4,華廈(10層含以下有電梯),住家用,鋼筋混凝土造,,57.88,2,2,1,有,無,4130000,71355,,0.0,0,依府授建管字第1100004733號函原起造人為:大雁開發實業股份有限公司變更為:僑馥建築經理股份有限公司。,RPWNMLRJIIGGFBG18CB,獨角仙與光臘樹,
三星鄉,房地(土地+建物),宜蘭縣三星鄉行健三路二段,134.4,,特定農業區,甲種建築用地,1100911,土地3建物1車位0,全,3,透天厝,住家用,鋼筋混凝土造,,245.01,4,2,5,有,無,11880000,48488,,0.0,0,,RPQNMLRJIIGGFAG47CB,安農祕境別墅,
冬山鄉,房地(土地+建物),宜蘭縣冬山鄉寶育路26巷,82.29,,特定農業區,甲種建築用地,1100915,土地3建物1車位0,全,3,透天厝,住家用,鋼筋混凝土造,,145.09,3,2,3,有,無,7800000,53760,,0.0,0,,RPUNMLRJIIGGFAG87CB,純粹,
宜蘭市,房地(土地+建物),宜蘭縣宜蘭市中山路五段,83.57,住,,,1100913,土地2建物1車位0,全,3,透天厝,住家用,鋼筋混凝土造,,160.77,4,2,3,有,無,9400000,58469,,0.0,0,,RPPNMLSJIIGGFBG57CB,新生天下,
員山鄉,房地(土地+建物),宜蘭縣員山鄉慈惠路,112.67,住,,,1100920,土地3建物1車位0,全,3,透天厝,住家用,鋼筋混凝土造,,143.47,4,2,3,有,無,9500000,66216,,0.0,0,,RPPNMLMKIIGGFBG07CB,金泰天下,
宜蘭市,房地(土地+建物),宜蘭縣宜蘭市中山路五段,83.48,住,,,1100920,土地2建物1車位0,全,3,透天厝,住家用,鋼筋混凝土造,,160.77,4,2,3,有,無,9400000,58469,,0.0,0,,RPWNMLMKIIGGFBG77CB,新生天下,
宜蘭市,房地(土地+建物),宜蘭縣宜蘭市中山路五段,86.58,住,,,1100918,土地2建物1車位0,全,3,透天厝,住家用,鋼筋混凝土造,,157.94,4,2,3,有,無,9400000,59516,,0.0,0,,RPPNMLNKIIGGFBG17CB,新生天下,
礁溪鄉,房地(土地+建物),宜蘭縣礁溪鄉大忠路62巷,21.58,住,,,1100918,土地1建物1車位0,三層,8,華廈(10層含以下有電梯),住家用,鋼筋混凝土造,,74.89,2,1,1,有,無,6050000,80785,,0.0,0,交易總價含下列非屬預售屋價格之費用:親友、員工、共有人或其他特殊關係間之交易；,RPVNMLPKIIGGFBG97CB,極鼎皇苑,
冬山鄉,房地(土地+建物)+車位,宜蘭縣冬山鄉永安路,54.25,,特定農業區,甲種建築用地,1100919,土地2建物1車位1,二層,4,華廈(10層含以下有電梯),住家用,鋼筋混凝土造,,128.3,3,1,2,有,無,7700000,60016,一樓平面,11.32,0,土地總價包含農地  農地價款：一萬元整,RPQNMLPKIIGGFAG37CB,長堤NO.10,
五結鄉,房地(土地+建物),宜蘭縣五結鄉孝威一路72巷,88.51,,特定農業區,甲種建築用地,1100917,土地2建物1車位0,全,4,透天厝,住家用,鋼筋混凝土造,,195.67,5,2,5,有,無,10880000,55604,,0.0,0,建物座落於孝威240.242地號2筆土地產權登記以合併、分割後新地號、新面積辦理。,RPRNMLPKIIGGFAG47CB,晏京築青,
冬山鄉,房地(土地+建物),宜蘭縣冬山鄉永鎮路,121.28,,特定農業區,甲種建築用地,1100918,土地3建物1車位0,全,3,透天厝,住家用,鋼筋混凝土造,,248.5,4,2,5,有,無,13070000,52596,,0.0,0,,RPSNMLPKIIGGFAG57CB,上品敦富,
五結鄉,房地(土地+建物)+車位,宜蘭縣五結鄉大吉三段123巷,35.49,,特定農業區,甲種建築用地,1100919,土地1建物1車位1,三層,4,華廈(10層含以下有電梯),住家用,鋼筋混凝土造,,87.02,2,2,2,有,無,6100000,75065,一樓平面,13.75,600000,,RPTNMLTKIIGGFAG18DB,五結我家,
宜蘭市,房地(土地+建物)+車位,宜蘭縣宜蘭市同慶街,44.85,住,,,1100914,土地11建物1車位1,五層,9,華廈(10層含以下有電梯),住家用,鋼筋混凝土造,,179.87,3,2,2,有,無,12380000,75956,坡道平面,32.68,1200000,,RPUNMLQLIIGGFBG08CB,文風翠庭第十九期,
