﻿鄉鎮市區,交易標的,土地位置建物門牌,土地移轉總面積平方公尺,都市土地使用分區,非都市土地使用分區,非都市土地使用編定,交易年月日,交易筆棟數,移轉層次,總樓層數,建物型態,主要用途,主要建材,建築完成年月,建物移轉總面積平方公尺,建物現況格局-房,建物現況格局-廳,建物現況格局-衛,建物現況格局-隔間,有無管理組織,總價元,單價元平方公尺,車位類別,車位移轉總面積(平方公尺),車位總價元,備註,編號,主建物面積,附屬建物面積,陽台面積,電梯,移轉編號
The villages and towns urban district,transaction sign,land sector position building sector house number plate,land shifting total area square meter,the use zoning or compiles and checks,the non-metropolis land use district,non-metropolis land use,transaction year month and day,transaction pen number,shifting level,total floor number,building state,main use,main building materials,construction to complete the years,building shifting total area,Building present situation pattern - room,building present situation pattern - hall,building present situation pattern - health,building present situation pattern - compartmented,Whether there is manages the organization,total price NTD,the unit price (NTD / square meter),the berth category,berth shifting total area square meter,the berth total price NTD,the note,serial number,,,,,
五結鄉,土地,大吉三段1257-4地號,1629.05,,特定農業區,丁種建築用地,1100805,土地1建物0車位0,,,其他,,,,0.0,0,0,0,有,無,26857055,16486,,0.0,0,,RPTNMLNJQHGGFAG08DA,0.0,0.0,0.0,無,
五結鄉,土地,大吉三段1257-7地號,168.69,,特定農業區,丁種建築用地,1100805,土地6建物0車位0,,,其他,,,,0.0,0,0,0,有,無,1836645,10888,,0.0,0,,SPTNMLNJQHGGFAG18DA,0.0,0.0,0.0,無,001
蘇澳鎮,土地,龍德段364地號,365.0,,工業區,丁種建築用地,1100812,土地2建物0車位0,,,其他,,,,0.0,0,0,0,有,無,5500000,15068,,0.0,0,,RPXNMLPLQHGGFAG88DA,0.0,0.0,0.0,無,
冬山鄉,房地(土地+建物),宜蘭縣冬山鄉武罕二路１４５巷５７號,77.85,,特定農業區,甲種建築用地,1100808,土地4建物1車位0,全,三層,透天厝,住家用,鋼筋混凝土造,1100203,172.58,4,2,5,有,無,8500000,49253,,0.0,0,,RPSOMLQJRHGGFAG48DA,157.17,15.41,0.0,無,
羅東鎮,房地(土地+建物),宜蘭縣羅東鎮純精路二段１３７號,96.0,都市：其他:住宅區,,,1100717,土地1建物1車位0,全,四層,透天厝,住家用,鋼筋混凝土造,0681214,255.34,4,3,5,有,無,19200000,75194,,0.0,0,其他增建 ：一樓空地頂樓加蓋；其他增建；,RPSNMLOLRHGGFAG38DA,255.34,0.0,0.0,無,002
冬山鄉,房地(土地+建物),宜蘭縣冬山鄉幸福五路６３５號,91.53,,特定農業區,甲種建築用地,1100717,土地1建物1車位0,全,三層,透天厝,住家用,鋼筋混凝土造,1100701,195.44,4,2,5,有,無,8600000,44003,,0.0,0,,RPPOMLPKRHGGFAG18DA,188.26,7.18,0.0,無,
冬山鄉,房地(土地+建物),宜蘭縣冬山鄉順安路１６５號四樓,33.47,,特定農業區,甲種建築用地,1100914,土地1建物1車位0,四層,四層,華廈(10層含以下有電梯),住家用,鋼筋混凝土造,0840410,114.24,3,1,2,有,無,4380000,38340,,0.0,0,,RPPPMLLJIIGGFAG96DA,89.75,21.44,0.0,有,
羅東鎮,房地(土地+建物),宜蘭縣羅東鎮南宜一路１５號四樓之４,13.95,都市：其他:住宅區,,,1100923,土地1建物1車位0,四層,六層,華廈(10層含以下有電梯),住家用,鋼筋混凝土造,0820915,74.44999999999999,2,1,1,有,有,3350000,44997,,0.0,0,,RPWNMLQJIIGGFAG97DA,47.96,5.34,0.0,有,003
五結鄉,房地(土地+建物)+車位,宜蘭縣五結鄉五結中路三段６６６號六樓之１,21.53,都市：其他:商業區,,,1100903,土地1建物1車位1,六層,十三層,住宅大樓(11層含以上有電梯),住家用,鋼筋混凝土造,1080711,111.47999999999999,1,1,1,有,有,6800000,76757,坡道平面,37.22,1100000,,RPVNMLRJIIGGFAG97DA,44.61,5.26,0.0,有,
三星鄉,土地,義德段754地號,1212.35,都市：其他:住宅區,,,1100716,土地1建物0車位0,,,其他,,,,0.0,0,0,0,有,無,23837450,19662,,0.0,0,,RPXNMLRJIIGGFAG18DA,0.0,0.0,0.0,無,
三星鄉,房地(土地+建物),宜蘭縣三星鄉大坑六路５７巷３號,120.0,,特定農業區,甲種建築用地,1100830,土地5建物1車位0,全,三層,透天厝,住家用,鋼筋混凝土造,1050628,124.32,3,1,3,有,無,6000000,48263,,0.0,0,,RPTNMLRJIIGGFAG77DA,121.11,3.21,0.0,無,004
三星鄉,土地,二萬五段748地號,1492.8,,特定農業區,農牧用地,1080628,土地1建物0車位0,,,其他,,,,0.0,0,0,0,有,無,5000000,3349,,0.0,0,土地為配建，有未登記建物由權利人出資興建未登記建物；,RPSNMLSJIIGGFAG77DA,0.0,0.0,0.0,無,
三星鄉,房地(土地+建物),宜蘭縣三星鄉大坑五路１２號,3577.0,,特定農業區,農牧用地,1100908,土地2建物1車位0,全,一層,透天厝,農業用,鋼骨造,1011128,114.77,0,0,0,無,無,14500000,126340,,0.0,0,,RPXNMLSJIIGGFAG28DA,114.77,0.0,0.0,無,005
羅東鎮,房地(土地+建物),宜蘭縣羅東鎮愛國路７５巷１弄９號,38.5,都市：其他:住宅區,,,1100927,土地1建物1車位0,全,二層,透天厝,住家用,鋼筋混凝土加強磚造,,48.19,4,2,2,有,無,2600000,53953,,0.0,0,,RPOOMLSJIIGGFAG47DA,48.19,0.0,0.0,無,
冬山鄉,房地(土地+建物),宜蘭縣冬山鄉大興路１２２號,74.03,,特定農業區,甲種建築用地,1100910,土地1建物1車位0,全,二層,透天厝,住家用,鋼筋混凝土加強磚造,0700203,123.22,2,2,2,有,無,2000000,16231,,0.0,0,,RPVNMLSJIIGGFAG08DA,123.22,0.0,0.0,無,
宜蘭市,房地(土地+建物),宜蘭縣宜蘭市東港路一段１８６巷２２弄１２號,68.0,都市：其他:農業區,,,1100819,土地1建物1車位0,全,二層,透天厝,住家用,鋼筋混凝土加強磚造,0670328,94.3,5,2,2,有,無,6300000,66808,,0.0,0,1樓前後方增建、3樓增建其他增建；,RPPPMLQJRHGGFBG38DA,94.3,0.0,0.0,無,006
員山鄉,土地,外員段603-4地號,167.3,都市：其他:住宅區,,,1100727,土地1建物0車位0,,,其他,,,,0.0,0,0,0,有,無,7200000,43036,,0.0,0,土地現況地上有農作物賣方應負責排除清空點交予買方接管使用。土地有部份被員山鄉金山西路247巷道路佔用賣方及仲介公司於銷售時已告知買方被佔用土地買賣雙方同意不補貼或扣除價金以現況點交。,RPQOMLOKRHGGFBG28DA,0.0,0.0,0.0,無,
壯圍鄉,土地,五權段1417地號,1838.0,,特定農業區,農牧用地,1100506,土地1建物0車位0,,,其他,,,,0.0,0,0,0,有,無,8900000,4842,,0.0,0,,RPPNMLPKRHGGFBG18DA,0.0,0.0,0.0,無,007
員山鄉,房地(土地+建物),宜蘭縣員山鄉惠深二路一段８２之６號,590.16,,特定農業區,農牧用地,1100820,土地1建物1車位0,全,三層,透天厝,農業用,鋼筋混凝土造,1020801,220.75,5,3,5,有,無,18000000,81540,,0.0,0,增建:一樓客廳增建其他增建；,RPVQMLKMRHGGFBG78DA,206.17,14.58,0.0,無,008
員山鄉,房地(土地+建物),宜蘭縣員山鄉賢德路二段１５７巷８２號,1708.45,,特定農業區,農牧用地,1100814,土地1建物1車位0,全,三層,透天厝,農業用,鋼筋混凝土（ＲＣ）、鋼骨造,1000110,418.98,4,3,5,有,無,26730000,63798,,0.0,0,其他增建：一樓空地其他增建；,RPQNMLPLRHGGFBG38DA,401.02,17.96,0.0,有,
員山鄉,土地,東德段535-1地號,2503.21,,特定農業區,農牧用地,1100902,土地1建物0車位0,,,其他,,,,0.0,0,0,0,有,無,13600000,5433,,0.0,0,,RPSPMLSLRHGGFBG09DA,0.0,0.0,0.0,無,
宜蘭市,土地,宜商段9地號,112.95,都市：其他:道路用地,,,1100901,土地3建物0車位0,,,其他,,,,0.0,0,0,0,有,無,3000000,26560,,0.0,0,,RPOOMLPJIIGGFBG27DA,0.0,0.0,0.0,無,
員山鄉,土地,茄苳林段589-1地號,3022.12,,特定農業區,農牧用地,1100903,土地1建物0車位0,,,其他,,,,0.0,0,0,0,有,無,15540000,5142,,0.0,0,,RPPOMLPJIIGGFBG37DA,0.0,0.0,0.0,無,
宜蘭市,房地(土地+建物),宜蘭縣宜蘭市陽明三路５０號二樓,30.43,都市：其他:住宅區,,,1100907,土地5建物1車位0,二層,七層,華廈(10層含以下有電梯),住家用,鋼筋混凝土造,0850215,159.2,3,2,2,有,有,5500000,34548,,0.0,0,含土地增值稅或其他稅費68868元；含仲介費；含地政士服務費；,RPSNMLQJIIGGFBG67DA,113.93,9.89,0.0,有,
宜蘭市,房地(土地+建物),宜蘭縣宜蘭市慈安路８０巷３弄１９號,63.63,都市：其他:住宅區,,,1100917,土地1建物1車位0,全,二層,透天厝,住家用,鋼筋混凝土加強磚造,0651030,89.54,3,2,3,有,無,4088000,45656,,0.0,0,,RPPNMLRJIIGGFBG47DA,89.54,0.0,0.0,無,009
員山鄉,房地(土地+建物),宜蘭縣員山鄉同新路２０３巷５號,95.33,,鄉村區,乙種建築用地,1100918,土地1建物1車位0,全,二層,透天厝,住家用,鋼筋混凝土加強磚造,0720411,111.36,5,3,3,有,無,3500000,31430,,0.0,0,1F、2F後陽台外推3F加建鐵皮屋本案房地以簽約時屋況現況交屋賣方不負瑕疵擔保責任未登記建物；,RPVNMLRJIIGGFBG08DA,89.4,21.96,0.0,無,
礁溪鄉,土地,玉光一段831地號,3091.01,,特定農業區,農牧用地,1100824,土地1建物0車位0,,,其他,,,,0.0,0,0,0,有,無,20850000,6745,,0.0,0,,RPSPMLRJIIGGFBG97DA,0.0,0.0,0.0,無,010
礁溪鄉,土地,武暖段785地號,2750.24,,特定農業區,農牧用地,1100903,土地1建物0車位0,,,其他,,,,0.0,0,0,0,有,無,15250000,5545,,0.0,0,,RPTNMLSJIIGGFBG97DA,0.0,0.0,0.0,無,
礁溪鄉,土地,三民段176地號,2548.0,,特定農業區,農牧用地,1100906,土地3建物0車位0,,,其他,,,,0.0,0,0,0,有,無,14105000,5536,,0.0,0,,RPVNMLSJIIGGFBG18DA,0.0,0.0,0.0,無,
宜蘭市,土地,慈安段1123地號,69.63,都市：其他:住宅區,,,1100320,土地4建物0車位0,,,其他,,,,0.0,0,0,0,有,無,4423373,63527,,0.0,0,,RPQOMLSJIIGGFBG77DA,0.0,0.0,0.0,無,011
礁溪鄉,土地,玉光一段744-2地號,4978.04,,特定農業區,農牧用地,1100822,土地2建物0車位0,,,其他,,,,0.0,0,0,0,有,無,34634550,6957,,0.0,0,,RPTOMLSJIIGGFBG08DA,0.0,0.0,0.0,無,012
礁溪鄉,土地,玉光一段1332地號,1233.98,都市：其他:農業區,,,1100831,土地1建物0車位0,,,其他,,,,0.0,0,0,0,有,無,7876165,6383,,0.0,0,,RPWOMLSJIIGGFBG38DA,0.0,0.0,0.0,無,
五結鄉,房地(土地+建物),宜蘭縣五結鄉復興三路１５５巷２號,110.77,都市：其他:農業區,,,1090530,土地4建物1車位0,全,三層,透天厝,住家用,鋼筋混凝土造,1100730,161.82,3,2,3,有,無,7680000,47460,,0.0,0,,RPROMLRJIIGGFAG77EA,151.65,10.17,0.0,無,
五結鄉,房地(土地+建物),宜蘭縣五結鄉復興三路１５５巷７號,114.91,都市：其他:農業區,,,1090526,土地4建物1車位0,全,三層,透天厝,住家用,鋼筋混凝土造,1100730,169.45,5,2,3,有,無,7980000,47094,,0.0,0,,RPWOMLRJIIGGFAG28EA,159.47,9.98,0.0,無,
五結鄉,土地,學進段547地號,128.58,都市：其他:道路用地,,,1100930,土地1建物0車位0,,,其他,,,,0.0,0,0,0,有,無,510000,3966,,0.0,0,包含公共設施保留地用地；,RPQNMLSJIIGGFAG67EA,0.0,0.0,0.0,無,
礁溪鄉,房地(土地+建物),宜蘭縣礁溪鄉德陽路２５１巷１號三樓之十,14.22,都市：其他:住宅區,,,1100923,土地1建物1車位0,三層,七層,華廈(10層含以下有電梯),住家用,鋼筋混凝土造,0700806,70.88,1,1,1,有,有,3368000,47517,,0.0,0,含傢俱設備費；,RPUOMLRJIIGGFBG18EA,45.0,6.59,0.0,有,013
員山鄉,土地,新三泰段718地號,1080.07,,特定農業區,農牧用地,1100806,土地1建物0車位0,,,其他,,,,0.0,0,0,0,有,無,3593920,3327,,0.0,0,親友、員工、共有人或其他特殊關係間之交易；農作物；,RPWOMLRJIIGGFBG38EA,0.0,0.0,0.0,無,
宜蘭市,土地,艮門二段261地號,23.96,都市：其他:道路用地,,,1100929,土地1建物0車位0,,,其他,,,,0.0,0,0,0,有,無,114000,4758,,0.0,0,包含公共設施保留地用地；,RPQNMLSJIIGGFBG77EA,0.0,0.0,0.0,無,014
宜蘭市,土地,艮門二段261地號,23.96,都市：其他:道路用地,,,1100929,土地1建物0車位0,,,其他,,,,0.0,0,0,0,有,無,114000,4758,,0.0,0,包含公共設施保留地用地；,RPRNMLSJIIGGFBG87EA,0.0,0.0,0.0,無,014
羅東鎮,房地(土地+建物),宜蘭縣羅東鎮中正北路２８號,1232.0,都市：其他:商業區,,,1100818,土地4建物1車位0,全,二層,透天厝,住商用,鋼筋混凝土造,0780714,1734.24,0,0,0,無,無,185000000,106675,,0.0,0,,RPTNMLQJIIGGFAG77EA,1734.24,0.0,0.0,無,
頭城鎮,土地,北關段448地號,245.06,都市：其他:道路用地,,,1100928,土地4建物0車位0,,,其他,,,,0.0,0,0,0,有,無,1111949,4537,,0.0,0,本案土地地上有未登記建物，買方另支付新台幣30萬元向建物所有權人承買。未登記建物；包含公共設施保留地用地；,RPSOMLSJIIGGFBG08EA,0.0,0.0,0.0,無,
宜蘭市,土地,艮門二段261地號,23.96,都市：其他:道路用地,,,1100929,土地1建物0車位0,,,其他,,,,0.0,0,0,0,有,無,114000,4758,,0.0,0,包含公共設施保留地用地；,RPSNMLSJIIGGFBG97EA,0.0,0.0,0.0,無,014
宜蘭市,房地(土地+建物),宜蘭縣宜蘭市黎明三路一段５７巷１９號六樓,20.74,都市：其他:住宅區,,,1100924,土地1建物1車位0,六層,八層,華廈(10層含以下有電梯),住家用,鋼筋混凝土造,0840410,108.23,2,2,2,有,有,4900000,45274,,0.0,0,,RPSNMLMKIIGGFBG47EA,68.78,8.67,0.0,有,017
五結鄉,土地,學進段270地號,37.73,都市：其他:住宅區,,,1100915,土地2建物0車位0,,,其他,,,,0.0,0,0,0,有,無,3000000,79512,,0.0,0,,RPPNMLMKIIGGFAG07EA,0.0,0.0,0.0,無,
羅東鎮,土地,公正段1305-1地號,190.0,都市：其他:道路用地,,,1100825,土地3建物0車位0,,,其他,,,,0.0,0,0,0,有,無,2667000,14037,,0.0,0,包含公共設施保留地用地；,RPSNMLSJIIGGFAG87EA,0.0,0.0,0.0,無,018
蘇澳鎮,房地(土地+建物),宜蘭縣蘇澳鎮永愛路２４９巷４１號,107.31,都市：其他:住宅區,,,1100920,土地2建物1車位0,全,三層,透天厝,住家用,鋼筋混凝土造,1100723,200.51,4,2,4,有,無,8050000,40148,,0.0,0,,RPTOMLSJIIGGFAG08EA,175.5,25.01,0.0,無,
羅東鎮,房地(土地+建物),宜蘭縣羅東鎮中山西街２之３號,61.0,都市：其他:商業區,,,1100911,土地1建物1車位0,全,二層,透天厝,住商用,木造,0570516,122.0,2,2,2,有,無,7560000,61967,,0.0,0,,RPUOMLSJIIGGFAG18EA,122.0,0.0,0.0,無,
蘇澳鎮,土地,隘城段272地號,3663.33,都市：其他:工業區,,,1100809,土地1建物0車位0,,,其他,,,,0.0,0,0,0,有,無,60948800,16638,,0.0,0,,RPWOMLOJIIGGFAG97EA,0.0,0.0,0.0,無,019
壯圍鄉,土地,新社段389地號,2964.0,,一般農業區,農牧用地,1100919,土地2建物0車位0,,,其他,,,,0.0,0,0,0,有,無,5290000,1785,,0.0,0,,RPPPMLMKIIGGFBG27DA,0.0,0.0,0.0,無,
礁溪鄉,房地(土地+建物),宜蘭縣礁溪鄉仁愛路１７８號七樓之五,17.65,都市：其他:住宅區,,,1100905,土地1建物1車位0,七層,十三層,住宅大樓(11層含以上有電梯),住家用,鋼筋混凝土造,0861226,111.21000000000001,2,2,1,有,有,6900000,62045,,0.0,0,陽台外推；,RPOPMLSJIIGGFBG67DA,67.16,8.67,0.0,有,020
礁溪鄉,房地(土地+建物),宜蘭縣礁溪鄉礁溪路四段５１號四樓,25.98,都市：其他:住宅區,,,1100828,土地2建物1車位0,四層,四層,公寓(5樓含以下無電梯),住家用,鋼筋混凝土造,0730110,70.12,3,1,2,有,無,3700000,52767,,0.0,0,頂樓加蓋；,RPPNMLKKIIGGFBG86DA,59.86,3.26,0.0,無,021
頭城鎮,房地(土地+建物),宜蘭縣頭城鎮河堤路８號七樓之六,24.83,都市：其他:住宅區,,,1100908,土地2建物1車位0,七層,十五層,住宅大樓(11層含以上有電梯),住家用,鋼筋混凝土造,1080103,130.75,0,0,1,有,有,10750000,82218,,0.0,0,第1號、第2號及第43號至第115號停車位屬共有部分之汽車停車位編屬本大廈共有部分建號即大公，其使用應依本大廈住戶管理規約共同使用之,RPSNMLLKIIGGFBG27DA,62.64,9.45,0.0,有,
頭城鎮,車位,宜蘭縣頭城鎮河堤路８號,11.53,都市：其他:住宅區,,,1100908,土地2建物1車位1,一層,十五層,其他,辦公室,鋼筋混凝土造,1080103,60.23,0,0,0,無,有,1000000,,坡道平面,60.23,1000000,僅車位交易；,SPSNMLLKIIGGFBG37DA,0.0,0.0,0.0,有,022
員山鄉,土地,雙連埤段407地號,3186.8,,山坡地保育區,農牧用地,1101001,土地1建物0車位0,,,其他,,,,0.0,0,0,0,有,無,2892000,907,,0.0,0,,RPUNMLMKIIGGFBG57DA,0.0,0.0,0.0,無,
礁溪鄉,土地,玉光一段957地號,3070.17,,特定農業區,農牧用地,1100827,土地1建物0車位0,,,其他,,,,0.0,0,0,0,有,無,24140000,7863,,0.0,0,,RPUNMLSJIIGGFBG08DA,0.0,0.0,0.0,無,
礁溪鄉,土地,民生段396地號,1323.0,,特定農業區,農牧用地,1100913,土地1建物0車位0,,,其他,,,,0.0,0,0,0,有,無,6603300,4991,,0.0,0,,RPTPMLRJIIGGFBG08DA,0.0,0.0,0.0,無,
宜蘭市,房地(土地+建物),宜蘭縣宜蘭市女中路三段１１８號四樓之四,16.38,都市：其他:住宅區,,,1100914,土地1建物1車位0,四層,七層,華廈(10層含以下有電梯),住家用,鋼筋混凝土造,0870416,96.33000000000001,2,1,1,有,有,3980000,41316,,0.0,0,,RPPPMLRJIIGGFBG67DA,63.55,6.85,0.0,有,
礁溪鄉,房地(土地+建物),宜蘭縣礁溪鄉化龍街８巷２號六樓之三,10.4,都市：其他:住宅區,,,1100910,土地1建物1車位0,六層,六層,華廈(10層含以下有電梯),住家用,鋼筋混凝土造,0860811,53.6,1,1,1,有,有,4000000,74627,,0.0,0,,RPXOMLPJIIGGFBG18DA,30.0,2.0,0.0,有,
宜蘭市,土地,乾門一段735地號,13.3,都市：其他:住宅區,,,1100908,土地1建物0車位0,,,其他,,,,0.0,0,0,0,有,無,411100,30910,,0.0,0,地清或未辦繼承標售；,RPQPMLPJIIGGFBG57DA,0.0,0.0,0.0,無,
員山鄉,土地,溫泉段654地號,38.7,都市：其他:道路用地,,,1100520,土地1建物0車位0,,,其他,,,,0.0,0,0,0,有,無,91718,2370,,0.0,0,包含公共設施保留地用地；,RPPNMLQJOHGGFBG87DA,0.0,0.0,0.0,無,023
三星鄉,土地,尾塹二段610地號,3317.1,,特定農業區,農牧用地,1100912,土地2建物0車位0,,,其他,,,,0.0,0,0,0,有,無,18060000,5445,,0.0,0,,RPWNMLSJIIGGFAG18DA,0.0,0.0,0.0,無,
三星鄉,土地,新萬貴段777地號,3313.64,,特定農業區,農牧用地,1100904,土地1建物0車位0,,,其他,,,,0.0,0,0,0,有,無,9600000,2897,,0.0,0,,RPOOMLMKIIGGFAG96DA,0.0,0.0,0.0,無,
三星鄉,土地,尾塹一段232地號,935.82,,特定農業區,農牧用地,1100808,土地1建物0車位0,,,其他,,,,0.0,0,0,0,有,無,6650000,7106,,0.0,0,,RPROMLSJIIGGFAG77DA,0.0,0.0,0.0,無,024
三星鄉,土地,大洲一段121地號,3451.33,,特定農業區,農牧用地,1100903,土地2建物0車位0,,,其他,,,,0.0,0,0,0,有,無,19830000,5746,,0.0,0,,RPSOMLSJIIGGFAG87DA,0.0,0.0,0.0,無,
五結鄉,土地,大吉一段638地號,680.12,,特定農業區,農牧用地,1101001,土地1建物0車位0,,,其他,,,,0.0,0,0,0,有,無,4148732,6100,,0.0,0,,RPWOMLSJIIGGFAG28DA,0.0,0.0,0.0,無,
冬山鄉,房地(土地+建物),宜蘭縣冬山鄉丸山一路２７７巷１號,150.62,,特定農業區,甲種建築用地,1100806,土地5建物1車位0,全,三層,透天厝,住家用,鋼筋混凝土造,1060523,214.3,4,2,5,有,無,9000000,41997,,0.0,0,,RPQNMLMLRHGGFAG97DA,191.94,22.36,0.0,無,
蘇澳鎮,土地,蘇港段222地號,2251.58,都市：其他:商業區,,,1050928,土地8建物0車位0,,,其他,,,,0.0,0,0,0,有,無,114425420,50820,,0.0,0,,RPXNMLKKRHGGFAG38DA,0.0,0.0,0.0,無,
羅東鎮,房地(土地+建物),宜蘭縣羅東鎮站東路６號,84.57,都市：其他:住宅區,,,1100904,土地1建物1車位0,全,三層,透天厝,住家用,鋼筋混凝土造,1080114,194.11,4,2,5,有,無,15600000,80367,,0.0,0,其他增建；,RPXOMLLKRHGGFAG58DA,179.0,15.11,0.0,有,
蘇澳鎮,土地,蘇港段65地號,1600.56,都市：其他:人行廣場用地,,,1050928,土地5建物0車位0,,,其他,,,,0.0,0,0,0,有,無,76476740,47781,,0.0,0,,RPVNMLKKRHGGFAG18DA,0.0,0.0,0.0,無,
冬山鄉,房地(土地+建物),宜蘭縣冬山鄉鹿埔路４９１巷１０號,94.44,,特定農業區,甲種建築用地,1100908,土地1建物1車位0,全,二層,透天厝,住家用,鋼筋混凝土加強磚造,0700722,112.88,4,2,2,有,無,3500000,31006,,0.0,0,增建約2.5坪一樓空地其他增建；,RPOOMLNKRHGGFAG87DA,112.88,0.0,0.0,無,
蘇澳鎮,土地,蘇港段63-1地號,389.96,都市：其他:商業區,,,1050928,土地2建物0車位0,,,其他,,,,0.0,0,0,0,有,無,8256480,21173,,0.0,0,,RPWNMLKKRHGGFAG28DA,0.0,0.0,0.0,無,025
冬山鄉,土地,南富段52-10地號,650.0,,特定農業區,農牧用地,1100826,土地1建物0車位0,,,其他,,,,0.0,0,0,0,有,無,2400000,3692,,0.0,0,,RPPPMLLKRHGGFAG87DA,0.0,0.0,0.0,無,026
羅東鎮,房地(土地+建物)+車位,宜蘭縣羅東鎮倉前路５號三樓之２,35.21,都市：其他:住宅區,,,1100908,土地1建物1車位1,三層,五層,華廈(10層含以下有電梯),住家用,鋼筋混凝土造,1051219,117.53,3,1,2,有,無,7546000,64205,升降機械,0.0,0,增建1.5坪陽台其他增建；,RPQPMLLKRHGGFAG97DA,68.92,14.29,0.0,有,027
羅東鎮,房地(土地+建物),宜蘭縣羅東鎮公正路４０３號,79.0,都市：其他:住宅區,,,1100916,土地1建物1車位0,全,二層,透天厝,住家用,鋼筋混凝土加強磚造,0591212,96.82,0,0,2,有,無,15800000,163189,,0.0,0,其他增建；,RPTNMLSJIIGGFAG87DA,96.82,0.0,0.0,無,028
三星鄉,土地,大洲一段1121地號,1691.93,,特定農業區,農牧用地,1080409,土地1建物0車位0,,,其他,,,,0.0,0,0,0,有,無,8700000,5142,,0.0,0,由買方出資興建農舍，購買土地價金870萬元整未登記建物；,RPUNMLRJIIGGFAG87DA,0.0,0.0,0.0,無,
五結鄉,土地,季寶段127地號,439.02,,一般農業區,農牧用地,1100909,土地1建物0車位0,,,其他,,,,0.0,0,0,0,有,無,531200,1210,,0.0,0,,RPOOMLRJIIGGFAG37DA,0.0,0.0,0.0,無,
五結鄉,土地,大吉一段470地號,1690.94,,特定農業區,農牧用地,1101001,土地2建物0車位0,,,其他,,,,0.0,0,0,0,有,無,10314734,6100,,0.0,0,,RPXOMLSJIIGGFAG38DA,0.0,0.0,0.0,無,
蘇澳鎮,房地(土地+建物),宜蘭縣蘇澳鎮忠孝路８巷１０號,101.18,都市：其他:住宅區,,,1100916,土地1建物1車位0,全,三層,透天厝,住家用,鋼筋混凝土造,1010727,192.8,5,2,4,有,無,7400000,38382,,0.0,0,1樓後方增建3樓陽台外推3樓夾層增建其他增建；,RPRPMLSJIIGGFAG87DA,176.36,16.44,0.0,無,029
五結鄉,房地(土地+建物),宜蘭縣五結鄉五結中路二段３６１巷１０號,80.22,,特定農業區,甲種建築用地,1101001,土地1建物1車位0,全,三層,透天厝,住家用,鋼筋混凝土造,0861113,164.12,4,2,3,有,無,7500000,45698,,0.0,0,1.一、二樓前方增建   2.一樓後方增建其他增建；,RPRNMLMKIIGGFAG17DA,144.79,19.33,0.0,無,
冬山鄉,房地(土地+建物),宜蘭縣冬山鄉義成路一段９８０巷３號,80.27,,鄉村區,乙種建築用地,1100915,土地1建物1車位0,全,二層,透天厝,住家用,鋼筋混凝土加強磚造,0680710,97.49,5,2,2,有,無,3500000,35901,,0.0,0,其他增建；,RPSNMLMKIIGGFAG27DA,97.49,0.0,0.0,無,
蘇澳鎮,房地(土地+建物),宜蘭縣蘇澳鎮龍祥二路５巷３３號,66.0,,工業區,丁種建築用地,1100913,土地1建物1車位0,全,三層,透天厝,住家用,鋼筋混凝土造,1081104,150.13,4,2,3,有,無,7550000,50290,,0.0,0,,RPVNMLMKIIGGFAG57DA,136.18,13.95,0.0,無,
五結鄉,土地,大吉一段538地號,979.71,,特定農業區,農牧用地,1101001,土地1建物0車位0,,,其他,,,,0.0,0,0,0,有,無,3135082,3200,,0.0,0,,RPUOMLSJIIGGFAG08DA,0.0,0.0,0.0,無,
五結鄉,土地,大吉一段635地號,700.35,,特定農業區,農牧用地,1101001,土地1建物0車位0,,,其他,,,,0.0,0,0,0,有,無,4272135,6100,,0.0,0,,RPVOMLSJIIGGFAG18DA,0.0,0.0,0.0,無,
蘇澳鎮,房地(土地+建物),宜蘭縣蘇澳鎮光榮路９２巷１７號,117.15,都市：其他:住宅區,,,1100907,土地2建物1車位0,全,三層,透天厝,住家用,鋼筋混凝土造,1020122,194.66,4,2,3,有,無,8200000,42125,,0.0,0,,RPPOMLMKIIGGFAG07DA,170.82,23.84,0.0,無,030
冬山鄉,房地(土地+建物),宜蘭縣冬山鄉幸福五路６３３號,86.87,,特定農業區,甲種建築用地,1100717,土地1建物1車位0,全,三層,透天厝,住家用,鋼筋混凝土造,1100701,185.87,4,2,5,有,無,8600000,46269,,0.0,0,,RPVOMLMKIIGGFAG67DA,178.72,7.15,0.0,無,
羅東鎮,房地(土地+建物)+車位,宜蘭縣羅東鎮重陽街２７巷２７號五樓,20.68,都市：其他:住宅區,,,1100918,土地2建物1車位1,五層,六層,華廈(10層含以下有電梯),住家用,鋼筋混凝土造,0870512,91.33,3,1,1,有,有,4800000,52557,一樓平面,0.0,0,,RPXOMLMKIIGGFAG87DA,60.78,6.19,0.0,有,031
五結鄉,房地(土地+建物)+車位,宜蘭縣五結鄉五結中路三段５９８號十一樓之２,41.34,都市：其他:住宅區,,,1100905,土地2建物1車位1,十一層,十三層,住宅大樓(11層含以上有電梯),住家用,鋼筋混凝土造,1060705,169.76999999999998,2,1,2,有,有,9380000,55251,坡道平面,0.0,0,,RPPPMLMKIIGGFAG17DA,88.92,9.66,0.0,有,032
冬山鄉,房地(土地+建物),宜蘭縣冬山鄉大進二路２８８號,1009.98,,一般農業區,農牧用地,1100707,土地1建物1車位0,全,一層,透天厝,農業用,鋼骨造,1080426,19.44,0,0,0,無,無,3350000,172325,,0.0,0,資材室,RPRNMLNKIIGGFAG27DA,19.44,0.0,0.0,無,
冬山鄉,土地,南富段708地號,1014.0,,特定農業區,農牧用地,1100721,土地1建物0車位0,,,其他,,,,0.0,0,0,0,有,無,2760000,2722,,0.0,0,,RPSOMLNKIIGGFAG47DA,0.0,0.0,0.0,無,
壯圍鄉,土地,壯濱四段379地號,3561.16,,一般農業區,農牧用地,1100901,土地2建物0車位0,,,其他,,,,0.0,0,0,0,有,無,7000000,1966,,0.0,0,,RPTNMLRKRHGGFBG78DA,0.0,0.0,0.0,無,
頭城鎮,房地(土地+建物)+車位,宜蘭縣頭城鎮頭濱路三段３０１巷５０號四樓之三,45.96,都市：其他:道路,,,1080707,土地4建物1車位1,四層,五層,華廈(10層含以下有電梯),住家用,鋼筋混凝土造,1100713,114.78999999999999,2,2,2,有,有,5800000,50527,一樓平面,0.0,0,預售屋、或土地及建物分件登記案件；,RPXNMLTLRHGGFBG86DA,70.32,7.4,0.0,有,
礁溪鄉,房地(土地+建物),宜蘭縣礁溪鄉礁溪路二段１３２巷５０號,76.0,,特定農業區,甲種建築用地,1100920,土地1建物1車位0,全,二層,透天厝,住家用,鋼筋混凝土加強磚造,0701224,111.72,3,2,2,有,無,3900000,34909,,0.0,0,壹樓空地。頂樓加蓋；其他增建；,RPRRMLKMRHGGFBG48DA,111.72,0.0,0.0,無,033
礁溪鄉,房地(土地+建物),宜蘭縣礁溪鄉柴圍路８３之５２號,109.98,,特定農業區,甲種建築用地,1100913,土地2建物1車位0,全,四層,透天厝,住家用,鋼筋混凝土造,1061114,253.8,4,2,5,有,無,12800000,50433,,0.0,0,,RPROMLSJIIGGFBG87DA,235.84,17.96,0.0,有,034
礁溪鄉,房地(土地+建物),宜蘭縣礁溪鄉健康路６６號十二樓之九,9.8,都市：其他:健康休閒專用區四,,,1100907,土地1建物1車位0,十二層,十四層,住宅大樓(11層含以上有電梯),住家用,鋼筋混凝土造,1040923,65.5,1,0,1,有,有,6270000,95725,,0.0,0,,RPSOMLSJIIGGFBG97DA,29.9,4.37,0.0,有,035
礁溪鄉,土地,民生段11地號,3600.0,,特定農業區,農牧用地,1100827,土地1建物0車位0,,,其他,,,,0.0,0,0,0,有,無,23413000,6504,,0.0,0,,RPPOMLSJIIGGFBG67DA,0.0,0.0,0.0,無,
礁溪鄉,土地,武暖段983地號,3246.77,,特定農業區,農牧用地,1100902,土地1建物0車位0,,,其他,,,,0.0,0,0,0,有,無,17678000,5445,,0.0,0,,RPPNMLLKIIGGFBG96DA,0.0,0.0,0.0,無,
礁溪鄉,房地(土地+建物),宜蘭縣礁溪鄉仁愛路５６號五樓之二,16.96,都市：其他:住宅區,,,1100724,土地1建物2車位0,五層,十層,華廈(10層含以下有電梯),住家用,鋼筋混凝土造,0851014,99.84,2,1,1,有,有,4850000,48578,,0.0,0,,RPSOMLMKIIGGFBG47DA,58.44,7.52,0.0,有,
宜蘭市,房地(土地+建物),宜蘭縣宜蘭市公園東路５１巷１０號,121.94,都市：其他:第二種住宅區,,,1100805,土地1建物1車位0,全,三層,透天厝,住家用,鋼筋混凝土造,1100810,243.69,4,2,5,有,無,15650000,64221,,0.0,0,,RPTOMLMKIIGGFBG57DA,221.99,21.7,0.0,無,
壯圍鄉,土地,美城段637地號,1673.0,,特定農業區,農牧用地,1100727,土地1建物0車位0,,,其他,,,,0.0,0,0,0,有,無,5110000,3054,,0.0,0,,RPPPMLSJIIGGFBG77DA,0.0,0.0,0.0,無,
壯圍鄉,土地,美城段639地號,1100.0,,特定農業區,甲種建築用地,1100727,土地1建物0車位0,,,其他,,,,0.0,0,0,0,有,無,29282000,26620,,0.0,0,,RPQPMLSJIIGGFBG87DA,0.0,0.0,0.0,無,
員山鄉,房地(土地+建物),宜蘭縣員山鄉興農路６７號,129.7,都市：其他:住宅區,,,1100914,土地2建物1車位0,全,四層,透天厝,住商用,鋼筋混凝土造,1060426,318.1,4,2,5,有,無,26800000,84250,,0.0,0,增建範圍：天井、二樓陽台、地下室、有溫泉水。土地買賣總價為938萬元正，房屋買賣總價1742萬元正。其他增建；,RPXOMLMKIIGGFBG97DA,291.45,26.65,0.0,有,
宜蘭市,土地,乾門一段1067地號,81.22,都市：其他:住宅區,,,1100901,土地1建物0車位0,,,其他,,,,0.0,0,0,0,有,無,4700000,57868,,0.0,0,,RPVPMLMKIIGGFBG87DA,0.0,0.0,0.0,無,
壯圍鄉,房地(土地+建物),宜蘭縣壯圍鄉大福路三段２３２巷５９弄１６號,307.77,,特定農業區,農牧用地,1100823,土地4建物1車位0,全,三層,透天厝,住家用,鋼筋混凝土造,1020110,283.94,4,2,5,有,無,17800000,62689,,0.0,0,,RPWPMLMKIIGGFBG97DA,275.41,8.53,0.0,無,036
礁溪鄉,房地(土地+建物),宜蘭縣礁溪鄉健康一街８７號五樓之十,14.46,都市：其他:健康休閒專用區四,,,1100915,土地1建物1車位0,五層,九層,華廈(10層含以下有電梯),辦公用,鋼筋混凝土造,1000527,77.52,2,2,2,有,有,9000000,116099,,0.0,0,車位隨到隨停,RPOQMLMKIIGGFBG27DA,38.1,7.7,0.0,有,037
壯圍鄉,土地,中興段875地號,2882.0,,特定農業區,農牧用地,1100827,土地1建物0車位0,,,其他,,,,0.0,0,0,0,有,無,9300000,3227,,0.0,0,,RPPQMLMKIIGGFBG37DA,0.0,0.0,0.0,無,
五結鄉,土地,加新段353地號,2567.49,,一般農業區,農牧用地,1100901,土地3建物0車位0,,,其他,,,,0.0,0,0,0,有,無,5825025,2269,,0.0,0,農作物；,RPPPMLSJRHGGFAG58EA,0.0,0.0,0.0,無,
蘇澳鎮,土地,蘇港段202地號,291.67,都市：其他:商業區,,,1100908,土地4建物0車位0,,,其他,,,,0.0,0,0,0,有,無,17352200,59493,,0.0,0,親友、員工、共有人或其他特殊關係間之交易；,RPQPMLSJIIGGFAG87EA,0.0,0.0,0.0,無,038
頭城鎮,土地,頂埔段48地號,1258.51,,特定農業區,農牧用地,1100907,土地1建物0車位0,,,其他,,,,0.0,0,0,0,有,無,2577500,2048,,0.0,0,地清或未辦繼承標售；,RPTPMLOKIIGGFBG87DA,0.0,0.0,0.0,無,
五結鄉,房地(土地+建物),宜蘭縣五結鄉下清路２巷１７弄１２號,174.14,,工業區,丁種建築用地,1100806,土地1建物1車位0,全,三層,透天厝,住家用,鋼筋混凝土造,1100804,277.52,6,2,6,有,無,9580000,34520,,0.0,0,,RPVOMLMKIIGGFAG77EA,262.42,15.1,0.0,無,
羅東鎮,土地,南昌段672-7地號,46.0,都市：其他:住宅區,,,1100915,土地1建物0車位0,,,其他,,,,0.0,0,0,0,有,無,1461000,31761,,0.0,0,,RPSNMLNKIIGGFAG47EA,0.0,0.0,0.0,無,
羅東鎮,土地,南昌段672-5地號,37.0,都市：其他:住宅區,,,1100915,土地2建物0車位0,,,其他,,,,0.0,0,0,0,有,無,1175000,31757,,0.0,0,,RPTNMLNKIIGGFAG57EA,0.0,0.0,0.0,無,
羅東鎮,土地,南昌段672-6地號,42.0,都市：其他:住宅區,,,1100915,土地2建物0車位0,,,其他,,,,0.0,0,0,0,有,無,1334000,31762,,0.0,0,,RPUNMLNKIIGGFAG67EA,0.0,0.0,0.0,無,
蘇澳鎮,房地(土地+建物),宜蘭縣蘇澳鎮中山路一段４４５號五樓,30.41,都市：其他:住宅區,,,1100924,土地2建物1車位0,五層,五層,公寓(5樓含以下無電梯),住家用,鋼筋混凝土造,0871019,121.38,2,1,2,有,無,2800000,23068,,0.0,0,姊弟間買賣親友、員工、共有人或其他特殊關係間之交易；,RPOOMLNKIIGGFAG17EA,92.17,9.21,0.0,無,
蘇澳鎮,房地(土地+建物),宜蘭縣蘇澳鎮文中街１２４巷１０弄６號,176.38,都市：其他:住宅區,,,1100918,土地2建物1車位0,全,三層,透天厝,住家用,鋼筋混凝土造,0980224,214.07,5,2,4,有,無,9800000,45779,,0.0,0,,RPPOMLNKIIGGFAG27EA,197.21,16.86,0.0,無,
五結鄉,土地,利福段922地號,52.94,,鄉村區,乙種建築用地,1100911,土地1建物0車位0,,,其他,,,,0.0,0,0,0,有,無,820000,15489,,0.0,0,親友、員工、共有人或其他特殊關係間之交易；,RPPNMLOKIIGGFAG27EA,0.0,0.0,0.0,無,039
宜蘭市,房地(土地+建物)+車位,宜蘭縣宜蘭市農權路三段１６３巷５號六樓之七,19.71,都市：其他:住宅區,,,1100826,土地1建物1車位1,六層,十四層,住宅大樓(11層含以上有電梯),住家用,鋼筋混凝土造,1100330,108.00999999999999,2,2,1,有,有,8140000,92976,坡道平面,33.69,1230000,,RPWNMLMKIIGGFBG87EA,45.99,5.22,0.0,有,
宜蘭市,房地(土地+建物),宜蘭縣宜蘭市新興路７２巷５號四樓,14.42,都市：其他:住宅區,,,1100910,土地1建物1車位0,四層,六層,華廈(10層含以下有電梯),住家用,鋼筋混凝土造,0741029,73.53999999999999,2,2,2,有,無,3300000,44874,,0.0,0,,RPVNMLNKIIGGFBG87EA,67.46,0.0,0.0,有,
宜蘭市,房地(土地+建物),宜蘭縣宜蘭市津梅路７２巷５弄６號二樓,26.26,都市：其他:住宅區,,,1100810,土地1建物1車位0,二層,五層,公寓(5樓含以下無電梯),住家用,鋼筋混凝土造,0811215,86.92,2,1,1,有,無,4000000,46019,,0.0,0,,RPPNMLMKIIGGFBG17EA,77.89,9.03,0.0,無,
蘇澳鎮,房地(土地+建物),宜蘭縣蘇澳鎮陽明巷３１號,91.0,都市：其他:道路用地,,,1100914,土地2建物1車位0,全,二層,透天厝,住家用,鋼筋混凝土造,0810103,106.41,5,2,3,有,無,4280000,40222,,0.0,0,,RPXNMLQJIIGGFAG18EA,106.41,0.0,0.0,無,
頭城鎮,土地,新二圍段1286地號,4.64,,特定農業區,農牧用地,1101005,土地1建物0車位0,,,其他,,,,0.0,0,0,0,有,無,8000,1724,,0.0,0,急買急賣；,RPOPMLOKIIGGFBG47EA,0.0,0.0,0.0,無,
員山鄉,房地(土地+建物),宜蘭縣員山鄉賢德路二段３４巷７之１號,76.73,,鄉村區,乙種建築用地,1090225,土地3建物1車位0,全,三層,透天厝,住家用,鋼筋混凝土造,1100720,139.79,3,2,3,有,無,8000000,57229,,0.0,0,預售屋、或土地及建物分件登記案件；,RPPNMLNKIIGGFBG27EA,132.78,7.01,0.0,無,
蘇澳鎮,房地(土地+建物),宜蘭縣蘇澳鎮民昌街８６巷８號,181.28,都市：其他:住宅區,,,1100730,土地3建物1車位0,全,二層,透天厝,住家用,鋼筋混凝土加強磚造,0721102,156.22,4,2,2,有,無,5600000,35847,,0.0,0,未登記建物；未登記建物；,RPXNMLNKIIGGFAG97EA,156.22,0.0,0.0,無,
羅東鎮,土地,南昌段672-8地號,51.0,都市：其他:住宅區,,,1100915,土地1建物0車位0,,,其他,,,,0.0,0,0,0,有,無,1619000,31745,,0.0,0,,RPTNMLOKIIGGFAG67EA,0.0,0.0,0.0,無,
員山鄉,房地(土地+建物),宜蘭縣員山鄉賢德路二段３４巷９弄３號,82.39,,鄉村區,乙種建築用地,1090628,土地2建物1車位0,全,三層,透天厝,住家用,鋼筋混凝土造,1100720,154.22,3,2,3,有,無,8100000,52522,,0.0,0,預售屋、或土地及建物分件登記案件；,RPRNMLNKIIGGFBG47EA,139.93,14.29,0.0,無,
員山鄉,房地(土地+建物),宜蘭縣員山鄉賢德路二段３４巷９弄５號,81.86,,鄉村區,乙種建築用地,1091024,土地2建物1車位0,全,三層,透天厝,住家用,鋼筋混凝土造,1100720,153.43,3,2,3,有,無,8000000,52141,,0.0,0,預售屋、或土地及建物分件登記案件；,RPSNMLNKIIGGFBG57EA,139.93,13.5,0.0,無,
員山鄉,房地(土地+建物),宜蘭縣員山鄉賢德路二段３４巷９弄７號,81.33,,鄉村區,乙種建築用地,1100630,土地2建物1車位0,全,三層,透天厝,住家用,鋼筋混凝土造,1100720,151.97,3,2,3,有,無,8100000,53300,,0.0,0,預售屋、或土地及建物分件登記案件；,RPTNMLNKIIGGFBG67EA,139.93,12.04,0.0,無,
宜蘭市,房地(土地+建物)+車位,宜蘭縣宜蘭市擺厘路１６之５號三樓,21.08,都市：其他:住宅區,,,1100917,土地1建物1車位1,三層,八層,華廈(10層含以下有電梯),住家用,鋼筋混凝土造,0840715,143.14,3,2,2,有,有,6000000,41917,坡道平面,0.0,0,陽台外推；,RPUPMLNKIIGGFBG87DA,71.17,19.44,0.0,有,040
頭城鎮,房地(土地+建物)+車位,宜蘭縣頭城鎮大坑路２０２號六樓之九,19.56,都市：其他:住宅區,,,1101003,土地1建物1車位1,六層,十層,華廈(10層含以下有電梯),住家用,鋼筋混凝土造,1030528,87.19,1,1,1,有,有,6300000,72256,坡道機械,0.0,0,,RPRQMLMKIIGGFBG57DA,39.92,4.72,0.0,有,
礁溪鄉,土地,三皇段675-3地號,2328.2,都市：其他:道路用地,,,1091109,土地4建物0車位0,,,其他,,,,0.0,0,0,0,有,無,50524150,21701,,0.0,0,包含公共設施用地,RPSQMLMKIIGGFBG67DA,0.0,0.0,0.0,無,
壯圍鄉,房地(土地+建物),宜蘭縣壯圍鄉壯六路８１之１９號,108.5,,特定農業區,甲種建築用地,1100908,土地2建物1車位0,全,三層,透天厝,住家用,鋼筋混凝土造,0850213,187.97,4,2,3,有,無,6880000,36602,,0.0,0,一樓後面廚房其他增建；,RPUNMLNKIIGGFBG67DA,171.73,16.24,0.0,無,
頭城鎮,房地(土地+建物),宜蘭縣頭城鎮新興路１４５之１號,63.69,,特定農業區,甲種建築用地,1100914,土地2建物1車位0,一層,四層,華廈(10層含以下有電梯),住家用,鋼筋混凝土造,1070323,91.66999999999999,3,2,2,有,有,5850000,63816,,0.0,0,,RPXPMLMKIIGGFBG08DA,58.76,0.0,0.0,有,
宜蘭市,房地(土地+建物)+車位,宜蘭縣宜蘭市大坡路一段１２１巷３１號十四樓之一,39.02,都市：其他:住宅區,,,1100913,土地1建物1車位1,十四層，十五層,十五層,住宅大樓(11層含以上有電梯),住家用,鋼筋混凝土造,0810825,230.32999999999998,4,2,2,有,有,8800000,38206,坡道平面,0.0,0,,RPRPMLMKIIGGFBG47DA,170.93,23.98,0.0,有,
員山鄉,房地(土地+建物),宜蘭縣員山鄉員山路一段７０７之１號,142.48,,特定農業區,甲種建築用地,1100923,土地1建物1車位0,全,三層,透天厝,住家用,鋼筋混凝土造,1050510,294.93,4,2,5,有,無,11800000,40009,,0.0,0,增建一樓空地,RPSPMLMKIIGGFBG57DA,279.08,15.85,0.0,無,
壯圍鄉,房地(土地+建物),宜蘭縣壯圍鄉大福路二段２５６巷２３號,2477.0,,特定農業區,農牧用地,1100820,土地1建物1車位0,全,三層,透天厝,農業用,鋼筋混凝土造,1040513,487.85,5,5,7,有,無,26000000,53295,,0.0,0,,RPRNMLOKIIGGFBG47DA,445.55,42.3,0.0,無,
壯圍鄉,房地(土地+建物),宜蘭縣壯圍鄉順和路５５號,96.0,,特定農業區,甲種建築用地,1100115,土地2建物1車位0,全,三層,透天厝,住家用,鋼筋混凝土造,1100621,147.09,4,2,4,有,無,7360000,50037,,0.0,0,,RPSNMLOKIIGGFBG57DA,132.57,14.52,0.0,無,
礁溪鄉,房地(土地+建物),宜蘭縣礁溪鄉德陽路１７４號四樓之三,10.46,都市：其他:住宅區,,,1100925,土地1建物1車位0,四層,七層,華廈(10層含以下有電梯),住家用,鋼筋混凝土造,0820330,57.22,1,1,1,有,有,3250000,56798,,0.0,0,,RPVNMLOKIIGGFBG87DA,29.99,7.38,0.0,有,
礁溪鄉,房地(土地+建物),宜蘭縣礁溪鄉德陽路１３８號二樓之五,9.17,都市：其他:住宅區,,,1100918,土地2建物1車位0,二層,七層,華廈(10層含以下有電梯),住家用,鋼筋混凝土造,0830908,46.32,1,1,1,有,有,2350000,50734,,0.0,0,陽台外推；,RPOOMLOKIIGGFBG27DA,22.52,4.54,0.0,有,041
宜蘭市,房地(土地+建物)+車位,宜蘭縣宜蘭市自強路１８５號四樓,26.25,都市：其他:住宅區,,,1100801,土地1建物1車位1,四層,八層,華廈(10層含以下有電梯),住家用,鋼筋混凝土造,0861212,171.29,3,2,2,有,有,7500000,43785,坡道平面,0.0,0,,RPOOMLMKIIGGFBG07DA,85.5,16.13,0.0,有,042
宜蘭市,房地(土地+建物)+車位,宜蘭縣宜蘭市成功路５０之５號十樓,23.26,都市：其他:住宅區,,,1100913,土地1建物1車位1,十層,十六層,住宅大樓(11層含以上有電梯),住家用,鋼筋混凝土造,0820803,142.2,3,2,2,有,有,5600000,39381,坡道平面,0.0,0,陽台外推；,RPRPMLRJIIGGFBG87DA,84.58,16.87,0.0,有,
宜蘭市,房地(土地+建物)+車位,宜蘭縣宜蘭市凱旋路１２９巷１號,60.34,都市：其他:住宅區(住四),,,1100917,土地1建物1車位1,一層,七層,華廈(10層含以下有電梯),商業用,鋼筋混凝土造,1000414,189.46,1,1,1,有,有,12200000,64394,坡道平面,0.0,0,,RPWOMLRLRHGGFBG66DA,107.63,6.74,0.0,有,043
羅東鎮,房地(土地+建物),宜蘭縣羅東鎮禮運路２７號三樓,9.42,都市：其他:住宅區,,,1100819,土地1建物1車位0,三層,八層,華廈(10層含以下有電梯),住家用,鋼筋混凝土造,0840623,57.28,3,2,2,有,無,2000000,34916,,0.0,0,二親等間買賣兄弟,RPQNMLOKIIGGFAG27DA,40.27,4.72,0.0,有,
三星鄉,土地,行健段449地號,2500.0,,特定農業區,農牧用地,1100916,土地1建物0車位0,,,其他,,,,0.0,0,0,0,有,無,5150000,2060,,0.0,0,,RPPNMLNKIIGGFAG07DA,0.0,0.0,0.0,無,
五結鄉,房地(土地+建物),宜蘭縣五結鄉五濱路一段１３６巷２１號十一樓之１１,18.39,,一般農業區,甲種建築用地,1100929,土地1建物1車位0,十一層,十四層,住宅大樓(11層含以上有電梯),住家用,鋼筋混凝土造,0880128,47.61,1,1,1,有,有,1350000,28355,,0.0,0,,RPQNMLNKIIGGFAG17DA,23.77,3.78,0.0,有,044
三星鄉,土地,大洲三段941地號,3696.01,,特定農業區,農牧用地,1100909,土地2建物0車位0,,,其他,,,,0.0,0,0,0,有,無,9680000,2619,,0.0,0,,RPQOMLNKIIGGFAG27DA,0.0,0.0,0.0,無,
五結鄉,土地,新協和段764-1地號,3549.37,,特定農業區,農牧用地,1100907,土地1建物0車位0,,,其他,,,,0.0,0,0,0,有,無,19320000,5443,,0.0,0,,RPXNMLOKIIGGFAG97DA,0.0,0.0,0.0,無,
三星鄉,土地,人和三段462地號,2861.82,,特定農業區,農牧用地,1100914,土地1建物0車位0,,,其他,,,,0.0,0,0,0,有,無,8220000,2872,,0.0,0,,RPUNMLSJIIGGFAG97DA,0.0,0.0,0.0,無,
冬山鄉,房地(土地+建物),宜蘭縣冬山鄉武罕二路１４５巷６５號,101.71,,特定農業區,甲種建築用地,1100826,土地3建物1車位0,全,三層,透天厝,住家用,鋼筋混凝土造,1100203,187.81,4,2,5,有,無,8500000,45259,,0.0,0,,RPUOMLOLRHGGFAG68DA,172.26,15.55,0.0,無,
冬山鄉,房地(土地+建物),宜蘭縣冬山鄉武罕二路１４５巷５８號,93.93,,特定農業區,甲種建築用地,1100821,土地4建物1車位0,全,三層,透天厝,住家用,鋼筋混凝土造,1100203,180.68,4,2,5,有,無,8200000,45384,,0.0,0,,RPPOMLTJRHGGFAG48DA,165.27,15.41,0.0,無,
三星鄉,房地(土地+建物),宜蘭縣三星鄉月眉三路１９巷１２號,102.89,都市：其他:住宅區,,,1100907,土地1建物1車位0,全,三層,透天厝,住家用,鋼筋混凝土造,1050704,187.2,4,1,4,有,無,7700000,41132,,0.0,0,,RPTOMLTJRHGGFAG88DA,164.1,23.1,0.0,無,045
冬山鄉,房地(土地+建物)+車位,宜蘭縣冬山鄉null,34.27,都市：其他:住宅區,,,1101005,土地2建物3車位2,一層,五層,華廈(10層含以下有電梯),商業用,鋼筋混凝土造,1100226,144.42,0,0,0,無,有,10000000,111780,一樓平面,74.64,2200000,,RPQOMLQJIIGGFAG47DA,55.23,0.0,0.0,有,
五結鄉,房地(土地+建物)+車位,宜蘭縣五結鄉臺興路９８號四樓,25.31,都市：其他:農業區,,,1100911,土地3建物1車位1,四層,六層,華廈(10層含以下有電梯),住家用,鋼筋混凝土造,0860123,128.78,3,2,2,有,有,4000000,31061,坡道機械,0.0,0,,RPPOMLOKIIGGFAG27DA,80.56,11.93,0.0,有,
五結鄉,房地(土地+建物),宜蘭縣五結鄉利成路一段３９６巷２之１號,86.02,,鄉村區,乙種建築用地,1100910,土地1建物1車位0,全,二層,透天厝,住家用,鋼筋混凝土加強磚造,0700625,126.22,3,2,2,有,無,3750000,29710,,0.0,0,,RPQOMLOKIIGGFAG37DA,126.22,0.0,0.0,無,
五結鄉,土地,大吉一段417地號,3292.54,,特定農業區,農牧用地,1100823,土地2建物0車位0,,,其他,,,,0.0,0,0,0,有,無,11194636,3400,,0.0,0,,RPVNMLOKIIGGFAG77DA,0.0,0.0,0.0,無,
冬山鄉,房地(土地+建物),宜蘭縣冬山鄉冬山路二段４１２號,719.39,,特定農業區,農牧用地,1100908,土地1建物1車位0,全,一層,透天厝,農業用,鋼骨造,1040208,199.92,3,0,1,有,無,21600000,108043,,0.0,0,夾層其他增建；,RPWNMLOKIIGGFAG87DA,199.92,0.0,0.0,無,
五結鄉,房地(土地+建物)+車位,宜蘭縣五結鄉季水路清水一巷１弄６號三樓,53.4,,鄉村區,乙種建築用地,1100921,土地1建物1車位1,三層，四層,四層,公寓(5樓含以下無電梯),住家用,鋼筋混凝土造,0870602,153.37,4,2,2,有,無,2950000,19235,坡道平面,0.0,0,,RPROMLMKIIGGFAG27DA,98.77,11.5,0.0,無,046
頭城鎮,房地(土地+建物),宜蘭縣頭城鎮過港路８９號十樓之二,31.9,都市：其他:住宅區,,,1100905,土地1建物1車位0,十層,十層,華廈(10層含以下有電梯),住家用,鋼筋混凝土造,1080213,108.34,1,1,2,有,有,10620000,98025,,0.0,0,總價含車位車位為共同使用隨到隨停.,RPQNMLQJRHGGFBG28DA,45.1,4.21,0.0,有,
員山鄉,土地,望龍埤段20地號,12774.07,,山坡地保育區,農牧用地,1100910,土地5建物0車位0,,,其他,,,,0.0,0,0,0,有,無,24600000,1926,,0.0,0,,RPQNMLRJIIGGFBG57DA,0.0,0.0,0.0,無,
礁溪鄉,房地(土地+建物),宜蘭縣礁溪鄉武暖路１００之１８號,91.0,,特定農業區,甲種建築用地,1100919,土地2建物1車位0,全,三層,透天厝,住家用,鋼筋混凝土造,1001212,150.39,4,2,3,有,無,8750000,58182,,0.0,0,一樓增建採光罩、一樓後方增建曬衣間、二樓陽台外推陽台外推；其他增建；,RPPOMLMKIIGGFBG17DA,142.18,8.21,0.0,無,
礁溪鄉,房地(土地+建物),宜蘭縣礁溪鄉化龍街２２號七樓之一,15.66,都市：其他:住宅區,,,1100924,土地1建物1車位0,七層,七層,華廈(10層含以下有電梯),住家用,鋼筋混凝土造,0840904,82.89,2,1,1,有,有,5625000,67861,,0.0,0,含裝修傢俱家電,RPQOMLMKIIGGFBG27DA,52.75,2.11,0.0,有,
壯圍鄉,房地(土地+建物),宜蘭縣壯圍鄉中興六路１０２號,216.08,,特定農業區,甲種建築用地,1100827,土地7建物1車位0,全,四層,透天厝,住家用,鋼筋混凝土造,1050627,243.97,4,2,4,有,有,12300000,50416,,0.0,0,,RPQOMLOKIIGGFBG47DA,233.18,10.79,0.0,無,
壯圍鄉,土地,吉祥一段243地號,1657.76,都市：其他:農業區,,,1100904,土地1建物0車位0,,,其他,,,,0.0,0,0,0,有,無,6519000,3932,,0.0,0,,RPSOMLOKIIGGFBG67DA,0.0,0.0,0.0,無,
員山鄉,房地(土地+建物),宜蘭縣員山鄉三鬮路９５巷１８號,48.05,,特定農業區,甲種建築用地,1100925,土地2建物1車位0,全,三層,透天厝,住家用,鋼筋混凝土造,1091229,87.62,4,2,3,有,無,4250000,48505,,0.0,0,,RPUOMLOKIIGGFBG87DA,80.23,7.39,0.0,無,047
宜蘭市,房地(土地+建物)+車位,宜蘭縣宜蘭市嵐峰路一段１７５號四樓之一,46.2,都市：其他:第三種住宅區。,,,1100403,土地1建物1車位1,四層,六層,華廈(10層含以下有電梯),住家用,鋼筋混凝土造,1100714,170.79000000000002,3,2,2,有,有,12530000,81526,坡道平面,30.59,1100000,,RPWOMLOKIIGGFBG08DA,96.08,9.67,0.0,有,
壯圍鄉,土地,新社段343地號,521.0,,一般農業區,農牧用地,1101004,土地1建物0車位0,,,其他,,,,0.0,0,0,0,有,無,788013,1513,,0.0,0,親友、員工、共有人或其他特殊關係間之交易；未登記建物；,RPPPMLOKIIGGFBG47DA,0.0,0.0,0.0,無,048
員山鄉,土地,深惠段334地號,1154.48,,特定農業區,農牧用地,1100909,土地1建物0車位0,,,其他,,,,0.0,0,0,0,有,無,3400000,2945,,0.0,0,本筆土地為被套繪地,RPQPMLOKIIGGFBG57DA,0.0,0.0,0.0,無,
礁溪鄉,房地(土地+建物),宜蘭縣礁溪鄉育龍路５６９號,897.0,都市：其他:工業區,,,1091109,土地1建物1車位0,全,一層,透天厝,工業用,鋼造,0870223,296.94,0,0,0,無,無,18993975,63966,,0.0,0,,RPQQMLMKIIGGFBG47DA,296.94,0.0,0.0,無,
礁溪鄉,土地,三民一段137地號,3219.03,,特定農業區,農牧用地,1100918,土地2建物0車位0,,,其他,,,,0.0,0,0,0,有,無,19470000,6048,,0.0,0,,RPSNMLPJIIGGFBG57DA,0.0,0.0,0.0,無,
員山鄉,土地,深惠段107地號,1552.46,,特定農業區,農牧用地,1100911,土地1建物0車位0,,,其他,,,,0.0,0,0,0,有,無,6105000,3932,,0.0,0,,RPPOMLNKIIGGFBG27DA,0.0,0.0,0.0,無,
礁溪鄉,房地(土地+建物),宜蘭縣礁溪鄉柴圍路８３之２５號,110.11,,特定農業區,甲種建築用地,1100915,土地2建物1車位0,二層，三層，四層，見其他登記事項,四層,華廈(10層含以下有電梯),住家用,鋼筋混凝土造,1061114,251.83,4,2,5,有,無,15000000,59564,,0.0,0,,RPUPMLOKIIGGFBG97DA,233.98,17.85,0.0,有,
礁溪鄉,房地(土地+建物),宜蘭縣礁溪鄉武暖路１６８之４２號,174.02,,特定農業區,甲種建築用地,1100910,土地3建物1車位0,全,三層,透天厝,住家用,鋼筋混凝土造,1071023,241.62,5,2,5,有,無,15000000,62081,,0.0,0,,RPVPMLOKIIGGFBG08DA,226.61,14.39,0.0,有,
宜蘭市,房地(土地+建物),宜蘭縣宜蘭市黎明三路一段４６巷１０號,102.92,都市：其他:住宅區,,,1100904,土地2建物1車位0,全,四層,透天厝,住家用,鋼筋混凝土造,0940519,236.95,5,2,3,有,無,11850000,50011,,0.0,0,壹樓空地。對於屋況設備或水電管線或壁癌或滲漏水等有瑕疵，賣方皆不處理，賣方已由買賣總價中折讓部分價金予買方作為補償，買方同意免除賣方上開物之瑕疵擔保責任。陽台外推；頂樓加蓋；其他增建；,RPXPMLOKIIGGFBG28DA,210.49,26.46,0.0,無,
頭城鎮,房地(土地+建物),宜蘭縣頭城鎮河堤路８號十二樓之八,16.03,都市：其他:住宅區,,,1100904,土地2建物1車位0,十二層,十五層,住宅大樓(11層含以上有電梯),住家用,鋼筋混凝土造,1080103,84.34,0,0,1,有,有,7900000,93668,,0.0,0,第1號、第2號及第43號至第115號停車位屬共有部分之汽車停車位，編屬本大廈共有部分建號即大公，其使用應依本大廈住戶管理規約共同使用之。,RPRQMLOKIIGGFBG77DA,40.92,5.58,0.0,有,049
頭城鎮,車位,宜蘭縣頭城鎮河堤路８號,11.53,都市：其他:住宅區,,,1100904,土地2建物1車位1,一層,十五層,其他,辦公室,鋼筋混凝土造,1080103,60.23,0,0,0,無,有,900000,,坡道平面,60.23,900000,僅車位交易；,RPSQMLOKIIGGFBG87DA,0.0,0.0,0.0,有,022
員山鄉,房地(土地+建物),宜蘭縣員山鄉永廣路６７之６號,96.89,,鄉村區,乙種建築用地,1100919,土地1建物1車位0,全,三層,透天厝,住家用,鋼筋混凝土造,1060330,228.04,4,2,4,有,無,10900000,47799,,0.0,0,,RPOOMLPKIIGGFBG47EA,199.03,29.01,0.0,有,
員山鄉,房地(土地+建物),宜蘭縣員山鄉賢德路二段３４巷９弄１１號,94.55,,鄉村區,乙種建築用地,1090224,土地2建物1車位0,全,三層,透天厝,住家用,鋼筋混凝土造,1100720,153.64,3,2,3,有,無,8300000,54022,,0.0,0,預售屋、或土地及建物分件登記案件；,RPROMLPKIIGGFBG77EA,142.09,11.55,0.0,無,
員山鄉,房地(土地+建物),宜蘭縣員山鄉賢德路二段３４巷９弄１號,82.92,,鄉村區,乙種建築用地,1090716,土地2建物1車位0,全,三層,透天厝,住家用,鋼筋混凝土造,1100720,154.33,3,2,3,有,無,8100000,52485,,0.0,0,預售屋、或土地及建物分件登記案件；,RPSOMLPKIIGGFBG87EA,139.93,14.4,0.0,無,
蘇澳鎮,房地(土地+建物),宜蘭縣蘇澳鎮冷泉路１２之２號三樓,26.53,都市：其他:住宅區,,,1100804,土地2建物1車位0,三層,五層,公寓(5樓含以下無電梯),住家用,鋼筋混凝土造,0710227,101.76,4,2,1,有,無,2560000,25157,,0.0,0,陽台外推；,RPOOMLOKIIGGFAG27EA,101.76,0.0,0.0,無,051
羅東鎮,土地,南昌段668-13地號,31.0,都市：其他:住宅區,,,1100915,土地2建物0車位0,,,其他,,,,0.0,0,0,0,有,無,984000,31742,,0.0,0,,RPSNMLOKIIGGFAG57EA,0.0,0.0,0.0,無,
員山鄉,房地(土地+建物),宜蘭縣員山鄉賢德路二段３４巷７之２號,77.35,,鄉村區,乙種建築用地,1090313,土地3建物1車位0,全,三層,透天厝,住家用,鋼筋混凝土造,1100720,139.96,3,2,3,有,無,7500000,53587,,0.0,0,預售屋、或土地及建物分件登記案件；,RPQNMLNKIIGGFBG37EA,132.16,7.8,0.0,無,
宜蘭市,房地(土地+建物),宜蘭縣宜蘭市女中路三段１４２巷２２號,105.32,都市：其他:住宅區,,,1100811,土地2建物1車位0,全,三層,透天厝,住家用,鋼筋混凝土造,1040915,250.8,4,4,5,有,無,16980000,67703,,0.0,0,其他增建；,RPSPMLOKIIGGFBG87EA,236.21,14.59,0.0,有,
冬山鄉,土地,廣安段725地號,5.17,,鄉村區,乙種建築用地,1101005,土地1建物0車位0,,,其他,,,,0.0,0,0,0,有,無,117359,22700,,0.0,0,兄弟親友、員工、共有人或其他特殊關係間之交易；,RPSNMLPKIIGGFAG67EA,0.0,0.0,0.0,無,
羅東鎮,房地(土地+建物),宜蘭縣羅東鎮四維路６８巷１８號,136.37,,特定農業區,甲種建築用地,1100830,土地1建物1車位0,全,三層,透天厝,住家用,鋼筋混凝土造,0801212,215.24,4,2,3,有,無,15000000,69690,,0.0,0,兄弟間交易親友、員工、共有人或其他特殊關係間之交易；,RPUNMLPKIIGGFAG87EA,208.35,6.89,0.0,無,
羅東鎮,房地(土地+建物)+車位,宜蘭縣羅東鎮四維路１６巷２弄１７號三樓,119.87,,特定農業區,甲種建築用地,1100809,土地1建物1車位2,三層,四層,華廈(10層含以下有電梯),住家用,鋼筋混凝土造,1040930,381.21,0,0,2,有,有,28000000,73452,坡道平面,0.0,0,,RPSOMLPKIIGGFAG77EA,224.71,21.43,0.0,有,052
冬山鄉,房地(土地+建物),宜蘭縣冬山鄉鹿安路５７５巷２４號,83.11,,特定農業區,甲種建築用地,1101007,土地2建物1車位0,全,二層,透天厝,住家用,鋼筋混凝土加強磚造,0701215,99.9,2,2,2,有,無,4050000,40541,,0.0,0,,RPQNMLSKIIGGFAG77EA,99.9,0.0,0.0,無,053
羅東鎮,房地(土地+建物),宜蘭縣羅東鎮中正北路３０號三樓,98.05,都市：其他:商業區,,,1100908,土地1建物1車位0,三層,十層,華廈(10層含以下有電梯),商業用,鋼筋混凝土造,0861211,800.9499999999999,0,0,2,有,有,36300000,45321,,0.0,0,車位隨到隨停,RPUNMLSKIIGGFAG18EA,511.85,68.07,0.0,有,
蘇澳鎮,土地,慶安段780地號,988.95,都市：其他:道路用地,,,1100820,土地11建物0車位0,,,其他,,,,0.0,0,0,0,有,無,8974500,9075,,0.0,0,,RPXNMLSKIIGGFAG48EA,0.0,0.0,0.0,無,
宜蘭市,房地(土地+建物)+車位,宜蘭縣宜蘭市凱旋路５００號十樓之五,33.29,都市：其他:第三種住宅區。,,,1100824,土地1建物1車位1,十層,十五層,住宅大樓(11層含以上有電梯),住家用,鋼筋混凝土造,1080726,184.59,3,2,2,有,有,16000000,86679,坡道平面,0.0,0,,RPVOMLSKIIGGFBG48EA,98.06,10.8,0.0,有,054
宜蘭市,房地(土地+建物),宜蘭縣宜蘭市嵐峰路三段４２６號,91.0,都市：其他:住宅區,,,1100916,土地2建物1車位0,全,三層,透天厝,住家用,鋼筋混凝土造,0950526,185.39,4,2,3,有,無,14600000,78753,,0.0,0,一樓增建廚房其他增建；,RPQOMLPKIIGGFBG67EA,138.37,47.02,0.0,無,055
頭城鎮,房地(土地+建物),宜蘭縣頭城鎮河堤路８號八樓之十,16.08,都市：其他:住宅區,,,1100905,土地2建物1車位0,八層,十五層,住宅大樓(11層含以上有電梯),住家用,鋼筋混凝土造,1080103,84.65,0,0,1,有,有,7480000,88364,,0.0,0,第1號、第2號及第43號至第115號停車位屬共有部分之汽車停車位，編屬本大廈共有部分建號即大公，其使用應依本大廈住戶管理規約共同使用之。,RPTQMLOKIIGGFBG97DA,40.92,5.75,0.0,有,
壯圍鄉,房地(土地+建物),宜蘭縣壯圍鄉壯五路８１巷３０號,174.73,都市：其他:住宅區,,,1100912,土地3建物1車位0,全,三層,透天厝,住家用,鋼筋混凝土造,1080620,225.31,5,1,4,有,無,12550000,55701,,0.0,0,,RPUQMLOKIIGGFBG08DA,208.4,16.91,0.0,無,056
礁溪鄉,房地(土地+建物),宜蘭縣礁溪鄉德陽街２１號三樓之十二,7.13,都市：其他:道路用地,,,1100928,土地3建物1車位0,三層,七層,華廈(10層含以下有電梯),住家用,鋼筋混凝土造,0721124,39.3,1,0,1,有,有,1880000,47837,,0.0,0,,RPRNMLPKIIGGFBG57DA,27.5,3.01,0.0,有,
壯圍鄉,土地,壯東段1121地號,2710.3,,特定農業區,農牧用地,1101005,土地1建物0車位0,,,其他,,,,0.0,0,0,0,有,無,4700000,1734,,0.0,0,,RPSNMLPKIIGGFBG67DA,0.0,0.0,0.0,無,
礁溪鄉,房地(土地+建物),玉民路二段１７０巷３號,753.0,,特定農業區,農牧用地,1100903,土地1建物1車位0,全,,透天厝,其他,,,203.98,4,2,5,有,無,14380000,70497,,0.0,0,,RPUNMLPKIIGGFBG87DA,194.39,9.59,0.0,無,
礁溪鄉,土地,實踐段710地號,2891.0,,特定農業區,農牧用地,1100826,土地1建物0車位0,,,其他,,,,0.0,0,0,0,有,無,21863000,7562,,0.0,0,,RPPNMLRKIIGGFBG57DA,0.0,0.0,0.0,無,
礁溪鄉,土地,民生段315地號,1916.0,,特定農業區,農牧用地,1100924,土地1建物0車位0,,,其他,,,,0.0,0,0,0,有,無,15060000,7860,,0.0,0,,RPOQMLOKIIGGFBG47DA,0.0,0.0,0.0,無,057
宜蘭市,房地(土地+建物)+車位,宜蘭縣宜蘭市農權路８５號,13.55,都市：其他:住宅區,,,1100910,土地6建物1車位1,一層,十二層,住宅大樓(11層含以上有電梯),住家用,鋼筋混凝土造,0890427,116.66999999999999,3,1,2,有,有,7000000,59998,坡道平面,0.0,0,,RPPQMLOKIIGGFBG57DA,69.09,8.04,0.0,有,
宜蘭市,房地(土地+建物),宜蘭縣宜蘭市女中路三段３２７號六樓之八,8.66,都市：其他:住宅區,,,1100922,土地2建物1車位0,六層,六層,華廈(10層含以下有電梯),住家用,鋼筋混凝土造,0940914,30.11,1,1,1,有,有,1700000,56460,,0.0,0,,RPWPMLOKIIGGFBG18DA,17.48,0.0,0.0,有,058
宜蘭市,房地(土地+建物),宜蘭縣宜蘭市珍珠路７號,1094.0,都市：其他:道路用地,,,1100821,土地2建物1車位0,全,三層,透天厝,其他,鋼筋混凝土（ＲＣ）、鋼鐵造有牆,0990630,321.63,4,1,4,有,無,19800000,61561,,0.0,0,珍珠段663地號 全部 交易價格:10000000元珍珠段663-5地號 全部 交易價格:300000元珍珠段160建號 全部 交易價格:9500000元,RPOOMLNKIIGGFBG17DA,290.21,31.42,0.0,無,
頭城鎮,房地(土地+建物)+車位,宜蘭縣頭城鎮青雲路二段６２９巷７號五樓,29.85,,鄉村區,乙種建築用地,1101002,土地1建物1車位1,五層,八層,華廈(10層含以下有電梯),住家用,鋼筋混凝土造,0860917,118.25,4,2,3,有,有,4500000,38055,坡道平面,0.0,0,,RPOPMLMKIIGGFBG17DA,60.87,8.24,0.0,有,
頭城鎮,房地(土地+建物),宜蘭縣頭城鎮河堤路８號二樓之五,15.47,都市：其他:住宅區,,,1100923,土地2建物1車位0,二層,十五層,住宅大樓(11層含以上有電梯),住家用,鋼筋混凝土造,1080103,81.41,0,0,1,有,有,5650000,69402,,0.0,0,第1號、第2號及第43號至第115號停車位屬共有部分之汽車停車位，編屬大廈共有建號即大公，其使用應依本大廈住戶管理規約共同使用之。,RPSPMLOKIIGGFBG77DA,38.99,5.9,0.0,有,
頭城鎮,車位,宜蘭縣頭城鎮河堤路８號,10.66,都市：其他:住宅區,,,1100923,土地2建物1車位1,一層,十五層,其他,辦公室,鋼筋混凝土造,1080103,60.23,0,0,0,有,有,950000,,坡道平面,60.23,950000,僅車位交易；,SPSPMLOKIIGGFBG87DA,0.0,0.0,0.0,有,022
頭城鎮,房地(土地+建物),宜蘭縣頭城鎮朝陽路１號五樓之三,23.79,都市：其他:住宅區,,,1101002,土地1建物1車位0,五層,二十九層,住宅大樓(11層含以上有電梯),住家用,鋼骨鋼筋混凝土造,1061221,93.93,0,0,1,有,有,8800000,93687,,0.0,0,第74號至第254號停車位屬共有部分之汽車停車位，編屬本大廈共有部分建號即大公，其使用應依本大廈住戶管理規約共同使用之。,RPOPMLOKIIGGFBG37DA,39.77,12.1,0.0,有,060
礁溪鄉,土地,民生段226地號,1776.0,,特定農業區,農牧用地,1100826,土地1建物0車位0,,,其他,,,,0.0,0,0,0,有,無,8488392,4780,,0.0,0,,RPQNMLLKIIGGFBG07DA,0.0,0.0,0.0,無,061
壯圍鄉,土地,復興段1546地號,2696.0,,河川區,農牧用地,1100909,土地2建物0車位0,,,其他,,,,0.0,0,0,0,有,無,1800000,668,,0.0,0,,RPSNMLRJIIGGFBG77DA,0.0,0.0,0.0,無,
五結鄉,房地(土地+建物),宜蘭縣五結鄉大興路１８７巷５６弄２２號,122.75,都市：其他:住宅區,,,1100912,土地3建物1車位0,全,四層,透天厝,住家用,鋼筋混凝土造,1090415,219.54,4,2,4,有,無,14680000,66867,,0.0,0,,RPQNMLPKIIGGFAG37DA,196.28,23.26,0.0,無,
宜蘭市,房地(土地+建物),宜蘭縣宜蘭市崇聖街１７３號,95.78,都市：其他:住宅區,,,1100913,土地1建物1車位0,全,三層,透天厝,住家用,鋼筋混凝土造及鋼筋混凝土加強磚造,,214.77,5,2,4,有,無,16600000,77292,,0.0,0,,RPXOMLOKRHGGFBG98DA,214.77,0.0,0.0,無,
羅東鎮,房地(土地+建物),宜蘭縣羅東鎮復興路三段１３５巷４９號,55.46,,特定農業區,甲種建築用地,1100818,土地1建物1車位0,全,三層,透天厝,住家用,鋼筋混凝土造,0920217,130.46,4,2,2,有,無,600000,4599,,0.0,0,含土地增值稅或其他稅費82578元；親友、員工、共有人或其他特殊關係間之交易；,RPQOMLPKIIGGFAG47DA,94.53,35.93,0.0,無,
羅東鎮,房地(土地+建物)+車位,宜蘭縣羅東鎮天津路８５號三樓,31.42,都市：其他:住宅區,,,1100928,土地1建物1車位1,三層,六層,華廈(10層含以下有電梯),住家用,鋼筋混凝土造,0820723,164.11,3,2,2,有,有,6400000,38998,坡道平面,0.0,0,,RPROMLPKIIGGFAG57DA,115.12,8.46,0.0,有,062
五結鄉,房地(土地+建物)+車位,宜蘭縣五結鄉五結中路三段５９８號十二樓之２,41.34,都市：其他:住宅區,,,1100914,土地2建物1車位1,十二層,十三層,住宅大樓(11層含以上有電梯),住家用,鋼筋混凝土造,1060705,169.76999999999998,3,2,2,有,有,8380000,49361,坡道平面,0.0,0,親友、員工、共有人或其他特殊關係間之交易；,RPVOMLSKIIGGFAG28DA,88.92,9.66,0.0,有,063
礁溪鄉,土地,玉光一段1015地號,230.0,,特定農業區,農牧用地,1100914,土地1建物0車位0,,,其他,,,,0.0,0,0,0,有,無,1870000,8130,,0.0,0,,RPSOMLPJIIGGFBG67DA,0.0,0.0,0.0,無,064
礁溪鄉,房地(土地+建物),宜蘭縣礁溪鄉仁愛路１９８號三樓之七,31.5,都市：其他:住宅區,,,1100917,土地1建物1車位0,三層,十三層,住宅大樓(11層含以上有電梯),住家用,鋼筋混凝土造,1051108,168.73,2,1,1,有,有,15500000,91863,,0.0,0,本案室內依毛胚屋交屋。預售屋、或土地及建物分件登記案件；,RPTOMLLJIIGGFBG37DA,79.8,16.58,0.0,有,
礁溪鄉,房地(土地+建物),宜蘭縣礁溪鄉仁愛路１９８號五樓之十八,16.15,都市：其他:住宅區,,,1100923,土地1建物1車位0,五層,十三層,住宅大樓(11層含以上有電梯),住家用,鋼筋混凝土造,1051108,86.47,1,1,1,有,有,9000000,104082,,0.0,0,含裝潢費；預售屋、或土地及建物分件登記案件；,RPUOMLLJIIGGFBG47DA,43.89,5.48,0.0,有,
礁溪鄉,房地(土地+建物),宜蘭縣礁溪鄉仁愛路１９８號三樓之三,23.05,都市：其他:住宅區,,,1100930,土地1建物1車位0,三層,十三層,住宅大樓(11層含以上有電梯),住家用,鋼筋混凝土造,1051108,123.44,2,1,1,有,有,12880000,104342,,0.0,0,含裝潢費；預售屋、或土地及建物分件登記案件；,RPVOMLLJIIGGFBG57DA,67.08,3.4,0.0,有,
礁溪鄉,房地(土地+建物),宜蘭縣礁溪鄉仁愛路１９８號十二樓之六,15.51,都市：其他:住宅區,,,1100928,土地1建物1車位0,十二層,十三層,住宅大樓(11層含以上有電梯),住家用,鋼筋混凝土造,1051108,83.11,1,1,1,有,有,9200000,110697,,0.0,0,含裝潢費；預售屋、或土地及建物分件登記案件；,RPWOMLLJIIGGFBG67DA,43.41,4.06,0.0,有,
礁溪鄉,房地(土地+建物)+車位,宜蘭縣礁溪鄉和平路４０巷２２號六樓,23.49,都市：其他:住宅區,,,1100911,土地1建物1車位1,六層,六層,華廈(10層含以下有電梯),住家用,鋼筋混凝土造,0860513,107.66,2,2,2,有,有,5900000,54802,一樓平面,0.0,0,陽台外推；,RPQNMLOJIIGGFBG27DA,60.37,17.98,0.0,有,
羅東鎮,房地(土地+建物),宜蘭縣羅東鎮倉前路７７之１號,5.6,都市：其他:商業區,,,1100914,土地1建物1車位0,一層，騎樓,十二層,住宅大樓(11層含以上有電梯),商業用,鋼筋混凝土造,0831213,53.34,0,1,1,有,有,5350000,100300,,0.0,0,後方平台外推其他增建；,RPTOMLMKIIGGFAG47DA,48.17,2.76,0.0,有,065
五結鄉,房地(土地+建物),宜蘭縣五結鄉利寶路１０３巷５２號,1865.0,,一般農業區,農牧用地,1100624,土地1建物1車位0,全,一層,透天厝,農業用,鋼筋鐵皮,1071213,33.93,0,0,0,無,無,6500000,191571,,0.0,0,農業資材室,RPOPMLMKIIGGFAG07DA,33.93,0.0,0.0,無,
五結鄉,房地(土地+建物)+車位,宜蘭縣五結鄉陽明北路２號七樓,34.39,都市：其他:住宅區,,,1100929,土地2建物1車位1,七層,七層,華廈(10層含以下有電梯),其他,鋼筋混凝土造,0801121,226.43,3,2,3,有,有,8000000,35331,坡道平面,0.0,0,陽台外推；,RPTOMLOKIIGGFAG67DA,183.44,16.62,0.0,有,066
五結鄉,房地(土地+建物),宜蘭縣五結鄉親河路二段１４６號,706.97,,特定農業區,農牧用地,1100831,土地1建物1車位0,全,二層,透天厝,農業用,鋼筋混凝土造,1040611,114.22,0,0,0,無,無,12000000,105060,,0.0,0,,RPOOMLOKIIGGFAG17DA,114.22,0.0,0.0,無,067
五結鄉,土地,利福段680地號,18.12,,一般農業區,農牧用地,1100928,土地2建物0車位0,,,其他,,,,0.0,0,0,0,有,無,140032,7728,,0.0,0,,RPROMLNKIIGGFAG37DA,0.0,0.0,0.0,無,
冬山鄉,房地(土地+建物),宜蘭縣冬山鄉鹿安路４４６巷８弄３號,133.96,都市：其他:住宅區,,,1100911,土地5建物1車位0,全,四層,透天厝,住家用,鋼筋混凝土造,1100113,217.33,4,1,4,有,無,15500000,71320,,0.0,0,,RPPNMLRLRHGGFAG38DA,201.0,16.33,0.0,無,
羅東鎮,房地(土地+建物),宜蘭縣羅東鎮河濱路２３巷１７號,3320.79,,特定農業區,農牧用地,1100720,土地1建物3車位0,全,一層,透天厝,農業用,鋼筋混凝土造,0970131,2045.95,11,2,5,有,無,53000000,25905,,0.0,0,親友、員工、共有人或其他特殊關係間之交易；,RPPNMLKLPHGGFAG47DA,1992.24,53.71,0.0,無,
冬山鄉,房地(土地+建物),宜蘭縣冬山鄉美和路一段２７８巷１５６弄１７號,174.75,,特定農業區,甲種建築用地,1100924,土地4建物1車位0,全,三層,透天厝,住家用,鋼筋混凝土造,1100422,178.53,4,1,4,有,無,10970000,61446,,0.0,0,,RPUNMLSLRHGGFAG98DA,174.64,3.89,0.0,無,
羅東鎮,房地(土地+建物),宜蘭縣羅東鎮倉前路５１之１４號,22.25,都市：其他:商業區,,,1100928,土地1建物1車位0,一層,五層,華廈(10層含以下有電梯),商業用,鋼筋混凝土造,0690715,75.44,0,0,1,有,無,4390000,58192,,0.0,0,,RPQOMLTLRHGGFAG78DA,40.85,0.0,0.0,有,
羅東鎮,房地(土地+建物),宜蘭縣羅東鎮康樂巷１２號四樓之２,8.95,都市：其他:住宅區,,,1101002,土地1建物1車位0,四層,六層,華廈(10層含以下有電梯),住家用,鋼筋混凝土造,0840615,35.510000000000005,0,0,1,有,無,2750000,77443,,0.0,0,,RPPPMLRJIIGGFAG57DA,24.81,2.13,0.0,有,
三星鄉,房地(土地+建物),宜蘭縣三星鄉堤防路２７巷５６號,83.98,,特定農業區,甲種建築用地,1100923,土地1建物1車位0,全,三層,透天厝,住家用,鋼筋混凝土造,0830408,186.37,4,3,3,有,無,5360000,28760,,0.0,0,頂樓增建約5坪頂樓加蓋；,RPPNMLPKIIGGFAG27DA,150.58,35.79,0.0,無,
冬山鄉,土地,南富段708-1地號,729.0,,特定農業區,農牧用地,1100923,土地1建物0車位0,,,其他,,,,0.0,0,0,0,有,無,1874000,2571,,0.0,0,,RPVNMLNKIIGGFAG67DA,0.0,0.0,0.0,無,
宜蘭市,房地(土地+建物),宜蘭縣宜蘭市校舍路１０５號,132.1,都市：其他:住宅區,,,1100726,土地1建物1車位0,全,三層,透天厝,住家用,鋼筋混凝土造,0790402,237.77,6,3,3,有,無,25500000,107246,,0.0,0,壹樓空地，頂樓及迴廊外推其他增建；,RPWOMLTLRHGGFBG86DA,226.29,11.48,0.0,無,
大同鄉,土地,寒溪段9地號,1500.0,,山坡地保育區,農牧用地,1100818,土地1建物0車位0,,,其他,,,,0.0,0,0,0,有,無,380000,253,,0.0,0,地清或未辦繼承標售；,RPOPMLSKIIGGFAG67DA,0.0,0.0,0.0,無,
五結鄉,土地,錦眾段649地號,4857.01,,風景區,水利用地,1101001,土地1建物0車位0,,,其他,,,,0.0,0,0,0,有,無,2938000,605,,0.0,0,,RPRNMLTKIIGGFAG87DA,0.0,0.0,0.0,無,
五結鄉,土地,錦眾段664地號,802.93,,風景區,水利用地,1101001,土地1建物0車位0,,,其他,,,,0.0,0,0,0,有,無,242900,303,,0.0,0,立契日為1101005,SPRNMLTKIIGGFAG97DA,0.0,0.0,0.0,無,
冬山鄉,房地(土地+建物),宜蘭縣冬山鄉東八路１１６號,1949.66,,特定農業區,農牧用地,1100916,土地1建物1車位0,全,三層,透天厝,農業用,鋼筋混凝土造,1001227,426.24,5,2,6,有,無,39000000,91498,,0.0,0,含花園造景、填土、圍牆。,RPWNMLTKIIGGFAG38DA,382.53,43.71,0.0,有,
南澳鄉,土地,武塔段1165地號,5690.0,,山坡地保育區,農牧用地,1100930,土地1建物0車位0,,,其他,,,,0.0,0,0,0,有,無,1200000,211,,0.0,0,,RPXNMLTKIIGGFAG48DA,0.0,0.0,0.0,無,
三星鄉,房地(土地+建物),宜蘭縣三星鄉大義七路２９號,758.91,,特定農業區,農牧用地,1101004,土地1建物1車位0,全,三層,透天厝,農業用,鋼筋混凝土造,1000705,226.41,4,2,3,有,無,19190000,84758,,0.0,0,其他增建：一樓空地其他增建；,RPUOMLPKIIGGFAG87DA,194.08,32.33,0.0,無,
冬山鄉,房地(土地+建物),宜蘭縣冬山鄉清溝路２２８號,158.42,都市：其他:農業區,,,1100912,土地5建物1車位0,全,三層,透天厝,住家用,鋼筋混凝土造,1090106,171.65,4,2,4,有,無,11650000,67871,,0.0,0,,RPRNMLRKIIGGFAG67DA,154.69,16.96,0.0,無,
蘇澳鎮,土地,頂寮段362地號,84.08,,工業區,丁種建築用地,1100824,土地1建物0車位0,,,其他,,,,0.0,0,0,0,有,無,2100000,24976,,0.0,0,,RPPOMLPKIIGGFAG37DA,0.0,0.0,0.0,無,
員山鄉,土地,冷水坑段43地號,2501.77,,山坡地保育區,農牧用地,1100923,土地1建物0車位0,,,其他,,,,0.0,0,0,0,有,無,1150000,460,,0.0,0,,RPROMLRJIIGGFBG77DA,0.0,0.0,0.0,無,
礁溪鄉,房地(土地+建物),宜蘭縣礁溪鄉化龍街２２號七樓之三,12.98,都市：其他:住宅區,,,1100928,土地1建物1車位0,七層,七層,華廈(10層含以下有電梯),住家用,鋼筋混凝土造,0840904,79.56,1,1,1,有,有,5400000,67873,,0.0,0,含裝修傢俱家電陽台外推；,RPUOMLMKIIGGFBG67DA,43.34,8.19,0.0,有,
頭城鎮,房地(土地+建物),宜蘭縣頭城鎮協天路６４８號,67.41,都市：其他:住宅區,,,1100809,土地1建物2車位0,一層,五層,華廈(10層含以下有電梯),住家用,鋼筋混凝土造,0850612,205.15,3,2,3,有,無,10500000,51182,,0.0,0,,RPQPMLMKIIGGFBG37DA,183.72,0.0,0.0,有,
壯圍鄉,土地,壯濱二段571-1地號,877.64,,一般農業區,農牧用地,1100907,土地1建物0車位0,,,其他,,,,0.0,0,0,0,有,無,3849460,4386,,0.0,0,,RPPNMLOKIIGGFBG27DA,0.0,0.0,0.0,無,
礁溪鄉,土地,民生段96地號,2544.0,,特定農業區,農牧用地,1100910,土地1建物0車位0,,,其他,,,,0.0,0,0,0,有,無,17800000,6997,,0.0,0,,RPQNMLOKIIGGFBG37DA,0.0,0.0,0.0,無,
宜蘭市,房地(土地+建物),宜蘭縣宜蘭市民權新路４７巷２５之３號,55.31,都市：其他:住宅區,,,1100913,土地2建物1車位0,四層,五層,公寓(5樓含以下無電梯),住家用,鋼筋混凝土造,0720511,94.25,3,2,2,有,有,4500000,47745,,0.0,0,,RPVNMLSKIIGGFBG28DA,77.64,10.83,0.0,無,
礁溪鄉,車位,宜蘭縣礁溪鄉null,0.0,,,,1100925,土地0建物1車位1,,,其他,,,,38.75,0,0,0,有,有,650000,,坡道平面,38.75,650000,僅車位交易；,RPOOMLSKIIGGFBG67DA,0.0,0.0,0.0,有,
礁溪鄉,車位,宜蘭縣礁溪鄉null,0.0,,,,1100925,土地0建物1車位1,,,其他,,,,38.75,0,0,0,有,有,850000,,坡道平面,38.75,850000,僅車位交易；,RPPOMLSKIIGGFBG77DA,0.0,0.0,0.0,有,
礁溪鄉,車位,宜蘭縣礁溪鄉null,0.0,,,,1100929,土地0建物1車位1,,,其他,,,,38.75,0,0,0,有,有,850000,,坡道平面,38.75,850000,僅車位交易；,RPROMLSKIIGGFBG97DA,0.0,0.0,0.0,有,
宜蘭市,土地,農權段82地號,72.31,都市：其他:住宅區,,,1091013,土地3建物0車位0,,,其他,,,,0.0,0,0,0,有,無,2821420,39018,,0.0,0,包含公共設施保留地用地；,RPSOMLSKIIGGFBG08DA,0.0,0.0,0.0,無,
宜蘭市,房地(土地+建物),宜蘭縣宜蘭市南橋路３００號,1055.0,,特定農業區,農牧用地,1081117,土地1建物1車位0,全,三層,透天厝,農業用,鋼筋混凝土造,1100823,316.07,5,3,6,有,無,10200000,32271,,0.0,0,本交易僅交易土地，建築物為買方出資興建。,RPVPMLSKIIGGFBG48DA,312.34,3.73,0.0,有,
宜蘭市,房地(土地+建物),宜蘭縣宜蘭市大坡路一段１２１巷３３號十樓之四,26.6,都市：其他:住宅區,,,1100823,土地1建物1車位0,十層,十五層,住宅大樓(11層含以上有電梯),住家用,鋼筋混凝土造,0810825,155.81,3,2,2,有,有,5180000,33246,,0.0,0,,RPWPMLSKIIGGFBG58DA,116.94,15.22,0.0,有,
頭城鎮,房地(土地+建物)+車位,宜蘭縣頭城鎮頭濱路三段３０１巷５０號五樓之三,45.96,都市：其他:道路用地,,,1100908,土地4建物1車位1,五層,五層,華廈(10層含以下有電梯),住家用,鋼筋混凝土造,1100713,114.78999999999999,2,2,2,有,有,6000000,52269,一樓平面,0.0,0,,RPPNMLTKIIGGFBG77DA,70.32,7.4,0.0,有,
宜蘭市,土地,東村段196地號,35.64,都市：其他:住宅區,,,1100907,土地1建物0車位0,,,其他,,,,0.0,0,0,0,有,無,3880000,108866,,0.0,0,,RPTNMLTKIIGGFBG18DA,0.0,0.0,0.0,無,
宜蘭市,土地,新生段684地號,228.93,都市：其他:住宅區,,,1100917,土地1建物0車位0,,,其他,,,,0.0,0,0,0,有,無,11720000,51195,,0.0,0,,RPPOMLTKIIGGFBG87DA,0.0,0.0,0.0,無,
頭城鎮,房地(土地+建物)+車位,宜蘭縣頭城鎮協天路６７６號二樓之五,12.7,都市：其他:住宅區,,,1100909,土地1建物1車位1,二層,九層,華廈(10層含以下有電梯),住家用,鋼筋混凝土造,0970118,83.88,1,1,1,有,有,3800000,45303,坡道機械,0.0,0,,RPSNMLTKIIGGFBG18EA,43.52,5.18,0.0,有,
礁溪鄉,房地(土地+建物),宜蘭縣礁溪鄉公園路８３號四樓之十,19.17,都市：其他:健康休閒專用區三,,,1100918,土地1建物1車位0,四層,十五層,住宅大樓(11層含以上有電梯),住家用,鋼筋混凝土造,1040108,103.61,1,1,1,有,有,8000000,77213,,0.0,0,,RPXNMLTKIIGGFBG68EA,47.29,7.94,0.0,有,
宜蘭市,土地,中興段122地號,3551.83,都市：其他:道路用地,,,1100806,土地16建物0車位0,,,其他,,,,0.0,0,0,0,有,無,170900940,48116,,0.0,0,包含公共設施保留地用地；,RPTNMLSKIIGGFBG18EA,0.0,0.0,0.0,無,
五結鄉,房地(土地+建物),宜蘭縣五結鄉二結路３７０號,113.66,都市：其他:住宅區,,,1091106,土地2建物1車位0,全,三層,透天厝,住家用,鋼筋混凝土造,1051005,254.66,4,1,5,有,無,15800000,62044,,0.0,0,,RPUOMLSKIIGGFAG28EA,237.47,17.19,0.0,無,
宜蘭市,土地,珍子滿力段擺厘小段45-98地號,19.0,都市：其他:道路用地,,,1100916,土地3建物0車位0,,,其他,,,,0.0,0,0,0,有,無,370000,19474,,0.0,0,包含公共設施保留地用地；,RPWNMLPKIIGGFBG18EA,0.0,0.0,0.0,無,
