﻿編號,土地位置,土地移轉面積(平方公尺),使用分區或編定,權利人持分分母,權利人持分分子,移轉情形,地號
The serial number, land position,land shifting area square meter,the use zoning or compiles and checks,,,,land parcel
RPPNMLQKRHGGFAG28CC,中華段,.00,都市：住,,,,16190000
RPXOMLQKRHGGFBG66CC,大福一段,.00,非都市：鄉村區 ; 非都市編定：乙種建築用地,,,,05460000
RPWOMLQKRHGGFBG56CC,艮門五段,.00,都市：商,,,,05020000
RPXNMLPKRHGGFBG09CC,拔雅林三段,.00,都市：住,,,,07360000
RPUNMLQKRHGGFBG88CC,忠義段,.00,都市：住,,,,08100000
RPRNMLQKRHGGFBG58CC,巽門二段,.00,都市：商,,,,04700000
RPVNMLPKRHGGFBG88CC,五峰段,.00,都市：住,,,,10800000
