﻿編號,屋齡,建物移轉面積平方公尺,主要用途,主要建材,建築完成日期,總層數,建物分層
The serial number,room age,building shifting area square meter,the main use,main building materials,construction completes the date,total layer,building lamination
RPOOMLLKRHGGFAH87CC,27,88.88,住家用,鋼筋混凝土造,83年10月26日,十六層,
RPXNMLLKRHGGFAH68CC,40,57.44,住家用,鋼筋混凝土造,70年10月22日,五層,
RPOOMLLKRHGGFAH87CC,27,.51,共有部份,鋼筋混凝土造,83年10月26日,十六層,
RPOOMLLKRHGGFAH87CC,27,36.05,共有部份,鋼筋混凝土造,83年10月26日,十六層,
RPOOMLLKRHGGFAH87CC,27,13.96,共有部份,鋼筋混凝土造,83年10月26日,十六層,
RPOOMLLKRHGGFAH87CC,27,4.33,共有部份,鋼筋混凝土造,83年10月26日,十六層,
RPQOMLLKRHGGFAH08CC,26,60.62,住家用,鋼筋混凝土造,84年12月15日,十七層,
RPQOMLLKRHGGFAH08CC,26,12.41,共有部份,鋼筋混凝土造,84年12月15日,十八層,
RPVPMLLKRHGGFAH68CC,6,77.93,住家用,鋼筋混凝土造,104年4月30日,十五層,
RPVPMLLKRHGGFAH68CC,6,47.04,本共有部分之項目有（防空避難室兼停車空間、停車空間）等２項。,鋼筋混凝土造,104年4月30日,十五層,
RPVPMLLKRHGGFAH68CC,6,19.99,本共有部分之項目有（管委會空間、機械室、梯間、水箱）等４項。,鋼筋混凝土造,104年4月30日,十五層,
RPWNMLLKRHGGFAH58CC,26,28.71,住家用,鋼骨造,84年9月26日,十五層,
RPWNMLLKRHGGFAH58CC,26,12.07,共有部份,鋼骨造,84年9月26日,十五層,
RPWNMLLKRHGGFAH58CC,26,4.71,共有部份,鋼骨造,84年9月26日,十五層,
RPUPMLLKRHGGFAH58CC,34,109.08,住家用,鋼筋混凝土造,77年1月14日,五層,
RPUPMLLKRHGGFAH58CC,34,6.62,共有部份,鋼筋混凝土造,77年1月14日,五層,
RPUPMLLKRHGGFAH58CC,34,1.04,共有部份,鋼筋混凝土造,77年1月14日,五層,
RPPOMLLKRHGGFBH08CC,1,85.53,集合住宅,鋼筋混凝土造,109年2月19日,十三層,
RPPOMLLKRHGGFBH08CC,1,74.51,本共有部分之項目有：防空避難室兼停車空間、消防泵浦室、汙水機房、發電機房、蓄水池、梯間、停車空間、台電配電場所、電信室、水景機房、垃圾冷藏室、管委會使用空間、水箱、機械室及梯廳等十五項,鋼筋混凝土造,109年2月19日,十三層,
RPXNMLLKRHGGFBH78CC,3,67.12,集合住宅,鋼筋混凝土造,107年7月5日,五層,
RPXNMLLKRHGGFBH78CC,3,13.63,本共有部分之項目有：集合住宅（附屬管委會使用空間）、樓梯間、機房、水箱。,鋼筋混凝土造,107年7月5日,五層,
RPUOMLLKRHGGFBH58CC,20,107.16,住家用,鋼筋混凝土造,90年6月22日,七層,
RPUOMLLKRHGGFBH58CC,20,14.77,共有部份,鋼筋混凝土造,90年6月22日,七層,
RPUOMLLKRHGGFBH58CC,20,15.22,共有部份,鋼筋混凝土造,90年6月22日,七層,
RPTPMLLKRHGGFBH58CC,5,66.09,集合住宅,鋼筋混凝土造,106年3月2日,十四層,
RPTPMLLKRHGGFBH58CC,5,35.43,本建物共有部分之項目有：集合住宅（附屬停車空間、防空避難室、公共服務空間、門廳、管理委員會空間、機電設備空間）,鋼筋混凝土造,106年3月2日,十四層,
RPUPMLLKRHGGFBH68CC,48,47.88,住家用,磚造,62年12月4日,一層,
RPROMLLKRHGGFBH28CC,2,87.86,集合住宅,鋼筋混凝土造,108年9月16日,十層,
RPROMLLKRHGGFBH28CC,2,79.01,本共有部分之項目有：停車空間、蓄水池、消防幫浦室、汙水及雨水回收機房、梯間、防空避難室兼停車空間、台電配電場所、電信室、垃圾處理室、發電機室、管委會使用空間、機房、水箱、噴灌機房及車道等十五項。,鋼筋混凝土造,108年9月16日,十層,
RPSPMLLKRHGGFBH48CC,28,96.95,住家用,鋼筋混凝土造,82年3月17日,七層,
RPSPMLLKRHGGFBH48CC,28,15.14,共有部份,鋼筋混凝土造,82年3月17日,七層,
RPVNMLLKRHGGFBH58CC,32,29.24,住家用,鋼筋混凝土造,78年5月20日,七層,
RPVNMLLKRHGGFBH58CC,32,4.42,共有部份,鋼筋混凝土造,78年5月20日,七層,
RPVNMLLKRHGGFBH58CC,32,8.24,共有部份,鋼筋混凝土造,78年5月20日,七層,
RPWNMLLKRHGGFBH68CC,3,42.42,住家用,鋼筋混凝土造,108年1月11日,五層,
RPWNMLLKRHGGFBH68CC,3,14.89,本共有部分之項目有：停車空間、樓梯間、梯廳及機房等四項。,鋼筋混凝土造,108年1月11日,五層,
RPXPMLLKRHGGFBH98CC,31,111.94,住家用,鋼筋混凝土造,80年1月30日,七層,
RPXQMLLKRHGGFBH09CC,34,130.47,住家用,鋼筋混凝土造,76年8月19日,二層,
RPSQMLLKRHGGFBH58CC,31,109.20,住家用,鋼筋混凝土造,79年12月1日,五層,
RPSQMLLKRHGGFBH58CC,31,9.56,共有部份,鋼筋混凝土造,79年12月1日,五層,
RPWQMLLKRHGGFBH98CC,29,63.64,辦公室,鋼筋混凝土造,81年3月14日,十二層,
RPWQMLLKRHGGFBH98CC,29,18.79,共有部份,鋼筋混凝土造,81年3月14日,十二層,
RPORMLLKRHGGFBH28CC,26,36.02,住家用,鋼筋混凝土造,84年8月2日,六層,
RPORMLLKRHGGFBH28CC,26,12.39,住家用,鋼筋混凝土造,84年8月2日,六層,
RPUOMLLKRHGGFDH78CC,45,59.84,住家用,加強磚造,65年10月18日,二層,
RPTPMLLKRHGGFAH58DC,13,76.07,店舖、住宅（附屬屋頂突出物）,鋼筋混凝土造,97年10月6日,五層,
RPPNMLMKRHGGFBH08CC,51,25.20,住家用,加強磚造,59年4月10日,二層,
RPSNMLMKRHGGFAH28CC,46,38.88,住家用,加強磚造,64年10月6日,三層,
RPSNMLLKRHGGFCH38CC,42,96.12,住家用,加強磚造,68年6月13日,二層,
RPTNMLLKRHGGFCH48CC,44,79.98,住家用,加強磚造,66年4月11日,二層,
RPTNMLMKRHGGFAH38CC,32,18.85,防空避難室﹐住宅,鋼筋混凝土造,78年6月19日,五層,
RPVNMLMKRHGGFAH58CC,32,18.85,防空避難室﹐住宅,鋼筋混凝土造,78年6月19日,五層,
RPWOMLNKRHGGFAH88CC,41,26.08,住家用,鋼筋混凝土造,69年8月20日,六層,
RPWOMLNKRHGGFAH88CC,41,1.60,共有部份,鋼筋混凝土造,69年8月20日,六層,
RPXOMLNKRHGGFAH98CC,6,68.64,住家用,鋼筋混凝土造,104年9月15日,十一層,
RPXOMLNKRHGGFAH98CC,6,59.61,本共有部分之項目有附屬（停車空間兼防空避難室、停車空間、梯間、機械室、水箱）等５項。,鋼筋混凝土造,104年9月15日,十一層,
RPQNMLMKRHGGFFH58CC,41,22.57,住家用,加強磚造,69年12月2日,二層,
RPUNMLMKRHGGFAH48CC,32,18.85,防空避難室﹐住宅,鋼筋混凝土造,78年6月19日,五層,
RPSNMLMKRHGGFFH78CC,27,21.99,車庫，住宅,鋼筋混凝土造,83年6月18日,四層,
RPPNMLMKRHGGFFH48CC,37,16.67,住家用,鋼筋混凝土造,73年10月20日,三層,
RPRNMLLKRHGGFFH58CC,36,75.65,住家用,鋼筋混凝土造,74年6月19日,四層,
RPRNMLMKRHGGFFH68CC,41,22.57,住家用,加強磚造,69年12月2日,二層,
RPVPMLNKRHGGFAH88CC,24,63.51,住家用,鋼筋混凝土造,86年10月20日,十四層,
RPVPMLNKRHGGFAH88CC,24,5.85,共有部份,鋼筋混凝土造,86年10月20日,十四層,
RPVPMLNKRHGGFAH88CC,24,1.16,共有部份,鋼筋混凝土造,86年10月20日,十四層,
RPPQMLNKRHGGFBH48CC,25,97.63,住家用,鋼筋混凝土造,85年9月4日,十三層,
RPPQMLNKRHGGFBH48CC,25,17.86,共有部份,鋼筋混凝土造,85年9月4日,十三層,
RPPQMLNKRHGGFBH48CC,25,14.07,共有部份,鋼筋混凝土造,85年9月4日,十三層,
RPPQMLNKRHGGFBH48CC,25,9.77,共有部份,鋼筋混凝土造,85年9月4日,十三層,
RPWOMLNKRHGGFBH98CC,22,231.25,集合住宅、店舖、車庫,鋼筋混凝土造,88年11月30日,五層,
RPXPMLNKRHGGFBH56CC,2,58.20,集合住宅,鋼筋混凝土造,108年11月14日,十五層,
RPXPMLNKRHGGFBH56CC,2,65.23,本共有部分之項目有：頂蓋型廣場式開放空間、Ａ１戶外安全梯、Ａ２無障礙安全梯、Ａ１行動不便昇降機、Ａ２昇降機、Ａ３緊急昇降機、排煙室Ａ、地下室進風、風除室、門廳、供管委會使用空間（門廳）、供管委會使用空間（宅配室）、供管委會使用空間（交誼廳）、供管委會使用空間（閱覽室）、供管委會使用空間（健身房）、供管委會使用空間（游具室）、Ｂ１戶外安全梯、Ｂ２無障礙戶外安全梯、Ｂ１緊急昇降機、Ｂ２昇降機、Ｂ３行動不便昇降機、排煙室Ｂ、車道、梯廳Ａ、梯廳Ｂ、機房、消防水箱、樓梯間、水箱、電梯機房、垃圾儲藏室、地下室排風管道、地下室進風管道、防空避難室兼停車空間、台電配電場所、發電機室、過濾機房、Ｂ１安全梯、停車空間、電信室、水箱Ａ（三）、水箱Ａ（四）、水箱Ｂ（二）、消防機房、汙水機房、雨水機房、水箱Ａ（一）、水箱Ａ（二）、水箱Ｂ（一）等共４９項。,鋼筋混凝土造,108年11月14日,十五層,
RPSPMLNKRHGGFBH68CC,16,80.84,集合住宅、設備空間,鋼筋混凝土造,94年8月24日,十二層,
RPSPMLNKRHGGFBH68CC,16,38.92,共有部份,鋼筋混凝土造,94年8月24日,十二層,
RPVQMLNKRHGGFFH86CC,6,67.54,住家用,鋼筋混凝土造,104年7月20日,十四層,
RPVQMLNKRHGGFFH86CC,6,31.37,共有部分之項目有：防空避難室兼停車空間、消防泵浦室、汙水兼雨水回收機房、蓄水池、梯間、停車空間、發電機房、電信機房、機房、台電配電場所、資源回收室、公共服務空間、管理員室、垃圾處理空間、機械室、水箱計十六項,鋼筋混凝土造,104年7月20日,十四層,
RPOQMLNKRHGGFBH38CC,32,15.40,住家用,鋼筋混凝土造,78年5月29日,五層,
RPOQMLNKRHGGFBH38CC,32,5.28,共有部份,鋼筋混凝土造,78年5月29日,五層,
RPRPMLNKRHGGFCH68CC,,66.92,集合住宅,鋼筋混凝土造、鋼骨造,110年4月7日,十五層,
RPRPMLNKRHGGFCH68CC,,90.52,共有部分：停車空間、停車空間兼防空避難室、機電設備空間、排煙室、緊急昇降機、集合住宅（附屬停車空間、樓梯間、管委會空間）、梯間、電梯機房、水箱,見其他登記事項,110年4月7日,十五層,
RPPPMLNKRHGGFCH48CC,42,205.34,住家用,加強磚造,68年6月13日,二層,
RPRQMLNKRHGGFDH88CC,27,172.23,住商用,鋼筋混凝土造,83年5月3日,四層,
RPXPMLNKRHGGFDH76CC,43,42.29,住家用,鋼筋混凝土造,68年1月13日,二層,
RPPNMLLKRHGGFGH48CC,42,88.62,住家用,加強磚造,68年12月27日,二層,
RPTNMLLKRHGGFGH88CC,9,85.64,住家用,鋼筋混凝土造,101年4月5日,五層,
RPTNMLLKRHGGFGH88CC,9,7.18,共有部份,鋼筋混凝土造,101年4月5日,五層,
RPTNMLLKRHGGFGH88CC,,11.56,共有部份,鋼筋混凝土造,,五層,
RPWPMLNKRHGGFAH98CC,24,62.30,住家用,鋼筋混凝土造,86年9月1日,十七層,
RPWPMLNKRHGGFAH98CC,24,4.94,共有部份,鋼筋混凝土造,86年9月1日,十七層,
RPWPMLNKRHGGFAH98CC,24,12.18,共有部份,鋼筋混凝土造,86年9月1日,十七層,
RPRPMLNKRHGGFGH09CC,40,85.77,住家用,鋼筋混凝土造,70年12月30日,五層,
RPUNMLOKRHGGFEH09CC,1,83.21,住家用,鋼筋混凝土造,109年10月30日,五層,
RPTNMLNKRHGGFEH88CC,26,94.25,住家用,鋼筋混凝土造,84年12月7日,八層,
RPTNMLNKRHGGFEH88CC,26,14.35,共有部份,鋼筋混凝土造,84年12月7日,八層,
RPTNMLNKRHGGFEH88CC,26,26.41,共有部份,鋼筋混凝土造,84年12月7日,八層,
RPTOMLOKRHGGFEH09CC,16,111.23,住家用,鋼筋混凝土造,95年2月21日,十四層,
RPTOMLOKRHGGFEH09CC,16,75.70,共有部份,鋼筋混凝土造,95年2月21日,十四層,
RPTOMLOKRHGGFEH09CC,16,19.01,共有部份,鋼筋混凝土造,95年2月21日,十四層,
RPUPMLNKRHGGFGH76CC,25,128.79,住家用,鋼筋混凝土造,85年7月24日,三層,
RPWSMLOKRHGGFAH86DC,27,76.55,住家用,鋼筋混凝土造,83年6月29日,七層,
RPWSMLOKRHGGFAH86DC,27,17.76,共有部份,鋼筋混凝土造,83年6月29日,七層,
RPWSMLOKRHGGFAH86DC,27,13.85,停車場,鋼筋混凝土造,83年6月29日,七層,
RPWSMLOKRHGGFAH86DC,27,4.62,共有部份,鋼筋混凝土造,83年6月29日,七層,
RPPOMLOKRHGGFGH88CC,5,74.17,住家用,鋼筋混凝土造,105年7月18日,七層,
RPPOMLOKRHGGFGH88CC,5,28.92,防空避難室兼停車空間、樓梯間、集合住宅、電梯機房、水箱,鋼筋混凝土造,105年7月18日,七層,
RPTNMLOKRHGGFGH56CC,41,89.18,住家用,加強磚造,69年12月3日,二層,
RPUNMLOKRHGGFCH88CC,8,93.50,集合住宅,鋼筋混凝土造,103年1月13日,十七層,
RPQNMLOKRHGGFCH48CC,43,98.56,住家用,加強磚造,67年8月4日,二層,
RPUNMLOKRHGGFCH88CC,8,52.58,集合住宅（附屬停車空間、管理員室、公共服務空間）,鋼筋混凝土造,103年1月13日,十七層,
RPUNMLOKRHGGFCH88CC,8,23.36,集合住宅（附屬樓梯間、機械室、水箱）,鋼筋混凝土造,103年1月13日,十七層,
RPWNMLOKRHGGFCH09CC,41,70.20,住家用,鋼筋混凝土造,70年2月3日,四層,
RPQOMLOKRHGGFCH58CC,14,94.37,住家用,鋼筋混凝土造,96年9月30日,十三層,
RPQOMLOKRHGGFCH58CC,14,51.04,共用【集合住宅（附屬停車空間、附屬防空避難室兼停車空間、附屬公共設施）】,鋼筋混凝土造,96年9月30日,十三層,
RPPOMLOKRHGGFCH48CC,15,36.48,一般服務業,鋼筋混凝土造,95年4月10日,十層,
RPPOMLOKRHGGFCH48CC,15,4.98,共用,鋼筋混凝土造,95年4月10日,十層,
RPPOMLOKRHGGFCH48CC,15,5.16,共用（樓電梯間、屋頂水箱、瞭望室、機械室）,鋼筋混凝土造,95年4月10日,十層,
RPTOMLOKRHGGFDH98CC,26,114.50,住家用,鋼筋混凝土造,84年11月7日,十二層,
RPTOMLOKRHGGFDH98CC,26,50.36,停車場兼防空避難室,鋼筋混凝土造,84年11月7日,十二層,
RPTOMLOKRHGGFDH98CC,26,15.45,電梯、樓梯、屋頂突出物、機房、水箱、門廳,鋼筋混凝土造,84年11月7日,十二層,
RPOOMLOKRHGGFDH48CC,39,376.33,工業用,見使用執照,71年10月23日,一層,
RPOSMLOKRHGGFHH66CC,21,42.64,住家用,鋼筋混凝土造,89年8月30日,十層,
RPOSMLOKRHGGFHH66CC,21,34.02,共有部份,鋼筋混凝土造,89年8月30日,十層,
RPRPMLOKRHGGFHH66CC,31,93.22,住家用,鋼筋混凝土造,79年2月9日,四層,
RPVNMLOKRHGGFHH86CC,28,290.46,辦公室,鋼筋混凝土造,82年10月26日,九層,
RPRNMLNKRHGGFHH98CC,1,54.28,住家用,鋼筋混凝土造,109年11月4日,十五層,
RPRNMLNKRHGGFHH98CC,1,27.42,共有部分之項目有停車空間、防空避難室兼停車空間、門廳、供管委會使用空間、機房、水箱等項。,鋼筋混凝土造,109年11月4日,十五層,
RPVNMLOKRHGGFFH66CC,12,73.18,住家用,鋼筋混凝土造,98年10月16日,十五層,
RPVNMLOKRHGGFFH66CC,12,46.80,本共有部份之項目有：防空避難室、停車空間、設備空間、公共設施、守衛室及頂蓋型廣場式開放空間等６項。,鋼筋混凝土造,98年10月16日,十五層,
RPVNMLOKRHGGFFH66CC,12,13.77,本共有部分之項目有：梯間、機械室及水箱等３項,鋼筋混凝土造,98年10月16日,十五層,
RPOPMLOKRHGGFDH58CC,43,20.00,住家用,鋼筋混凝土造,68年1月13日,二層,
RPUNMLOKRHGGFFH56CC,40,87.54,住家用,加強磚造,70年3月1日,二層,
RPPOMLOKRHGGFFH78CC,28,221.77,住家用,鋼筋混凝土造,83年2月7日,三層,
RPSNMLOKRHGGFBH58CC,30,152.23,辦公室、集合住宅,鋼筋混凝土造,80年12月24日,十二層,
RPWNMLOKRHGGFBH98CC,24,39.59,住家用,鋼筋混凝土造,86年5月30日,十二層,
RPWNMLOKRHGGFBH98CC,24,11.84,共有部份,鋼筋混凝土造,86年5月30日,十二層,
RPVQMLOKRHGGFBH56CC,48,33.06,工業用,磚造,62年8月9日,一層,
RPWOMLOKRHGGFBH09CC,5,199.47,廠房,鋼筋混凝土造,105年6月1日,十層,
RPWOMLOKRHGGFBH09CC,5,125.54,本共有部分之項目有：防空避難室兼停車空間、停車空間、機房、警衛室、管委會使用空間、梯廳、梯間、客貨梯機房、客梯機房、蓄水池、台電配電室、電錶室、客梯進氣機房、排氣機房、垃圾及資源回收集中室、卸貨平台、中央監控室、發電機房、電信室、消防泵浦室、雨水回收及進氣機房、大廳、空調機房、垃圾間等共二十四項。,鋼筋混凝土造,105年6月1日,十層,
RPORMLOKRHGGFBH58CC,13,27.35,住家用,鋼筋混凝土造,97年4月6日,二十二層,
RPORMLOKRHGGFBH58CC,13,1.48,共有部份,鋼筋混凝土造,97年4月6日,二十二層,
RPORMLOKRHGGFBH58CC,13,1.26,共有部份,鋼筋混凝土造,97年4月6日,二十二層,
RPORMLOKRHGGFBH58CC,13,5.69,共有部份,鋼筋混凝土造,97年4月6日,二十二層,
RPORMLOKRHGGFBH58CC,13,.29,共有部份,鋼筋混凝土造,97年4月6日,二十二層,
RPORMLOKRHGGFBH58CC,13,.71,共有部份,鋼筋混凝土造,97年4月6日,二十二層,
RPRQMLOKRHGGFBH78CC,11,31.09,住家用,鋼筋混凝土造,99年5月22日,二十三層,
RPRQMLOKRHGGFBH78CC,11,11.00,集合住宅〈附屬樓梯間、電梯間、水箱〉,鋼筋混凝土造,99年5月22日,二十三層,
RPRQMLOKRHGGFBH78CC,11,4.84,共用部分：門廳、社區中心、防空避難室兼停車空間、供公眾停車空間、電信機房、台電配電場所、發電機房、水箱、梯廳、消防機房、污水機房。,鋼筋混凝土造,99年5月22日,二十三層,
RPQRMLOKRHGGFBH78CC,15,66.78,住家用,鋼筋混凝土造,95年11月5日,十三層,
RPQRMLOKRHGGFBH78CC,15,8.14,共有部份,鋼筋混凝土造,95年11月5日,十三層,
RPQRMLOKRHGGFBH78CC,15,17.41,共有部份,鋼筋混凝土造,95年11月5日,十四層,
RPRPMLOKRHGGFBH68CC,28,91.57,住家用,鋼筋混凝土造,82年12月24日,五層,
RPRPMLOKRHGGFBH68CC,28,4.27,共有部份,鋼筋混凝土造,82年12月24日,五層,
RPSPMLOKRHGGFBH78CC,28,13.77,住家用,鋼筋混凝土造,83年3月2日,七層,
RPRPMLOKRHGGFBH68CC,28,16.34,共有部份,鋼筋混凝土造,82年12月24日,五層,
RPSPMLOKRHGGFBH78CC,28,4.62,共有部份,鋼筋混凝土造,83年3月2日,七層,
RPSPMLOKRHGGFBH78CC,28,.01,共有部份,鋼筋混凝土造,83年3月2日,七層,
RPSPMLOKRHGGFBH78CC,28,.38,共有部份,鋼筋混凝土造,83年3月2日,七層,
RPXPMLOKRHGGFBH66CC,15,49.20,住家用,鋼筋混凝土造,96年3月1日,十五層,
RPXPMLOKRHGGFBH66CC,15,9.62,共有部份,鋼筋混凝土造,96年3月1日,十五層,
RPXPMLOKRHGGFBH66CC,15,9.42,共有部份,鋼筋混凝土造,96年3月1日,十五層,
RPTOMLOKRHGGFAH68CC,22,25.58,住家用,鋼筋混凝土造,88年3月11日,十一層,
RPTOMLOKRHGGFAH68CC,22,13.33,共有部份,鋼筋混凝土造,88年3月11日,十一層,
RPQQMLOKRHGGFAH58CC,36,90.72,住家用,鋼筋混凝土造,74年10月29日,五層,
RPXOMLOKRHGGFAH09CC,27,96.68,住家用,鋼筋混凝土造,83年10月17日,十六層,
RPRRMLOKRHGGFBH88CC,40,82.43,住家用,鋼筋混凝土造,70年12月31日,四層,
RPXOMLOKRHGGFAH09CC,27,62.41,共有部份,鋼筋混凝土造,83年10月17日,十六層,
RPXQMLOKRHGGFAH66CC,17,64.84,住家用,鋼筋混凝土造,93年5月19日,九層,
RPXQMLOKRHGGFAH66CC,17,18.84,共有部份,鋼筋混凝土造,93年5月19日,九層,
RPXQMLOKRHGGFAH66CC,17,1.92,共有部份,鋼筋混凝土造,93年5月19日,九層,
RPTRMLOKRHGGFAH98CC,16,23.66,住家用,鋼筋混凝土造,94年4月11日,十一層,
RPTRMLOKRHGGFAH98CC,16,66.54,共有部份,鋼筋混凝土造,94年4月11日,十二層,
RPTNMLPKRHGGFAH68CC,24,106.78,住家用,鋼筋混凝土造,86年9月25日,十五層,
RPTNMLPKRHGGFAH68CC,24,66.75,本共有部分之項目有（防空避難室兼停車場、停車場、樓梯間、電梯機房、水箱）等５項。,鋼筋混凝土造,86年9月25日,十五層,
RPUNMLPKRHGGFBH88CC,45,65.00,住家用,加強磚造,65年5月4日,二層,
RPPOMLPKRHGGFBH48CC,41,77.47,住家用,鋼筋混凝土造,69年8月29日,五層,
RPUOMLPKRHGGFBH98CC,27,21.71,住家用,鋼筋混凝土造,84年1月21日,十層,
RPPQMLPKRHGGFAH58CC,32,97.10,住家用,鋼筋混凝土造,78年3月2日,九層,
RPSPMLPKRHGGFAH78CC,24,87.63,住家用,鋼筋混凝土造,86年11月28日,二十五層,
RPPQMLPKRHGGFAH58CC,32,52.14,共有部份,鋼筋混凝土造,78年3月2日,九層,
RPSPMLPKRHGGFAH78CC,24,10.63,共有部份,鋼筋混凝土造,86年11月28日,二十五層,
RPTPMLPKRHGGFAH88CC,26,30.53,住家用,鋼筋混凝土造,84年9月12日,十層,
RPTPMLPKRHGGFAH88CC,26,9.39,共有部份,鋼筋混凝土造,84年9月12日,十層,
RPTPMLPKRHGGFAH88CC,26,.35,共有部份,鋼筋混凝土造,84年9月12日,十層,
RPOPMLPKRHGGFAH38CC,22,90.52,住家用,鋼筋混凝土造,88年8月20日,十二層,
RPOPMLPKRHGGFAH38CC,22,36.29,共有部份,鋼筋混凝土造,88年8月20日,十二層,
RPOPMLPKRHGGFAH38CC,22,15.45,共有部份,鋼筋混凝土造,88年8月20日,十二層,
RPXQMLPKRHGGFAH76CC,32,25.96,住家用,鋼筋混凝土造,78年12月30日,七層,
RPXQMLPKRHGGFAH76CC,32,7.23,共有部份,鋼筋混凝土造,78年12月30日,七層,
RPXPMLPKRHGGFAH66CC,26,32.18,住家用,鋼筋混凝土造,84年8月8日,二十層,
RPXPMLPKRHGGFAH66CC,26,13.93,共有部份,鋼筋混凝土造,84年8月8日,二十層,
RPRPMLPKRHGGFAH68CC,2,35.73,住家用,鋼筋混凝土造,109年1月2日,十五層,
RPRPMLPKRHGGFAH68CC,2,18.24,本共有部分之項目有：停車空間、防空避難室兼停車空間、樓梯間、機械室、水箱等項。,鋼筋混凝土造,109年1月2日,十五層,
RPQPMLPKRHGGFDH88CC,1,57.43,集合住宅,鋼筋混凝土造,109年5月5日,十二層,
RPQPMLPKRHGGFDH88CC,1,10.49,共有部分（梯間、機房、水箱）,鋼筋混凝土造,109年5月5日,十二層,
RPQPMLPKRHGGFDH88CC,1,16.05,本共有部分之項目有：停車空間、汙水兼雨水回收機房、消防泵浦室、蓄水池、梯間、防空避難室兼停車空間、垃圾處理室、台電配電場所、電信室、發電機室、集合住宅（附屬開放空間、管委會使用空間、梯間）等十一項,鋼筋混凝土造,109年5月5日,十二層,
RPVNMLPKRHGGFCH09CC,21,219.13,見使用執照,鋼筋混凝土造,89年8月4日,四層,
RPXNMLPKRHGGFDH76CC,26,51.20,住家用,鋼筋混凝土造,84年11月23日,七層,
RPXNMLPKRHGGFDH76CC,26,7.99,共有部份,鋼筋混凝土造,84年11月23日,七層,
RPXNMLPKRHGGFDH76CC,26,7.24,共有部份,鋼筋混凝土造,84年11月23日,七層,
RPOOMLPKRHGGFCH48CC,42,73.92,住家用,加強磚造,68年4月4日,二層,
RPPOMLPKRHGGFCH58CC,27,65.95,住家用,鋼筋混凝土造,83年6月23日,六層,
RPPOMLPKRHGGFCH58CC,27,11.54,樓梯間、水箱、蓄水池、機械室,鋼筋混凝土造,83年6月23日,六層,
RPPOMLPKRHGGFCH58CC,27,10.48,台電配電室、閱覽室、健身房、防空避難室、停車場、兒童遊戲室,鋼筋混凝土造,83年6月23日,七層,
RPUOMLPKRHGGFCH09CC,28,115.10,住家用,鋼筋混凝土造,82年4月14日,六層,
RPPPMLPKRHGGFEH09EC,13,111.29,住家用,鋼筋混凝土造,97年4月1日,十層,
RPPPMLPKRHGGFEH09EC,13,18.25,共有部份,鋼筋混凝土造,97年4月1日,十層,
RPPPMLPKRHGGFEH09EC,13,28.54,共有部份,鋼筋混凝土造,97年4月1日,十層,
RPVQMLPKRHGGFAH66DC,1,54.10,店舖,鋼筋混凝土造,109年7月1日,十五層,
RPVQMLPKRHGGFAH66DC,1,14.80,店舖,鋼筋混凝土造,109年7月1日,十五層,
RPVQMLPKRHGGFAH66DC,1,33.79,店舖,鋼筋混凝土造,109年7月1日,十五層,
RPVOMLPKRHGGFCH56CC,3,239.34,店舖、店舖（附屬儲藏室）,鋼筋混凝土造,107年6月13日,十二層,
RPWQMLPKRHGGFAH76DC,1,58.24,店舖,鋼筋混凝土造,109年7月1日,十五層,
RPWQMLPKRHGGFAH76DC,1,17.19,店舖,鋼筋混凝土造,109年7月1日,十五層,
RPWQMLPKRHGGFAH76DC,1,37.03,店舖,鋼筋混凝土造,109年7月1日,十五層,
RPVQMLPKRHGGFEH96CC,25,57.61,住家用,鋼筋混凝土造,85年12月3日,二十五層,
RPVQMLPKRHGGFEH96CC,25,2.26,共有部份,鋼筋混凝土造,85年12月3日,二十五層,
RPVQMLPKRHGGFEH96CC,25,13.21,共有部份,鋼筋混凝土造,85年12月3日,二十五層,
RPRRMLPKRHGGFEH66CC,27,86.53,住家用,鋼筋混凝土造,83年8月16日,七層,
RPRRMLPKRHGGFEH66CC,27,4.42,共有部份,鋼筋混凝土造,83年8月16日,七層,
RPRRMLPKRHGGFEH66CC,27,10.19,共有部份,鋼筋混凝土造,83年8月16日,七層,
RPVNMLPKRHGGFHH96CC,1,59.99,集合住宅,鋼筋混凝土造,109年12月21日,二十八層,
RPVNMLPKRHGGFHH96CC,1,54.77,共有部分之項目有：停車空間，消防泵浦室，污水及雨水回收機房，機房，梯間，蓄水池，水池水景機房，電信室，消防中繼機房、水池專用水箱，防空避難室兼停車空間，台電配電場所，發電機室、資源回收室，垃圾處理室、集合住宅(附屬車道，管委會使用空間，連續性前廊，防災中心，梯間，水池，迴廊)、消防水箱，水箱等項。,鋼筋混凝土造,109年12月21日,二十八層,
RPUNMLPKRHGGFHH86CC,26,70.82,住家用,鋼筋混凝土造,84年5月12日,四層,
RPUNMLPKRHGGFHH86CC,26,2.94,共有部份,鋼筋混凝土造,84年5月12日,四層,
RPWNMLPKRHGGFHH07CC,1,64.93,住家用,鋼筋混凝土造,109年11月4日,十五層,
RPWNMLPKRHGGFHH07CC,1,32.75,共有部分之項目有停車空間、防空避難室兼停車空間、門廳、供管委會使用空間、機房、水箱等項。,鋼筋混凝土造,109年11月4日,十五層,
RPQOMLPKRHGGFFH98CC,26,103.77,住家用,鋼筋混凝土造,84年4月18日,十六層,
RPQOMLPKRHGGFFH98CC,26,2.98,共有部份,鋼筋混凝土造,84年4月18日,十六層,
RPQOMLPKRHGGFFH98CC,26,14.08,共有部份,鋼筋混凝土造,84年4月18日,十六層,
RPQOMLPKRHGGFFH98CC,26,34.11,共有部份,鋼筋混凝土造,84年4月18日,十六層,
RPUNMLPKRHGGFFH66CC,1,474.55,廠房,鋼筋混凝土造,109年9月18日,三層,
RPUNMLPKRHGGFFH66CC,1,32.27,共有部分之項目有：樓梯間、電梯機房,鋼筋混凝土造,109年9月18日,三層,
RPQNMLPKRHGGFFH88CC,8,114.04,住家用,鋼筋混凝土造,103年1月20日,十五層,
RPQNMLPKRHGGFFH88CC,8,22.70,共有部分之項目計有：梯廳、排煙室、樓梯間、機械房、水箱等項,鋼筋混凝土造,103年1月20日,十五層,
RPQNMLPKRHGGFFH88CC,8,51.33,共有部分之項目計有：防空避難室、停車空間、公共服務空間、管理委員會空間、樓梯間、機房、水箱等項,鋼筋混凝土造,103年1月20日,十五層,
RPPRMLQKRHGGFEH56CC,3,91.44,集合住宅,鋼筋混凝土造,107年3月30日,十三層,
RPPRMLQKRHGGFEH56CC,3,74.86,共有部份,鋼筋混凝土造,107年3月30日,十三層,
RPVRMLQKRHGGFEH17CC,7,66.42,住家用,鋼筋混凝土造,103年1月14日,十一層,
RPVRMLQKRHGGFEH17CC,7,17.49,共有部份,鋼筋混凝土造,103年1月14日,十二層,
RPVRMLQKRHGGFEH17CC,7,13.48,共有部份,鋼筋混凝土造,103年1月14日,十一層,
RPXQMLQKRHGGFAH96DC,26,90.66,住家用,鋼筋混凝土造,84年6月27日,七層,
RPXQMLQKRHGGFAH96DC,26,10.22,共有部份,鋼筋混凝土造,84年6月27日,七層,
RPXQMLQKRHGGFAH96DC,26,13.34,共有部份,鋼筋混凝土造,84年6月27日,七層,
RPXQMLQKRHGGFAH96DC,26,28.94,共有部份,鋼筋混凝土造,84年6月27日,七層,
RPXQMLQKRHGGFAH96DC,26,108.50,自用儲藏室﹐店舖,鋼筋混凝土造,84年6月27日,七層,
RPXQMLQKRHGGFAH96DC,26,19.71,共有部份,鋼筋混凝土造,84年6月27日,七層,
RPSQMLQKRHGGFFH07EC,4,30.86,本建物共有部分項目：附屬管委會使用空間、公共服務空間、車道、梯間、管理室、機械室、水箱、停車空間、台電配電場所、蓄水池、電信室、水景機房、垃圾冷藏處理室、防空避難室兼停車空間、消防泵浦室、汙水回收機房、雨水回收及滯洪機房、發電機房等１８項。,鋼筋混凝土造,106年11月6日,十三層,
RPSQMLQKRHGGFFH07EC,4,65.66,集合住宅,鋼筋混凝土造,106年11月6日,十三層,
RPROMLPKRHGGFHH66CC,40,97.72,住家用,鋼筋混凝土造,70年7月3日,五層,
RPUNMLQKRHGGFHH96CC,41,77.35,住家用,鋼筋混凝土造,69年11月27日,五層,
RPPOMLQKRHGGFHH56CC,8,70.88,住家用,鋼筋混凝土造,102年5月31日,十一層,
RPQOMLPKRHGGFHH56CC,1,67.65,住家用,鋼筋混凝土造,109年9月9日,十五層,
RPQOMLPKRHGGFHH56CC,1,62.04,共有部分之項目有：停車空間，汙雨水回收機房，消防泵浦室，蓄水池，梯間，發電機室，電信室，防空避難室兼停車空間，台電配電場所、垃圾冷藏處理室，集合住宅(附屬管委會使用空間，梯間) ，機房，水箱等項。,鋼筋混凝土造,109年9月9日,十五層,
RPTPMLQKRHGGFDH66CC,5,63.86,住家用,鋼筋混凝土造,105年5月16日,十五層,
RPTPMLQKRHGGFDH66CC,5,29.43,本共有部分之項目有集合住宅（附屬防空避難室兼停車空間、消防泵浦室、污水機房、發電機室、蓄水池、梯間、台電配電場所、垃圾冷藏室、管委會使用空間、車道、機械室、水箱）等１３項,鋼筋混凝土造,105年5月16日,十五層,
RPUPMLQKRHGGFDH76CC,22,85.52,集合住宅,鋼筋混凝土造,88年10月29日,八層,
RPUPMLQKRHGGFDH76CC,22,7.18,樓梯間、水箱、機械房,鋼筋混凝土造,88年10月29日,八層,
RPUPMLQKRHGGFDH76CC,22,26.99,防空避難室兼停車空間,鋼筋混凝土造,88年10月29日,八層,
RPWQMLQKRHGGFFH27CC,39,100.16,住家用,鋼筋混凝土造,71年10月12日,四層,
RPUNMLQKRHGGFAH88CC,14,113.69,住家用,鋼筋混凝土造,96年10月25日,十五層,
RPUNMLQKRHGGFAH88CC,14,25.32,共有部份,鋼筋混凝土造,96年10月25日,十五層,
RPUNMLQKRHGGFAH88CC,14,49.40,共有部份,鋼筋混凝土造,96年10月25日,十五層,
RPRPMLQKRHGGFAH78CC,28,63.15,住家用,鋼筋混凝土造,82年8月20日,二十三層,
RPRPMLQKRHGGFAH78CC,28,9.84,共有部份,鋼筋混凝土造,82年8月20日,二十三層,
RPXNMLQKRHGGFAH56CC,3,54.74,住家用,鋼筋混凝土造,107年5月29日,十五層,
RPXNMLQKRHGGFAH56CC,3,11.18,共有部份,鋼筋混凝土造,107年5月29日,十五層,
RPXNMLQKRHGGFAH56CC,3,47.73,共有部份,鋼筋混凝土造,107年5月29日,十五層,
RPQNMLRKRHGGFAH58CC,17,36.16,住家用,鋼筋混凝土造,93年10月15日,十二層,
RPQNMLRKRHGGFAH58CC,17,2.83,共有部份,鋼筋混凝土造,93年10月15日,十二層,
RPQNMLRKRHGGFAH58CC,17,12.87,共有部份,鋼筋混凝土造,93年10月15日,十二層,
RPWNMLRKRHGGFAH56CC,28,131.64,住家用,鋼筋混凝土造,82年11月4日,十三層,
RPWNMLRKRHGGFAH56CC,28,14.60,共有部份,鋼筋混凝土造,82年11月4日,十三層,
RPWNMLRKRHGGFAH56CC,28,4.20,共有部份,鋼筋混凝土造,82年11月4日,十三層,
RPOOMLRKRHGGFAH48CC,1,86.49,住家用,鋼筋混凝土造,109年12月30日,十五層,
RPOOMLRKRHGGFAH48CC,1,40.39,本共有部分項目：集合住宅（附屬管委會使用空間、車道、梯間）、梯間、水箱、機械室、停車空間、發電機房、台電配電場所、垃圾冷藏室、水循環機房、機房、電信室、防空避難室兼停車空間、污水機房、雨水機房、消防泵浦室、蓄水池等９項。,鋼筋混凝土造,109年12月30日,十五層,
RPPOMLRKRHGGFAH58CC,5,120.75,住家用,鋼筋混凝土造,106年1月11日,十五層,
RPPOMLRKRHGGFAH58CC,5,86.05,本共有部分之項目有附屬（停車空間、污水兼雨水回收機房、消防泵浦室、蓄水池、梯間、發電機室、電信室、防空避難室兼停車空間、台電配電室、垃圾處理室、水景機房、公共服務空間、開放空間、水箱、機房）等１５項。,鋼筋混凝土造,106年1月11日,十五層,
RPSOMLRKRHGGFAH88CC,1,61.01,住家用,鋼筋混凝土造,109年11月12日,二十三層,
RPSOMLRKRHGGFAH88CC,1,32.40,本共有部分之項目有：停車空間、機電設備空間、防空避難室兼停車空間、集合住宅（梯廳、管委會使用空間、車道）、集合住宅（管委會使用空間）、集合住宅（游泳池、梯廳、管委會使用空間）、樓梯間、排煙室、水箱及電梯機房、消防機房等項。,鋼筋混凝土造,109年11月12日,二十三層,
RPRPMLRKRHGGFAH88CC,1,82.31,住家用,鋼筋混凝土造,109年11月12日,二十三層,
RPRPMLRKRHGGFAH88CC,1,46.16,本共有部分之項目有：停車空間、機電設備空間、防空避難室兼停車空間、集合住宅（梯廳、管委會使用空間、車道）、集合住宅（管委會使用空間）、集合住宅（游泳池、梯廳、管委會使用空間）、樓梯間、排煙室、水箱及電梯機房、消防機房等項。,鋼筋混凝土造,109年11月12日,二十三層,
RPSNMLRKRHGGFBH88CC,1,52.63,集合住宅,鋼筋混凝土造,110年3月4日,十五層,
RPSNMLRKRHGGFBH88CC,1,28.04,本建物共有部分之項目有管委會使用空間（一）、管委會使用空間（二）、管委會使用空間（三）、管委會使用空間（四）、無障礙廁所、進風口、排風口、無障礙電梯、緊急升降機、排煙室（Ｂ）、梯廳（Ｂ）、宅配室、消防受信室、戶外安全梯（Ｃ梯）、戶外安全梯（Ｄ梯）、安全梯（Ｆ梯）、管委會使用空間（五）、梯廳（Ａ）、排煙室（Ａ）、戶外安全梯（Ａ梯）、戶外安全梯（Ｂ梯）、獎勵停車專用樓梯（Ｅ梯）、獎勵停車專用電梯、發電機室進風口、發電機室排風口、排煙室排風口、雙車道、管道間（Ｂ）、管道間（Ａ）、梯間（Ａ）、梯間（Ｂ）、機械室、水箱（Ａ）、水箱（Ｂ）、梯間、進風、排風、離街裝卸位、垃圾集中處理室、排風口、發電機室、台電配電場所、停車空間、機房、電信室、安全梯（Ｅ梯）、消防機械室、防空避難室兼停車空間、污水機房等４９項。,鋼筋混凝土造,110年3月4日,十五層,
RPWPMLPKRHGGFBH66CC,21,85.73,商業用,鋼筋混凝土造,90年3月1日,九層,
RPWPMLPKRHGGFBH66CC,21,79.82,商業用,鋼筋混凝土造,90年3月1日,九層,
RPWPMLPKRHGGFBH66CC,21,33.34,共有部份,鋼筋混凝土造,90年3月1日,九層,
RPWPMLPKRHGGFBH66CC,21,28.55,共有部份,鋼筋混凝土造,90年3月1日,九層,
RPVQMLPKRHGGFBH66CC,9,95.55,集合住宅,鋼筋混凝土造,101年10月5日,十二層,
RPVQMLPKRHGGFBH66CC,9,86.10,本共有部分之項目有：消防泵浦室、蓄水池、污水設施、機械室、設備空間、發電機室、台電配電場所、電信室、儲藏室、防空避難室兼停車空間、停車空間、管理室、公共服務空間、開放空間、梯間、梯廳、機房、水箱等共十八項。,鋼筋混凝土造,101年10月5日,十二層,
RPPPMLQKRHGGFBH68CC,29,71.72,住家用,鋼筋混凝土造,82年2月16日,七層,
RPPPMLQKRHGGFBH68CC,29,22.50,共有部份,鋼筋混凝土造,82年2月16日,七層,
RPRNMLRKRHGGFBH78CC,17,65.54,住家用,鋼筋混凝土造,93年7月6日,十五層,
RPRNMLRKRHGGFBH78CC,17,17.93,共有部份,鋼筋混凝土造,93年7月6日,十八層,
RPRNMLRKRHGGFBH78CC,17,7.82,共有部份,鋼筋混凝土造,93年7月6日,十八層,
RPRNMLRKRHGGFBH78CC,17,2.02,共有部份,鋼筋混凝土造,93年7月6日,十八層,
RPRNMLRKRHGGFBH78CC,17,40.81,共有部份,鋼筋混凝土造,93年7月6日,十八層,
RPVNMLRKRHGGFFH96CC,23,96.78,住家用,鋼骨鋼筋混凝土造,87年7月29日,十八層,
RPVNMLRKRHGGFFH96CC,23,16.21,共有部份,鋼骨鋼筋混凝土造,87年7月29日,十八層,
RPVNMLRKRHGGFFH96CC,23,35.48,共有部份,鋼骨鋼筋混凝土造,87年7月29日,十九層,
RPVNMLRKRHGGFFH96CC,23,9.00,共有部份,鋼骨鋼筋混凝土造,87年7月29日,十九層,
RPUNMLRKRHGGFFH86CC,23,64.27,住家用,鋼骨鋼筋混凝土造,87年7月29日,十九層,
RPUNMLRKRHGGFFH86CC,23,11.03,共有部份,鋼骨鋼筋混凝土造,87年7月29日,十九層,
RPUNMLRKRHGGFFH86CC,23,18.06,共有部份,鋼骨鋼筋混凝土造,87年7月29日,十九層,
RPUNMLRKRHGGFFH86CC,23,6.04,共有部份,鋼骨鋼筋混凝土造,87年7月29日,十九層,
RPXNMLRKRHGGFBH76CC,17,65.19,住家用,鋼筋混凝土造,93年9月24日,十二層,
RPXNMLRKRHGGFBH76CC,17,8.25,共有部份,鋼筋混凝土造,93年9月24日,十二層,
RPXNMLRKRHGGFBH76CC,17,13.77,共有部份,鋼筋混凝土造,93年9月24日,十三層,
RPXNMLRKRHGGFBH76CC,17,.02,警衛室,鋼筋混凝土造,93年9月24日,十三層,
RPXNMLRKRHGGFBH76CC,17,23.54,共有部份,鋼筋混凝土造,93年9月24日,十三層,
RPTOMLRKRHGGFBH09CC,2,55.64,集合住宅,鋼筋混凝土造,108年11月14日,十五層,
RPTOMLRKRHGGFBH09CC,2,63.84,本共有部分之項目有：頂蓋型廣場式開放空間、Ａ１戶外安全梯、Ａ２無障礙安全梯、Ａ１行動不便昇降機、Ａ２昇降機、Ａ３緊急昇降機、排煙室Ａ、地下室進風、風除室、門廳、供管委會使用空間（門廳）、供管委會使用空間（宅配室）、供管委會使用空間（交誼廳）、供管委會使用空間（閱覽室）、供管委會使用空間（健身房）、供管委會使用空間（游具室）、Ｂ１戶外安全梯、Ｂ２無障礙戶外安全梯、Ｂ１緊急昇降機、Ｂ２昇降機、Ｂ３行動不便昇降機、排煙室Ｂ、車道、梯廳Ａ、梯廳Ｂ、機房、消防水箱、樓梯間、水箱、電梯機房、垃圾儲藏室、地下室排風管道、地下室進風管道、防空避難室兼停車空間、台電配電場所、發電機室、過濾機房、Ｂ１安全梯、停車空間、電信室、水箱Ａ（三）、水箱Ａ（四）、水箱Ｂ（二）、消防機房、汙水機房、雨水機房、水箱Ａ（一）、水箱Ａ（二）、水箱Ｂ（一）等共４９項。,鋼筋混凝土造,108年11月14日,十五層,
RPRNMLOKRHGGFEH88DC,41,206.25,住商用,加強磚造,70年2月1日,三層,
RPXOMLQKRHGGFHH47DC,39,100.66,住家用,加強磚造,72年2月8日,二層,
RPOOMLRKRHGGFHH56CC,24,25.45,住家用,鋼筋混凝土造,86年12月2日,十六層,
RPOOMLRKRHGGFHH56CC,24,.10,管理員室及活動中心　,鋼筋混凝土造,86年12月2日,十六層,
RPOOMLRKRHGGFHH56CC,24,3.77,共有部份,鋼筋混凝土造,86年12月2日,十六層,
RPOOMLRKRHGGFHH56CC,24,7.03,共有部份,鋼筋混凝土造,86年12月2日,十六層,
RPSNMLPKRHGGFFH56DC,6,89.13,集合住宅,鋼筋混凝土造,104年12月3日,十四層,
RPSNMLPKRHGGFFH56DC,6,55.87,共有部分之項目有：防空避難室兼停車空間、汙水機房、蓄水池、雨水機房、消防泵浦室、梯間、停車空間、發電機房、機房、水景機房、電信室、台電配電場所、垃圾冷藏室、公共服務空間、管委會使用空間等計十五項。,鋼筋混凝土造,104年12月3日,十四層,
RPSNMLPKRHGGFFH56DC,6,17.01,共有部分之項目有：梯間、機械室、水箱、梯廳、梯廳兼排煙室等計五項。,鋼筋混凝土造,104年12月3日,十四層,
RPOOMLPKRHGGFFH88DC,3,56.20,集合住宅,鋼筋混凝土造,107年8月23日,十五層,
RPOOMLPKRHGGFFH88DC,3,25.53,共有部分之項目有：集合住宅（附屬停車空間）、集合住宅（附屬停車空間兼防空避難室）、集合住宅（附屬公共服務空間）、集合住宅（附屬管理委員會使用空間）、集合住宅（附屬樓梯間）、集合住宅（附屬機械室）、集合住宅（附屬水箱）。,鋼筋混凝土造,107年8月23日,十五層,
RPTNMLQKRHGGFGH86DC,18,39.62,見使用執照,鋼筋混凝土造,92年7月21日,五層,
RPTNMLQKRHGGFGH86DC,18,16.28,見使用執照,鋼筋混凝土造,92年7月21日,五層,
RPUPMLRKRHGGFHH27CC,52,2281.41,工業用,加強磚造,58年12月20日,二層,
RPQNMLRKRHGGFFH56DC,6,60.76,店舖,鋼筋混凝土造,104年8月21日,十一層,
RPQNMLRKRHGGFFH56DC,6,27.05,本建物共有部分項目計有：停車空間、防空避難室兼停車空間、管委會、梯間。,鋼筋混凝土造,104年8月21日,十一層,
RPOOMLRKRHGGFDH78CC,31,273.25,農舍,加強磚造,79年12月20日,一層,
RPQNMLRKRHGGFDH88CC,25,81.39,住家用,鋼筋混凝土造,85年9月17日,五層,
RPQNMLRKRHGGFDH88CC,25,6.23,樓梯間，機械房，水箱,鋼筋混凝土造,85年9月17日,五層,
RPPOMLRKRHGGFFH09CC,23,70.93,住家用,鋼骨鋼筋混凝土造,87年7月29日,十九層,
RPOOMLRKRHGGFFH98CC,25,49.68,住家用,鋼筋混凝土造,85年11月27日,十二層,
RPPOMLRKRHGGFFH09CC,23,12.00,共有部份,鋼骨鋼筋混凝土造,87年7月29日,十九層,
RPOOMLRKRHGGFFH98CC,25,13.44,共有部份,鋼筋混凝土造,85年11月27日,十二層,
RPPOMLRKRHGGFFH09CC,23,6.53,共有部份,鋼骨鋼筋混凝土造,87年7月29日,十九層,
