﻿編號,土地位置,土地移轉面積(平方公尺),使用分區或編定,權利人持分分母,權利人持分分子,移轉情形,地號
The serial number, land position,land shifting area square meter,the use zoning or compiles and checks,,,,land parcel
RPOOMLLKRHGGFAH87CC,同安段,.00,都市：住,,,,13860000
RPXNMLLKRHGGFAH68CC,同安段,.00,都市：住,,,,09470000
RPQOMLLKRHGGFAH08CC,龍安段,.00,都市：其他:第二種住宅區,,,,02690000
RPVPMLLKRHGGFAH68CC,桃園段武陵小段,.00,都市：商,,,,00920000
RPWNMLLKRHGGFAH58CC,埔子段埔子小段,.00,都市：其他:商業區，住宅區,,,,20390117
RPUPMLLKRHGGFAH58CC,小檜溪段,.00,都市：住,,,,11110000
RPPOMLLKRHGGFBH08CC,復興段,.00,都市：住,,,,13650000
RPXNMLLKRHGGFBH78CC,育仁段,.00,非都市：特定農業區 ; 非都市編定：甲種建築用地,,,,10960000
RPUOMLLKRHGGFBH58CC,石頭段,.00,都市：住,,,,03830000
RPTPMLLKRHGGFBH58CC,青平段,.00,都市：住,,,,04030000
RPUPMLLKRHGGFBH68CC,仁美段,.00,都市：其他:農業區，住宅區,,,,01610000
RPROMLLKRHGGFBH28CC,內厝段,34.37,非都市：特定農業區 ; 非都市編定：甲種建築用地,,,,05490000
RPSPMLLKRHGGFBH48CC,仁美段,.00,都市：住,,,,01860005
RPVNMLLKRHGGFBH58CC,中壢埔頂段,.00,都市：住,,,,11740000
RPWNMLLKRHGGFBH68CC,草新段,.00,都市：商,,,,05590002
RPXPMLLKRHGGFBH98CC,三座屋段舊社小段,.00,都市：住,,,,01350023
RPXPMLLKRHGGFBH98CC,三座屋段舊社小段,.00,都市：住,,,,01350040
RPXPMLLKRHGGFBH98CC,三座屋段舊社小段,.00,都市：住,,,,01700007
RPXQMLLKRHGGFBH09CC,後寮段,.00,都市：其他:道路用地，住宅區,,,,05700011
RPSQMLLKRHGGFBH58CC,榮民段,.00,都市：住,,,,10300000
RPWQMLLKRHGGFBH98CC,石頭段,.00,都市：其他:道路用地，商業區,,,,00070036
RPORMLLKRHGGFBH28CC,中壢埔頂段,.00,都市：住,,,,11640000
RPUOMLLKRHGGFDH78CC,國聯段,.00,都市：農,,,,02620000
RPTPMLLKRHGGFAH58DC,中路段,130.89,都市：住,,,,27280000
RPPNMLMKRHGGFBH08CC,成功段,5.20,都市：住,,,,12720000
RPSNMLMKRHGGFAH28CC,埔子段埔子小段,6.14,都市：住,,,,20240082
RPSNMLLKRHGGFCH38CC,龍吟段,.00,非都市：鄉村區 ; 非都市編定：乙種建築用地,,,,04160000
RPTNMLLKRHGGFCH48CC,黃唐段,.00,非都市：鄉村區 ; 非都市編定：乙種建築用地,,,,07600000
RPTNMLMKRHGGFAH38CC,建國段,4.65,都市：住,,,,02480000
RPVNMLMKRHGGFAH58CC,建國段,4.65,都市：住,,,,02480000
RPWOMLNKRHGGFAH88CC,中路段,.00,都市：住,,,,00030001
RPWOMLNKRHGGFAH88CC,中路段,.00,都市：住,,,,00030208
RPXOMLNKRHGGFAH98CC,埔子段北門埔子小段,5.14,都市：商,,,,00360000
RPXOMLNKRHGGFAH98CC,埔子段北門埔子小段,4.77,都市：商,,,,00360022
RPQNMLMKRHGGFFH58CC,華興段,6.26,非都市：特定農業區 ; 非都市編定：甲種建築用地,,,,02290000
RPSNMLMKRHGGFFH78CC,大仁段,4.88,非都市：特定農業區 ; 非都市編定：甲種建築用地,,,,01640000
RPUNMLMKRHGGFAH48CC,建國段,4.65,都市：住,,,,02480000
RPPNMLMKRHGGFFH48CC,華興段,4.63,非都市：鄉村區 ; 非都市編定：乙種建築用地,,,,06800000
RPRNMLLKRHGGFFH58CC,大和段,.00,非都市：鄉村區 ; 非都市編定：乙種建築用地,,,,06730000
RPRNMLMKRHGGFFH68CC,華興段,6.26,非都市：特定農業區 ; 非都市編定：甲種建築用地,,,,02290000
RPVPMLNKRHGGFAH88CC,小檜溪段,.00,都市：住,,,,02890047
RPPQMLNKRHGGFBH48CC,復興段,.00,都市：住,,,,18220000
RPWOMLNKRHGGFBH98CC,環東段,81.56,都市：住,,,,03560000
RPXPMLNKRHGGFBH56CC,青昇段,.00,都市：住,,,,04600000
RPSPMLNKRHGGFBH68CC,復興段,.00,都市：住,,,,20620000
RPVQMLNKRHGGFFH86CC,廣隆段,.00,都市：其他:第二種住宅區,,,,13300000
RPOQMLNKRHGGFBH38CC,中壢埔頂段,.00,都市：住,,,,11870000
RPRPMLNKRHGGFCH68CC,員林段,10.48,非都市：鄉村區 ; 非都市編定：乙種建築用地,,,,01120000
RPPPMLNKRHGGFCH48CC,龍吟段,.00,非都市：鄉村區 ; 非都市編定：乙種建築用地,,,,03180000
RPRQMLNKRHGGFDH88CC,草湳坡段草湳坡小段,.00,都市：住,,,,00850000
RPXPMLNKRHGGFDH76CC,草湳坡段埔心小段,67.00,都市：住,,,,00200642
RPPNMLLKRHGGFGH48CC,忠貞段,.00,都市：住,,,,01780000
RPPNMLLKRHGGFGH48CC,忠貞段,.00,都市：住,,,,01780001
RPTNMLLKRHGGFGH88CC,廣仁段,.00,都市：住,,,,08320000
RPWPMLNKRHGGFAH98CC,大有段,.00,都市：住,,,,01870000
RPRPMLNKRHGGFGH09CC,平南段,.00,都市：住,,,,05830000
RPUNMLOKRHGGFEH09CC,公溝段,.00,非都市：鄉村區 ; 非都市編定：乙種建築用地,,,,11240000
RPTNMLNKRHGGFEH88CC,河底段,.00,都市：其他:農業區，住宅區,,,,03660000
RPTOMLOKRHGGFEH09CC,河底段,.00,都市：住,,,,04990000
RPOOMLOKRHGGFEH58CC,長發段,400.53,非都市：一般農業區 ; 非都市編定：甲種建築用地,,,,04340000
RPOOMLOKRHGGFEH58CC,長發段,782.06,非都市：一般農業區 ; 非都市編定：甲種建築用地,,,,04350000
RPUPMLNKRHGGFGH76CC,西社段,.00,都市：住,,,,08120000
RPWSMLOKRHGGFAH86DC,中山段,14.76,都市：住,,,,02450000
RPPOMLOKRHGGFGH88CC,南華段,.00,非都市：鄉村區 ; 非都市編定：乙種建築用地,,,,14580000
RPTNMLOKRHGGFGH56CC,平南段,.00,都市：住,,,,01820000
RPUNMLOKRHGGFCH88CC,仁善段,.00,都市：住,,,,04780000
RPQNMLOKRHGGFCH48CC,潛龍段,.00,非都市：鄉村區 ; 非都市編定：乙種建築用地,,,,07080000
RPWNMLOKRHGGFCH09CC,新烏樹林段,.00,非都市：一般農業區 ; 非都市編定：甲種建築用地,,,,06400000
RPQOMLOKRHGGFCH58CC,南龍段,.00,都市：商,,,,04980000
RPPOMLOKRHGGFCH48CC,石門段,.00,都市：其他:旅館,,,,00340000
RPTOMLOKRHGGFDH98CC,幼獅段,.00,都市：住,,,,12240000
RPOOMLOKRHGGFDH48CC,吉祥段,4554.55,非都市：特定農業區 ; 非都市編定：農牧用地,,,,03180000
RPOOMLOKRHGGFDH48CC,吉祥段,3117.18,非都市：特定農業區 ; 非都市編定：丁種建築用地,,,,03200000
RPOOMLOKRHGGFDH48CC,吉祥段,467.60,非都市：特定農業區 ; 非都市編定：甲種建築用地,,,,03300000
RPOSMLOKRHGGFHH66CC,文化段,.00,都市：商,,,,04020000
RPRPMLOKRHGGFHH66CC,迴龍段,.00,都市：住,,,,05580000
RPSNMLNKRHGGFHH09CC,文化段,15.48,都市：住,,,,03190000
RPVNMLOKRHGGFHH86CC,文化段,200.96,都市：商,,,,03020000
RPVNMLOKRHGGFHH86CC,文化段,200.96,都市：商,,,,03020001
RPRNMLNKRHGGFHH98CC,善捷段,11.66,都市：住,,,,00160000
RPVNMLOKRHGGFFH66CC,大和段,14.68,都市：住,,,,02910000
RPOPMLOKRHGGFDH58CC,草湳坡段埔心小段,67.00,都市：住,,,,00200642
RPUNMLOKRHGGFFH56CC,建國段,.00,非都市：特定農業區 ; 非都市編定：甲種建築用地,,,,08260000
RPPOMLOKRHGGFFH78CC,大安段,.00,非都市：鄉村區 ; 非都市編定：乙種建築用地,,,,08620000
RPSNMLOKRHGGFBH58CC,三座屋段舊社小段,252.89,都市：住,,,,00390134
RPWNMLOKRHGGFBH98CC,普義段,.00,都市：住,,,,22890000
RPVQMLOKRHGGFBH56CC,水尾段水尾小段,.00,都市：農,,,,07530009
RPWOMLOKRHGGFBH09CC,中工段,.00,非都市：工業區 ; 非都市編定：丁種建築用地,,,,05890001
RPORMLOKRHGGFBH58CC,興南段興南小段,.00,都市：商,,,,02660000
RPRQMLOKRHGGFBH78CC,普義段,.00,都市：住,,,,03220000
RPWPMLOKRHGGFBH56CC,內壢段,1269.00,都市：農,,,,16230000
RPQRMLOKRHGGFBH78CC,三座屋段三座屋小段,.00,都市：住,,,,13450097
RPRPMLOKRHGGFBH68CC,中寮段,.00,都市：住,,,,08800000
RPSPMLOKRHGGFBH78CC,遠東段,.00,都市：住,,,,00800000
RPXPMLOKRHGGFBH66CC,普義段,.00,都市：住,,,,03220001
RPTOMLOKRHGGFAH68CC,桃園段武陵小段,.00,都市：商,,,,00440000
RPQQMLOKRHGGFAH58CC,昆明段,.00,都市：住,,,,00440000
RPXOMLOKRHGGFAH09CC,同安段,11.32,都市：住,,,,13880000
RPRRMLOKRHGGFBH88CC,自立段,.00,都市：住,,,,05930006
RPXQMLOKRHGGFAH66CC,中埔段,.00,都市：住,,,,00380000
RPTRMLOKRHGGFAH98CC,埔子段埔子小段,.00,都市：住,,,,18720007
RPTNMLPKRHGGFAH68CC,埔子段埔子小段,24.40,都市：住,,,,20160000
RPUNMLPKRHGGFBH88CC,仁祥段,.00,都市：住,,,,07330000
RPPOMLPKRHGGFBH48CC,中壢埔頂段,.00,都市：住,,,,09410000
RPUOMLPKRHGGFBH98CC,三座屋段舊社小段,.00,都市：商,,,,01950091
RPSPMLPKRHGGFAH78CC,國聖段,.00,都市：住,,,,06850000
RPPQMLPKRHGGFAH58CC,大樹林段,.00,都市：商,,,,19110000
RPTPMLPKRHGGFAH88CC,中路段,.00,都市：商,,,,17400007
RPOPMLPKRHGGFAH38CC,中路三段,.00,都市：住,,,,07490000
RPXQMLPKRHGGFAH76CC,中路段,.00,都市：商,,,,00060000
RPXPMLPKRHGGFAH66CC,大興段,.00,都市：住,,,,01750000
RPRPMLPKRHGGFAH68CC,桃園段武陵小段,.00,都市：商,,,,00360006
RPQPMLPKRHGGFDH88CC,高洲段,.00,都市：住,,,,12320000
RPVNMLPKRHGGFCH09CC,中原段,.00,非都市：山坡地保育區 ; 非都市編定：丙種建築用地,,,,02310000
RPXNMLPKRHGGFDH76CC,清華段,.00,非都市：特定農業區 ; 非都市編定：甲種建築用地,,,,11000000
RPOOMLPKRHGGFCH48CC,三林段,.00,非都市：鄉村區 ; 非都市編定：乙種建築用地,,,,01120000
RPPOMLPKRHGGFCH58CC,奉慈段,.00,非都市：鄉村區 ; 非都市編定：乙種建築用地,,,,02550000
RPUOMLPKRHGGFCH09CC,康莊段,28.93,都市：住,,,,02610000
RPPPMLPKRHGGFEH09EC,青峰段,33.58,都市：住,,,,03090000
RPVQMLPKRHGGFAH66DC,中路二段,20.68,都市：商,,,,01330000
RPVOMLPKRHGGFCH56CC,仁善段,46.52,都市：住,,,,15210000
RPVOMLPKRHGGFCH56CC,仁善段,86.70,都市：住,,,,15220000
RPWQMLPKRHGGFAH76DC,中路二段,20.68,都市：商,,,,01330000
RPVQMLPKRHGGFEH96CC,南新段,.00,都市：住,,,,02000000
RPRRMLPKRHGGFEH66CC,錦興段,.00,都市：住,,,,07370000
RPVNMLPKRHGGFHH96CC,善捷段,.00,都市：其他:中心商業區,,,,00430000
RPUNMLPKRHGGFHH86CC,樂善段,24.75,都市：住,,,,01890000
RPWNMLPKRHGGFHH07CC,善捷段,.00,都市：住,,,,00160000
RPQOMLPKRHGGFFH98CC,前程段,.00,都市：住,,,,00900000
RPUNMLPKRHGGFFH66CC,興豐段,302.61,非都市：一般農業區 ; 非都市編定：丁種建築用地,,,,17290007
RPQNMLPKRHGGFFH88CC,福興段,.00,都市：商,,,,09610000
RPPRMLQKRHGGFEH56CC,西園段,.00,都市：住,,,,07500000
RPVRMLQKRHGGFEH17CC,大興段,.00,都市：住,,,,00150000
RPXQMLQKRHGGFAH96DC,新埔段,55.27,都市：住,,,,02730001
RPSQMLQKRHGGFFH07EC,福興段,.00,都市：其他:第二種住宅區,,,,07790001
RPROMLPKRHGGFHH66CC,山鶯段,.00,都市：住,,,,00150000
RPUNMLQKRHGGFHH96CC,幸褔段,15.64,非都市：鄉村區 ; 非都市編定：乙種建築用地,,,,04490000
RPPOMLQKRHGGFHH56CC,龜山段,11.34,都市：商,,,,10240000
RPQOMLPKRHGGFHH56CC,善捷段,.00,都市：其他:第五種住宅區,,,,01420000
RPTPMLQKRHGGFDH66CC,草湳坡段埔心小段,.00,都市：商,,,,00240001
RPUPMLQKRHGGFDH76CC,頭重溪段,.00,都市：住,,,,01730000
RPWQMLQKRHGGFFH27CC,中華段,.00,非都市：一般農業區 ; 非都市編定：特定目的事業用地,,,,11170000
RPUNMLQKRHGGFAH88CC,國聖段,.00,都市：住,,,,01310000
RPRPMLQKRHGGFAH78CC,大有段,.00,都市：住,,,,01890000
RPXNMLQKRHGGFAH56CC,新埔段,16.05,都市：住,,,,10560000
RPQNMLRKRHGGFAH58CC,東門段,.00,都市：商,,,,07580000
RPWNMLRKRHGGFAH56CC,江南段,.00,都市：住,,,,02840000
RPOOMLRKRHGGFAH48CC,水汴頭段,.00,都市：商,,,,00180000
RPPOMLRKRHGGFAH58CC,中路三段,30.67,都市：住,,,,01310000
RPSOMLRKRHGGFAH88CC,水汴頭段,.00,都市：商,,,,00500000
RPRPMLRKRHGGFAH88CC,水汴頭段,.00,都市：商,,,,00500000
RPSNMLRKRHGGFBH88CC,青平段,9.90,都市：商,,,,01240000
RPWPMLPKRHGGFBH66CC,環東段,.00,都市：住,,,,04960000
RPVQMLPKRHGGFBH66CC,後寮段,.00,都市：住,,,,05450000
RPPPMLQKRHGGFBH68CC,忠福段,.00,都市：住,,,,32550000
RPRNMLRKRHGGFBH78CC,普仁段,.00,都市：其他:市場用地,,,,10240000
RPVNMLRKRHGGFFH96CC,大和段,.00,都市：住,,,,02550000
RPUNMLRKRHGGFFH86CC,大和段,.00,都市：住,,,,02550000
RPOPMLRKRHGGFBH68CC,中觀段,581.44,非都市：特定農業區 ; 非都市編定：甲種建築用地,,,,02390000
RPOPMLRKRHGGFBH68CC,中觀段,1010.05,非都市：特定農業區 ; 非都市編定：農牧用地,,,,02670000
RPXNMLRKRHGGFBH76CC,普義段,16.07,都市：住,,,,23640001
RPTOMLRKRHGGFBH09CC,青昇段,13.76,都市：商,,,,04600000
RPRNMLOKRHGGFEH88DC,上興段,83.81,都市：住,,,,03250000
RPXOMLQKRHGGFHH47DC,塔寮坑段,60.96,非都市：山坡地保育區 ; 非都市編定：丙種建築用地,,,,12540000
RPQOMLRKRHGGFEH09CC,橫山段湳子小段,1476.00,都市：農,,,,03690000
RPQOMLRKRHGGFEH09CC,橫山段湳子小段,2588.00,都市：農,,,,03700000
RPOOMLRKRHGGFHH56CC,興華段,3.38,都市：商,,,,00610002
RPSNMLPKRHGGFFH56DC,豐田段,27.55,都市：住,,,,13890000
RPOOMLPKRHGGFFH88DC,興豐段,8.05,都市：住,,,,25630000
RPTNMLQKRHGGFGH86DC,南華段,.00,都市：住,,,,05840000
RPUPMLRKRHGGFHH27CC,山頂段,2370.00,非都市：工業區 ; 非都市編定：丁種建築用地,,,,04150000
RPQNMLRKRHGGFFH56DC,福興段,25.16,都市：住,,,,08380000
RPOOMLRKRHGGFDH78CC,社子段,.00,非都市：特定農業區 ; 非都市編定：農牧用地,,,,09270000
RPQNMLRKRHGGFDH88CC,長岡嶺段,.00,非都市：山坡地保育區 ; 非都市編定：丙種建築用地,,,,01320000
RPPOMLRKRHGGFFH09CC,大和段,.00,都市：住,,,,02550000
RPOOMLRKRHGGFFH98CC,大忠段,.00,都市：商,,,,09120000
