﻿編號,屋齡,建物移轉面積平方公尺,主要用途,主要建材,建築完成日期,總層數,建物分層
The serial number,room age,building shifting area square meter,the main use,main building materials,construction completes the date,total layer,building lamination
RPRNMLQLRHGGFAI68DA,36,6.20,共有部份,鋼筋混凝土造,74年9月19日,五層,
RPRNMLQLRHGGFAI68DA,36,6.61,共有部份,鋼筋混凝土造,74年9月19日,五層,
RPRNMLQLRHGGFAI68DA,36,84.76,住家用,鋼筋混凝土造,74年9月19日,五層,五層 陽台
RPVNMLRJIIGGFAI18DA,42,41.25,住家用,鋼筋混凝土加強磚造,68年8月14日,一層,一層
RPVNMLSJIIGGFAI28DA,28,192.39,住商用,鋼筋混凝土造,82年12月15日,四層,一層 二層 三層 四層 騎樓
RPWNMLKMRHGGFAI68DA,30,83.68,住家用,鋼筋混凝土造,80年5月18日,七層,七層 陽台
RPWNMLKMRHGGFAI68DA,30,23.31,共有部份,鋼筋混凝土造,80年5月18日,七層,
RPQNMLOJIIGGFAI37DA,53,86.32,住商用,鋼筋混凝土加強磚造,57年7月26日,二層,一層 二層 騎樓
RPQNMLOJIIGGFAI37DA,53,86.32,住商用,鋼筋混凝土加強磚造,57年7月26日,二層,一層 二層 騎樓
RPPOMLSLRHGGFAI78DA,33,120.84,住家用,鋼筋混凝土造,78年1月17日,七層,二層 陽台
RPPOMLSLRHGGFAI78DA,33,51.68,停車場、台電受電室、避難室,鋼筋混凝土造,78年1月17日,七層,一層 騎樓 地下層
RPPOMLSLRHGGFAI78DA,33,18.99,共有部份,鋼筋混凝土造,78年1月17日,七層,
RPPOMLSLRHGGFAI78DA,33,.20,共有部份,鋼筋混凝土造,78年1月17日,七層,
RPSOMLOLRHGGFAI68DA,47,88.69,住家用,鋼筋混凝土加強磚造,63年8月28日,二層,一層 二層
RPQOMLSJIIGGFAI97EA,29,114.55,住家用,鋼筋混凝土造,81年8月28日,十層,八層 陽台 花台
RPQOMLSJIIGGFAI97EA,29,62.23,共有部份,鋼筋混凝土造,81年8月28日,十層,
RPQNMLSJIIGGFAI77DA,33,18.36,住家用,鋼筋混凝土造,78年2月3日,七層,二層 陽台
RPQNMLSJIIGGFAI77DA,33,8.21,共有部份,鋼筋混凝土造,78年2月3日,七層,
RPTOMLSJIIGGFAI18DA,47,64.08,住家用,木造,63年12月19日,二層,一層 二層
RPROMLSJIIGGFAI97DA,35,89.64,住家用,鋼筋混凝土造,75年11月25日,五層,三層 陽台
RPROMLSJIIGGFAI97DA,35,8.50,共有部份,鋼筋混凝土造,75年12月26日,五層,
RPROMLSJIIGGFAI97DA,35,7.94,共有部份,鋼筋混凝土造,75年11月26日,五層,
RPTNMLMKIIGGFAI57DA,52,38.19,住家用,木造,58年5月20日,一層,一層
RPVOMLNKRHGGFAI78DA,20,233.10,住宅　停車空間　儲藏室,鋼筋混凝土造,90年4月4日,四層,一層 二層 三層 四層 陽台 電梯樓梯間
RPOOMLNKRHGGFAI08DA,,209.76,住宅、樓梯間,鋼筋混凝土構造,110年5月24日,三層,一層 二層 三層 陽台 見其他登記事項
RPROMLOKIIGGFAI67DA,37,119.98,住家用,加強磚造,73年12月24日,二層,一層 二層 陽台 電梯樓梯間 露台
RPUNMLMKIIGGFAI67DA,26,84.14,住家用,鋼筋混凝土造,84年10月9日,七層,三層 陽台 花台
RPUNMLMKIIGGFAI67DA,26,27.97,共有部份,鋼筋混凝土造,84年10月9日,七層,
RPWNMLOKIIGGFAI08DA,51,82.13,住家用,鋼筋混凝土加強磚造,60年1月28日,二層,一層 二層
RPXNMLMKIIGGFAI97DA,39,112.16,住家用,鋼筋混凝土加強磚造,71年12月9日,二層,一層 二層
RPOOMLMKIIGGFAI17DA,6,362.52,騎樓、住宅,鋼筋混凝土構造,104年9月7日,五層,一層 二層 三層 四層 五層 陽台 騎樓
RPQNMLNKIIGGFAI47EA,35,.05,共有部份,鋼筋混凝土造,75年10月19日,九層,
RPQNMLNKIIGGFAI47EA,35,.06,共有部份,鋼筋混凝土造,75年10月19日,五層,
RPQNMLNKIIGGFAI47EA,35,76.01,住家用,鋼筋混凝土造,75年10月19日,五層,五層 陽台 花台
RPQNMLNKIIGGFAI47EA,35,8.76,共有部份,鋼筋混凝土造,75年10月19日,五層,
RPQNMLNKIIGGFAI47EA,35,5.29,共有部份,鋼筋混凝土造,75年10月19日,十層,
RPVNMLPJIIGGFAI97DA,16,181.26,住家用,鋼筋混凝土造,94年5月2日,四層,一層 二層 三層 四層 陽台 雨遮
RPTOMLMKIIGGFAI67DA,30,83.68,住家用,鋼筋混凝土造,80年5月18日,七層,五層 陽台
RPTOMLMKIIGGFAI67DA,30,23.31,共有部份,鋼筋混凝土造,80年5月18日,七層,
RPSOMLLJIIGGFAI37DA,51,128.46,住商用,見使用執照,59年5月30日,三層,一層 二層 三層 騎樓 地下層
RPWOMLQJIIGGFAI28DA,48,64.50,住家用,鋼筋混凝土加強磚造,62年10月22日,二層,一層 二層
RPRPMLNKIIGGFAI67DA,8,305.46,住宅、樓梯間,鋼筋混凝土構造,102年11月7日,四層,一層 二層 三層 四層 陽台 見其他登記事項
RPRPMLNKIIGGFAI67DA,8,.28,本共有部分之項目計有管理維護空間等一項。,鋼筋混凝土構造,102年11月7日,一層,
RPPNMLOKIIGGFAI37DA,17,108.12,住家用,鋼筋混凝土造,93年11月3日,十四層,九層 陽台
RPPNMLOKIIGGFAI37DA,17,69.55,共有部份,鋼筋混凝土造,93年11月3日,十四層,
RPWPMLNKIIGGFAI18DA,1,215.40,住宅、停車空間、樓梯間,鋼筋混凝土構造,109年4月20日,四層,一層 二層 三層 四層 陽台 見其他登記事項
RPWPMLNKIIGGFAI18DA,1,.26,本共有部分之項目有管理維護空間、電信室等二項。,鋼筋混凝土構造,109年4月20日,一層,
RPVPMLNKIIGGFAI08DA,45,51.22,住家用,磚造,66年1月29日,一層,一層
RPXPMLNKIIGGFAI28DA,29,99.15,住家用,鋼筋混凝土造,81年6月26日,十五層,七層 陽台
RPXPMLNKIIGGFAI28DA,29,33.73,共有部份,鋼筋混凝土造,81年6月26日,十五層,
RPXPMLNKIIGGFAI28DA,29,17.94,共有部份,鋼筋混凝土造,81年6月26日,十五層,
RPPNMLNKIIGGFAI27DA,,43.87,住家用,木造,,一層,一層
RPSOMLOKIIGGFAI77DA,32,139.76,住家用,鋼筋混凝土造,78年3月24日,二層,一層 二層 陽台 平台 電梯樓梯間 夾層
RPWOMLOKIIGGFAI18DA,,194.94,住宅、樓梯間,鋼筋混凝土構造,110年5月28日,三層,一層 二層 三層 陽台 見其他登記事項
RPQNMLOKIIGGFAI57EA,48,44.70,住家用,木造,62年11月20日,一層,一層
RPXOMLOKIIGGFAI28DA,,179.84,住宅、門廊、樓梯間,鋼筋混凝土構造,110年5月28日,三層,一層 二層 三層 陽台 見其他登記事項
RPPOMLOKIIGGFAI57EA,45,65.76,住家用,鋼筋混凝土加強磚造,65年10月21日,二層,一層 二層
RPOPMLOKIIGGFAI47DA,8,287.16,住宅、樓梯間,鋼筋混凝土構造,102年11月7日,四層,一層 二層 三層 四層 陽台 見其他登記事項
RPOPMLOKIIGGFAI47DA,8,.28,本共有部分之項目計有管理維護空間等一項。,鋼筋混凝土構造,102年11月7日,一層,
RPOOMLLJIIGGFAI96DA,43,50.33,住家用,鋼筋混凝土加強磚造,68年2月20日,二層,一層 二層 電梯樓梯間
RPRNMLPKIIGGFAI77EA,28,53.46,住家用,鋼筋混凝土造,82年10月18日,十四層,三層 陽台
RPRNMLPKIIGGFAI77EA,28,17.25,共有部份,鋼筋混凝土造,82年10月18日,十四層,
RPUNMLPKIIGGFAI97DA,52,65.94,住家用,加強磚造,58年9月10日,二層,一層 二層
RPTNMLPKIIGGFAI87DA,52,101.79,住商用,鋼筋混凝土加強磚造,58年11月4日,二層,一層 二層 騎樓
RPVNMLTJRHGGFAI56DA,51,76.96,住家用,鋼筋混凝土加強磚造,59年8月17日,二層,一層 二層
RPRNMLNKIIGGFAI47DA,,49.95,辦公室,鋼筋混凝土構造,110年3月12日,九層,四層 見其他登記事項
RPRNMLNKIIGGFAI47DA,,29.09,本共有部分之項目有樓梯、電梯、梯廳、停車空間、防空避難室兼停車空間、管理室、無障礙廁所等７項,鋼筋混凝土構造,110年3月12日,九層,
RPRNMLNKIIGGFAI47DA,,19.92,本共有部分之項目有樓梯、電梯、梯廳、水箱等４項,鋼筋混凝土構造,110年3月12日,九層,
RPTNMLNKIIGGFAI67DA,,77.43,辦公室,鋼筋混凝土構造,110年3月12日,九層,八層 見其他登記事項
RPTNMLNKIIGGFAI67DA,,45.53,本共有部分之項目有樓梯、電梯、梯廳、停車空間、防空避難室兼停車空間、管理室、無障礙廁所等７項,鋼筋混凝土構造,110年3月12日,九層,
RPTNMLNKIIGGFAI67DA,,16.30,本共有部分之項目有樓梯、電梯、梯廳、水箱等４項,鋼筋混凝土構造,110年3月12日,九層,
RPSNMLNKIIGGFAI57DA,,77.43,辦公室,鋼筋混凝土構造,110年3月12日,九層,六層 見其他登記事項
RPSNMLNKIIGGFAI57DA,,45.56,本共有部分之項目有樓梯、電梯、梯廳、停車空間、防空避難室兼停車空間、管理室、無障礙廁所等７項,鋼筋混凝土構造,110年3月12日,九層,
RPSNMLNKIIGGFAI57DA,,16.30,本共有部分之項目有樓梯、電梯、梯廳、水箱等４項,鋼筋混凝土構造,110年3月12日,九層,
RPUNMLNKIIGGFAI77DA,,60.19,辦公室,鋼筋混凝土構造,110年3月12日,九層,六層 見其他登記事項
RPUNMLNKIIGGFAI77DA,,26.62,本共有部分之項目有樓梯、電梯、梯廳、停車空間、防空避難室兼停車空間、管理室、無障礙廁所等７項,鋼筋混凝土構造,110年3月12日,九層,
RPUNMLNKIIGGFAI77DA,,16.30,本共有部分之項目有樓梯、電梯、梯廳、水箱等４項,鋼筋混凝土構造,110年3月12日,九層,
RPQOMLTJRHGGFAI78DA,39,119.45,住家用,鋼筋混凝土加強磚造,71年11月18日,二層,一層 二層 電梯樓梯間
RPVNMLNKIIGGFAI87DA,,60.19,辦公室,鋼筋混凝土構造,110年3月12日,九層,八層 見其他登記事項
RPVNMLNKIIGGFAI87DA,,26.59,本共有部分之項目有樓梯、電梯、梯廳、停車空間、防空避難室兼停車空間、管理室、無障礙廁所等７項,鋼筋混凝土構造,110年3月12日,九層,
RPVNMLNKIIGGFAI87DA,,16.30,本共有部分之項目有樓梯、電梯、梯廳、水箱等４項,鋼筋混凝土構造,110年3月12日,九層,
RPROMLRJRHGGFAI68DA,,76.37,辦公室,鋼筋混凝土構造,110年3月12日,九層,六層 見其他登記事項
RPROMLRJRHGGFAI68DA,,33.68,本共有部分之項目有樓梯、電梯、梯廳、停車空間、防空避難室兼停車空間、管理室、無障礙廁所等７項,鋼筋混凝土構造,110年3月12日,九層,
RPROMLRJRHGGFAI68DA,,16.30,本共有部分之項目有樓梯、電梯、梯廳、水箱等４項,鋼筋混凝土構造,110年3月12日,九層,
RPWNMLNKIIGGFAI97DA,,76.37,辦公室,鋼筋混凝土構造,110年3月12日,九層,七層 見其他登記事項
RPWNMLNKIIGGFAI97DA,,31.74,本共有部分之項目有樓梯、電梯、梯廳、停車空間、防空避難室兼停車空間、管理室、無障礙廁所等７項,鋼筋混凝土構造,110年3月12日,九層,
RPWNMLNKIIGGFAI97DA,,16.30,本共有部分之項目有樓梯、電梯、梯廳、水箱等４項,鋼筋混凝土構造,110年3月12日,九層,
RPXNMLNKIIGGFAI08DA,,76.37,辦公室,鋼筋混凝土構造,110年3月12日,九層,九層 見其他登記事項
RPXNMLNKIIGGFAI08DA,,45.93,本共有部分之項目有樓梯、電梯、梯廳、停車空間、防空避難室兼停車空間、管理室、無障礙廁所等７項,鋼筋混凝土構造,110年3月12日,九層,
RPXNMLNKIIGGFAI08DA,,19.21,本共有部分之項目有樓梯、電梯、梯廳、水箱等４項,鋼筋混凝土構造,110年3月12日,九層,
RPPOMLNKIIGGFAI37DA,,49.95,辦公室,鋼筋混凝土構造,110年3月12日,九層,四層 見其他登記事項
RPPOMLNKIIGGFAI37DA,,25.73,本共有部分之項目有樓梯、電梯、梯廳、停車空間、防空避難室兼停車空間、管理室、無障礙廁所等７項,鋼筋混凝土構造,110年3月12日,九層,
RPPOMLNKIIGGFAI37DA,,19.92,本共有部分之項目有樓梯、電梯、梯廳、水箱等４項,鋼筋混凝土構造,110年3月12日,九層,
RPOOMLNKIIGGFAI27DA,,44.15,辦公室,鋼筋混凝土構造,110年3月12日,九層,三層 見其他登記事項
RPOOMLNKIIGGFAI27DA,,29.21,本共有部分之項目有樓梯、電梯、梯廳、停車空間、防空避難室兼停車空間、管理室、無障礙廁所等７項,鋼筋混凝土構造,110年3月12日,九層,
RPOOMLNKIIGGFAI27DA,,19.92,本共有部分之項目有樓梯、電梯、梯廳、水箱等４項,鋼筋混凝土構造,110年3月12日,九層,
RPROMLNKIIGGFAI57DA,,44.15,辦公室,鋼筋混凝土構造,110年3月12日,九層,四層 見其他登記事項
RPROMLNKIIGGFAI57DA,,23.84,本共有部分之項目有樓梯、電梯、梯廳、停車空間、防空避難室兼停車空間、管理室、無障礙廁所等７項,鋼筋混凝土構造,110年3月12日,九層,
RPROMLNKIIGGFAI57DA,,19.92,本共有部分之項目有樓梯、電梯、梯廳、水箱等４項,鋼筋混凝土構造,110年3月12日,九層,
RPSPMLSJRHGGFAI98DA,,73.96,辦公室,鋼筋混凝土構造,110年3月12日,九層,六層 見其他登記事項
RPSPMLSJRHGGFAI98DA,,32.82,本共有部分之項目有樓梯、電梯、梯廳、停車空間、防空避難室兼停車空間、管理室、無障礙廁所等７項,鋼筋混凝土構造,110年3月12日,九層,
RPSPMLSJRHGGFAI98DA,,16.30,本共有部分之項目有樓梯、電梯、梯廳、水箱等４項,鋼筋混凝土構造,110年3月12日,九層,
RPRPMLSJRHGGFAI88DA,,80.61,辦公室,鋼筋混凝土構造,110年3月12日,九層,七層 見其他登記事項
RPRPMLSJRHGGFAI88DA,,46.67,本共有部分之項目有樓梯、電梯、梯廳、停車空間、防空避難室兼停車空間、管理室、無障礙廁所等７項,鋼筋混凝土構造,110年3月12日,九層,
RPRPMLSJRHGGFAI88DA,,16.30,本共有部分之項目有樓梯、電梯、梯廳、水箱等４項,鋼筋混凝土構造,110年3月12日,九層,
RPSOMLNKIIGGFAI67DA,,80.61,辦公室,鋼筋混凝土構造,110年3月12日,九層,六層 見其他登記事項
RPSOMLNKIIGGFAI67DA,,33.44,本共有部分之項目有樓梯、電梯、梯廳、停車空間、防空避難室兼停車空間、管理室、無障礙廁所等７項,鋼筋混凝土構造,110年3月12日,九層,
RPSOMLNKIIGGFAI67DA,,16.30,本共有部分之項目有樓梯、電梯、梯廳、水箱等４項,鋼筋混凝土構造,110年3月12日,九層,
RPQOMLOKIIGGFAI57DA,,44.15,辦公室,鋼筋混凝土構造,110年3月12日,九層,四層 見其他登記事項
RPQOMLOKIIGGFAI57DA,,27.21,本共有部分之項目有樓梯、電梯、梯廳、停車空間、防空避難室兼停車空間、管理室、無障礙廁所等７項,鋼筋混凝土構造,110年3月12日,九層,
RPQOMLOKIIGGFAI57DA,,19.92,本共有部分之項目有樓梯、電梯、梯廳、水箱等４項,鋼筋混凝土構造,110年3月12日,九層,
RPSPMLNKIIGGFAI77DA,26,32.79,住家用,鋼筋混凝土造,84年7月12日,六層,四層 陽台
RPSPMLNKIIGGFAI77DA,26,18.27,共有部份,鋼筋混凝土造,84年7月12日,六層,
RPTPMLNKIIGGFAI87DA,52,37.12,住家用,木造,58年3月31日,一層,一層
RPOPMLNKIIGGFAI37DA,,49.95,辦公室,鋼筋混凝土構造,110年3月12日,九層,五層 見其他登記事項
RPOPMLNKIIGGFAI37DA,,23.81,本共有部分之項目有樓梯、電梯、梯廳、停車空間、防空避難室兼停車空間、管理室、無障礙廁所等７項,鋼筋混凝土構造,110年3月12日,九層,
RPOPMLNKIIGGFAI37DA,,19.92,本共有部分之項目有樓梯、電梯、梯廳、水箱等４項,鋼筋混凝土構造,110年3月12日,九層,
RPROMLPKIIGGFAI77DA,30,37.93,住家用,鋼筋混凝土造,80年6月26日,六層,四層
RPROMLPKIIGGFAI77DA,30,16.07,共有部份,鋼筋混凝土造,80年6月26日,六層,
RPQPMLNKIIGGFAI57DA,,80.61,辦公室,鋼筋混凝土構造,110年3月12日,九層,二層 見其他登記事項
RPQPMLNKIIGGFAI57DA,,46.64,本共有部分之項目有樓梯、電梯、梯廳、停車空間、防空避難室兼停車空間、管理室、無障礙廁所等７項,鋼筋混凝土構造,110年3月12日,九層,
RPQPMLNKIIGGFAI57DA,,16.24,本共有部分之項目有樓梯、電梯、梯廳、水箱等４項,鋼筋混凝土構造,110年3月12日,九層,
RPPPMLNKIIGGFAI47DA,,80.71,辦公室、停車空間,鋼筋混凝土構造,110年3月12日,九層,一層
RPPPMLNKIIGGFAI47DA,,49.91,本共有部分之項目有樓梯、電梯、梯廳、停車空間、防空避難室兼停車空間、管理室、無障礙廁所等７項,鋼筋混凝土構造,110年3月12日,九層,
RPXOMLNKIIGGFAI18DA,36,9.26,共有部份,鋼筋混凝土造,74年8月21日,五層,
RPXOMLNKIIGGFAI18DA,36,88.98,住家用,鋼筋混凝土造,74年8月21日,五層,三層 陽台
RPXOMLNKIIGGFAI18DA,36,6.61,共有部份,鋼筋混凝土造,74年8月21日,五層,
RPUOMLNKIIGGFAI87DA,,44.15,辦公室,鋼筋混凝土構造,110年3月12日,九層,五層 見其他登記事項
RPUOMLNKIIGGFAI87DA,,21.93,本共有部分之項目有樓梯、電梯、梯廳、停車空間、防空避難室兼停車空間、管理室、無障礙廁所等７項,鋼筋混凝土構造,110年3月12日,九層,
RPUOMLNKIIGGFAI87DA,,19.92,本共有部分之項目有樓梯、電梯、梯廳、水箱等４項,鋼筋混凝土構造,110年3月12日,九層,
RPTOMLNKIIGGFAI77DA,,49.95,辦公室,鋼筋混凝土構造,110年3月12日,九層,五層 見其他登記事項
RPTOMLNKIIGGFAI77DA,,23.81,本共有部分之項目有樓梯、電梯、梯廳、停車空間、防空避難室兼停車空間、管理室、無障礙廁所等７項,鋼筋混凝土構造,110年3月12日,九層,
RPTOMLNKIIGGFAI77DA,,19.92,本共有部分之項目有樓梯、電梯、梯廳、水箱等４項,鋼筋混凝土構造,110年3月12日,九層,
RPVOMLNKIIGGFAI97DA,,45.42,辦公室,鋼筋混凝土構造,110年3月12日,九層,二層 見其他登記事項
RPVOMLNKIIGGFAI97DA,,22.36,本共有部分之項目有樓梯、電梯、梯廳、停車空間、防空避難室兼停車空間、管理室、無障礙廁所等７項,鋼筋混凝土構造,110年3月12日,九層,
RPVOMLNKIIGGFAI97DA,,19.92,本共有部分之項目有樓梯、電梯、梯廳、水箱等４項,鋼筋混凝土構造,110年3月12日,九層,
RPPNMLSKIIGGFAI77DA,,308.50,住宅、樓梯間,鋼筋混凝土構造,110年7月28日,四層,一層 二層 三層 四層 陽台 見其他登記事項
RPQNMLSKIIGGFAI87DA,,305.55,住宅、樓梯間,鋼筋混凝土構造,110年7月28日,四層,一層 二層 三層 四層 陽台 見其他登記事項
RPSNMLSKIIGGFAI08DA,,303.50,住宅、樓梯間,鋼筋混凝土構造,110年7月28日,四層,一層 二層 三層 四層 陽台 見其他登記事項
RPRNMLSKIIGGFAI97DA,,303.96,住宅、樓梯間,鋼筋混凝土構造,110年7月28日,四層,一層 二層 三層 四層 陽台 見其他登記事項
RPWOMLSKIIGGFAI58DA,30,10.15,共有部份,鋼筋混凝土造,80年3月20日,五層,
RPWOMLSKIIGGFAI58DA,30,15.37,共有部份,鋼筋混凝土造,80年3月20日,五層,
RPWOMLSKIIGGFAI58DA,30,53.03,住家用,鋼筋混凝土造,80年3月20日,五層,五層
RPXNMLSKIIGGFAI58DA,31,92.84,住家用,鋼筋混凝土造,80年2月25日,九層,五層 陽台
RPXNMLSKIIGGFAI58DA,31,17.99,共有部份,鋼筋混凝土造,80年2月25日,九層,
RPTNMLSKIIGGFAI18DA,,303.95,住宅、樓梯間,鋼筋混凝土構造,110年7月28日,四層,一層 二層 三層 四層 陽台 見其他登記事項
RPQPMLSKIIGGFAI08DA,27,107.88,住家用,鋼筋混凝土造,83年5月30日,十二層,九層 陽台
RPQPMLSKIIGGFAI08DA,27,28.59,共有部份,鋼筋混凝土造,83年5月30日,十二層,
RPVNMLTLOHGGFAI09DA,,75.09,住家用,鋼筋混凝土構造,110年3月12日,九層,四層 見其他登記事項
RPVNMLTLOHGGFAI09DA,,36.65,本共有部分之項目有樓梯、電梯、梯廳、停車空間、防空避難室兼停車空間、管理室、無障礙廁所等７項,鋼筋混凝土構造,110年3月12日,九層,
RPVNMLTLOHGGFAI09DA,,16.30,本共有部分之項目有樓梯、電梯、梯廳、水箱等４項,鋼筋混凝土構造,110年3月12日,九層,
RPSNMLTKIIGGFAI18DA,28,78.52,商業用,鋼筋混凝土造,82年3月16日,六層,一層 平台
RPSNMLTKIIGGFAI18DA,28,12.18,共有部份,鋼筋混凝土造,82年3月16日,六層,
RPSNMLTKIIGGFAI18DA,28,12.38,共有部份,鋼筋混凝土造,82年3月16日,六層,
RPVNMLSKIIGGFAI38DA,,309.58,住宅、樓梯間,鋼筋混凝土構造,110年7月28日,四層,一層 二層 三層 四層 陽台 見其他登記事項
RPTOMLPKIIGGFAI97DA,6,297.18,店舖、停車空間、住宅,鋼筋混凝土構造,104年4月17日,四層,一層 二層 三層 四層 陽台
RPUNMLSKIIGGFAI28DA,,304.10,住宅、樓梯間,鋼筋混凝土構造,110年7月28日,四層,一層 二層 三層 四層 陽台 見其他登記事項
RPROMLTLRHGGFAI09DA,27,273.44,住家用,鋼筋混凝土造,83年12月1日,五層,一層 二層 三層 四層 五層 陽台 花台
RPTNMLTKIIGGFAI28DA,,65.31,集合住宅,鋼筋混凝土構造,110年4月20日,十層,七層 陽台
RPTNMLTKIIGGFAI28DA,,17.40,本共有部分之項目有門廊、集合住宅、水箱、防空避難室兼停車空間、停車空間、電梯機械室及梯間等７項。,鋼筋混凝土構造,110年4月20日,十層,
RPTNMLTKIIGGFAI28DA,,30.12,本共有部分之項目有停車空間、防空避難室兼停車空間、管委會空間、集合住宅及門廊等５項。,鋼筋混凝土構造,110年4月20日,十層,
