﻿鄉鎮市區,交易標的,土地位置建物門牌,土地移轉總面積平方公尺,都市土地使用分區,非都市土地使用分區,非都市土地使用編定,交易年月日,交易筆棟數,移轉層次,總樓層數,建物型態,主要用途,主要建材,建築完成年月,建物移轉總面積平方公尺,建物現況格局-房,建物現況格局-廳,建物現況格局-衛,建物現況格局-隔間,有無管理組織,總價元,單價元平方公尺,車位類別,車位移轉總面積(平方公尺),車位總價元,備註,編號,主建物面積,附屬建物面積,陽台面積,電梯,移轉編號
The villages and towns urban district,transaction sign,land sector position building sector house number plate,land shifting total area square meter,the use zoning or compiles and checks,the non-metropolis land use district,non-metropolis land use,transaction year month and day,transaction pen number,shifting level,total floor number,building state,main use,main building materials,construction to complete the years,building shifting total area,Building present situation pattern - room,building present situation pattern - hall,building present situation pattern - health,building present situation pattern - compartmented,Whether there is manages the organization,total price NTD,the unit price (NTD / square meter),the berth category,berth shifting total area square meter,the berth total price NTD,the note,serial number,,,,,
嘉義市,房地(土地+建物),嘉義市嘉義市博東路１５２巷１０５號,91.0,都市：其他:住宅區,,,1100912,土地1建物1車位0,全,四層,透天厝,住家用,鋼筋混凝土造,0900404,233.1,3,3,3,有,無,11151248,47839,,0.0,0,含土地增值稅或其他稅費51248元；其他增建；,RPVOMLNKRHGGFAI78DA,187.67,45.43,0.0,無,
嘉義市,房地(土地+建物),嘉義市嘉義市南京路１２６巷５０號五樓之２,23.32,都市：其他:商業區,,,1100914,土地1建物1車位0,五層,五層,公寓(5樓含以下無電梯),住家用,鋼筋混凝土造,0740919,97.57000000000001,3,1,1,有,無,1800000,18448,,0.0,0,,RPRNMLQLRHGGFAI68DA,73.18,11.58,0.0,無,
嘉義市,房地(土地+建物),嘉義市嘉義市博愛路一段４９６巷２３號７樓１,19.89,都市：其他:住宅區,,,1100824,土地1建物1車位0,七層,七層,華廈(10層含以下有電梯),住家用,鋼筋混凝土造,0800518,106.99000000000001,3,2,2,有,有,4800000,44864,,0.0,0,含裝潢費；含傢俱設備費；,RPWNMLKMRHGGFAI68DA,81.03,2.65,0.0,有,001
嘉義市,房地(土地+建物),嘉義市嘉義市民權路２５４號,103.0,都市：其他:住宅區,,,1101004,土地2建物1車位0,全,二層,透天厝,住商用,鋼筋混凝土加強磚造,0570726,172.64,4,2,2,有,無,13000000,75301,,0.0,0,,RPQNMLOJIIGGFAI37DA,172.64,0.0,0.0,無,
嘉義市,土地,八掌段551-9地號,718.15,都市：其他:農業區,,,1100911,土地2建物0車位0,,,其他,,,,0.0,0,0,0,有,無,3258750,4538,,0.0,0,,RPSNMLRJIIGGFAI87DA,0.0,0.0,0.0,無,002
嘉義市,土地,八掌段551-10地號,1942.61,都市：其他:農業區,,,1100910,土地2建物0車位0,,,其他,,,,0.0,0,0,0,有,無,8814750,4538,,0.0,0,,RPTNMLRJIIGGFAI97DA,0.0,0.0,0.0,無,002
嘉義市,房地(土地+建物),嘉義市嘉義市世賢路一段５９２巷３號,78.0,都市：其他:住宅區,,,1100823,土地1建物1車位0,全,一層,透天厝,住家用,鋼筋混凝土加強磚造,0680814,41.25,5,2,3,有,無,4680000,113455,,0.0,0,,RPVNMLRJIIGGFAI18DA,41.25,0.0,0.0,無,
嘉義市,土地,竹圍子段403-6地號,33.0,都市：其他:住宅區,,,1100926,土地1建物0車位0,,,其他,,,,0.0,0,0,0,有,無,1000000,30303,,0.0,0,,RPSNMLSJIIGGFAI97DA,0.0,0.0,0.0,無,
嘉義市,房地(土地+建物),嘉義市嘉義市忠順一街３３號,71.0,都市：其他:商業區,,,1100827,土地1建物1車位0,全,四層,透天厝,住商用,鋼筋混凝土造,0821215,192.39,7,2,4,有,無,12000000,62373,,0.0,0,,RPVNMLSJIIGGFAI28DA,192.39,0.0,0.0,無,
嘉義市,土地,竹圍子段181-10地號,446.0,都市：其他:乙種工業區,,,1101003,土地3建物0車位0,,,其他,,,,0.0,0,0,0,有,無,6100000,13677,,0.0,0,包含公共設施保留地用地；,RPRNMLSJIIGGFAI97EA,0.0,0.0,0.0,無,004
嘉義市,房地(土地+建物)+車位,嘉義市嘉義市竹子腳２０之７７號８樓２,32.21,都市：其他:住宅區,,,1100916,土地1建物1車位1,八層,十層,華廈(10層含以下有電梯),住家用,鋼筋混凝土造,0810828,176.78,4,2,2,有,有,4880000,27605,坡道平面,0.0,0,,RPQOMLSJIIGGFAI97EA,96.61,17.94,0.0,有,005
嘉義市,房地(土地+建物),嘉義市嘉義市吳鳳南路１６６巷１５號,60.0,都市：其他:住宅區,,,1100814,土地1建物1車位0,全,二層,透天厝,住家用,鋼筋混凝土加強磚造,0621022,64.5,2,2,2,有,無,2800000,43411,,0.0,0,,RPWOMLQJIIGGFAI28DA,64.5,0.0,0.0,無,
嘉義市,土地,台斗坑段123地號,2534.0,都市：其他:農業區,,,1100829,土地1建物0車位0,,,其他,,,,0.0,0,0,0,有,無,13400000,5288,,0.0,0,,RPSOMLKMRHGGFAI38DA,0.0,0.0,0.0,無,
嘉義市,房地(土地+建物)+車位,嘉義市嘉義市杭州四街６８號２樓２,31.19,都市：其他:住宅區,,,1100912,土地1建物1車位1,二層,七層,華廈(10層含以下有電梯),住家用,鋼筋混凝土造,0780117,191.71,4,2,2,有,有,7500000,39122,坡道平面,0.0,0,含裝潢費；含傢俱設備費；,RPPOMLSLRHGGFAI78DA,155.16,17.36,0.0,有,006
嘉義市,房地(土地+建物),嘉義市嘉義市義教街７５０巷１３號,77.0,都市：其他:住宅區,,,1100920,土地1建物1車位0,全,二層,透天厝,住家用,鋼筋混凝土加強磚造,0630828,88.69,3,2,2,有,無,4000000,45101,,0.0,0,頂樓加蓋；其他增建；,RPSOMLOLRHGGFAI68DA,88.69,0.0,0.0,無,007
嘉義市,房地(土地+建物),嘉義市嘉義市五顯街８９之２號,98.0,都市：其他:住宅區,,,1100821,土地1建物1車位0,全,三層,透天厝,住家用,鋼筋混凝土構造,1100524,209.76,6,2,5,有,無,15900000,75801,,0.0,0,,RPOOMLNKRHGGFAI08DA,202.1,7.66,0.0,無,008
嘉義市,房地(土地+建物),嘉義市嘉義市重興里博愛路一段４９６巷７號３樓２,27.59,都市：其他:住宅區,,,1100925,土地1建物1車位0,三層,五層,公寓(5樓含以下無電梯),住家用,鋼筋混凝土造,0751125,106.07,3,2,2,有,無,3850000,36297,,0.0,0,,RPROMLSJIIGGFAI97DA,80.47,9.17,0.0,無,009
嘉義市,房地(土地+建物),嘉義市嘉義市民生南路２９４之１號二樓之１,4.76,都市：其他:住宅區,,,1100914,土地1建物1車位0,二層,七層,華廈(10層含以下有電梯),住家用,鋼筋混凝土造,0780203,26.57,1,1,1,有,有,1100000,41400,,0.0,0,,RPQNMLSJIIGGFAI77DA,15.77,2.59,0.0,有,010
嘉義市,房地(土地+建物),嘉義市嘉義市大雅路二段４３３巷４６號,129.0,都市：其他:商業區,,,1100922,土地2建物1車位0,全,五層,透天厝,住家用,鋼筋混凝土構造,1040907,362.52,5,2,4,有,無,25800000,71168,,0.0,0,,RPOOMLMKIIGGFAI17DA,348.54,13.98,0.0,無,011
嘉義市,房地(土地+建物),嘉義市嘉義市博愛路一段４９６巷２３號５樓１,19.23,都市：其他:住宅區,,,1100926,土地1建物1車位0,五層,七層,華廈(10層含以下有電梯),住家用,鋼筋混凝土造,0800518,106.99000000000001,3,2,2,有,有,4600000,42995,,0.0,0,,RPTOMLMKIIGGFAI67DA,79.41,4.27,0.0,有,
嘉義市,房地(土地+建物),嘉義市嘉義市彌陀路２２５巷２５號,61.0,都市：其他:住宅區,,,1100918,土地1建物1車位0,全,二層,透天厝,住家用,木造,0631219,64.08,3,2,2,有,無,3800000,59301,,0.0,0,,RPTOMLSJIIGGFAI18DA,64.08,0.0,0.0,無,012
嘉義市,房地(土地+建物),嘉義市嘉義市友忠路８２７巷５弄２號,64.0,都市：其他:道路用地,,,1100916,土地2建物1車位0,全,一層,透天厝,住家用,木造,0580520,38.19,2,1,1,有,無,2500000,65462,,0.0,0,瑕疵物件；包含公共設施保留地用地；,RPTNMLMKIIGGFAI57DA,38.19,0.0,0.0,無,
嘉義市,房地(土地+建物)+車位,嘉義市嘉義市自強街１９５巷３３－３１號３樓２,20.25,都市：其他:住宅區,,,1100913,土地1建物1車位1,三層,七層,華廈(10層含以下有電梯),住家用,鋼筋混凝土造,0841009,112.11,2,2,2,有,有,3000000,26759,坡道機械,0.0,0,,RPUNMLMKIIGGFAI67DA,70.31,13.83,0.0,有,
嘉義市,房地(土地+建物),嘉義市嘉義市日新街２１８巷４３號,191.2,都市：其他:住宅區,,,1100915,土地1建物1車位0,全,四層,透天厝,住家用,鋼筋混凝土構造,1021107,305.73999999999995,5,2,4,有,有,22600000,73919,,0.0,0,土地價款新台幣1311萬元正。建物價款新台幣949萬元正。,RPRPMLNKIIGGFAI67DA,292.52,12.94,0.0,有,
嘉義市,土地,大溪段420地號,4.41,都市：其他:農業區,,,1100924,土地1建物0車位0,,,其他,,,,0.0,0,0,0,有,無,17640,4000,,0.0,0,地清或未辦繼承標售；,RPUOMLMKIIGGFAI87EA,0.0,0.0,0.0,無,013
嘉義市,土地,溪東段950地號,96.31,都市：其他:住宅區,,,1100924,土地1建物0車位0,,,其他,,,,0.0,0,0,0,有,無,1200000,12460,,0.0,0,地清或未辦繼承標售；,RPVOMLMKIIGGFAI97EA,0.0,0.0,0.0,無,
嘉義市,房地(土地+建物),嘉義市嘉義市國華街２２８號之６五樓,17.96,都市：其他:商業區,,,1100831,土地1建物1車位0,五層,五層,公寓(5樓含以下無電梯),住家用,鋼筋混凝土造,0751019,90.18,3,2,2,有,有,3120000,34597,,0.0,0,,RPQNMLNKIIGGFAI47EA,68.87,7.14,0.0,無,
嘉義市,土地,東門段四小段23地號,12.58,都市：其他:住宅區,,,1100924,土地1建物0車位0,,,其他,,,,0.0,0,0,0,有,無,868000,68998,,0.0,0,地清或未辦繼承標售；,RPTPMLNKIIGGFAI97EA,0.0,0.0,0.0,無,014
嘉義市,房地(土地+建物),嘉義市嘉義市東洋新２６８號之１,75.0,都市：其他:住宅區,,,1100915,土地1建物1車位0,全,二層,透天厝,住家用,加強磚造,0731224,119.98,4,2,3,有,無,7350000,61260,,0.0,0,,RPROMLOKIIGGFAI67DA,87.06,32.92,0.0,無,
嘉義市,房地(土地+建物),嘉義市嘉義市西平里７鄰信義路４５巷９之７號,58.0,都市：其他:住宅區,,,1100901,土地1建物1車位0,全,二層,透天厝,住家用,鋼筋混凝土加強磚造,0600128,82.13,4,1,3,有,無,3200000,38963,,0.0,0,,RPWNMLOKIIGGFAI08DA,82.13,0.0,0.0,無,
嘉義市,房地(土地+建物),嘉義市嘉義市義教街１１７巷７５號,107.0,都市：其他:住宅區,,,1100828,土地1建物1車位0,全,一層,透天厝,住家用,磚造,0660129,51.22,3,2,1,有,無,3250000,63452,,0.0,0,其他增建；,RPVPMLNKIIGGFAI08DA,51.22,0.0,0.0,無,
嘉義市,房地(土地+建物),嘉義市嘉義市民生南路６１９之３號,88.01,都市：其他:住宅區,,,1100914,土地3建物1車位0,全,四層,透天厝,住家用,鋼筋混凝土構造,1090420,215.66,4,3,4,有,有,13260000,61486,,0.0,0,土地價款新台幣660萬元正。建物價款新台幣666萬元正。,RPWPMLNKIIGGFAI18DA,193.23,22.17,0.0,無,
嘉義市,房地(土地+建物),嘉義市嘉義市溪興街１５３巷１２弄１２號,92.0,都市：其他:住宅區,,,1100907,土地1建物1車位0,全,二層,透天厝,住家用,鋼筋混凝土加強磚造,0711209,112.16,5,3,3,有,無,7380000,65799,,0.0,0,其他增建；,RPXNMLMKIIGGFAI97DA,112.16,0.0,0.0,無,
嘉義市,房地(土地+建物),嘉義市嘉義市民生南路６０８巷１９７號三樓之２,27.06,都市：其他:住宅區,,,1100920,土地1建物1車位0,三層,五層,公寓(5樓含以下無電梯),住家用,鋼筋混凝土造,0740821,104.85000000000001,3,2,1,有,無,2700000,25751,,0.0,0,,RPXOMLNKIIGGFAI18DA,76.94,12.04,0.0,無,015
嘉義市,房地(土地+建物),嘉義市嘉義市蘭州一街７號,99.75,都市：其他:住宅區,,,1100903,土地2建物1車位0,全,四層,透天厝,住家用,鋼筋混凝土造,0940502,181.26,4,3,4,有,無,9300000,51308,,0.0,0,,RPVNMLPJIIGGFAI97DA,155.95,25.31,0.0,無,016
嘉義市,房地(土地+建物),嘉義市嘉義市圳頭里２０鄰林森東路６００號,96.0,都市：其他:農業區,,,1100712,土地1建物1車位0,全,二層,透天厝,住家用,鋼筋混凝土加強磚造,0590817,76.96,3,1,2,有,無,7250000,94205,,0.0,0,本案土地出售價格新台幣714萬5千元正、建物出售價格新台幣105000元正合計出售總價725萬元正。未登記建物；,RPVNMLTJRHGGFAI56DA,76.96,0.0,0.0,無,017
嘉義市,房地(土地+建物),嘉義市嘉義市仁愛路２９１號,39.0,都市：其他:商業區,,,1100922,土地2建物1車位0,全,三層,透天厝,住商用,見使用執照,0590530,128.46,4,0,3,有,無,10500000,81738,,0.0,0,親友、員工、共有人或其他特殊關係間之交易；頂樓加蓋；,RPSOMLLJIIGGFAI37DA,128.46,0.0,0.0,無,
嘉義市,土地,何庄段905地號,440.57,都市：其他:住宅區,,,1100809,土地5建物0車位0,,,其他,,,,0.0,0,0,0,有,無,3300000,7490,,0.0,0,,RPSOMLSJIIGGFAI08DA,0.0,0.0,0.0,無,
嘉義市,房地(土地+建物),嘉義市嘉義市文雅街１４０巷２３弄７號,117.57,都市：其他:住宅區,,,1100907,土地2建物1車位0,全,五層,透天厝,住家用,鋼筋混凝土造,0831201,273.44,4,3,3,有,有,10680000,39058,,0.0,0,,RPROMLTLRHGGFAI09DA,244.0,29.44,0.0,無,018
嘉義市,房地(土地+建物),嘉義市嘉義市民生南路４０３巷４０弄１３號,51.0,都市：其他:住宅區,,,1100914,土地1建物1車位0,全,二層,透天厝,住家用,鋼筋混凝土加強磚造,0680220,50.33,4,1,2,有,無,2000000,39738,,0.0,0,,RPOOMLLJIIGGFAI96DA,47.5,2.83,0.0,有,
嘉義市,房地(土地+建物)+車位,嘉義市嘉義市國賢一街６０號７樓１,17.64,都市：其他:住宅區,,,1100927,土地1建物1車位1,七層,十五層,住宅大樓(11層含以上有電梯),住家用,鋼筋混凝土造,0810626,150.82,3,2,2,有,有,6700000,44424,坡道平面,0.0,0,,RPXPMLNKIIGGFAI28DA,86.07,13.08,0.0,有,019
嘉義市,房地(土地+建物)+車位,嘉義市嘉義市興業西路１９３號九樓,32.22,都市：其他:住宅區,,,1100922,土地1建物1車位1,九層,十四層,住宅大樓(11層含以上有電梯),住家用,鋼筋混凝土造,0931103,177.67000000000002,3,2,2,有,有,8250000,46434,坡道平面,0.0,0,,RPPNMLOKIIGGFAI37DA,96.19,11.93,0.0,有,
嘉義市,房地(土地+建物),嘉義市嘉義市國華街１８１巷１８號,56.0,都市：其他:商業區,,,1100913,土地1建物1車位0,全,一層,透天厝,住家用,木造,,43.87,2,1,1,有,無,3000000,68384,,0.0,0,,RPPNMLNKIIGGFAI27DA,43.87,0.0,0.0,無,020
嘉義市,房地(土地+建物),嘉義市嘉義市興安街２２７號,89.0,都市：其他:住宅區,,,1100829,土地1建物1車位0,全,二層,透天厝,住家用,鋼筋混凝土造,0780324,139.76,4,2,3,有,無,6200000,44362,,0.0,0,頂樓加蓋；其他增建；,RPSOMLOKIIGGFAI77DA,124.0,15.76,0.0,無,
嘉義市,房地(土地+建物),嘉義市嘉義市光正街８２巷４８號,57.0,都市：其他:住宅區,,,1100925,土地1建物1車位0,全,一層,透天厝,住家用,木造,0621120,44.7,2,1,1,有,無,1500000,33557,,0.0,0,,RPQNMLOKIIGGFAI57EA,44.7,0.0,0.0,無,
嘉義市,房地(土地+建物),嘉義市嘉義市育英里２０鄰國華街４６之２號,48.0,都市：其他:住宅區,,,1100901,土地1建物1車位0,全,二層,透天厝,住家用,鋼筋混凝土加強磚造,0651021,65.76,4,2,4,有,無,6900000,104927,,0.0,0,,RPPOMLOKIIGGFAI57EA,65.76,0.0,0.0,無,021
嘉義市,房地(土地+建物),嘉義市嘉義市彌陀路２３８巷６６弄４６號,104.58,都市：其他:住宅區,,,1100918,土地2建物1車位0,全,三層,透天厝,住家用,鋼筋混凝土構造,1100528,194.94,3,2,3,有,無,15220000,78075,,0.0,0,,RPWOMLOKIIGGFAI18DA,180.69,14.25,0.0,無,
嘉義市,房地(土地+建物),嘉義市嘉義市彌陀路２３８巷６６弄４６之３號,87.42,都市：其他:住宅區,,,1100912,土地2建物1車位0,全,三層,透天厝,住家用,鋼筋混凝土構造,1100528,179.84,3,2,3,有,無,14500000,80627,,0.0,0,,RPXOMLOKIIGGFAI28DA,164.4,15.44,0.0,無,
嘉義市,房地(土地+建物),嘉義市嘉義市日新街２１８巷３９號,177.96,都市：其他:住宅區,,,1100919,土地1建物1車位0,全,四層,透天厝,住家用,鋼筋混凝土構造,1021107,287.44,5,2,4,有,有,20500000,71319,,0.0,0,土地價款新台幣1189萬元正。建物價款新台幣861萬元正。,RPOPMLOKIIGGFAI47DA,275.2,11.96,0.0,有,
嘉義市,土地,車店段404-3地號,6.0,都市：其他:道路用地,,,1101006,土地2建物0車位0,,,其他,,,,0.0,0,0,0,有,無,132000,22000,,0.0,0,,RPPOMLPKIIGGFAI67EA,0.0,0.0,0.0,無,022
嘉義市,房地(土地+建物),嘉義市嘉義市蘭井街１５２號４樓１,8.14,都市：其他:商業區,,,1100816,土地1建物1車位0,四層,六層,華廈(10層含以下有電梯),住家用,鋼筋混凝土造,0800626,54.0,1,1,1,有,有,2300000,42593,,0.0,0,,RPROMLPKIIGGFAI77DA,37.93,0.0,0.0,有,
嘉義市,土地,埤子頭段292-11地號,20.0,都市：其他:住宅區,,,1100802,土地1建物0車位0,,,其他,,,,0.0,0,0,0,有,無,650000,32500,,0.0,0,親友、員工、共有人或其他特殊關係間之交易；,RPVOMLOKIIGGFAI08DA,0.0,0.0,0.0,無,
嘉義市,房地(土地+建物),嘉義市嘉義市和平路２６１之２號３樓１,8.29,都市：其他:商業區,,,1100910,土地1建物1車位0,三層,十四層,住宅大樓(11層含以上有電梯),住家用,鋼筋混凝土造,0821018,70.71000000000001,2,1,1,有,有,3500000,49498,,0.0,0,,RPRNMLPKIIGGFAI77EA,48.73,4.73,0.0,有,023
嘉義市,土地,港子坪段15-17地號,37.75,都市：其他:住宅區,,,1101006,土地1建物0車位0,,,其他,,,,0.0,0,0,0,有,無,350000,9272,,0.0,0,親友、員工、共有人或其他特殊關係間之交易；,RPSNMLPKIIGGFAI77DA,0.0,0.0,0.0,無,
嘉義市,建物,嘉義市嘉義市興業東路８６巷３７號,0.0,,,,1100914,土地0建物1車位0,全,二層,透天厝,住商用,鋼筋混凝土加強磚造,0581104,101.79,3,2,1,有,無,1200000,11789,,0.0,0,頂樓加蓋；其他增建；,RPTNMLPKIIGGFAI87DA,101.79,0.0,0.0,無,
嘉義市,房地(土地+建物),嘉義市嘉義市中山路３６巷１４號,51.0,都市：其他:住宅區,,,1100915,土地1建物1車位0,全,二層,透天厝,住家用,加強磚造,0580910,65.94,2,2,2,有,無,4500000,68244,,0.0,0,,RPUNMLPKIIGGFAI97DA,65.94,0.0,0.0,無,024
嘉義市,土地,湖子內段興安小段153-1地號,122.54,都市：其他:住宅區,,,1100809,土地1建物0車位0,,,其他,,,,0.0,0,0,0,有,無,7400000,60388,,0.0,0,,RPVNMLQKIIGGFAI18DA,0.0,0.0,0.0,無,
嘉義市,土地,盧東段918-1地號,270.25,都市：其他:農業區,,,1101006,土地1建物0車位0,,,其他,,,,0.0,0,0,0,有,無,1500000,5550,,0.0,0,,RPPNMLPKIIGGFAI57EA,0.0,0.0,0.0,無,
嘉義市,房地(土地+建物),嘉義市嘉義市友孝路１２３號五樓之１,15.08,都市：其他:商業區,,,1100917,土地1建物1車位0,五層,九層,華廈(10層含以下有電梯),住家用,鋼筋混凝土造,0800225,110.83,3,2,2,有,有,4000000,36091,,0.0,0,,RPXNMLSKIIGGFAI58DA,85.78,7.06,0.0,有,
嘉義市,房地(土地+建物)+車位,嘉義市嘉義市興美七街１３６號四樓之１,19.97,都市：其他:住宅區,,,1061015,土地6建物1車位1,四層,九層,華廈(10層含以下有電梯),辦公用,鋼筋混凝土構造,1100312,98.95,3,2,2,有,有,4630000,46791,坡道機械,0.0,0,本案依據建設公司提供之預售契約書登載，買賣總價463萬元，土地售價231萬元，房屋售價232萬元。,RPRNMLNKIIGGFAI47DA,38.27,11.68,0.0,有,
嘉義市,房地(土地+建物),嘉義市嘉義市興美七街１３８號六樓之１,29.73,都市：其他:住宅區,,,1060822,土地6建物1車位0,六層,九層,華廈(10層含以下有電梯),辦公用,鋼筋混凝土構造,1100312,139.29000000000002,4,2,2,有,有,7000000,50255,,0.0,0,本案依據建設公司提供之預售契約書登載，買賣總價700萬元，土地售價350萬元，房屋售價350萬元。總價含1樓室內平面約定車位。,RPSNMLNKIIGGFAI57DA,70.35,7.08,0.0,有,
嘉義市,房地(土地+建物),嘉義市嘉義市興美七街１３８號八樓之１,29.73,都市：其他:住宅區,,,1070827,土地6建物1車位0,八層,九層,華廈(10層含以下有電梯),辦公用,鋼筋混凝土構造,1100312,139.26,4,2,2,有,有,6780000,48686,,0.0,0,本案依據建設公司提供之預售契約書登載，買賣總價678萬元，土地售價339萬元，房屋售價339萬元。總價含地下一樓平面約定車位。,RPTNMLNKIIGGFAI67DA,70.35,7.08,0.0,有,
嘉義市,房地(土地+建物),嘉義市嘉義市興美七街１３８號六樓之５,37.89,都市：其他:住宅區,,,1060909,土地6建物1車位0,六層,九層,華廈(10層含以下有電梯),辦公用,鋼筋混凝土構造,1100312,103.11,3,2,2,有,有,5580000,54117,,0.0,0,本案依據建設公司提供之預售契約書登載，買賣總價558萬元，土地售價279萬元，房屋售價279萬元。總價含1樓戶外平面約定車位。,RPUNMLNKIIGGFAI77DA,53.44,6.75,0.0,有,
嘉義市,房地(土地+建物)+車位,嘉義市嘉義市興美七街１３８號四樓之３,28.88,都市：其他:住宅區,,,1100430,土地6建物1車位1,四層,九層,華廈(10層含以下有電梯),住家用,鋼筋混凝土構造,1100312,128.04000000000002,3,2,1,有,有,4750000,37098,坡道機械,0.0,0,本案依據建設公司提供之預售契約書登載，買賣總價475萬元，土地售價238萬元，房屋售價237萬元。,RPVNMLTLOHGGFAI09DA,66.01,9.08,0.0,有,
嘉義市,房地(土地+建物),嘉義市嘉義市興美七街１３８號六樓之６,43.62,都市：其他:住宅區,,,1060921,土地6建物1車位0,六層,九層,華廈(10層含以下有電梯),辦公用,鋼筋混凝土構造,1100312,126.36000000000001,4,2,2,有,有,6600000,52232,,0.0,0,本案依據建設公司提供之預售契約書登載，買賣總價660萬元，土地售價330萬元，房屋售價330萬元。總價含1樓戶外平面約定車位。,RPROMLRJRHGGFAI68DA,66.05,10.32,0.0,有,
嘉義市,房地(土地+建物)+車位,嘉義市嘉義市興美七街１３８號七樓之２,32.16,都市：其他:住宅區,,,1060818,土地6建物1車位1,七層,九層,華廈(10層含以下有電梯),辦公用,鋼筋混凝土構造,1100312,143.57999999999998,4,2,2,有,有,6450000,44923,坡道平面,0.0,0,本案依據建設公司提供之預售契約書登載，買賣總價645萬元，土地售價323萬元，房屋售價322萬元。,RPRPMLSJRHGGFAI88DA,74.31,6.3,0.0,有,
嘉義市,房地(土地+建物),嘉義市嘉義市興美七街１３８號六樓之３,42.28,都市：其他:住宅區,,,1060723,土地6建物1車位0,六層,九層,華廈(10層含以下有電梯),辦公用,鋼筋混凝土構造,1100312,123.07999999999998,4,2,2,有,有,6390000,51917,,0.0,0,本案依據建設公司提供之預售契約書登載，買賣總價639萬元，土地售價322萬元，房屋售價317萬元。總價含1F戶外平面約定車位。,RPSPMLSJRHGGFAI98DA,66.01,7.95,0.0,有,
嘉義市,土地,車店段車店小段558地號,20.89,都市：其他:農業區,,,1101005,土地2建物0車位0,,,其他,,,,0.0,0,0,0,有,無,600000,28722,,0.0,0,,RPXNMLQJIIGGFAI28DA,0.0,0.0,0.0,無,
嘉義市,房地(土地+建物),嘉義市嘉義市林森東路３２１巷１弄１６號,108.0,都市：其他:住宅區,,,1100907,土地1建物1車位0,全,二層,透天厝,住家用,鋼筋混凝土加強磚造,0711118,119.45,4,2,2,有,無,5200000,43533,,0.0,0,,RPQOMLTJRHGGFAI78DA,109.54,9.91,0.0,無,
嘉義市,房地(土地+建物),嘉義市嘉義市興美七街１３８號八樓之５,37.4,都市：其他:住宅區,,,1060704,土地6建物1車位0,八層,九層,華廈(10層含以下有電梯),辦公用,鋼筋混凝土構造,1100312,103.08,3,2,2,有,有,5700000,55297,,0.0,0,本案依據建設公司提供之預售契約書登載，買賣總價570萬元，土地售價285萬元，房屋售價285萬元。總價含1樓戶外平面約定車位。,RPVNMLNKIIGGFAI87DA,53.44,6.75,0.0,有,
嘉義市,房地(土地+建物),嘉義市嘉義市興美七街１３８號七樓之６,43.13,都市：其他:住宅區,,,1060719,土地6建物1車位0,七層,九層,華廈(10層含以下有電梯),辦公用,鋼筋混凝土構造,1100312,124.41,4,2,2,有,有,5900000,47424,,0.0,0,本案依據建設公司提供之預售契約書登載，買賣總價590萬元，土地售價295萬元，房屋售價295萬元。總價含1樓戶外平面約定車位。,RPWNMLNKIIGGFAI97DA,66.05,10.32,0.0,有,
嘉義市,房地(土地+建物)+車位,嘉義市嘉義市興美七街１３８號九樓之５,43.34,都市：其他:住宅區,,,1060607,土地6建物1車位1,九層,九層,華廈(10層含以下有電梯),辦公用,鋼筋混凝土構造,1100312,141.51,4,2,2,有,有,6700000,47346,坡道機械,0.0,0,本案依據建設公司提供之預售契約書登載，買賣總價670萬元，土地售價335萬元，房屋售價335萬元。總價含1樓戶外平面約定車位。,RPXNMLNKIIGGFAI08DA,66.05,10.32,0.0,有,
嘉義市,房地(土地+建物)+車位,嘉義市嘉義市興美七街１４０號三樓之２,18.06,都市：其他:住宅區,,,1060610,土地6建物1車位1,三層,九層,華廈(10層含以下有電梯),辦公用,鋼筋混凝土構造,1100312,93.28,3,2,2,有,有,4420000,47384,坡道機械,0.0,0,本案依據建設公司提供之預售契約書登載，買賣總價442萬元，土地售價221萬元，房屋售價221萬元。,RPOOMLNKIIGGFAI27DA,38.18,5.97,0.0,有,
嘉義市,房地(土地+建物),嘉義市嘉義市興美七街１４６號四樓之１,34.28,都市：其他:住宅區,,,1070326,土地6建物1車位0,四層,九層,華廈(10層含以下有電梯),辦公用,鋼筋混凝土構造,1100312,95.59,3,2,2,有,有,5160000,53981,,0.0,0,本案依據建設公司提供之預售契約書登載，買賣總價516萬元，土地售價258萬元，房屋售價258萬元。總價含1樓戶外平面約定車位。,RPPOMLNKIIGGFAI37DA,38.27,11.68,0.0,有,
嘉義市,房地(土地+建物),嘉義市嘉義市興美七街１４６號四樓之２,32.38,都市：其他:住宅區,,,1070326,土地6建物1車位0,四層,九層,華廈(10層含以下有電梯),辦公用,鋼筋混凝土構造,1100312,87.91,3,2,2,有,有,4990000,56763,,0.0,0,本案依據建設公司提供之預售契約書登載，買賣總價499萬元，土地售價250萬元，房屋售價249萬元。總價含一樓戶外約定車位。,RPROMLNKIIGGFAI57DA,38.18,5.97,0.0,有,
嘉義市,房地(土地+建物),嘉義市嘉義市興美七街１３８號六樓之２,46.47,都市：其他:住宅區,,,1070113,土地6建物1車位0,六層,九層,華廈(10層含以下有電梯),辦公用,鋼筋混凝土構造,1100312,130.35,4,2,2,有,有,6620000,50786,,0.0,0,本案依據建設公司提供之預售契約書登載，買賣總價662萬元，土地售價331萬元，房屋售價331萬元。總價含一樓戶外約定車位。,RPSOMLNKIIGGFAI67DA,74.31,6.3,0.0,有,
嘉義市,房地(土地+建物),嘉義市嘉義市興美七街１４６號五樓之１,34.28,都市：其他:住宅區,,,1070328,土地6建物1車位0,五層,九層,華廈(10層含以下有電梯),辦公用,鋼筋混凝土構造,1100312,93.68,3,2,2,有,有,5060000,54014,,0.0,0,本案依據建設公司提供之預售契約書登載，買賣總價506萬元，土地售價253萬元，房屋售價253萬元。總價含1樓戶外平面約定車位。,RPTOMLNKIIGGFAI77DA,38.27,11.68,0.0,有,
嘉義市,房地(土地+建物),嘉義市嘉義市興美七街１４２號五樓之２,32.38,都市：其他:住宅區,,,1060806,土地6建物1車位0,五層,九層,華廈(10層含以下有電梯),辦公用,鋼筋混凝土構造,1100312,86.0,3,2,2,有,有,4730000,55000,,0.0,0,本案依據建設公司提供之預售契約書登載，買賣總價473萬元，土地售價237萬元，房屋售價236萬元。總價含1樓戶外平面約定車位。,RPUOMLNKIIGGFAI87DA,38.18,5.97,0.0,有,
嘉義市,房地(土地+建物),嘉義市嘉義市興美七街１４０號二樓之２,30.51,都市：其他:住宅區,,,1070720,土地6建物1車位0,二層,九層,華廈(10層含以下有電梯),辦公用,鋼筋混凝土構造,1100312,87.7,2,2,2,有,有,5200000,59293,,0.0,0,本案依據建設公司提供之預售契約書登載，買賣總價520萬元，土地售價260萬元，房屋售價260萬元。總價含一樓戶外約定車位。,RPVOMLNKIIGGFAI97DA,38.18,7.24,0.0,有,
嘉義市,房地(土地+建物)+車位,嘉義市嘉義市興美七街１４２號四樓之２,18.06,都市：其他:住宅區,,,1060801,土地6建物1車位1,四層,九層,華廈(10層含以下有電梯),辦公用,鋼筋混凝土構造,1100312,91.27,3,2,2,有,有,4270000,46784,坡道機械,0.0,0,本案依據建設公司提供之預售契約書登載，買賣總價427萬元，土地售價214萬元，房屋售價213萬元。,RPQOMLOKIIGGFAI57DA,38.18,5.97,0.0,有,
嘉義市,房地(土地+建物),嘉義市嘉義市永吉四街３１號４樓１,11.29,都市：其他:住宅區,,,1100915,土地1建物1車位0,四層,六層,華廈(10層含以下有電梯),住家用,鋼筋混凝土造,0840712,51.06,1,0,1,有,有,1500000,29377,,0.0,0,,RPSPMLNKIIGGFAI77DA,30.9,1.89,0.0,有,
嘉義市,房地(土地+建物),嘉義市嘉義市重興街１１號,40.0,都市：其他:住宅區,,,1100924,土地1建物1車位0,全,一層,透天厝,住家用,木造,0580331,37.12,2,1,1,有,無,3000000,80819,,0.0,0,,RPTPMLNKIIGGFAI87DA,37.12,0.0,0.0,無,
嘉義市,房地(土地+建物),嘉義市嘉義市興美七街１４０號五樓之１,33.8,都市：其他:住宅區,,,1060821,土地6建物1車位0,五層,九層,華廈(10層含以下有電梯),辦公用,鋼筋混凝土構造,1100312,93.68,3,2,2,有,有,5010000,53480,,0.0,0,,RPOPMLNKIIGGFAI37DA,38.27,11.68,0.0,有,
嘉義市,房地(土地+建物),嘉義市嘉義市興美八街２１號,32.16,都市：其他:住宅區,,,1060706,土地6建物1車位0,一層,九層,華廈(10層含以下有電梯),辦公用,鋼筋混凝土構造,1100312,130.62,4,2,2,有,有,8130000,62242,,0.0,0,本案依據建設公司提供之預售契約書登載，買賣總價813萬元，土地售價406萬元，房屋售價407萬元。,RPPPMLNKIIGGFAI47DA,80.71,0.0,0.0,有,
嘉義市,房地(土地+建物),嘉義市嘉義市興美七街１３８號二樓之２,46.48,都市：其他:住宅區,,,1060706,土地6建物1車位0,二層,九層,華廈(10層含以下有電梯),辦公用,鋼筋混凝土構造,1100312,143.49,4,2,2,有,有,6830000,47599,,0.0,0,本案依據建設公司提供之預售契約書登載，買賣總價683萬元，土地售價341萬元，房屋售價342萬元。總價含一樓戶外平面約定車位及地下一層平面約定車位。,RPQPMLNKIIGGFAI57DA,74.31,6.3,0.0,有,
嘉義市,土地,白川段55-173地號,4.0,都市：其他:住宅區,,,1100928,土地1建物0車位0,,,其他,,,,0.0,0,0,0,有,無,301080,75270,,0.0,0,政府機關標讓售；,RPROMLSKIIGGFAI08DA,0.0,0.0,0.0,無,
嘉義市,房地(土地+建物),嘉義市嘉義市融和街１５之３號５樓３,21.0,都市：其他:住宅區,,,1100829,土地1建物1車位0,五層,五層,華廈(10層含以下有電梯),住家用,鋼筋混凝土造,0800320,78.56,2,1,1,有,有,4060000,51680,,0.0,0,,RPWOMLSKIIGGFAI58DA,53.03,0.0,0.0,有,
嘉義市,房地(土地+建物),嘉義市嘉義市德明路１７０號九樓２,11.27,都市：其他:商業區,,,1100928,土地1建物1車位0,九層,十二層,住宅大樓(11層含以上有電梯),住家用,鋼筋混凝土造,0830530,136.47,3,2,2,有,有,5200000,38104,,0.0,0,,RPQPMLSKIIGGFAI08DA,95.18,12.7,0.0,有,
嘉義市,房地(土地+建物),嘉義市嘉義市德陽街２９號,18.11,都市：其他:商業區,,,1100901,土地1建物1車位0,一層,六層,華廈(10層含以下有電梯),商業用,鋼筋混凝土造,0820316,103.07,3,2,2,有,有,3700000,35898,,0.0,0,,RPSNMLTKIIGGFAI18DA,71.33,7.19,0.0,有,
嘉義市,房地(土地+建物)+車位,嘉義市嘉義市健康十街３７７號七樓之５,19.71,都市：其他:商業區,,,1100915,土地1建物1車位1,七層,十層,華廈(10層含以下有電梯),住家用,鋼筋混凝土構造,1100420,112.83000000000001,3,2,2,有,有,6500000,57609,坡道機械,0.0,0,,RPTNMLTKIIGGFAI28DA,60.07,5.24,0.0,有,
嘉義市,土地,溪厝段454地號,1993.8,都市：其他:農業區,,,1100927,土地1建物0車位0,,,其他,,,,0.0,0,0,0,有,無,3650000,1831,,0.0,0,親友、員工、共有人或其他特殊關係間之交易；,RPUOMLOKIIGGFAI97DA,0.0,0.0,0.0,無,
嘉義市,土地,竹村段貨轉小段81地號,580.19,都市：其他:貨運轉運中心區,,,1100904,土地1建物0車位0,,,其他,,,,0.0,0,0,0,有,無,18000000,31024,,0.0,0,,RPQNMLPKIIGGFAI67EA,0.0,0.0,0.0,無,
嘉義市,房地(土地+建物),嘉義市嘉義市友義街５０號,131.0,都市：其他:住宅區,,,1090527,土地1建物1車位0,全,四層,透天厝,住家用,鋼筋混凝土構造,1100728,308.5,5,2,5,有,無,19860000,64376,,0.0,0,土地價款新台幣1192萬元正。建物價款新台幣794萬元正。,RPPNMLSKIIGGFAI77DA,288.02,20.48,0.0,有,
嘉義市,房地(土地+建物),嘉義市嘉義市友義街４８號,127.0,都市：其他:住宅區,,,1090505,土地1建物1車位0,全,四層,透天厝,住家用,鋼筋混凝土構造,1100728,305.55,6,2,6,有,無,19800000,64801,,0.0,0,土地價款新台幣1188萬元正。建物價款新台幣792萬元正。,RPQNMLSKIIGGFAI87DA,285.44,20.11,0.0,有,
嘉義市,房地(土地+建物),嘉義市嘉義市友義街４６號,127.0,都市：其他:住宅區,,,1091111,土地1建物1車位0,全,四層,透天厝,住家用,鋼筋混凝土構造,1100728,303.96,5,2,6,有,無,19900000,65469,,0.0,0,土地價款新台幣1194萬元正。建物價款新台幣796萬元正。,RPRNMLSKIIGGFAI97DA,285.44,18.52,0.0,有,
嘉義市,房地(土地+建物),嘉義市嘉義市友義街４２號,127.0,都市：其他:住宅區,,,1091007,土地1建物1車位0,全,四層,透天厝,住家用,鋼筋混凝土構造,1100728,303.5,5,2,6,有,無,19800000,65239,,0.0,0,土地價款新台幣1188萬元正。建物價款新台幣792萬元正。,RPSNMLSKIIGGFAI08DA,285.44,18.06,0.0,有,
嘉義市,房地(土地+建物),嘉義市嘉義市友義街４０號,127.0,都市：其他:住宅區,,,1090828,土地1建物1車位0,全,四層,透天厝,住家用,鋼筋混凝土構造,1100728,303.95,5,2,6,有,無,19800000,65142,,0.0,0,土地價款新台幣1188萬元正。建物價款新台幣792萬元正。,RPTNMLSKIIGGFAI18DA,285.44,18.51,0.0,有,
嘉義市,房地(土地+建物),嘉義市嘉義市友義街３８號,127.0,都市：其他:住宅區,,,1090901,土地1建物1車位0,全,四層,透天厝,住家用,鋼筋混凝土構造,1100728,304.1,5,2,6,有,無,19800000,65110,,0.0,0,土地價款新台幣1188萬元正。建物價款新台幣792萬元正。,RPUNMLSKIIGGFAI28DA,285.44,18.66,0.0,有,
嘉義市,房地(土地+建物),嘉義市嘉義市友義街３２號,130.0,都市：其他:住宅區,,,1090930,土地1建物1車位0,全,四層,透天厝,住家用,鋼筋混凝土構造,1100728,309.58,5,2,6,有,無,19880000,64216,,0.0,0,土地價款新台幣1193萬元正。建物價款新台幣795萬元正。,RPVNMLSKIIGGFAI38DA,289.69,19.89,0.0,有,
嘉義市,土地,頂庄段296地號,2424.9,都市：其他:農業區,,,1100813,土地6建物0車位0,,,其他,,,,0.0,0,0,0,有,無,9100000,3753,,0.0,0,本件成交價為新台幣910萬元整，因其中一筆土地內有三七五租約，經雙方協議於總價額中賣方退買方45萬元整。含租約；,RPXNMLPKIIGGFAI28DA,0.0,0.0,0.0,無,
嘉義市,房地(土地+建物),嘉義市嘉義市興安街２４８號,128.0,都市：其他:住宅區,,,1100917,土地2建物1車位0,全,四層,透天厝,住商用,鋼筋混凝土構造,1040417,297.18,4,4,5,有,無,18000000,60569,,0.0,0,,RPTOMLPKIIGGFAI97DA,270.29,26.89,0.0,有,
