﻿鄉鎮市區,交易標的,土地位置建物門牌,土地面積平方公尺,都市土地使用分區,非都市土地使用分區,非都市土地使用編定,租賃年月日,租賃筆棟數,租賃層次,總樓層數,建物型態,主要用途,主要建材,建築完成年月,建物總面積平方公尺,建物現況格局-房,建物現況格局-廳,建物現況格局-衛,建物現況格局-隔間,有無管理組織,有無附傢俱,總額元,單價元平方公尺,車位類別,車位面積平方公尺,車位總額元,備註,編號
The villages and towns urban district,transaction sign,land sector position building sector house number plate,land shifting total area square meter,the use zoning or compiles and checks,the non-metropolis land use district,non-metropolis land use,transaction year month and day,transaction pen number,shifting level,total floor number,building state,main use,main building materials,construction to complete the years,building shifting total area,Building present situation pattern - room,building present situation pattern - hall,building present situation pattern - health,building present situation pattern - compartmented,Whether there is manages the organization,Whether there is attaches the furniture,total price NTD,the unit price (NTD / square meter),the berth category,berth shifting total area square meter,the berth total price NTD,the note,serial number
嘉義市,建物,嘉義市嘉義市文化路４３２巷３７號６樓３,0.0,住,,,1100825,土地0建物1車位0,六層,7,華廈(10層含以下有電梯),住家用,鋼筋混凝土造,0800813,58.69,2,1,1,有,有,有,8100,138,,0.0,0,嘉義市政府包租代管計畫,RPVNMLLKRHGGFAI58CC
嘉義市,房地(土地+建物)+車位,嘉義市嘉義市忠孝路７９０之１０號３樓之７,17.92,住,,,1100731,土地1建物1車位1,三層,14,住宅大樓(11層含以上有電梯),集合住宅,鋼筋混凝土構造,1050510,125.2,2,2,2,有,有,有,26500,212,坡道機械,0.0,1500,110年8月1日至9月30日月租金為25000元整.110年10月1日起提供車位.原申報書序號C2IA11008250007更正租賃日期為110年7月31日,RPPNMLLKRHGGFAI08DC
嘉義市,房地(土地+建物),嘉義市嘉義市西區林森西路５４０號,135.0,住,,,1100913,土地1建物1車位0,見其他登記事項,4,店面(店鋪),店舖、梯廳、住宅、樓梯間,鋼筋混凝土構造,1051017,379.2,4,5,5,有,無,無,65000,171,,0.0,0,1.自112年12月5日起至114年12月4日止每月租金為6萬6950元整含稅2.自114年12月5日起至116年12月4日止每月租金為6萬8959元整含稅,RPVNMLOKRHGGFAI09EC
嘉義市,建物,嘉義市嘉義市共和路６１之３１號４樓１１,0.0,商,,,1100826,土地0建物1車位0,四層,9,華廈(10層含以下有電梯),住家用,鋼筋混凝土造,0700421,73.88,3,2,1,有,無,有,6000,81,,0.0,0,嘉義市政府包租代管計畫,RPXNMLPKRHGGFAI56CC
嘉義市,建物,嘉義市嘉義市大雅路一段６３０巷１２號,0.0,住,,,1100825,土地0建物1車位0,全,2,透天厝,住家用,鋼筋混凝土加強磚造,0661103,136.97,3,2,3,有,無,有,25000,183,,0.0,0,嘉義市政府包租代管計畫,RPOOMLPKRHGGFAI38CC
嘉義市,建物,嘉義市嘉義市和平路８７之１號７樓２,0.0,住,,,1100824,土地0建物1車位0,七層,7,華廈(10層含以下有電梯),住家用,鋼筋混凝土造,0821207,131.1,3,1,2,有,無,有,15000,114,,0.0,0,嘉義市政府包租代管計畫,RPPOMLPKRHGGFAI48CC
嘉義市,建物,嘉義市嘉義市民生南路２９４之８號六樓之５,0.0,住,,,1100823,土地0建物1車位0,六層,7,套房(1房1廳1衛),住家用,鋼筋混凝土造,0780203,32.73,1,0,1,有,無,有,5000,153,,0.0,0,嘉義市政府包租代管計畫,RPSNMLRKRHGGFAI88CC
嘉義市,建物,嘉義市嘉義市國華街２９０號７樓１４,0.0,商,,,1100824,土地0建物1車位0,七層,7,套房(1房1廳1衛),辦公室,鋼筋混凝土造,0771108,32.99,1,0,1,有,無,有,6500,197,,0.0,0,嘉義市政府包租代管計畫,RPTNMLRKRHGGFAI98CC
嘉義市,建物,嘉義市嘉義市僑嘉三街８６號三樓之１,0.0,住,,,1100826,土地0建物1車位0,三層,5,套房(1房1廳1衛),住家用,鋼筋混凝土構造,1081125,26.73,1,0,1,有,有,有,6600,247,,0.0,0,嘉義市政府包租代管計畫,RPUNMLRKRHGGFAI09CC
嘉義市,建物,嘉義市嘉義市臺林街１１７巷５號８樓３,0.0,住,,,1100826,土地0建物1車位0,八層,11,住宅大樓(11層含以上有電梯),住家用,鋼筋混凝土造,0850401,66.63,2,1,1,有,有,有,11000,165,,0.0,0,嘉義市政府包租代管計畫,RPVNMLRKRHGGFAI56CC
嘉義市,建物,嘉義市嘉義市博愛路二段１６８號１２樓６,0.0,其他,,,1100827,土地0建物1車位0,十二層,14,套房(1房1廳1衛),住家用,鋼筋混凝土造,0880421,73.18,1,1,1,有,有,有,10000,137,,0.0,0,嘉義市政府包租代管計畫,RPOOMLRKRHGGFAI58CC
嘉義市,房地(土地+建物),嘉義市嘉義市高鐵大道１８３號,23.57,住,,,1100917,土地1建物1車位0,見其他登記事項,10,華廈(10層含以下有電梯),住商用,鋼筋混凝土造,0810804,157.04,2,3,2,有,有,無,18000,115,,0.0,0,,RPROMLRKRHGGFAI88CC
嘉義市,建物,嘉義市嘉義市康樂街９２號２樓１,0.0,住,,,1100901,土地0建物1車位0,二層,2,華廈(10層含以下有電梯),住家用,鋼筋混凝土造,0820222,98.83,2,2,1,有,無,有,8000,81,,0.0,0,嘉義市政府包租代管計畫,RPSOMLRKRHGGFAI98CC
嘉義市,房地(土地+建物),嘉義市嘉義市博東路１１５號１６樓２,14.59,住,,,1100826,土地1建物1車位0,十六層,22,住宅大樓(11層含以上有電梯),住家用,鋼筋混凝土造,0870319,115.37,2,2,2,有,有,有,12500,108,,0.0,0,,RPTOMLRKRHGGFAI09CC
嘉義市,房地(土地+建物),嘉義市嘉義市上海路３１８號,139.0,住,,,1100916,土地1建物1車位0,見其他登記事項,2,店面(店鋪),住商用,鋼筋混凝土加強磚造,0660511,164.2,3,3,2,有,無,無,35000,213,,0.0,0,1.自113年10月15日至115年10月14日止租金為每月38000元整2.租貸範圍不包含3樓增建部分,RPWNMLRKRHGGFAI86EC
