﻿編號,土地位置,土地移轉面積(平方公尺),使用分區或編定,權利人持分分母,權利人持分分子,移轉情形,地號
The serial number, land position,land shifting area square meter,the use zoning or compiles and checks,,,,land parcel
RPSNMLRKRHGGFAI78CB,湖子內段興安小段,31.88,都市：住,1000000,21930,持分移轉,00480000
RPQNMLQKRHGGFAI48CB,彌陀段,39.61,都市：住,100000,1963,持分移轉,01430000
RPRNMLPKRHGGFAI48CB,湖子內段興安小段,33.82,都市：住,1000000,23269,持分移轉,00480000
RPPNMLQKRHGGFAI38CB,彌陀段,21.43,都市：住,100000,1062,持分移轉,01430000
RPRNMLSKRHGGFAI78CB,盧東段,41.89,都市：農,10000,317,持分移轉,08980000
RPPNMLNKRHGGFAI08CB,湖子內段興安小段,31.88,都市：住,1000000,21930,持分移轉,00480000
RPRNMLRKRHGGFAI68CB,湖子內段興安小段,33.82,都市：住,1000000,23269,持分移轉,00480000
RPPNMLRKRHGGFAI48CB,下路頭段,98.00,都市：住,1,1,全筆移轉,00860184
RPPNMLRKRHGGFAI48CB,下路頭段,19.33,都市：住,12,1,持分移轉,00860027
RPTNMLSKRHGGFAI98CB,盧東段,44.66,都市：農,10000,338,持分移轉,08980000
RPPNMLRKRHGGFAI48CB,下路頭段,.42,都市：住,12,1,持分移轉,00860191
RPTNMLRKRHGGFAI88CB,湖子內段興安小段,31.88,都市：住,1000000,21930,持分移轉,00480000
RPUNMLSKRHGGFAI09CB,盧東段,44.66,都市：農,10000,338,持分移轉,08980000
RPQNMLLJIIGGFAI07CB,湖子內段興安小段,33.82,都市：住,1000000,23269,持分移轉,00480000
RPPNMLPLRHGGFAI38CB,下埤段,30.60,都市：住,1,1,全筆移轉,06360004
RPPNMLPLRHGGFAI38CB,下埤段,53.40,都市：農,1,1,全筆移轉,06320002
RPPNMLPLRHGGFAI38CB,下埤段,15.91,都市：住,19,1,持分移轉,06360015
RPPNMLSLRHGGFAI68CB,彌陀段,23.59,都市：住,100000,1169,持分移轉,01430000
RPQOMLTLRHGGFAI98CB,湖子內段湖美小段,97.53,都市：住,1,1,全筆移轉,02560003
RPQNMLMJIIGGFAI17CB,頂庄段,31.62,都市：住,100000,5297,持分移轉,06430000
RPVNMLTLRHGGFAI76CB,湖子內段新民小段,61.57,都市：其他:第三種休閒專用區,1,1,全筆移轉,04150010
RPVNMLTLRHGGFAI76CB,湖子內段新民小段,6.64,都市：其他:第三種休閒專用區,1,1,全筆移轉,04150041
RPVNMLTLRHGGFAI76CB,湖子內段新民小段,3.18,都市：其他:第三種休閒專用區,100,12,持分移轉,04150019
RPTNMLOJIIGGFAI67CB,遠東段,23.82,都市：住,100000,632,持分移轉,00640000
RPQOMLOJIIGGFAI47CB,遠東段,29.40,都市：住,100000,780,持分移轉,00640000
RPRNMLLJIIGGFAI17CB,湖子內段興安小段,31.88,都市：住,1000000,21930,持分移轉,00480000
RPQNMLQJIIGGFAI57CB,遠東段,29.40,都市：住,100000,780,持分移轉,00640000
RPSOMLOJIIGGFAI67CB,遠東段,21.60,都市：住,100000,573,持分移轉,00640000
RPQNMLPJIIGGFAI57DB,湖子內段興安小段,109.56,都市：住,1,1,全筆移轉,03050003
RPROMLOJIIGGFAI57CB,遠東段,21.60,都市：住,100000,573,持分移轉,00640000
RPRNMLPJIIGGFAI57CB,彌陀段日新小段,46.61,都市：住,250119,8392,持分移轉,00450000
RPQNMLSJIIGGFAI77CB,湖子內段新民小段,59.51,都市：其他:第三種休閒專用區,1,1,全筆移轉,04150023
RPQNMLSJIIGGFAI77CB,湖子內段新民小段,1.85,都市：其他:第三種休閒專用區,100,7,持分移轉,04150019
RPPNMLQJIIGGFAI47CB,遠東段,29.74,都市：住,100000,789,持分移轉,00640000
RPRNMLNKIIGGFAI47CB,湖子內段新民小段,59.51,都市：其他:第三種休閒專用區,1,1,全筆移轉,04150011
RPRNMLNKIIGGFAI47CB,湖子內段新民小段,1.85,都市：其他:第三種休閒專用區,100,7,持分移轉,04150019
RPRNMLPJIIGGFAI67DB,湖子內段興安小段,109.54,都市：住,1,1,全筆移轉,03050004
RPRNMLQJIIGGFAI67CB,湖內段,100.00,都市：住,1,1,全筆移轉,06390004
RPRNMLQJIIGGFAI67CB,湖內段,69.60,都市：住,8370,696,持分移轉,06190000
RPRNMLQJIIGGFAI67CB,湖內段,1.14,都市：住,10000,1140,持分移轉,06190029
RPPNMLSJIIGGFAI67CB,湖子內段新民小段,76.62,都市：其他:第三種休閒專區,1,1,全筆移轉,04150020
RPPNMLSJIIGGFAI67CB,湖子內段新民小段,1.85,都市：其他:第三種休閒專區,100,7,持分移轉,04150019
RPRNMLOKIIGGFAI57CB,湖子內段興安小段,97.32,都市：住,1,1,全筆移轉,03200004
RPPNMLPKIIGGFAI47CB,湖內段,4.52,都市：住,92,1,持分移轉,09690024
RPPNMLPKIIGGFAI47CB,湖內段,.02,都市：住,92,1,持分移轉,09690026
RPSNMLNKIIGGFAI57CB,湖子內段新民小段,61.59,都市：其他:第三種休閒專用區,1,1,全筆移轉,04150016
RPPNMLPKIIGGFAI47CB,湖內段,.14,都市：住,160,1,持分移轉,09250000
RPSNMLNKIIGGFAI57CB,湖子內段新民小段,1.82,都市：其他:第三種休閒專用區,100,7,持分移轉,04150019
RPPNMLPKIIGGFAI47CB,湖內段,3.00,都市：住,640,3,持分移轉,09700000
RPPNMLPKIIGGFAI47CB,湖內段,.01,都市：住,640,3,持分移轉,09700001
RPPNMLPKIIGGFAI47CB,湖內段,4.56,都市：住,100000,1204,持分移轉,09260000
RPPNMLPKIIGGFAI47CB,湖內段,.01,都市：住,100000,1204,持分移轉,09260001
RPPNMLPKIIGGFAI47CB,湖內段,18.29,都市：住,100000,1204,持分移轉,09690001
RPPNMLPKIIGGFAI47CB,湖內段,.01,都市：住,100000,1204,持分移轉,09690025
RPQNMLRKIIGGFAI77CB,湖子內段興安小段,135.86,都市：住,1,1,全筆移轉,03200009
RPTNMLSJIIGGFAI08CB,短竹段,7.04,都市：商,100000,2345,持分移轉,04830001
RPTNMLSJIIGGFAI08CB,短竹段,.80,都市：商,100000,2345,持分移轉,04830005
RPTNMLSJIIGGFAI08CB,短竹段,2.06,都市：商,100000,2345,持分移轉,04840005
RPTNMLSJIIGGFAI08CB,短竹段,1.48,都市：商,100000,2345,持分移轉,04840006
RPTNMLSJIIGGFAI08CB,短竹段,1.52,都市：商,100000,2345,持分移轉,04840007
