﻿編號,屋齡,建物移轉面積平方公尺,主要用途,主要建材,建築完成日期,總層數,建物分層
The serial number,room age,building shifting area square meter,the main use,main building materials,construction completes the date,total layer,building lamination
RPVNMLOKRHGGFAI09EC,5,379.20,店舖、梯廳、住宅、樓梯間,鋼筋混凝土構造,105年10月17日,四層,
RPVNMLRKRHGGFAI56CC,25,66.63,住家用,鋼筋混凝土造,85年4月1日,十一層,
RPPNMLLKRHGGFAI08DC,5,125.20,集合住宅,鋼筋混凝土構造,105年5月10日,十四層,
RPTNMLRKRHGGFAI98CC,33,32.99,辦公室,鋼筋混凝土造,77年11月8日,七層,
RPOOMLPKRHGGFAI38CC,44,136.97,住家用,鋼筋混凝土加強磚造,66年11月3日,二層,
RPSNMLRKRHGGFAI88CC,33,32.73,住家用,鋼筋混凝土造,78年2月3日,七層,
RPUNMLRKRHGGFAI09CC,2,26.73,住家用,鋼筋混凝土構造,108年11月25日,五層,
RPXNMLPKRHGGFAI56CC,40,73.88,住家用,鋼筋混凝土造,70年4月21日,九層,
RPPOMLPKRHGGFAI48CC,28,131.10,住家用,鋼筋混凝土造,82年12月7日,七層,
RPVNMLLKRHGGFAI58CC,30,58.69,住家用,鋼筋混凝土造,80年8月13日,七層,
RPOOMLRKRHGGFAI58CC,22,73.18,住家用,鋼筋混凝土造,88年4月21日,十四層,
RPSOMLRKRHGGFAI98CC,29,98.83,住家用,鋼筋混凝土造,82年2月22日,六層,
RPTOMLRKRHGGFAI09CC,23,80.54,住家用,鋼筋混凝土造,87年3月19日,二十二層,
RPTOMLRKRHGGFAI09CC,23,16.74,共有部份,鋼筋混凝土造,87年3月19日,二十二層,
RPTOMLRKRHGGFAI09CC,23,18.09,共有部份,鋼筋混凝土造,87年3月19日,二十二層,
RPROMLRKRHGGFAI88CC,29,157.04,住商用,鋼筋混凝土造,81年8月4日,十層,
RPWNMLRKRHGGFAI86EC,44,164.20,住商用,鋼筋混凝土加強磚造,66年5月11日,二層,
