﻿編號,車位類別,車位價格,車位面積平方公尺,車位所在樓層
Serial number,berth category,berth price,berth area square meter,
RPSNMLRKRHGGFAI78CB,坡道平面,1100000,19.84,地下一樓
RPQNMLQKRHGGFAI48CB,坡道平面,1300000,27.27,地下一樓
RPRNMLPKRHGGFAI48CB,坡道平面,1100000,19.84,地下一樓
RPPNMLQKRHGGFAI38CB,坡道平面,1200000,27.27,地下一樓
RPRNMLSKRHGGFAI78CB,一樓平面,1000000,21.55,一樓
RPRNMLRKRHGGFAI68CB,坡道平面,1100000,19.84,地下一樓
RPTNMLSKRHGGFAI98CB,一樓平面,1000000,21.55,一樓
RPUNMLSKRHGGFAI09CB,一樓平面,1000000,21.55,一樓
RPQNMLLJIIGGFAI07CB,坡道平面,1200000,19.84,地下一樓
RPPNMLSLRHGGFAI68CB,坡道平面,1100000,24.75,地下二樓
RPTNMLOJIIGGFAI67CB,坡道平面,1300000,26.70,地下一樓
RPQOMLOJIIGGFAI47CB,坡道平面,1300000,26.70,地下一樓
RPQOMLOJIIGGFAI47CB,坡道平面,1300000,26.70,地下一樓
RPQNMLQJIIGGFAI57CB,坡道平面,1300000,26.70,地下一樓
RPQNMLQJIIGGFAI57CB,坡道平面,1300000,26.70,地下一樓
RPSOMLOJIIGGFAI67CB,坡道平面,1250000,26.70,地下二樓
RPROMLOJIIGGFAI57CB,坡道平面,1250000,24.74,地下一樓
RPRNMLPJIIGGFAI57CB,坡道平面,1100000,16.05,地下一樓
RPPNMLQJIIGGFAI47CB,坡道平面,1300000,26.70,地下一樓
RPPNMLPKIIGGFAI47CB,坡道平面,1000000,13.75,二樓含以上
RPTNMLSJIIGGFAI08CB,坡道機械,650000,12.98,地下一樓
