﻿編號,車位類別,車位價格,車位面積平方公尺,車位所在樓層
Serial number,berth category,berth price,berth area square meter,
RPPOMLSLRHGGFAI78DA,坡道平面,0,,地下一樓
RPQOMLSJIIGGFAI97EA,坡道平面,0,,地下一樓
RPUNMLMKIIGGFAI67DA,坡道機械,0,,地下一樓
RPPNMLOKIIGGFAI37DA,坡道平面,0,,地下一樓
RPXPMLNKIIGGFAI28DA,坡道平面,0,,地下二樓
RPRNMLNKIIGGFAI47DA,坡道機械,0,,地下一樓
RPXNMLNKIIGGFAI08DA,坡道機械,0,,地下一樓
RPOOMLNKIIGGFAI27DA,坡道機械,0,,地下一樓
RPRPMLSJRHGGFAI88DA,坡道平面,0,,地下一樓
RPQOMLOKIIGGFAI57DA,坡道機械,0,,地下一樓
RPVNMLTLOHGGFAI09DA,坡道機械,0,,地下一樓
RPTNMLTKIIGGFAI28DA,坡道機械,0,,地下二樓
