﻿編號,屋齡,建物移轉面積平方公尺,主要用途,主要建材,建築完成日期,總層數,建物分層
The serial number,room age,building shifting area square meter,the main use,main building materials,construction completes the date,total layer,building lamination
RPQQMLNJRHGGFBJ58DA,9,96.62,商業用,鋼筋混凝土造,101年10月25日,十三層,一層 陽台
RPQQMLNJRHGGFBJ58DA,9,17.51,本共有部分之項目有樓梯間、機械室、水箱等三項。,鋼筋混凝土造,101年10月25日,十三層,
RPQQMLNJRHGGFBJ58DA,9,68.02,本共有部分之項目有防空避難室兼停車空間、管委會使用空間等二項。,鋼筋混凝土造,101年10月25日,十三層,
RPSOMLSLRHGGFBJ66DA,7,126.78,店舖、辦公室,鋼筋混凝土造,103年3月21日,二層,一層 二層 陽台
RPSOMLSLRHGGFBJ66DA,7,133.37,店舖、辦公室,鋼筋混凝土造,103年3月21日,二層,一層 二層 陽台
RPSOMLSLRHGGFBJ66DA,7,98.57,本共有部分之項目有防空避難室兼停車空間，頂蓋型廣場式開放空間，管理員室，管委會空間，樓梯間，機械室，水箱等七項。,鋼筋混凝土造,103年3月21日,二十四層,
RPSOMLSLRHGGFBJ66DA,7,66.96,本共有部分之項目有防空避難室兼停車空間，頂蓋型廣場式開放空間，管理員室，管委會空間，樓梯間，機械室，水箱等七項。,鋼筋混凝土造,103年3月21日,二十四層,
RPTPMLKLQHGGFBJ58DA,28,83.62,住家用,鋼筋混凝土造,82年9月14日,七層,四層 陽台
RPTPMLKLQHGGFBJ58DA,28,9.69,共有部分,鋼筋混凝土造,82年9月14日,七層,
RPTPMLKLQHGGFBJ58DA,28,6.63,共有部分,鋼筋混凝土造,82年9月14日,七層,
RPUNMLLJIIGGFBJ67DA,2,66.01,住家用,鋼筋混凝土造,108年4月16日,二十四層,七層 陽台
RPUNMLLJIIGGFBJ67DA,2,44.25,本共有部分之項目有停車空間、防空避難室兼停車空間、管委會空間、防災空間等四項。,鋼筋混凝土造,108年4月16日,二十四層,
RPUNMLLJIIGGFBJ67DA,2,14.78,本共有部分之項目有梯間、機房、水箱等三項。,鋼筋混凝土造,108年4月16日,二十四層,
RPPNMLMLRHGGFBJ28DA,6,.16,辦公室,鋼筋混凝土造,105年2月3日,十九層,一層
RPPNMLMLRHGGFBJ28DA,6,27.42,本共有部分之項目有防空避難室兼停車空間、消防機房、污水、雨水機房、水箱、排煙室、梯間、停車空間、發電機室、電信機房、中繼水箱、梯廳、台電配電室、防災中心、頂型開放空間、公共服務空間、垃圾室、設備室、工具室等十九項。,鋼筋混凝土造,105年2月3日,十九層,
RPSNMLNJIIGGFBJ67DA,,87.63,住家用,鋼筋混凝土造,,四層,二層
RPUOMLPJIIGGFBJ18DA,27,3.49,共有部分,鋼筋混凝土造,83年4月21日,地下二層,
RPUOMLPJIIGGFBJ18DA,27,176.05,住家用,鋼筋混凝土造,83年4月21日,四層,一層 二層 三層 四層 陽台 平台 花台
RPUOMLPJIIGGFBJ18DA,27,1.26,商業用,鋼筋混凝土造,83年4月21日,地下二層,地下二層
RPROMLQJIIGGFBJ97DA,15,272.50,住家用,鋼筋混凝土造,96年1月9日,四層,一層 二層 三層 四層 陽台 雨遮 地下一層
RPROMLQJIIGGFBJ97DA,15,.30,管理室,鋼筋混凝土造,96年1月9日,一層,一層
RPROMLQJIIGGFBJ97DA,15,33.00,共有部分,鋼筋混凝土造,96年1月9日,五層,
RPOOMLKKRHGGFBJ97DA,3,190.34,住家用,鋼筋混凝土造,107年11月21日,二十二層,九層 陽台
RPOOMLKKRHGGFBJ97DA,3,57.92,本共有部分之項目有公共服務空間、門廳、游泳池、梯廳及門廳、消防中繼機房及消防水箱機房、電梯機房及水箱等９項。,鋼筋混凝土造,107年11月21日,二十二層,
RPOOMLKKRHGGFBJ97DA,3,94.96,本共有部分之項目有防空避難室兼停車空間、消防機械房、停車空間、消防中繼機房、消防中繼水箱、台電配電室等６項。,鋼筋混凝土造,107年11月21日,二十二層,
RPVOMLRLRHGGFBJ86DA,14,.01,管理室,鋼筋混凝土造,96年5月28日,二十三層,一層
RPVOMLRLRHGGFBJ86DA,14,.00,共有部分,鋼筋混凝土造,96年5月28日,二十三層,
RPVOMLRLRHGGFBJ86DA,14,.00,共有部分,鋼筋混凝土造,96年5月28日,二十三層,
RPVOMLRLRHGGFBJ86DA,14,33.24,共有部分,鋼筋混凝土造,96年5月28日,二十三層,
RPUPMLKKRHGGFBJ68DA,3,193.00,住家用,鋼筋混凝土造,107年11月21日,二十二層,十一層 陽台
RPUPMLKKRHGGFBJ68DA,3,58.72,本共有部分之項目有公共服務空間、門廳、游泳池、梯廳及門廳、消防中繼機房及消防水箱機房、電梯機房及水箱等９項。,鋼筋混凝土造,107年11月21日,二十二層,
RPUPMLKKRHGGFBJ68DA,3,70.81,本共有部分之項目有防空避難室兼停車空間、消防機械房、停車空間、消防中繼機房、消防中繼水箱、台電配電室等６項。,鋼筋混凝土造,107年11月21日,二十二層,
RPOOMLTLRHGGFBJ98DA,12,139.05,住家用,鋼筋混凝土造,98年12月23日,十三層,六層 陽台 雨遮
RPOOMLTLRHGGFBJ98DA,12,109.02,共有部分,鋼筋混凝土造,98年12月23日,十三層,
RPSNMLLLRHGGFCJ58DA,,252.52,店舖、集合住宅、停車空間,鋼筋混凝土造,110年7月5日,四層,一層 二層 三層 四層 陽台 見其他登記事項
RPRNMLLLRHGGFCJ48DA,,254.58,店舖、集合住宅、停車空間,鋼筋混凝土造,110年7月5日,四層,一層 二層 三層 四層 陽台 見其他登記事項
RPTNMLLLRHGGFCJ68DA,,255.60,店舖、集合住宅、停車空間,鋼筋混凝土造,110年7月5日,四層,一層 二層 三層 四層 陽台 見其他登記事項
RPUNMLLLRHGGFCJ78DA,,258.18,店舖、集合住宅、停車空間,鋼筋混凝土造,110年7月5日,四層,一層 二層 三層 四層 陽台 見其他登記事項
RPQPMLOLRHGGFBJ78DA,8,129.38,住家用,鋼筋混凝土造,102年12月2日,八層,八層 陽台 雨遮
RPQPMLOLRHGGFBJ78DA,8,104.77,本共有部分之項目有防空避難室兼停車空間、樓梯間、機械室等三項。,鋼筋混凝土造,102年12月2日,八層,
RPTOMLLLRHGGFCJ78DA,,206.48,集合住宅、停車空間,鋼筋混凝土造,110年7月5日,四層,一層 二層 三層 四層 陽台
RPWNMLLLRHGGFCJ98DA,,252.52,店舖、集合住宅、停車空間,鋼筋混凝土造,110年7月5日,四層,一層 二層 三層 四層 陽台 見其他登記事項
RPXNMLLLRHGGFCJ09DA,,258.18,店舖、集合住宅、停車空間,鋼筋混凝土造,110年7月5日,四層,一層 二層 三層 四層 陽台 見其他登記事項
RPVNMLLLRHGGFCJ88DA,,254.58,店舖、集合住宅、停車空間,鋼筋混凝土造,110年7月5日,四層,一層 二層 三層 四層 陽台 見其他登記事項
RPUOMLLLRHGGFCJ88DA,,216.04,集合住宅、停車空間,鋼筋混凝土造,110年7月5日,四層,一層 二層 三層 四層 陽台
RPVOMLLLRHGGFCJ98DA,,206.48,集合住宅、停車空間,鋼筋混凝土造,110年7月5日,四層,一層 二層 三層 四層 陽台
RPPOMLLLRHGGFCJ38DA,,255.60,店舖、集合住宅、停車空間,鋼筋混凝土造,110年7月5日,四層,一層 二層 三層 四層 陽台 見其他登記事項
RPROMLLLRHGGFCJ58DA,,206.48,集合住宅、停車空間,鋼筋混凝土造,110年7月5日,四層,一層 二層 三層 四層 陽台
RPQOMLLLRHGGFCJ48DA,,218.62,集合住宅、停車空間,鋼筋混凝土造,110年7月5日,四層,一層 二層 三層 四層 陽台
RPRPMLLLRHGGFCJ68DA,,220.28,集合住宅、停車空間,鋼筋混凝土造,110年7月5日,四層,一層 二層 三層 四層 陽台
RPVPMLLLRHGGFCJ09DA,,217.71,集合住宅、停車空間,鋼筋混凝土造,110年7月5日,四層,一層 二層 三層 四層 陽台
RPUPMLLLRHGGFCJ98DA,,208.15,集合住宅、停車空間,鋼筋混凝土造,110年7月5日,四層,一層 二層 三層 四層 陽台
RPXOMLLLRHGGFCJ56DA,,206.48,集合住宅、停車空間,鋼筋混凝土造,110年7月5日,四層,一層 二層 三層 四層 陽台
RPOPMLLLRHGGFCJ38DA,,216.04,集合住宅、停車空間,鋼筋混凝土造,110年7月5日,四層,一層 二層 三層 四層 陽台
RPWPMLLLRHGGFCJ56DA,,208.15,集合住宅、停車空間,鋼筋混凝土造,110年7月5日,四層,一層 二層 三層 四層 陽台
RPWOMLLLRHGGFCJ09DA,,216.04,集合住宅、停車空間,鋼筋混凝土造,110年7月5日,四層,一層 二層 三層 四層 陽台
RPTPMLLLRHGGFCJ88DA,,217.71,集合住宅、停車空間,鋼筋混凝土造,110年7月5日,四層,一層 二層 三層 四層 陽台
RPPPMLLLRHGGFCJ48DA,,206.48,集合住宅、停車空間,鋼筋混凝土造,110年7月5日,四層,一層 二層 三層 四層 陽台
RPXSMLTJQHGGFDJ57DA,,166.82,集合住宅、梯間,鋼筋混凝土造,110年5月6日,三層,一層 二層 三層 陽台 見其他登記事項
RPRQMLLLRHGGFCJ78DA,,407.82,集合住宅、停車空間,鋼筋混凝土造,110年7月5日,四層,一層 二層 三層 四層 陽台
RPOQMLLLRHGGFCJ48DA,,208.15,集合住宅、停車空間,鋼筋混凝土造,110年7月5日,四層,一層 二層 三層 四層 陽台
RPPQMLLLRHGGFCJ58DA,,217.71,集合住宅、停車空間,鋼筋混凝土造,110年7月5日,四層,一層 二層 三層 四層 陽台
RPSQMLLLRHGGFCJ88DA,,267.16,店舖、集合住宅、停車空間,鋼筋混凝土造,110年7月5日,四層,一層 二層 三層 四層 陽台 見其他登記事項
RPSRMLQJIIGGFBJ38DA,4,92.84,住家用,鋼筋混凝土造,106年6月15日,十四層,三層 陽台 雨遮
RPSRMLQJIIGGFBJ38DA,4,58.44,本共有部分之項目有停車空間、防空避難室兼停車空間、公共服務空間等三項,鋼筋混凝土造,106年6月15日,十四層,
RPSRMLQJIIGGFBJ38DA,4,19.18,本共有部分之項目有梯間、水箱、機房等三項,鋼筋混凝土造,106年6月15日,十四層,
RPRNMLRJIIGGFCJ08DA,48,70.68,住家用,加強磚造,62年4月30日,一層,一層
RPUTMLRJIIGGFBJ98EA,3,51.88,住家用,鋼筋混凝土造,107年10月26日,十五層,十五層 陽台 雨遮
RPUTMLRJIIGGFBJ98EA,3,20.05,本共有部分之項目有公共服務空間、頂蓋型沿街步道、管委會空間、樓梯間、機房等五項。,鋼筋混凝土造,107年10月26日,十五層,
RPUTMLRJIIGGFBJ98EA,3,43.77,本共有部分之項目有停車空間、防空避難室兼停車空間等２項。,鋼筋混凝土造,107年10月26日,十五層,
RPQNMLRJIIGGFBJ97EA,18,61.85,住家用,鋼筋混凝土造,92年12月31日,十層,十層 陽台
RPQNMLRJIIGGFBJ97EA,18,.16,守衛室,鋼筋混凝土造,92年12月31日,十層,一層
RPQNMLRJIIGGFBJ97EA,18,17.34,共有部分,鋼筋混凝土造,92年12月31日,十層,
RPQNMLRJIIGGFBJ97EA,18,22.70,共有部分,鋼筋混凝土造,92年12月31日,十層,
RPQNMLRJIIGGFBJ97EA,18,9.95,共有部分,鋼筋混凝土造,92年12月31日,十層,
RPXNMLQLQHGGFDJ96DA,,165.47,集合住宅、梯間,鋼筋混凝土造,110年4月28日,三層,一層 二層 三層 陽台 見其他登記事項
RPXNMLOJIIGGFDJ48DA,,190.13,集合住宅,鋼筋混凝土造,109年10月14日,三層,一層 二層 三層 陽台 屋頂突出物 雨遮 屋簷
RPOOMLQJIIGGFCJ87EA,25,66.85,住家用,鋼筋混凝土造,85年5月6日,九層,九層 陽台
RPXNMLOJIIGGFDJ48DA,,20.06,共有部分,鋼筋混凝土造,109年10月14日,十四層,
RPOOMLQJIIGGFCJ87EA,25,8.01,共有部分,鋼筋混凝土造,85年5月6日,九層,
RPOOMLQJIIGGFCJ87EA,25,8.19,共有部分,鋼筋混凝土造,85年5月6日,十層,
RPQNMLRJIIGGFCJ08EA,,87.16,住家用,加強磚造,,二層,一層 二層
RPPNMLRJIIGGFCJ97EA,6,.02,辦公室,鋼筋混凝土造,104年7月13日,十四層,一層
RPPNMLRJIIGGFCJ97EA,6,85.36,辦公室,鋼筋混凝土造,104年7月13日,十四層,四層 陽台
RPPNMLRJIIGGFCJ97EA,6,.00,共有部分,鋼筋混凝土造,104年7月13日,十四層,
RPPNMLRJIIGGFCJ97EA,6,17.47,共有部分,鋼筋混凝土造,104年7月13日,十四層,
RPPNMLRJIIGGFCJ97EA,6,21.38,共有部分,鋼筋混凝土造,104年7月13日,十四層,
RPPNMLRJIIGGFCJ97EA,6,28.73,共有部分,鋼筋混凝土造,104年7月13日,十四層,
RPTNMLSJIIGGFBJ38EA,,55.98,集合住宅,鋼筋混凝土造,110年6月3日,十四層,十層 陽台 雨遮
RPTNMLSJIIGGFBJ38EA,,64.18,本共有部分之項目有防空避難室兼停車空間、停車空間、開放空間、公共服務空間、管委會使用空間、梯間、水錶區、水箱、機械室等九項。,鋼筋混凝土造,110年6月3日,十四層,
RPXOMLSJIIGGFBJ88EA,17,37.00,住商用,鋼筋混凝土造,93年6月11日,十四層,六層 陽台 雨遮
RPXOMLSJIIGGFBJ88EA,17,6.23,共有部分,鋼筋混凝土造,93年6月11日,十四層,
RPXOMLSJIIGGFBJ88EA,17,10.44,共有部分,鋼筋混凝土造,93年6月11日,十四層,
RPSOMLOJIIGGFDJ08DA,,185.89,集合住宅,鋼筋混凝土造,109年10月14日,三層,一層 二層 三層 陽台 屋頂突出物 雨遮 屋簷
RPSOMLOJIIGGFDJ08DA,,19.69,共有部分,鋼筋混凝土造,109年10月14日,十四層,
RPVOMLPJIIGGFDJ48DA,,203.81,集合住宅、停車空間、樓梯間,鋼筋混凝土造,110年3月30日,四層,一層 二層 三層 四層 陽台 見其他登記事項
RPOOMLOJIIGGFDJ67DA,1,185.89,集合住宅,鋼筋混凝土造,109年10月14日,三層,一層 二層 三層 陽台 屋頂突出物 雨遮 屋簷
RPOOMLOJIIGGFDJ67DA,1,19.69,共有部分,鋼筋混凝土造,109年10月14日,十四層,
RPPOMLOJIIGGFDJ77DA,,185.89,集合住宅,鋼筋混凝土造,109年10月14日,三層,一層 二層 三層 屋頂突出物 雨遮 屋簷
RPPOMLOJIIGGFDJ77DA,,19.69,共有部分,鋼筋混凝土造,109年10月14日,十四層,
RPQOMLOJIIGGFDJ87DA,,190.13,集合住宅,鋼筋混凝土造,109年10月14日,三層,一層 二層 三層 陽台 屋頂突出物 雨遮 屋簷
RPQOMLOJIIGGFDJ87DA,,20.06,共有部分,鋼筋混凝土造,109年10月14日,十四層,
RPROMLOJIIGGFDJ97DA,,185.89,集合住宅,鋼筋混凝土造,109年10月14日,三層,一層 二層 三層 陽台 屋頂突出物 雨遮 屋簷
RPROMLOJIIGGFDJ97DA,,52.90,共有部分,鋼筋混凝土造,109年10月14日,十四層,
RPRRMLMKIIGGFCJ08DA,,109.62,住家用,加強磚造,,二層,一層 二層
RPUOMLSJIIGGFDJ78EA,,138.24,住家用,加強磚造,,二層,一層 二層 騎樓
RPTNMLPJIIGGFCJ18EA,,265.00,住家用,鋼筋混凝土造,,五層,四層
RPTNMLPJIIGGFCJ18EA,,18.79,住家用,鋼筋混凝土造,,四層,一層 二層 三層 四層
RPTQMLLLRHGGFCJ98DA,,216.04,集合住宅、停車空間,鋼筋混凝土造,110年7月5日,四層,一層 二層 三層 四層 陽台
RPQNMLTLRHGGFDJ66DA,,319.11,辦公室，避難室,鋼筋混凝土造,,二層,一層 二層 地下層
RPQNMLTLRHGGFDJ66DA,20,4709.29,工業用,鋼筋混凝土造,90年10月20日,七層,一層 二層 三層 四層 五層 六層 七層 屋頂突出物 夾層 地下層
RPQTMLSJIIGGFCJ68DA,28,91.64,住家用,鋼筋混凝土造,82年6月22日,六層,一層 平台
RPQTMLSJIIGGFCJ68DA,28,10.42,共有部分,鋼筋混凝土造,82年6月22日,六層,
RPQTMLSJIIGGFCJ68DA,28,33.80,共有部分,鋼筋混凝土造,82年6月22日,六層,
RPSQMLSJIIGGFCJ58DA,5,263.34,集合住宅、停車空間,鋼筋混凝土造,105年3月30日,四層,一層 二層 三層 四層 陽台 地下一層
RPSQMLSJIIGGFCJ58DA,5,25.02,本共有部份之項目有停車空間、基地內通路、台電配電室、消防機械室（共用部份）等４項,鋼筋混凝土造,105年3月30日,四層,
RPSQMLSJIIGGFCJ58DA,5,1.01,本共有部份之項目有管理委員會使用空間（共用部份）,鋼筋混凝土造,105年3月30日,一層,
RPRNMLRJIIGGFBJ97DA,13,.02,守衛室,鋼筋混凝土造,97年3月21日,十四層,一層
RPRNMLRJIIGGFBJ97DA,13,47.57,商業用,鋼筋混凝土造,97年3月21日,十三層,九層 雨遮
RPRNMLRJIIGGFBJ97DA,13,28.84,共有部分,鋼筋混凝土造,97年3月21日,十四層,
RPRNMLRJIIGGFBJ97DA,13,3.26,共有部分,鋼筋混凝土造,97年3月21日,十四層,
RPRNMLRJIIGGFBJ97DA,13,11.73,共有部分,鋼筋混凝土造,97年3月21日,十三層,
RPQPMLSJIIGGFBJ28EA,14,27.37,商業用,鋼筋混凝土造,97年3月10日,十層,二層 陽台 雨遮
RPQPMLSJIIGGFBJ28EA,14,39.91,共有部分,鋼筋混凝土造,97年3月10日,十層,
RPPNMLSJIIGGFDJ08DA,21,109.28,住家用,鋼筋混凝土造,89年11月23日,五層,二層 陽台
RPPNMLSJIIGGFDJ08DA,21,17.10,梯間,鋼筋混凝土造,89年11月23日,五層,
RPPNMLSJIIGGFDJ08DA,21,36.05,停車空間,鋼筋混凝土造,89年11月23日,五層,
RPSOMLMLRHGGFCJ78DA,27,69.40,住家用,鋼筋混凝土造,83年12月27日,九層,七層 陽台
RPSOMLMLRHGGFCJ78DA,27,57.76,共有部分,鋼筋混凝土造,83年12月27日,九層,
RPQOMLRJIIGGFBJ97DA,12,.13,管理員室,鋼筋混凝土造,98年6月23日,十三層,一層
RPQOMLRJIIGGFBJ97DA,12,158.57,住家用,鋼筋混凝土造,98年6月23日,十三層,六層 陽台 雨遮
RPQOMLRJIIGGFBJ97DA,12,34.55,共有部分,鋼筋混凝土造,98年6月23日,十三層,
RPQOMLRJIIGGFBJ97DA,12,58.24,共有部分,鋼筋混凝土造,98年6月23日,十三層,
RPQOMLRJIIGGFBJ97DA,12,30.57,共有部分,鋼筋混凝土造,98年6月23日,十三層,
RPROMLRJIIGGFBJ08DA,5,58.13,住家用,鋼筋混凝土造,105年11月1日,二十三層,六層 陽台 雨遮
RPROMLRJIIGGFBJ08DA,5,35.32,本共有部分之項目有停車空間、防空避難室兼停車空間等二項。,鋼筋混凝土造,105年11月1日,二十三層,
RPROMLRJIIGGFBJ08DA,5,20.00,本共有部分之項目有店舖、管委會使用空間、沿街步道式、廣場式（有頂蓋）開放空間、梯間、機械式、水箱等七項。,鋼筋混凝土造,105年11月1日,二十三層,
RPXPMLQJIIGGFBJ68DA,6,118.42,住家用,鋼筋混凝土造,104年8月9日,十四層,六層 陽台 雨遮
RPXPMLQJIIGGFBJ68DA,6,89.61,本共有部分之項目有防空避難室兼停車空間、停車空間、公共服務空間、樓梯間、水箱等五項,鋼筋混凝土造,104年8月9日,十四層,
RPPOMLRJIIGGFBJ87DA,6,97.14,住家用,鋼筋混凝土造,104年5月19日,十四層,三層 陽台 雨遮
RPPOMLRJIIGGFBJ87DA,6,75.19,本共有部分之項目有停車空間、防空避難室兼停車空間、管理中心、開放空間、公共服務空間、梯間、水箱、機械室等八項。,鋼筋混凝土造,104年5月19日,十四層,
RPWOMLQJIIGGFBJ48DA,11,33.44,商業用,鋼筋混凝土造,99年9月2日,七層,四層 雨遮
RPWOMLQJIIGGFBJ48DA,11,22.19,本共有部分之項目有防空避難室兼停車空間、梯廳、電梯、安全梯、管委會使用空間、管道、車道、樓梯間、機械房、冰箱等１１項,鋼筋混凝土造,99年9月2日,七層,
RPWOMLQJIIGGFBJ48DA,11,4.98,本共有部分之項目有梯廳、走廊、管道間等３項,鋼筋混凝土造,99年9月2日,七層,
RPTNMLOJIIGGFBJ87DA,7,87.14,住家用,鋼筋混凝土造,103年2月28日,十二層,十一層 陽台
RPTNMLOJIIGGFBJ87DA,7,16.20,本共有部分之項目有梯間、機房、水箱等三項。,鋼筋混凝土造,103年2月28日,十二層,
RPTNMLOJIIGGFBJ87DA,7,94.11,本共有部分之項目有防空避難室兼停車空間、公共服務空間、警衛室、垃圾儲藏室等四項。,鋼筋混凝土造,103年2月28日,十二層,
RPOOMLOJIIGGFBJ47DA,1,97.67,集合住宅,鋼筋混凝土造,110年2月9日,十八層,十八層 陽台 雨遮
RPOOMLOJIIGGFBJ47DA,1,36.54,本共有部分之項目有公共服務空間、管委會使用空間、梯廳兼排煙室、梯廳、安全梯、污物處理室、防災中心、中繼機房、消防中繼水箱、機械室、水箱、昇降機間、樓梯間、機車車道、汽車車道等十五項。,鋼筋混凝土造,110年2月9日,十八層,
RPOOMLOJIIGGFBJ47DA,1,48.68,本共有部分之項目有防空避難室兼停車空間、台電配電室、電信機房、緊急發電機房、停車空間、機械室、水箱、消防機房兼消防中繼機房、污水機房、排煙室、昇降機間、安全梯等十二項。,鋼筋混凝土造,110年2月9日,十八層,
RPTOMLRJIIGGFBJ28DA,9,77.94,商業用,鋼筋混凝土造,101年4月3日,十四層,一層 見其他登記事項
RPTOMLRJIIGGFBJ28DA,9,51.10,本共有部分之項目有防空避難室兼停車空間、停車空間、樓梯間、機械室、水箱等五項。,鋼筋混凝土造,101年4月3日,十四層,
RPWNMLRJIIGGFBJ48DA,5,64.59,住家用,鋼筋混凝土造,105年6月8日,二十七層,四層 陽台 雨遮
RPWNMLRJIIGGFBJ48DA,5,20.06,本共有部分之項目有管委會使用空間、樓梯間、機械室、水箱等四項,鋼筋混凝土造,105年6月8日,二十七層,
RPWNMLRJIIGGFBJ48DA,5,40.68,本共有部分之項目有防空避難室兼停車空間、停車空間等二項,鋼筋混凝土造,105年6月8日,二十七層,
RPTQMLOKRHGGFBJ09DA,,61.05,集合住宅,鋼筋混凝土造,110年6月3日,十四層,三層 陽台 雨遮
RPTQMLOKRHGGFBJ09DA,,66.67,本共有部分之項目有防空避難室兼停車空間、停車空間、開放空間、公共服務空間、管委會使用空間、梯間、水錶區、水箱、機械室等九項。,鋼筋混凝土造,110年6月3日,十四層,
RPUUMLKMPHGGFBJ56DA,,115.06,集合住宅,鋼筋混凝土造,110年6月10日,十五層,三層 陽台
RPUUMLKMPHGGFBJ56DA,,33.73,本共有部分之項目有梯間、水箱、機械室等三項。,鋼筋混凝土造,110年6月10日,十五層,
RPUUMLKMPHGGFBJ56DA,,13.65,本共有部分之項目有開放空間、公共服務空間等二項。,鋼筋混凝土造,110年6月10日,十五層,
RPUUMLKMPHGGFBJ56DA,,93.77,本共有部分之項目有防空避難室兼停車空間、停車空間等二項,鋼筋混凝土造,110年6月10日,十五層,
RPRNMLQLRHGGFBJ88DA,,55.21,集合住宅,鋼筋混凝土造,110年6月3日,十四層,八層 陽台 雨遮
RPRNMLQLRHGGFBJ88DA,,63.79,本共有部分之項目有防空避難室兼停車空間、停車空間、開放空間、公共服務空間、管委會使用空間、梯間、水錶區、水箱、機械室等九項。,鋼筋混凝土造,110年6月3日,十四層,
RPPOMLKMPHGGFBJ08DA,,127.07,集合住宅,鋼筋混凝土造,110年6月10日,十四層,十三層 陽台
RPPOMLKMPHGGFBJ08DA,,32.84,本共有部分之項目有梯間、水箱、機械室等三項。,鋼筋混凝土造,110年6月10日,十四層,
RPPOMLKMPHGGFBJ08DA,,15.07,本共有部分之項目有開放空間、公共服務空間等二項。,鋼筋混凝土造,110年6月10日,十五層,
RPPOMLKMPHGGFBJ08DA,,95.15,本共有部分之項目有防空避難室兼停車空間、停車空間等二項,鋼筋混凝土造,110年6月10日,十五層,
RPROMLKMPHGGFBJ28DA,,127.03,集合住宅,鋼筋混凝土造,110年6月10日,十四層,二層 陽台
RPROMLKMPHGGFBJ28DA,,32.84,本共有部分之項目有梯間、水箱、機械室等三項。,鋼筋混凝土造,110年6月10日,十四層,
RPROMLKMPHGGFBJ28DA,,15.06,本共有部分之項目有開放空間、公共服務空間等二項。,鋼筋混凝土造,110年6月10日,十五層,
RPROMLKMPHGGFBJ28DA,,95.15,本共有部分之項目有防空避難室兼停車空間、停車空間等二項,鋼筋混凝土造,110年6月10日,十五層,
RPSPMLPKRHGGFBJ98DA,,53.07,集合住宅,鋼筋混凝土造,110年6月3日,十四層,二層 陽台 雨遮
RPSPMLPKRHGGFBJ98DA,,62.74,本共有部分之項目有防空避難室兼停車空間、停車空間、開放空間、公共服務空間、管委會使用空間、梯間、水錶區、水箱、機械室等九項。,鋼筋混凝土造,110年6月3日,十四層,
RPUPMLOLOHGGFBJ88DA,,55.98,集合住宅,鋼筋混凝土造,110年6月3日,十四層,八層 陽台 雨遮
RPUPMLOLOHGGFBJ88DA,,64.18,本共有部分之項目有防空避難室兼停車空間、停車空間、開放空間、公共服務空間、管委會使用空間、梯間、水錶區、水箱、機械室等九項。,鋼筋混凝土造,110年6月3日,十四層,
RPRPMLSLRHGGFBJ66DA,5,78.04,住家用,鋼筋混凝土造,105年6月8日,二十七層,十一層 陽台 雨遮
RPRPMLSLRHGGFBJ66DA,5,24.07,本共有部分之項目有管委會使用空間、樓梯間、機械室、水箱等四項,鋼筋混凝土造,105年6月8日,二十七層,
RPRPMLSLRHGGFBJ66DA,5,42.79,本共有部分之項目有防空避難室兼停車空間、停車空間等二項,鋼筋混凝土造,105年6月8日,二十七層,
RPPOMLSJIIGGFBJ97DA,2,188.82,集合住宅、門廊、停車空間、梯間,鋼筋混凝土造,109年2月18日,四層,一層 二層 三層 四層 陽台
RPTOMLOLRHGGFBJ98DA,4,100.50,住家用,鋼筋混凝土造,106年7月5日,二十層,十一層 陽台
RPTOMLOLRHGGFBJ98DA,4,12.78,本共有部分之項目有社區服務空間、防空避難室兼停車空間、停車空間等三項。,鋼筋混凝土造,106年7月5日,二十二層,
RPTOMLOLRHGGFBJ98DA,4,45.57,本共有部分之項目有中繼機房、梯廳、機房、水箱等四項。,鋼筋混凝土造,106年7月5日,二十層,
RPTOMLOLRHGGFBJ98DA,4,38.83,本共有部分之項目有防空避難室兼停車空間、停車空間等二項。,鋼筋混凝土造,106年7月5日,二十二層,
RPTOMLOLRHGGFBJ98DA,4,3.85,本共有部分之項目有防空避難室兼停車空間等一項。,鋼筋混凝土造,106年7月5日,二十二層,
RPXNMLLJIIGGFBJ97DA,13,35.16,商業用,鋼筋混凝土造,97年6月9日,九層,二層 陽台 雨遮
RPXNMLLJIIGGFBJ97DA,13,.08,管理員室,鋼筋混凝土造,97年6月9日,九層,一層
RPXNMLLJIIGGFBJ97DA,13,10.44,共有部分,鋼筋混凝土造,97年6月9日,九層,
RPXNMLLJIIGGFBJ97DA,13,5.00,共有部分,鋼筋混凝土造,97年6月9日,九層,
RPXNMLLJIIGGFBJ97DA,13,9.09,共有部分,鋼筋混凝土造,97年6月9日,九層,
RPXPMLMKIIGGFBJ38DA,7,151.75,住家用,鋼筋混凝土造,103年10月1日,十四層,三層 陽台 雨遮
RPXPMLMKIIGGFBJ38DA,7,76.70,共有部分之項目有防空避難室兼停車空間等一項,鋼筋混凝土造,103年10月1日,十四層,
RPXPMLMKIIGGFBJ38DA,7,32.10,本共有部分之項目有管委會、電梯間、樓梯間、水箱、機械室等五項,鋼筋混凝土造,103年10月1日,十四層,
RPUOMLSJIIGGFBJ48DA,2,188.82,集合住宅、門廊、停車空間、梯間,鋼筋混凝土造,109年2月18日,四層,一層 二層 三層 四層 陽台
RPROMLQJIIGGFCJ08DA,17,308.03,住家用,鋼筋混凝土造,93年11月30日,四層,一層 二層 三層 四層 陽台 屋頂突出物
RPRNMLKKRHGGFBJ18DA,14,24.30,商業用,鋼筋混凝土造,96年6月6日,六層,三層
RPRNMLKKRHGGFBJ18DA,14,11.49,共有部分,鋼筋混凝土造,96年6月6日,六層,
RPXNMLMLOHGGFBJ78DA,,72.62,商業用,鋼筋混凝土造,110年6月3日,十四層,一層 陽台
RPXNMLMLOHGGFBJ78DA,,104.37,本共有部分之項目有防空避難室兼停車空間、停車空間、開放空間、公共服務空間、管委會使用空間、梯間、水錶區、水箱、機械室等九項。,鋼筋混凝土造,110年6月3日,十四層,
RPPOMLPKRHGGFBJ58DA,15,23.50,商業用,鋼筋混凝土造,95年8月21日,七層,六層 陽台 雨遮
RPPOMLPKRHGGFBJ58DA,15,25.26,共有部分,鋼筋混凝土造,95年8月21日,七層,
RPWNMLNKIIGGFBJ18DA,3,88.02,住家用,鋼筋混凝土造,107年10月26日,十五層,十層 陽台 雨遮
RPWNMLNKIIGGFBJ18DA,3,34.05,本共有部分之項目有公共服務空間、頂蓋型沿街步道、管委會空間、樓梯間、機房等五項。,鋼筋混凝土造,107年10月26日,十五層,
RPWNMLNKIIGGFBJ18DA,3,46.10,本共有部分之項目有停車空間、防空避難室兼停車空間等２項。,鋼筋混凝土造,107年10月26日,十五層,
RPQNMLSKRHGGFBJ88DA,6,.52,辦公室,鋼筋混凝土造,105年2月3日,十九層,一層
RPQNMLSKRHGGFBJ88DA,6,199.15,住家用,鋼筋混凝土造,105年2月3日,十九層,十層 陽台 雨遮
RPQNMLSKRHGGFBJ88DA,6,90.01,本共有部分之項目有防空避難室兼停車空間、消防機房、污水、雨水機房、水箱、排煙室、梯間、停車空間、發電機室、電信機房、中繼水箱、梯廳、台電配電室、防災中心、頂型開放空間、公共服務空間、垃圾室、設備室、工具室等十九項。,鋼筋混凝土造,105年2月3日,十九層,
RPQNMLSKRHGGFBJ88DA,6,47.41,本共有部分之項目有防空避難室兼停車空間、消防機房、污水、雨水機房、水箱、排煙室、梯間、停車空間、發電機室、電信機房、中繼水箱、梯廳、台電配電室、防災中心、頂型開放空間、公共服務空間、垃圾室、設備室、工具室等十九項。,鋼筋混凝土造,105年2月3日,十九層,
RPQNMLSKRHGGFBJ88DA,6,45.01,本共有部分之項目有排煙室、梯間、梯廳、機械室、中繼機房、中繼水箱等六項。,鋼筋混凝土造,105年2月3日,十九層,
RPUNMLRJIIGGFDJ48DA,,92.31,住家用,加強磚造,,二層,一層 二層
RPVOMLQJIIGGFDJ58DA,28,194.70,住家用,鋼筋混凝土造,82年8月30日,三層,一層 二層 三層 陽台 平台 屋頂突出物
RPTOMLRJIIGGFDJ48DA,17,20.70,住家用,鋼筋混凝土造,93年7月5日,八層,四層 陽台
RPTOMLRJIIGGFDJ48DA,17,3.55,停車空間,鋼筋混凝土造,93年7月5日,八層,
RPTOMLRJIIGGFDJ48DA,17,3.25,梯間、走道,鋼筋混凝土造,93年7月5日,八層,
RPTOMLRJIIGGFDJ48DA,17,1.53,走道,鋼筋混凝土造,93年7月5日,八層,
RPOPMLSJIIGGFBJ08EA,14,94.47,商業用,鋼筋混凝土造,96年12月28日,九層,一層 二層 陽台
RPOPMLSJIIGGFBJ08EA,14,57.94,共有部分,鋼筋混凝土造,96年12月28日,九層,
RPXOMLMKIIGGFBJ38EA,8,69.03,住家用,鋼筋混凝土造,103年1月28日,十層,八層 陽台 雨遮
RPXOMLMKIIGGFBJ38EA,8,44.27,本共有部分之項目有防空避難室兼停車空間、開放空間、管委會等３項,鋼筋混凝土造,103年1月28日,十層,
RPXOMLMKIIGGFBJ38EA,8,14.90,本共有部分之項目有樓梯間、電梯機械室、水箱等三項,鋼筋混凝土造,103年1月28日,十層,
RPURMLMKIIGGFCJ48EA,1,38.25,商業用,鋼筋混凝土造,110年3月6日,七層,一層
RPURMLMKIIGGFCJ48EA,1,30.35,本共有部分之項目有停車空間、機房、水箱等三項,鋼筋混凝土造,110年3月6日,七層,
RPURMLMKIIGGFCJ48EA,1,9.51,本共有部分之項目有樓梯間、機房、水箱等三項,鋼筋混凝土造,110年3月6日,七層,
RPRPMLSJIIGGFBJ38EA,17,82.94,住家用,鋼筋混凝土造,93年11月11日,七層,二層 陽台 雨遮
RPRPMLSJIIGGFBJ38EA,17,.10,守衛室,鋼筋混凝土造,93年11月11日,七層,一層
RPRPMLSJIIGGFBJ38EA,17,15.15,共有部分,鋼筋混凝土造,93年11月11日,七層,
RPRPMLSJIIGGFBJ38EA,17,7.92,共有部分,鋼筋混凝土造,93年11月11日,七層,
RPRPMLSJIIGGFBJ38EA,17,26.80,共有部分,鋼筋混凝土造,93年11月11日,七層,
RPRNMLNKIIGGFCJ87EA,,154.11,住家用,鋼筋混凝土造,,二層,一層 二層 騎樓 地下層
RPPPMLSJIIGGFBJ18EA,6,174.34,住家用,鋼骨鋼筋混凝土造,104年7月31日,三十二層,十八層 陽台 雨遮
RPPPMLSJIIGGFBJ18EA,6,142.73,本共有部分之項目有防空避難室兼停車空間、台電配電室、防災中心、緊急昇降機、昇降機、特別安全梯、排煙室、水箱、揚水泵機房、大廳、開放空間、前廊、管理室、垃圾處理室、汙水機房、消防機房、社區交誼廳、社區公共服務空間、水錶室、樓梯間等二十項。,鋼骨鋼筋混凝土造,104年7月31日,三十二層,
RPUOMLMKIIGGFBJ08EA,13,.02,守衛室,鋼筋混凝土造,97年3月21日,十四層,一層
RPUOMLMKIIGGFBJ08EA,13,34.28,商業用,鋼筋混凝土造,97年3月21日,十三層,九層 陽台
RPUOMLMKIIGGFBJ08EA,13,33.29,共有部分,鋼筋混凝土造,97年3月21日,十四層,
RPUOMLMKIIGGFBJ08EA,13,3.10,共有部分,鋼筋混凝土造,97年3月21日,十四層,
RPUOMLMKIIGGFBJ08EA,13,11.59,共有部分,鋼筋混凝土造,97年3月21日,十三層,
RPRNMLMKIIGGFBJ67EA,5,61.21,住家用,鋼筋混凝土造,105年11月1日,二十三層,六層 陽台 雨遮
RPRNMLMKIIGGFBJ67EA,5,40.04,本共有部分之項目有停車空間、防空避難室兼停車空間等二項。,鋼筋混凝土造,105年11月1日,二十三層,
RPRNMLMKIIGGFBJ67EA,5,21.10,本共有部分之項目有店舖、管委會使用空間、沿街步道式、廣場式（有頂蓋）開放空間、梯間、機械式、水箱等七項。,鋼筋混凝土造,105年11月1日,二十三層,
RPPNMLSKIIGGFBJ08EA,1,243.80,住家用,鋼筋混凝土造,109年6月9日,四層,一層 二層 三層 四層 陽台
RPVNMLRJIIGGFDJ58DA,3,77.70,店舖,鋼筋混凝土造,107年5月24日,十層,一層 陽台
RPVNMLRJIIGGFDJ58DA,3,15.52,集合住宅（附屬樓梯間、機械室、水箱）。,鋼筋混凝土造,107年5月24日,十層,
RPVNMLRJIIGGFDJ58DA,3,45.50,本共有部分之項目有：集合住宅（附屬防空避難室兼停車空間、附屬停車空間）、集合住宅（附屬管委會空間、警衛室）。,鋼筋混凝土造,107年5月24日,十層,
RPPNMLNKIIGGFDJ67DA,14,283.10,住宅、店舖,鋼筋混凝土造,96年5月15日,五層,一層 二層 三層 四層 五層 陽台
RPPNMLNKIIGGFBJ57EA,14,30.94,住家用,鋼筋混凝土造,96年12月28日,八層,二層 陽台
RPPNMLNKIIGGFBJ57EA,14,45.24,共有部分,鋼筋混凝土造,96年12月28日,九層,
RPPNMLNKIIGGFBJ57EA,14,9.78,共有部分,鋼筋混凝土造,96年12月28日,八層,
RPPNMLOKIIGGFDJ77DA,2,109.61,集合住宅,鋼筋混凝土造,109年1月22日,十四層,二層 陽台
RPPNMLOKIIGGFDJ77DA,2,23.47,共有部分,鋼筋混凝土造,109年1月22日,十四層,
RPPNMLOKIIGGFDJ77DA,2,54.32,共有部分,鋼筋混凝土造,109年1月22日,十四層,
RPVNMLOKIIGGFDJ38DA,7,68.87,住家用,鋼筋混凝土造,104年1月5日,五層,二層 陽台 雨遮
RPVNMLOKIIGGFDJ38DA,7,14.24,本共有部分之項目有停車空間、樓梯間及電梯機房等三項,鋼筋混凝土造,104年1月5日,五層,
RPVNMLOKIIGGFDJ38DA,7,8.56,樓梯間,鋼筋混凝土造,104年1月5日,五層,
RPRNMLNKIIGGFBJ77EA,9,124.59,住家用,鋼筋混凝土造,101年8月27日,十五層,八層 陽台 雨遮
RPRNMLNKIIGGFBJ77EA,9,64.59,本共有部分之項目有管理員室、停車空間等二項。,鋼筋混凝土造,101年8月27日,十五層,
RPRNMLNKIIGGFBJ77EA,9,25.96,本共有部分之項目有梯間、機械室、水箱等三項。,鋼筋混凝土造,101年8月27日,十五層,
RPWPMLMKIIGGFBJ28DA,11,139.99,住家用,鋼筋混凝土造,99年12月14日,十四層,十一層 陽台 雨遮
RPWPMLMKIIGGFBJ28DA,11,91.48,本共有部分之項目有防空避難室、停車空間、垃圾處理室、管理空間、廣場式開放空間、蓄水池、消防泵浦室等七項,鋼筋混凝土造,99年12月14日,十五層,
RPWPMLMKIIGGFBJ28DA,11,27.63,本共有部分之項目有梯間等一項,鋼筋混凝土造,99年12月14日,十四層,
RPXNMLQJRHGGFDJ86DA,6,223.02,住宅、停車空間,鋼筋混凝土造,104年11月24日,四層,一層 二層 三層 四層 陽台 地下一層
RPXNMLQJRHGGFDJ86DA,6,22.71,停車空間、機械室,鋼筋混凝土造,104年11月24日,五層,
RPQNMLOJRHGGFDJ58DA,,74.61,集合住宅,鋼筋混凝土造,110年4月1日,七層,五層 陽台
RPQNMLOJRHGGFDJ58DA,,50.70,共有部分,鋼筋混凝土造,110年4月1日,七層,
RPQNMLOJRHGGFDJ58DA,,16.86,共有部分,鋼筋混凝土造,110年4月1日,七層,
RPRNMLRLRHGGFDJ56DA,21,52.41,住家用,鋼筋混凝土造,89年4月6日,五層,二層
RPRNMLRLRHGGFDJ56DA,21,7.25,梯間,鋼筋混凝土造,89年4月6日,五層,
RPXPMLKMRHGGFDJ76DA,7,64.01,集合住宅,鋼筋混凝土造,104年1月5日,五層,二層 陽台 雨遮
RPXPMLKMRHGGFDJ76DA,7,10.89,本共有部分之項目有樓梯間、電梯機房等二項,鋼筋混凝土造,104年1月5日,五層,
RPXPMLKMRHGGFDJ76DA,7,4.57,停車空間,鋼筋混凝土造,104年1月5日,五層,
RPPOMLKMRHGGFDJ48DA,21,90.88,住家用,鋼筋混凝土造,89年10月18日,五層,五層 陽台
RPPOMLKMRHGGFDJ48DA,21,16.43,梯間,鋼筋混凝土造,89年10月18日,五層,
RPPOMLKMRHGGFDJ48DA,21,3.91,停車空間,鋼筋混凝土造,89年10月18日,五層,
RPSOMLSJPHGGFDJ09DA,,74.61,集合住宅,鋼筋混凝土造,110年4月1日,七層,三層 陽台
RPSOMLSJPHGGFDJ09DA,,48.08,共有部分,鋼筋混凝土造,110年4月1日,七層,
RPSOMLSJPHGGFDJ09DA,,16.86,共有部分,鋼筋混凝土造,110年4月1日,七層,
RPOPMLSJPHGGFDJ78DA,,44.89,集合住宅,鋼筋混凝土造,110年4月1日,七層,三層 陽台
RPOPMLSJPHGGFDJ78DA,,40.28,共有部分,鋼筋混凝土造,110年4月1日,七層,
RPOPMLSJPHGGFDJ78DA,,10.17,共有部分,鋼筋混凝土造,110年4月1日,七層,
RPUPMLLJPHGGFDJ68DA,,46.47,集合住宅,鋼筋混凝土造,110年4月1日,七層,四層 陽台
RPUPMLLJPHGGFDJ68DA,,40.66,共有部分,鋼筋混凝土造,110年4月1日,七層,
RPUPMLLJPHGGFDJ68DA,,10.49,共有部分,鋼筋混凝土造,110年4月1日,七層,
RPOPMLLJPHGGFDJ08DA,,44.65,集合住宅,鋼筋混凝土造,110年4月1日,七層,三層 陽台
RPOPMLLJPHGGFDJ08DA,,40.22,共有部分,鋼筋混凝土造,110年4月1日,七層,
RPOPMLLJPHGGFDJ08DA,,10.09,共有部分,鋼筋混凝土造,110年4月1日,七層,
RPTOMLSJPHGGFDJ56DA,,74.61,集合住宅,鋼筋混凝土造,110年4月1日,七層,四層 陽台
RPTOMLSJPHGGFDJ56DA,,48.08,共有部分,鋼筋混凝土造,110年4月1日,七層,
RPTOMLSJPHGGFDJ56DA,,16.86,共有部分,鋼筋混凝土造,110年4月1日,七層,
RPROMLSJPHGGFDJ98DA,,74.61,集合住宅,鋼筋混凝土造,110年4月1日,七層,二層 陽台
RPROMLSJPHGGFDJ98DA,,76.59,共有部分,鋼筋混凝土造,110年4月1日,七層,
RPROMLSJPHGGFDJ98DA,,16.86,共有部分,鋼筋混凝土造,110年4月1日,七層,
RPXQMLSJIIGGFCJ09DA,14,22.75,辦公室,鋼筋混凝土造,97年1月17日,七層,六層 陽台 雨遮
RPXQMLSJIIGGFCJ09DA,14,26.19,共有部分,鋼筋混凝土造,97年1月17日,七層,
RPTNMLMKIIGGFBJ77DA,25,49.37,住家用,鋼筋混凝土造,85年7月5日,九層,八層 陽台
RPTNMLMKIIGGFBJ77DA,25,5.82,共有部分,鋼筋混凝土造,85年7月5日,九層,
RPTNMLMKIIGGFBJ77DA,25,30.70,共有部分,鋼筋混凝土造,85年7月5日,九層,
RPPNMLLKIIGGFBJ27DA,4,64.92,住家用,鋼筋混凝土造,106年9月15日,十四層,十二層 陽台 雨遮
RPPNMLLKIIGGFBJ27DA,4,66.51,本共有部分之項目有停車空間、防空避難室兼停車空間、排煙室、緊急升降機、升降機、水箱、揚水泵室、消防機械室、風機室、汙雨水機房兼風機室、安全梯、公共服務空間、水錶室、梯間、機械室、垃圾處理室、緊急發電機室、揚水泵室兼風機室、台電配電室、電信室、電錶室、受電箱室、景觀機房、梯廳、管委會空間、戶外安全梯等二十六項,鋼筋混凝土造,106年9月15日,十三層,
RPOOMLMKIIGGFBJ37DA,,88.20,住家用,加強磚造,,三層,一層 二層 三層
RPQQNLRJIIGGFBJ28DA,,410.75,集合住宅、停車空間、樓梯間,鋼筋混凝土造,110年6月4日,五層,一層 二層 三層 四層 五層 陽台 屋頂突出物
RPOPMLLJIIGGFBJ27DA,14,352.98,住家用,鋼筋混凝土造,96年6月21日,五層,一層 二層 三層 四層 五層 陽台 雨遮 地下一層
RPOPMLLJIIGGFBJ27DA,14,24.48,共有部分,鋼筋混凝土造,96年6月21日,五層,
RPRNMLSKRHGGFBJ98DA,8,130.48,住家用,鋼筋混凝土造,102年5月16日,十七層,十六層 陽台 雨遮
RPRNMLSKRHGGFBJ98DA,8,18.34,本共有部分之項目有梯間等一項。,鋼筋混凝土造,102年5月16日,二十層,
RPRNMLSKRHGGFBJ98DA,8,110.37,本共有部分之項目有防空避難室、停車空間、機電空間、公共設施、防災中心、管委會使用空間、梯間、機械室、水箱等九項。,鋼筋混凝土造,102年5月16日,二十層,
RPQQMLSJPHGGFDJ09DA,,47.06,集合住宅,鋼筋混凝土造,110年4月1日,七層,六層 陽台
RPQQMLSJPHGGFDJ09DA,,40.85,共有部分,鋼筋混凝土造,110年4月1日,七層,
RPQQMLSJPHGGFDJ09DA,,10.65,共有部分,鋼筋混凝土造,110年4月1日,七層,
RPXPMLSJPHGGFDJ07DA,,47.06,集合住宅,鋼筋混凝土造,110年4月1日,七層,三層 陽台
RPXPMLSJPHGGFDJ07DA,,38.55,共有部分,鋼筋混凝土造,110年4月1日,七層,
RPXPMLSJPHGGFDJ07DA,,10.65,共有部分,鋼筋混凝土造,110年4月1日,七層,
RPPOMLKMQHGGFBJ18DA,20,211.69,住家用,鋼筋混凝土造,90年3月13日,四層,一層 二層 三層 四層 陽台 雨遮
RPQNMLSJPHGGFDJ78DA,,46.47,集合住宅,鋼筋混凝土造,110年4月1日,七層,六層 陽台
RPQNMLSJPHGGFDJ78DA,,40.66,共有部分,鋼筋混凝土造,110年4月1日,七層,
RPQNMLSJPHGGFDJ78DA,,10.49,共有部分,鋼筋混凝土造,110年4月1日,七層,
RPQRMLKMQHGGFBJ58DA,,54.10,集合住宅,鋼筋混凝土造,110年7月16日,十四層,四層 陽台
RPQRMLKMQHGGFBJ58DA,,35.10,本共有部分之項目有停車空間、防空避難室兼停車空間、管委會空間、樓梯間、水箱、機房等六項。,鋼筋混凝土造,110年7月16日,十四層,
RPVPMLKMQHGGFBJ88DA,,61.29,集合住宅,鋼筋混凝土造,110年7月16日,十四層,二層 陽台
RPVPMLKMQHGGFBJ88DA,,38.88,本共有部分之項目有停車空間、防空避難室兼停車空間、管委會空間、樓梯間、水箱、機房等六項。,鋼筋混凝土造,110年7月16日,十四層,
RPOQMLKMQHGGFBJ28DA,,54.10,集合住宅,鋼筋混凝土造,110年7月16日,十四層,二層 陽台
RPOQMLKMQHGGFBJ28DA,,28.50,本共有部分之項目有停車空間、防空避難室兼停車空間、管委會空間、樓梯間、水箱、機房等六項。,鋼筋混凝土造,110年7月16日,十四層,
RPRRMLPLOHGGFDJ09DA,,44.99,集合住宅,鋼筋混凝土造,110年4月1日,七層,三層 陽台
RPRRMLPLOHGGFDJ09DA,,40.28,共有部分,鋼筋混凝土造,110年4月1日,七層,
RPRRMLPLOHGGFDJ09DA,,10.17,共有部分,鋼筋混凝土造,110年4月1日,七層,
RPQPMLKKNHGGFDJ08DA,,161.77,住宅,鋼筋混凝土造,109年12月17日,四層,一層 二層 三層 四層 陽台
RPXOMLRKQHGGFBJ86DA,31,235.31,農舍,鋼筋混凝土造,78年7月5日,三層,一層 二層 三層
RPQOMLMJRHGGFBJ28DA,,81.15,集合住宅,鋼筋混凝土造,110年7月16日,十四層,十四層 陽台
RPQOMLMJRHGGFBJ28DA,,49.35,本共有部分之項目有停車空間、防空避難室兼停車空間、管委會空間、樓梯間、水箱、機房等六項。,鋼筋混凝土造,110年7月16日,十四層,
RPRPMLMJRHGGFBJ48DA,,58.62,集合住宅,鋼筋混凝土造,110年7月16日,十四層,十四層 陽台
RPRPMLMJRHGGFBJ48DA,,37.50,本共有部分之項目有停車空間、防空避難室兼停車空間、管委會空間、樓梯間、水箱、機房等六項。,鋼筋混凝土造,110年7月16日,十四層,
RPXNMLQJRHGGFBJ66DA,,54.10,集合住宅,鋼筋混凝土造,110年7月16日,十四層,三層 陽台
RPXNMLQJRHGGFBJ66DA,,35.10,本共有部分之項目有停車空間、防空避難室兼停車空間、管委會空間、樓梯間、水箱、機房等六項。,鋼筋混凝土造,110年7月16日,十四層,
RPROMLLMQHGGFBJ48DA,7,87.19,住家用,鋼筋混凝土造,103年3月13日,十四層,十四層 陽台 雨遮
RPROMLLMQHGGFBJ48DA,7,72.76,本共有部分之項目有防空避難室兼停車空間、開放空間、梯間、機械室水箱等四項,鋼筋混凝土造,103年3月13日,十四層,
RPPUMLKMQHGGFBJ78DA,,61.29,集合住宅,鋼筋混凝土造,110年7月16日,十四層,九層 陽台
RPPUMLKMQHGGFBJ78DA,,38.88,本共有部分之項目有停車空間、防空避難室兼停車空間、管委會空間、樓梯間、水箱、機房等六項。,鋼筋混凝土造,110年7月16日,十四層,
RPTNMLPKRHGGFBJ88DA,21,237.49,住家用,鋼筋混凝土造,89年7月14日,四層,一層 二層 三層 四層 陽台 平台 屋頂突出物 雨遮
RPTPMLOKRHGGFBJ98DA,8,247.15,儲藏室、停車空間、一般零售業、一般服務業,鋼筋混凝土造,102年11月8日,四層,一層 二層 三層 四層 地下一層
RPOPMLPJIIGGFBJ67DA,1,68.60,集合住宅,鋼筋混凝土造,109年5月19日,十五層,六層 陽台 雨遮
RPOPMLPJIIGGFBJ67DA,1,45.93,本共有部分之項目有停車空間、管委會空間等二項。,鋼筋混凝土造,109年5月19日,十五層,
RPOPMLPJIIGGFBJ67DA,1,12.18,本共有部分之項目有梯間、水箱、電梯機械室等三項。,鋼筋混凝土造,109年5月19日,十五層,
RPTRNLRJIIGGFBJ68DA,3,310.96,住商用,鋼筋混凝土造,107年6月25日,四層,一層 二層 三層 四層 陽台 屋頂突出物
RPSNMLMKIIGGFBJ67DA,4,138.69,店舖、辦公室,鋼筋混凝土造,106年10月20日,十五層,一層 二層 雨遮
RPSNMLMKIIGGFBJ67DA,4,14.10,本共有部分之項目有外廊、公共服務空間、排煙室、緊急昇降機、樓梯間、管委會使用空間、水錶室、機房、水箱等九項。,鋼筋混凝土造,106年10月20日,十五層,
RPSNMLMKIIGGFBJ67DA,4,63.67,本共有部分之項目有停車空間、水箱、揚水泵機房、消防機房、雨污水機房、機房、電信機房、防空避難室兼停車空間、台電配電室、緊急發電機室、景觀機房、緊急昇降機、排煙室、樓梯間等十四項。,鋼筋混凝土造,106年10月20日,十五層,
RPUNMLOLRHGGFBJ98DA,8,46.29,住家用,鋼筋混凝土造,103年1月27日,十四層,五層 陽台 雨遮
RPUNMLOLRHGGFBJ98DA,8,37.26,本共有部分之項目有防空避難室兼停車空間、特別安全梯、連續性前廊、管委會使用空間、安全梯、排煙室、梯間、機械室、造型牆、水箱等十項。,鋼筋混凝土造,103年1月27日,十四層,
RPXNMLSJIIGGFBJ68DA,10,131.06,住家用,鋼筋混凝土造,100年7月19日,十三層,七層 陽台 雨遮
RPXNMLSJIIGGFBJ68DA,10,81.31,本共有部分之項目有防空避難室、停車空間、廣場式開放空間、守衛室、公共服務空間、垃圾集中處、車道、梯間、水箱等九項,鋼筋混凝土造,100年7月19日,十三層,
RPVNMLNKIIGGFBJ08DA,13,27.37,商業用,鋼筋混凝土造,97年3月10日,十層,七層 陽台 雨遮
RPVNMLNKIIGGFBJ08DA,13,36.14,共有部分,鋼筋混凝土造,97年3月10日,十層,
RPUOMLQJIIGGFBJ28DA,15,77.39,住家用,鋼筋混凝土造,95年5月24日,十層,十層 陽台 雨遮
RPUOMLQJIIGGFBJ28DA,15,45.23,共有部分,鋼筋混凝土造,95年5月24日,十層,
RPUOMLQJIIGGFBJ28DA,15,12.10,共有部分,鋼筋混凝土造,95年5月24日,十層,
RPXNMLNKIIGGFBJ28DA,10,95.47,住家用,鋼筋混凝土造,100年12月22日,十三層,八層 陽台 雨遮
RPXNMLNKIIGGFBJ28DA,10,18.53,梯間,鋼筋混凝土造,100年12月22日,十三層,
RPXNMLNKIIGGFBJ28DA,10,61.24,本共有部分之項目有防空避難室、停車空間、頂蓋型開放空間、戶外安全梯、及梯廳、管理員室、垃圾儲藏室、梯間、水箱等九項,鋼筋混凝土造,100年12月22日,十三層,
RPOOMLOKIIGGFBJ57DA,18,84.32,住家用,鋼筋混凝土造,93年1月15日,五層,四層 陽台 雨遮
RPOOMLOKIIGGFBJ57DA,18,19.79,共有部分,鋼筋混凝土造,93年1月15日,五層,
RPOOMLOKIIGGFBJ57DA,18,14.24,共有部分,鋼筋混凝土造,93年1月15日,五層,
RPSOMLPKIIGGFBJ08DA,26,185.58,住商用,鋼筋混凝土造,84年9月16日,十層,一層 騎樓 地下層
RPSOMLPKIIGGFBJ08DA,26,12.55,共有部分,鋼筋混凝土造,84年9月16日,十層,
RPRQMLSJPHGGFDJ56DA,,47.06,集合住宅,鋼筋混凝土造,110年4月1日,七層,七層 陽台
RPRQMLSJPHGGFDJ56DA,,40.85,共有部分,鋼筋混凝土造,110年4月1日,七層,
RPRQMLSJPHGGFDJ56DA,,10.65,共有部分,鋼筋混凝土造,110年4月1日,七層,
RPQNMLPKIIGGFBJ77DA,28,87.25,住家用,鋼筋混凝土造,83年1月6日,五層,二層 陽台
RPQNMLPKIIGGFBJ77DA,28,10.99,共有部分,鋼筋混凝土造,83年1月6日,五層,
RPQNMLPKIIGGFBJ77DA,28,19.15,共有部分,鋼筋混凝土造,83年1月6日,地下層,
RPRNMLRJRHGGFBJ78DA,16,.03,守衛室,鋼筋混凝土造,94年9月23日,十五層,一層
RPRNMLRJRHGGFBJ78DA,16,114.54,住家用,鋼筋混凝土造,94年9月23日,十四層,十三層 陽台 雨遮
RPRNMLRJRHGGFBJ78DA,16,19.55,共有部分,鋼筋混凝土造,94年9月23日,十四層,
RPRNMLRJRHGGFBJ78DA,16,24.71,共有部分,鋼筋混凝土造,94年9月23日,十五層,
RPRNMLRJRHGGFBJ78DA,16,21.06,共有部分,鋼筋混凝土造,94年9月23日,十五層,
RPVQMLSJPHGGFDJ96DA,,44.99,集合住宅,鋼筋混凝土造,110年4月1日,七層,五層 陽台
RPVQMLSJPHGGFDJ96DA,,40.28,共有部分,鋼筋混凝土造,110年4月1日,七層,
RPVQMLSJPHGGFDJ96DA,,10.17,共有部分,鋼筋混凝土造,110年4月1日,七層,
RPXSMLSJPHGGFDJ37DA,,46.47,集合住宅,鋼筋混凝土造,110年4月1日,七層,三層 陽台
RPXSMLSJPHGGFDJ37DA,,40.66,共有部分,鋼筋混凝土造,110年4月1日,七層,
RPXSMLSJPHGGFDJ37DA,,10.49,共有部分,鋼筋混凝土造,110年4月1日,七層,
RPUQMLKMQHGGFBJ88DA,,54.10,集合住宅,鋼筋混凝土造,110年7月16日,十四層,三層 陽台
RPUQMLKMQHGGFBJ88DA,,35.10,本共有部分之項目有停車空間、防空避難室兼停車空間、管委會空間、樓梯間、水箱、機房等六項。,鋼筋混凝土造,110年7月16日,十四層,
RPVSMLKMQHGGFBJ56DA,,61.29,集合住宅,鋼筋混凝土造,110年7月16日,十四層,六層 陽台
RPVSMLKMQHGGFBJ56DA,,38.88,本共有部分之項目有停車空間、防空避難室兼停車空間、管委會空間、樓梯間、水箱、機房等六項。,鋼筋混凝土造,110年7月16日,十四層,
RPXSMLKMQHGGFBJ76DA,,61.29,集合住宅,鋼筋混凝土造,110年7月16日,十四層,七層 陽台
RPXSMLKMQHGGFBJ76DA,,38.88,本共有部分之項目有停車空間、防空避難室兼停車空間、管委會空間、樓梯間、水箱、機房等六項。,鋼筋混凝土造,110年7月16日,十四層,
RPVTMLSJPHGGFDJ27DA,,44.65,集合住宅,鋼筋混凝土造,110年4月1日,七層,五層 陽台
RPVTMLSJPHGGFDJ27DA,,37.91,共有部分,鋼筋混凝土造,110年4月1日,七層,
RPVTMLSJPHGGFDJ27DA,,10.09,共有部分,鋼筋混凝土造,110年4月1日,七層,
RPPUMLSJPHGGFDJ76DA,,44.65,集合住宅,鋼筋混凝土造,110年4月1日,七層,三層 陽台
RPPUMLSJPHGGFDJ76DA,,40.22,共有部分,鋼筋混凝土造,110年4月1日,七層,
RPPUMLSJPHGGFDJ76DA,,10.09,共有部分,鋼筋混凝土造,110年4月1日,七層,
RPTNMLNKIIGGFCJ97DA,,25.64,共有部分,鋼筋混凝土造,,三層,
RPTNMLNKIIGGFCJ97DA,,86.17,住家用,鋼筋混凝土造,,八層,六層 陽台
RPTNMLNKIIGGFCJ97DA,,.16,共有部分,鋼筋混凝土造,,一層,
RPROMLMKIIGGFBJ77EA,4,173.74,廠房,鋼筋混凝土造,106年7月12日,十三層,十層 雨遮
RPROMLMKIIGGFBJ77EA,4,23.59,本共有部分之項目有（梯廳）、雨遮等二項,鋼筋混凝土造,106年7月12日,十三層,
RPROMLMKIIGGFBJ77EA,4,53.50,本共有部分之項目有（附屬空間、管委會、停車位、水箱、機械室）、台電配電室、梯廳等七項,鋼筋混凝土造,106年7月12日,十三層,
RPOOMLNKIIGGFBJ57EA,8,72.05,住家用,鋼筋混凝土造,103年1月14日,十四層,十一層 陽台 雨遮
RPROMLMKIIGGFBJ77EA,4,107.39,本共有部分之項目有（防空避難室兼停車空間）等一項,鋼筋混凝土造,106年7月12日,十三層,
RPOOMLNKIIGGFBJ57EA,8,50.03,本共有部分之項目有防空避難室兼停車空間、開放空間等二項。,鋼筋混凝土造,103年1月14日,十四層,
RPOOMLNKIIGGFBJ57EA,8,17.09,本共有部分之項目有樓梯間、機械室、水箱等三項。,鋼筋混凝土造,103年1月14日,十四層,
RPROMLMKIIGGFBJ77EA,4,63.93,本共有部分之項目有（停車空間）、梯廳 等二項,鋼筋混凝土造,106年7月12日,十三層,
RPURMLSJPHGGFDJ96DA,,74.83,集合住宅,鋼筋混凝土造,110年4月1日,七層,二層 陽台
RPURMLSJPHGGFDJ96DA,,76.66,共有部分,鋼筋混凝土造,110年4月1日,七層,
RPURMLSJPHGGFDJ96DA,,16.94,共有部分,鋼筋混凝土造,110年4月1日,七層,
RPWRMLSJPHGGFDJ17DA,,74.83,集合住宅,鋼筋混凝土造,110年4月1日,七層,四層 陽台
RPWRMLSJPHGGFDJ17DA,,48.14,共有部分,鋼筋混凝土造,110年4月1日,七層,
RPWRMLSJPHGGFDJ17DA,,16.94,共有部分,鋼筋混凝土造,110年4月1日,七層,
RPXRMLSJPHGGFDJ27DA,,74.83,集合住宅,鋼筋混凝土造,110年4月1日,七層,五層 陽台
RPXRMLSJPHGGFDJ27DA,,48.14,共有部分,鋼筋混凝土造,110年4月1日,七層,
RPXRMLSJPHGGFDJ27DA,,16.94,共有部分,鋼筋混凝土造,110年4月1日,七層,
RPRPMLPKIIGGFBJ18EA,6,97.14,住家用,鋼筋混凝土造,104年5月19日,十四層,十三層 陽台 雨遮
RPRPMLPKIIGGFBJ18EA,6,77.27,本共有部分之項目有停車空間、防空避難室兼停車空間、管理中心、開放空間、公共服務空間、梯間、水箱、機械室等八項。,鋼筋混凝土造,104年5月19日,十四層,
RPRPMLSKIIGGFBJ48EA,,50.35,集合住宅,鋼筋混凝土造,110年3月24日,十四層,十四層 陽台 雨遮
RPRPMLSKIIGGFBJ48EA,,44.66,本共有部分之項目有停車空間、排煙室、樓梯間、水箱、揚水泵機房、雨污水機房、消防機械室、防空避難室兼停車空間、台電配電室、電信室、人行道、垃圾儲存空間、發電機室、車道、梯廳、管委會使用空間、外廊、電梯機房等十八項。,鋼筋混凝土造,110年3月24日,十四層,
RPTNMLSKIIGGFBJ48EA,4,.10,商業用,鋼筋混凝土造,107年2月9日,十四層,一層
RPTNMLSKIIGGFBJ48EA,4,106.57,住家用,鋼筋混凝土造,107年2月9日,十四層,九層 陽台
RPTNMLSKIIGGFBJ48EA,4,25.75,本共有部分之項目有梯間、水箱、昇降機房等３項。,鋼筋混凝土造,107年2月9日,十四層,
RPTNMLSKIIGGFBJ48EA,4,.00,本共有部分之項目有停車空間、消防機械室、污水機房、水箱、防空避難室兼停車空間、台電配電室、發電機室、電信室、開放空間、公共服務空間、垃圾間等１１項。,鋼筋混凝土造,107年2月9日,十四層,
RPTNMLSKIIGGFBJ48EA,4,53.47,本共有部分之項目有停車空間、消防機械室、污水機房、水箱、防空避難室兼停車空間、台電配電室、發電機室、電信室、開放空間、公共服務空間、垃圾間等１１項。,鋼筋混凝土造,107年2月9日,十四層,
RPQPMLSKIIGGFBJ38EA,19,.07,住家用,鋼筋混凝土造,92年3月21日,十層,一層
RPQPMLSKIIGGFBJ38EA,19,91.88,住家用,鋼筋混凝土造,92年3月21日,十層,三層 陽台
RPQPMLSKIIGGFBJ38EA,19,.01,共有部分,鋼筋混凝土造,92年3月21日,十層,
RPQPMLSKIIGGFBJ38EA,19,13.65,共有部分,鋼筋混凝土造,92年3月21日,十層,
RPQPMLSKIIGGFBJ38EA,19,26.45,共有部分,鋼筋混凝土造,92年3月21日,十層,
RPQPMLSKIIGGFBJ38EA,19,21.65,共有部分,鋼筋混凝土造,92年3月21日,十層,
RPTNMLPKIIGGFCJ28EA,24,66.04,農舍,鋼筋混凝土造,87年2月10日,三層,一層 二層 三層
RPQNMLPKIIGGFCJ97EA,,172.11,集合住宅、停車空間,鋼筋混凝土造,110年5月3日,四層,一層 二層 三層 四層 陽台
RPTNMLOKIIGGFCJ18EA,,105.68,住家用,磚造,,二層,一層 二層
RPRNMLPKIIGGFCJ08EA,,180.30,集合住宅、停車空間,鋼筋混凝土造,110年5月3日,四層,一層 二層 三層 四層 陽台
RPUOMLNKIIGGFBJ18EA,16,88.10,商業用,鋼筋混凝土造,94年7月21日,十層,九層 陽台 見其他登記事項
RPUOMLNKIIGGFBJ18EA,16,.11,守衛室,鋼筋混凝土造,94年7月21日,十層,一層
RPUOMLNKIIGGFBJ18EA,16,16.72,共有部分,鋼筋混凝土造,94年7月21日,十一層,
RPUOMLNKIIGGFBJ18EA,16,8.63,共有部分,鋼筋混凝土造,94年7月21日,十層,
RPUOMLNKIIGGFBJ18EA,16,34.45,共有部分,鋼筋混凝土造,94年7月21日,十層,
RPWNMLRJIIGGFCJ58DA,1,233.74,集合住宅、停車空間,鋼筋混凝土造,109年11月24日,四層,一層 二層 三層 四層 陽台 見其他登記事項
RPRTMLSJPHGGFDJ86DA,,46.47,集合住宅,鋼筋混凝土造,110年4月1日,七層,七層 陽台
RPRTMLSJPHGGFDJ86DA,,40.66,共有部分,鋼筋混凝土造,110年4月1日,七層,
RPRTMLSJPHGGFDJ86DA,,10.49,共有部分,鋼筋混凝土造,110年4月1日,七層,
RPOTMLSJPHGGFDJ56DA,,46.47,集合住宅,鋼筋混凝土造,110年4月1日,七層,四層 陽台
RPOTMLSJPHGGFDJ56DA,,40.66,共有部分,鋼筋混凝土造,110年4月1日,七層,
RPOTMLSJPHGGFDJ56DA,,10.49,共有部分,鋼筋混凝土造,110年4月1日,七層,
RPPNMLOKIIGGFBJ57DA,9,.03,商業用,鋼筋混凝土造,101年3月28日,二十四層,一層
RPPNMLOKIIGGFBJ57DA,9,114.16,住家用,鋼筋混凝土造,101年3月28日,二十四層,十五層 陽台 雨遮
RPPNMLOKIIGGFBJ57DA,9,63.30,本共有部分之項目有防空避難室，停車空間，開放空間，垃圾集中場，社區公共服務空間等五項。,鋼筋混凝土造,101年3月28日,二十四層,
RPPNMLOKIIGGFBJ57DA,9,20.82,本共有部分之項目有防空避難室，停車空間，開放空間，垃圾集中場，社區公共服務空間等五項。,鋼筋混凝土造,101年3月28日,二十四層,
RPPNMLOKIIGGFBJ57DA,9,28.54,本共有部分之項目有梯間、中繼機房、機械室、水箱等四項。,鋼筋混凝土造,101年3月28日,二十四層,
RPTPMLMKIIGGFBJ97DA,7,104.25,住家用,鋼筋混凝土造,103年11月21日,十層,八層 陽台 雨遮
RPTPMLMKIIGGFBJ97DA,7,86.09,本共有部分之項目有防空避難室兼停車空間、守衛室等二項。,鋼筋混凝土造,103年11月21日,十層,
RPTPMLMKIIGGFBJ97DA,7,11.46,本共有部分之項目有樓梯間、機房等二項。,鋼筋混凝土造,103年11月21日,十層,
RPTTMLSJPHGGFDJ07DA,,44.65,集合住宅,鋼筋混凝土造,110年4月1日,七層,三層 陽台
RPTTMLSJPHGGFDJ07DA,,37.91,共有部分,鋼筋混凝土造,110年4月1日,七層,
RPTTMLSJPHGGFDJ07DA,,10.09,共有部分,鋼筋混凝土造,110年4月1日,七層,
RPUNMLPKIIGGFBJ28EA,1,63.12,集合住宅,鋼筋混凝土造,109年12月25日,二十四層,九層 陽台
RPUNMLPKIIGGFBJ28EA,1,60.86,本共有部分之項目有停車空間、防空避難室兼停車空間、管委會空間、防災中心、梯間、機房、水箱等七項。,鋼筋混凝土造,109年12月25日,二十四層,
RPWOMLOKIIGGFBJ48EA,10,151.46,住家用,鋼筋混凝土造,100年10月11日,十五層,十四層 陽台 雨遮
RPWOMLOKIIGGFBJ48EA,10,22.22,本共有部分之項目有梯間、機械室、水箱等三項,鋼筋混凝土造,100年10月11日,十五層,
RPWOMLOKIIGGFBJ48EA,10,88.32,本共有部分之項目有防空避難室、停車空間、頂蓋型廣場室開放空間、管委會使用空間、車道等５項,鋼筋混凝土造,100年10月11日,十五層,
RPVOMLNKIIGGFBJ28EA,7,285.19,住家用,鋼筋混凝土造,103年7月22日,二十四層,二十四層 陽台 雨遮
RPVOMLNKIIGGFBJ28EA,7,43.31,本共有部分之項目有樓梯間、機械室、水箱等三項,鋼筋混凝土造,103年7月22日,二十四層,
RPVOMLNKIIGGFBJ28EA,7,149.96,本共有部分之項目有防空避難室兼停車空間、管委會使用空間、管理委員室、沿街步道式、廣場式（頂蓋型）開放空間、樓梯間等六項,鋼筋混凝土造,103年7月22日,二十四層,
RPOPMLMKIIGGFBJ47DA,5,78.04,住家用,鋼筋混凝土造,105年6月8日,二十七層,二十四層 陽台 雨遮
RPOPMLMKIIGGFBJ47DA,5,24.07,本共有部分之項目有管委會使用空間、樓梯間、機械室、水箱等四項,鋼筋混凝土造,105年6月8日,二十七層,
RPOPMLMKIIGGFBJ47DA,5,42.79,本共有部分之項目有防空避難室兼停車空間、停車空間等二項,鋼筋混凝土造,105年6月8日,二十七層,
RPUNMLNKIIGGFBJ97DA,28,91.02,住家用,鋼筋混凝土造,82年11月19日,七層,二層 陽台
RPUNMLNKIIGGFBJ97DA,28,43.52,共有部分,鋼筋混凝土造,82年11月19日,七層,
RPRRMLQJIIGGFBJ28DA,6,.09,住家用,鋼筋混凝土造,104年4月17日,二十九層,一層
RPRRMLQJIIGGFBJ28DA,6,133.76,住家用,鋼筋混凝土造,104年4月17日,二十九層,十四層 陽台
RPRRMLQJIIGGFBJ28DA,6,59.50,本共有部分之項目有停車空間、防災中心、台電配電室、車道、梯廳、排煙室、安全梯、升降機道、游泳池機房、消防中繼機房、電信室、水箱、發電機房、配電室、防空避難室兼停車空間、消防機房、泵浦機房、汙水機房等十八項。,鋼筋混凝土造,104年4月17日,二十九層,
RPRRMLQJIIGGFBJ28DA,6,23.20,本共有部分之項目有停車空間、防災中心、台電配電室、車道、梯廳、排煙室、安全梯、升降機道、游泳池機房、消防中繼機房、電信室、水箱、發電機房、配電室、防空避難室兼停車空間、消防機房、泵浦機房、汙水機房等十八項。,鋼筋混凝土造,104年4月17日,二十九層,
RPRRMLQJIIGGFBJ28DA,6,.00,本共有部分之項目有開放空間、管委會空間、集中式垃圾貯存空間、車道、梯廳、排煙室、安全梯、升降機道、公共服務空間、室內游泳池、浴室、機房等十二項。,鋼筋混凝土造,104年4月17日,二十九層,
RPRRMLQJIIGGFBJ28DA,6,8.25,本共有部分之項目有開放空間、管委會空間、集中式垃圾貯存空間、車道、梯廳、排煙室、安全梯、升降機道、公共服務空間、室內游泳池、浴室、機房等十二項。,鋼筋混凝土造,104年4月17日,二十九層,
RPRRMLQJIIGGFBJ28DA,6,30.16,本共有部分之項目有梯廳、排煙室、安全梯、升降機道、機械室、連結中繼泵機房、水箱等七項。,鋼筋混凝土造,104年4月17日,二十九層,
RPOOMLMLRHGGFBJ28DA,11,419.64,農舍,鋼筋混凝土造,100年1月7日,三層,一層 二層 三層 陽台 屋頂突出物 雨遮
RPSNMLLJIIGGFBJ47DA,,208.99,停車空間、集合住宅、梯間,鋼筋混凝土造,110年5月12日,四層,一層 二層 三層 四層 陽台 屋頂突出物
RPXNMLPKIIGGFBJ58EA,10,.17,管理員室,鋼筋混凝土造,100年5月31日,十四層,一層
RPXNMLPKIIGGFBJ58EA,10,151.16,住家用,鋼筋混凝土造,100年5月31日,十四層,五層 陽台 雨遮
RPXNMLPKIIGGFBJ58EA,10,23.86,本共有部分之項目有梯間、水箱、機械室等三項,鋼筋混凝土造,100年5月31日,十四層,
RPXNMLPKIIGGFBJ58EA,10,48.18,本共有部分之項目有停車空間、防空避難室、公共服務空間、廣場式頂蓋型開放空間、垃圾室、車道等六項,鋼筋混凝土造,100年5月31日,十四層,
RPXNMLPKIIGGFBJ58EA,10,36.92,本共有部分之項目有停車空間、防空避難室、公共服務空間、廣場式頂蓋型開放空間、垃圾室、車道等六項,鋼筋混凝土造,100年5月31日,十四層,
RPWNMLKKRHGGFBJ68DA,8,237.70,住家用,鋼筋混凝土造,103年1月21日,十三層,十三層 陽台 雨遮
RPWNMLKKRHGGFBJ68DA,8,40.13,本共有部分之項目有梯間等一項。,鋼筋混凝土造,103年1月21日,十三層,
RPWNMLKKRHGGFBJ68DA,8,146.51,本共有部分之項目有防空避難室兼停車空間、頂蓋型開放空間、管理員室、集中式垃圾貯存空間、樓梯間、水表區、水箱、機械室等八項。,鋼筋混凝土造,103年1月21日,十三層,
RPOQMLQJRHGGFBJ68DA,,173.22,住商用,鋼筋混凝土造,,三層,一層 二層 三層 騎樓
RPXPMLTJRHGGFBJ17DA,10,300.40,農舍,鋼筋混凝土造,100年10月13日,三層,一層 二層 三層 陽台 屋頂突出物 雨遮
RPWNMLKMRHGGFBJ88DA,,88.66,集合住宅,鋼筋混凝土造,110年6月1日,十五層,十四層 陽台
RPWNMLKMRHGGFBJ88DA,,59.29,本共有部分之項目有停車空間、防空避難室兼停車空間、台電配電場所、管委會使用空間、樓梯間、水箱、電梯機房等七項。,鋼筋混凝土造,110年6月1日,十五層,
RPWNMLKMRHGGFBJ88DA,,14.98,樓梯間,鋼筋混凝土造,110年6月1日,十五層,
RPRPMLLKRHGGFBJ48DA,25,147.82,住家用,鋼筋混凝土造,85年6月1日,十層,十層 陽台
RPRPMLLKRHGGFBJ48DA,25,23.67,共有部分,鋼筋混凝土造,85年6月1日,十層,
RPRPMLLKRHGGFBJ48DA,25,18.18,共有部分,鋼筋混凝土造,85年6月1日,十層,
RPUPMLMKIIGGFBJ08DA,26,291.01,住家用,鋼筋混凝土造,84年12月1日,四層,一層 二層 三層 四層 陽台 平台 屋頂突出物
RPQOMLOKIIGGFBJ77DA,8,.07,住家用,鋼筋混凝土造,102年11月7日,二十二層,一層
RPQOMLOKIIGGFBJ77DA,8,137.45,住家用,鋼筋混凝土造,102年11月7日,二十二層,三層 陽台 雨遮
RPQOMLOKIIGGFBJ77DA,8,66.37,本共有部分之項目有防空避難室兼停車空間，清水池，機房，電信室，台電配電室，開放空間，門廳，梯間，機械室，中繼機房，水塔室，水箱等十二項。,鋼筋混凝土造,102年11月6日,二十二層,
RPQOMLOKIIGGFBJ77DA,8,27.35,本共有部分之項目有防空避難室兼停車空間，清水池，機房，電信室，台電配電室，開放空間，門廳，梯間，機械室，中繼機房，水塔室，水箱等十二項。,鋼筋混凝土造,102年11月6日,二十二層,
RPQOMLOKIIGGFBJ77DA,8,36.22,本共有部分之項目有梯間，機械室，中繼機房，水塔室，水箱等五項。,鋼筋混凝土造,102年11月6日,二十二層,
RPTOMLSKIIGGFBJ48DA,7,138.59,住家用,鋼筋混凝土造,103年12月3日,二十七層,十九層 陽台 雨遮
RPTOMLSKIIGGFBJ48DA,7,45.91,本共有部分之項目有梯廳、排煙室、緊急昇降機、昇降機、樓梯間、社區外廊、社區交誼室、開放空間、垃圾處理室、水錶室、機房、水箱等十二項,鋼筋混凝土造,103年12月3日,二十七層,
RPTOMLSKIIGGFBJ48DA,7,78.50,本共有部分之項目有防空避難室兼停車空間、消防機房、污水機房、電氣設備室、揚水泵機房、水箱、防災中心、排煙室、緊急昇降機、昇降機、樓梯間、台電配電室、緊急發電機房、電信室、景觀機房等十五項,鋼筋混凝土造,103年12月3日,二十七層,
RPUQMLKKRHGGFBJ78DA,2,1.58,警衛室,鋼筋混凝土造,108年3月28日,四層,一層 二層 三層 四層 陽台 雨遮
RPUQMLKKRHGGFBJ78DA,2,367.38,住家用,鋼筋混凝土造,108年10月4日,四層,一層 二層 三層 四層 陽台 屋頂突出物
RPTRMLMJRHGGFBJ88DA,29,88.73,住家用,鋼筋混凝土造,81年5月13日,六層,五層 陽台
RPTRMLMJRHGGFBJ88DA,29,9.98,共有部分,鋼筋混凝土造,81年5月13日,六層,
RPTRMLMJRHGGFBJ88DA,29,7.21,共有部分,鋼筋混凝土造,81年5月13日,六層,
RPRNMLRKIIGGFBJ08DA,16,109.93,住家用,鋼筋混凝土造,94年11月28日,五層,五層 陽台 見其他登記事項
RPRNMLRKIIGGFBJ08DA,16,43.30,共有部分,鋼筋混凝土造,94年11月28日,五層,
RPQQMLPKIIGGFBJ08DA,9,.03,商業用,鋼筋混凝土造,101年3月28日,二十四層,一層
RPQQMLPKIIGGFBJ08DA,9,96.96,住家用,鋼筋混凝土造,101年3月28日,二十四層,三層 陽台 雨遮
RPQQMLPKIIGGFBJ08DA,9,63.30,本共有部分之項目有防空避難室，停車空間，開放空間，垃圾集中場，社區公共服務空間等五項。,鋼筋混凝土造,101年3月28日,二十四層,
RPQQMLPKIIGGFBJ08DA,9,17.69,本共有部分之項目有防空避難室，停車空間，開放空間，垃圾集中場，社區公共服務空間等五項。,鋼筋混凝土造,101年3月28日,二十四層,
RPQQMLPKIIGGFBJ08DA,9,25.53,本共有部分之項目有梯間、中繼機房、機械室、水箱等四項。,鋼筋混凝土造,101年3月28日,二十四層,
RPTOMLPKIIGGFBJ18DA,28,89.21,住家用,鋼筋混凝土造,82年11月19日,五層,一層 平台
RPTOMLPKIIGGFBJ18DA,28,22.84,停車空間,鋼筋混凝土造,82年11月19日,五層,
RPTOMLPKIIGGFBJ18DA,28,13.51,共有部分,鋼筋混凝土造,82年11月19日,五層,
RPXPMLPKIIGGFBJ68DA,16,31.70,住家用,鋼筋混凝土造,94年11月14日,十五層,十四層 陽台 雨遮
RPXPMLPKIIGGFBJ68DA,16,3.73,共有部分,鋼筋混凝土造,94年11月14日,十五層,
RPXPMLPKIIGGFBJ68DA,16,6.66,共有部分,鋼筋混凝土造,94年11月14日,十五層,
RPPOMLSKIIGGFCJ28EA,5,206.40,停車空間、集合住宅,鋼筋混凝土造,105年9月27日,四層,一層 二層 三層 四層 陽台
RPSOMLPKIIGGFCJ28EA,29,56.01,住商用,鋼筋混凝土造,81年6月20日,五層,一層 平台
RPSOMLPKIIGGFCJ28EA,29,5.31,共有部分,鋼筋混凝土造,81年6月20日,五層,
RPQNMLSKIIGGFCJ18DA,,225.80,住家用,鋼筋混凝土造,110年5月27日,四層,一層 二層 三層 四層 陽台 見其他登記事項
RPPNMLTKIIGGFCJ28EA,29,72.89,住家用,鋼筋混凝土造,81年7月15日,六層,四層 陽台
RPPNMLTKIIGGFCJ28EA,29,53.62,共有部分,鋼筋混凝土造,81年7月15日,六層,
RPWNMLPKIIGGFBJ48EA,,55.14,集合住宅,鋼筋混凝土造,110年6月3日,十四層,十一層 陽台 雨遮
RPWNMLPKIIGGFBJ48EA,,63.79,本共有部分之項目有防空避難室兼停車空間、停車空間、開放空間、公共服務空間、管委會使用空間、梯間、水錶區、水箱、機械室等九項。,鋼筋混凝土造,110年6月3日,十四層,
RPSPMLSKIIGGFBJ58EA,8,112.08,住家用,鋼筋混凝土造,102年12月27日,十四層,十三層 陽台 雨遮
RPSPMLSKIIGGFBJ58EA,8,80.38,本共有部分之項目有防空避難室兼停車空間、頂蓋型開放空間、樓梯、梯間、樓電梯間、水錶室、水箱、機械室等八項。,鋼筋混凝土造,102年12月27日,十四層,
RPXOMLOKIIGGFBJ58EA,9,108.40,住家用,鋼筋混凝土造,101年11月29日,九層,九層 陽台 雨遮
RPXOMLOKIIGGFBJ58EA,9,15.87,本共有部分之項目有樓梯間一項。,鋼筋混凝土造,101年11月29日,九層,
RPXOMLOKIIGGFBJ58EA,9,80.02,本共有部分之項目有停車空間、防空避難室兼停車空間、機械室、水箱等四項。,鋼筋混凝土造,101年11月29日,九層,
RPUOMLOKIIGGFBJ28EA,,214.34,集合住宅、停車空間、樓梯間,鋼筋混凝土造,110年5月5日,四層,一層 二層 三層 四層 屋頂突出物
RPVOMLOKIIGGFBJ38EA,,223.84,集合住宅、停車空間、樓梯間,鋼筋混凝土造,110年5月5日,四層,一層 二層 三層 四層 陽台 屋頂突出物
RPXNMLOKIIGGFCJ48DA,14,18.10,辦公室,鋼筋混凝土造,96年10月22日,五層,四層 陽台 雨遮
RPXNMLOKIIGGFCJ48DA,14,8.93,共有部分,鋼筋混凝土造,96年10月22日,五層,
RPXNMLNLRHGGFBJ56DA,,217.25,集合住宅、停車空間、樓梯間,鋼筋混凝土造,110年6月25日,四層,一層 二層 三層 四層 陽台 屋頂突出物
RPPOMLTKIIGGFCJ38EA,,192.02,集合住宅、停車空間,鋼筋混凝土造,110年6月8日,四層,一層 二層 三層 四層 陽台
