﻿編號,土地位置,土地移轉面積(平方公尺),使用分區或編定,權利人持分分母,權利人持分分子,移轉情形,地號
The serial number, land position,land shifting area square meter,the use zoning or compiles and checks,,,,land parcel
RPQNMLLKRHGGFDJ48CC,長嶺段,.00,非都市：特定農業區 ; 非都市編定：甲種建築用地,,,,16250000
RPRNMLLKRHGGFCJ48CC,台泥段,16.60,都市：商,,,,00140000
RPORMLOKRHGGFBJ88DC,莊敬段,.00,都市：其他:住宅區,,,,06990000
RPORMLOKRHGGFBJ88DC,莊敬段,.00,都市：其他:住宅區,,,,07000000
RPOOMLPKRHGGFBJ58CC,台元段,.00,都市：工,,,,06650000
RPTNMLLKRHGGFBJ58CC,台元段,.00,都市：工,,,,06650000
RPVQMLOKRHGGFBJ76CC,隘興段,.00,非都市： ; 非都市編定：,,,,04410000
RPVNMLLKRHGGFBJ78CC,永興段,.00,都市：商,,,,04950000
RPWNMLLKRHGGFBJ88CC,台元段,.00,都市：工,,,,06350000
RPXPMLPKRHGGFBJ96CC,站後段,.00,都市：商,,,,00320000
RPXPMLPKRHGGFBJ96CC,站後段,.00,都市：商,,,,00330000
RPXPMLPKRHGGFBJ96CC,站後段,.00,都市：商,,,,00370000
