﻿鄉鎮市區,交易標的,土地位置建物門牌,土地移轉總面積平方公尺,都市土地使用分區,非都市土地使用分區,非都市土地使用編定,交易年月日,交易筆棟數,移轉層次,總樓層數,建物型態,主要用途,主要建材,建築完成年月,建物移轉總面積平方公尺,建物現況格局-房,建物現況格局-廳,建物現況格局-衛,建物現況格局-隔間,有無管理組織,總價元,單價元平方公尺,車位類別,車位移轉總面積(平方公尺),車位總價元,備註,編號,主建物面積,附屬建物面積,陽台面積,電梯,移轉編號
The villages and towns urban district,transaction sign,land sector position building sector house number plate,land shifting total area square meter,the use zoning or compiles and checks,the non-metropolis land use district,non-metropolis land use,transaction year month and day,transaction pen number,shifting level,total floor number,building state,main use,main building materials,construction to complete the years,building shifting total area,Building present situation pattern - room,building present situation pattern - hall,building present situation pattern - health,building present situation pattern - compartmented,Whether there is manages the organization,total price NTD,the unit price (NTD / square meter),the berth category,berth shifting total area square meter,the berth total price NTD,the note,serial number,,,,,
竹北市,房地(土地+建物),新竹縣竹北市仁義路７６號四樓,21.56,都市：其他:第二種住宅區,,,1100818,土地1建物1車位0,四層,七層,華廈(10層含以下有電梯),住家用,鋼筋混凝土造,0820914,99.94,3,2,2,有,無,6280000,62838,,0.0,0,,RPTPMLKLQHGGFBJ58DA,74.68,8.94,0.0,有,
竹北市,土地,站後段103-1地號,363.83,都市：其他:道路用地,,,1100819,土地1建物0車位0,,,其他,,,,0.0,0,0,0,有,無,17400000,47825,,0.0,0,包含公共設施保留地用地；,RPVNMLNLQHGGFBJ88DA,0.0,0.0,0.0,無,001
竹北市,土地,東興段1023地號,4049.11,,特定農業區,農牧用地,1100716,土地1建物0車位0,,,其他,,,,0.0,0,0,0,有,無,100142270,24732,,0.0,0,,RPROMLLJRHGGFBJ28DA,0.0,0.0,0.0,無,
竹北市,土地,省道段408地號,58.69,都市：其他:道路用地,,,1100901,土地1建物0車位0,,,其他,,,,0.0,0,0,0,有,無,1800000,30670,,0.0,0,包含公共設施保留地用地；,RPURMLLJRHGGFBJ88DA,0.0,0.0,0.0,無,002
竹北市,房地(土地+建物)+車位,新竹縣竹北市縣政二路南段１２３號,27.01,都市：其他:第一種住宅區,,,1100903,土地1建物1車位2,一層,十三層,店面(店鋪),商業用,鋼筋混凝土造,1011025,182.14,3,0,1,有,有,26500000,145492,坡道平面,42.19,0,,RPQQMLNJRHGGFBJ58DA,93.48,3.14,0.0,有,003
竹北市,房地(土地+建物)+車位,新竹縣竹北市復興三路一段１９７號九樓之一,49.38,都市：其他:住宅區,,,1100804,土地1建物1車位2,九層,二十二層,住宅大樓(11層含以上有電梯),住家用,鋼筋混凝土造,1071121,343.22,4,2,3,有,無,38590000,123116,坡道平面,53.33,2900000,,RPOOMLKKRHGGFBJ97DA,166.0,24.34,0.0,有,
竹北市,房地(土地+建物)+車位,新竹縣竹北市復興三路一段１９７號十一樓之二,46.41,都市：其他:住宅區,,,1100825,土地1建物1車位1,十一層,二十二層,住宅大樓(11層含以上有電梯),住家用,鋼筋混凝土造,1071121,322.53,4,2,3,有,無,39800000,129972,坡道平面,28.62,1600000,,RPUPMLKKRHGGFBJ68DA,166.2,26.8,0.0,有,
竹北市,土地,華城段1123地號,396.8,,山坡地保育區,農牧用地,1100901,土地1建物0車位0,,,其他,,,,0.0,0,0,0,有,無,630000,1588,,0.0,0,,RPPNMLSKRHGGFBJ78DA,0.0,0.0,0.0,無,004
竹北市,車位,新竹縣竹北市嘉豐五路一段２１３號,3.2,都市：其他:住宅區,,,1100911,土地1建物1車位1,一層,十九層,其他,辦公室,鋼筋混凝土造,1050203,27.580000000000002,0,0,0,有,有,1750000,,坡道平面,0.0,1750000,僅車位交易；,RPPNMLMLRHGGFBJ28DA,0.0,0.0,0.0,有,005
竹北市,房地(土地+建物)+車位,新竹縣竹北市光明九路１９號八樓,46.89,都市：其他:第二種住宅區,,,1100911,土地1建物1車位2,八層,八層,華廈(10層含以下有電梯),住家用,鋼筋混凝土造,1021202,234.14999999999998,5,2,2,有,有,19780000,84476,坡道平面,0.0,0,,RPQPMLOLRHGGFBJ78DA,102.08,27.3,0.0,有,
竹北市,車位,新竹縣竹北市光明六路東一段２９６之１號,2.77,都市：其他:第二種商業區,,,1100923,土地1建物1車位2,一層,二十三層,其他,管理室,鋼筋混凝土造,0960528,33.25,0,0,0,有,有,1000000,,坡道機械,33.24,1000000,僅車位交易；,RPVOMLRLRHGGFBJ86DA,0.0,0.0,0.0,有,006
竹北市,房地(土地+建物)+車位,新竹縣竹北市莊敬六街２６０號,65.01,都市：其他:第一種住宅區,,,1100820,土地1建物2車位3,全,二層,透天厝,商辦用,鋼筋混凝土造,1030321,425.66999999999996,2,3,2,有,有,48500000,113938,坡道平面,0.0,0,,RPSOMLSLRHGGFBJ66DA,244.01,16.14,0.0,有,
竹北市,房地(土地+建物)+車位,新竹縣竹北市嘉豐二街一段３１號六樓,38.89,都市：其他:住宅區,,,1100908,土地1建物1車位2,六層,十三層,住宅大樓(11層含以上有電梯),住家用,鋼筋混凝土造,0981223,248.07,4,2,2,有,有,26880000,108357,坡道平面,51.7,0,陽台外推；其他增建；,RPOOMLTLRHGGFBJ98DA,119.32,19.73,0.0,有,007
竹北市,房地(土地+建物)+車位,新竹縣竹北市北新一街６號七樓,10.86,都市：其他:第三種商業區,,,1100917,土地1建物1車位1,七層,二十四層,住宅大樓(11層含以上有電梯),住家用,鋼筋混凝土造,1080416,125.03,2,1,1,有,有,10320000,82540,坡道平面,28.17,0,,RPUNMLLJIIGGFBJ67DA,59.03,6.98,0.0,有,008
竹北市,房地(土地+建物),新竹縣竹北市三民路３６３號二樓,35.5,都市：其他:第二種住宅區,,,1100907,土地1建物1車位0,二層,四層,公寓(5樓含以下無電梯),住家用,鋼筋混凝土造,,87.63,2,1,1,有,無,4000000,45646,,0.0,0,,RPSNMLNJIIGGFBJ67DA,87.63,0.0,0.0,無,
竹北市,土地,府前段740-1地號,9.59,都市：其他:道路用地,,,1100922,土地1建物0車位0,,,其他,,,,0.0,0,0,0,有,無,480000,50052,,0.0,0,包含公共設施保留地用地；,RPSNMLPJIIGGFBJ87DA,0.0,0.0,0.0,無,009
竹北市,土地,興崙段29地號,334.99,,特定農業區,農牧用地,1100628,土地6建物0車位0,,,其他,,,,0.0,0,0,0,有,無,11000000,32837,,0.0,0,親友、員工、共有人或其他特殊關係間之交易；,RPQOMLPJIIGGFBJ77DA,0.0,0.0,0.0,無,
新埔鎮,房地(土地+建物),新竹縣新埔鎮寶鎮５７號,144.38,,山坡地保育區,丙種建築用地,1100905,土地7建物1車位0,全,四層,透天厝,住家用,鋼筋混凝土造,0830421,180.8,4,2,3,有,無,5300000,29316,,0.0,0,,RPUOMLPJIIGGFBJ18DA,158.44,18.87,0.0,無,
竹北市,房地(土地+建物)+車位,新竹縣竹北市嘉興三街２２號三樓之五,28.15,都市：其他:第一種住宅區,,,1100731,土地1建物1車位1,三層,十四層,住宅大樓(11層含以上有電梯),住家用,鋼筋混凝土造,1060615,170.45,3,2,2,有,有,16050000,94163,坡道平面,33.91,0,,RPSRMLQJIIGGFBJ38DA,79.43,13.41,0.0,有,010
竹北市,房地(土地+建物),新竹縣竹北市六家七路１７９巷２１號,96.81,都市：其他:住宅區,,,1100901,土地3建物1車位0,全,四層,透天厝,住家用,鋼筋混凝土造,0960109,305.8,5,2,5,有,有,28000000,91566,,0.0,0,陽台外推；其他增建；,RPROMLQJIIGGFBJ97DA,261.13,11.67,0.0,無,
竹東鎮,房地(土地+建物),新竹縣竹東鎮龍鳳路７號,86.06,都市：其他:住宅區,,,1100309,土地1建物1車位0,全,四層,透天厝,住商用,鋼筋混凝土造,1100705,254.58,0,0,4,有,有,23680000,93016,,0.0,0,,RPRNMLLLRHGGFCJ48DA,232.57,22.01,0.0,有,
竹東鎮,房地(土地+建物),新竹縣竹東鎮龍鳳路９號,86.06,都市：其他:住宅區,,,1100309,土地1建物1車位0,全,四層,透天厝,住商用,鋼筋混凝土造,1100705,252.52,0,0,4,有,有,23680000,93775,,0.0,0,,RPSNMLLLRHGGFCJ58DA,232.57,19.95,0.0,有,
竹東鎮,房地(土地+建物),新竹縣竹東鎮龍鳳路１１號,86.06,都市：其他:住宅區,,,1100526,土地1建物1車位0,全,四層,透天厝,住商用,鋼筋混凝土造,1100705,255.6,0,0,4,有,有,23980000,93818,,0.0,0,,RPTNMLLLRHGGFCJ68DA,232.57,23.03,0.0,有,
竹東鎮,房地(土地+建物),新竹縣竹東鎮龍鳳路１３號,86.06,都市：其他:住宅區,,,1081030,土地1建物1車位0,全,四層,透天厝,住商用,鋼筋混凝土造,1100705,258.18,4,3,4,有,有,23680000,91719,,0.0,0,,RPUNMLLLRHGGFCJ78DA,232.57,25.61,0.0,有,
竹東鎮,房地(土地+建物),新竹縣竹東鎮龍鳳路１５號,86.06,都市：其他:住宅區,,,1100805,土地1建物1車位0,全,四層,透天厝,住商用,鋼筋混凝土造,1100705,254.58,0,0,4,有,有,23980000,94194,,0.0,0,,RPVNMLLLRHGGFCJ88DA,232.57,22.01,0.0,有,
竹東鎮,房地(土地+建物),新竹縣竹東鎮龍鳳路１７號,86.06,都市：其他:住宅區,,,1081115,土地1建物1車位0,全,四層,透天厝,住商用,鋼筋混凝土造,1100705,252.52,4,3,4,有,有,23980000,94963,,0.0,0,,RPWNMLLLRHGGFCJ98DA,232.57,19.95,0.0,有,
竹東鎮,房地(土地+建物),新竹縣竹東鎮龍鳳路２１號,86.06,都市：其他:住宅區,,,1081025,土地1建物1車位0,全,四層,透天厝,住商用,鋼筋混凝土造,1100705,258.18,4,3,4,有,有,23580000,91332,,0.0,0,,RPXNMLLLRHGGFCJ09DA,232.57,25.61,0.0,有,
竹東鎮,房地(土地+建物),新竹縣竹東鎮龍鳳路２７號,86.06,都市：其他:住宅區,,,1100816,土地1建物1車位0,全,四層,透天厝,住商用,鋼筋混凝土造,1100705,255.6,0,0,4,有,有,23980000,93818,,0.0,0,,RPPOMLLLRHGGFCJ38DA,232.57,23.03,0.0,有,
竹東鎮,房地(土地+建物),新竹縣竹東鎮工業一路２巷２號,72.56,都市：其他:住宅區,,,1100804,土地1建物1車位0,全,四層,透天厝,住家用,鋼筋混凝土造,1100705,218.62,5,2,3,有,有,18500000,84622,,0.0,0,,RPQOMLLLRHGGFCJ48DA,195.3,23.32,0.0,有,
竹東鎮,房地(土地+建物),新竹縣竹東鎮工業一路２巷６號,65.91,都市：其他:住宅區,,,1100731,土地1建物1車位0,全,四層,透天厝,住家用,鋼筋混凝土造,1100705,206.48,5,2,3,有,有,18000000,87176,,0.0,0,,RPROMLLLRHGGFCJ58DA,192.89,13.59,0.0,有,
竹東鎮,房地(土地+建物),新竹縣竹東鎮工業一路２巷１０號,65.91,都市：其他:住宅區,,,1100812,土地1建物1車位0,全,四層,透天厝,住家用,鋼筋混凝土造,1100705,206.48,5,2,3,有,有,18000000,87176,,0.0,0,,RPTOMLLLRHGGFCJ78DA,192.89,13.59,0.0,有,
竹東鎮,房地(土地+建物),新竹縣竹東鎮工業一路２巷１２號,65.91,都市：其他:住宅區,,,1100109,土地1建物1車位0,全,四層,透天厝,住家用,鋼筋混凝土造,1100705,216.04,5,2,3,有,有,17580000,81374,,0.0,0,,RPUOMLLLRHGGFCJ88DA,192.89,23.15,0.0,有,
竹東鎮,房地(土地+建物),新竹縣竹東鎮工業一路２巷１６號,65.91,都市：其他:住宅區,,,1100426,土地1建物1車位0,全,四層,透天厝,住家用,鋼筋混凝土造,1100705,206.48,5,2,3,有,有,17680000,85626,,0.0,0,,RPVOMLLLRHGGFCJ98DA,192.89,13.59,0.0,有,
竹東鎮,房地(土地+建物),新竹縣竹東鎮工業一路２巷１８號,65.91,都市：其他:住宅區,,,1100430,土地1建物1車位0,全,四層,透天厝,住家用,鋼筋混凝土造,1100705,216.04,5,2,3,有,有,17680000,81837,,0.0,0,,RPWOMLLLRHGGFCJ09DA,192.89,23.15,0.0,有,
竹東鎮,房地(土地+建物),新竹縣竹東鎮工業一路２巷２０號,65.91,都市：其他:住宅區,,,1100726,土地1建物1車位0,全,四層,透天厝,住家用,鋼筋混凝土造,1100705,206.48,5,2,3,有,有,18000000,87176,,0.0,0,,RPXOMLLLRHGGFCJ56DA,192.89,13.59,0.0,有,
竹東鎮,房地(土地+建物),新竹縣竹東鎮工業一路２巷２２號,91.49,都市：其他:住宅區,,,1100813,土地2建物1車位0,全,四層,透天厝,住家用,鋼筋混凝土造,1100705,216.04,5,2,3,有,有,20380000,94334,,0.0,0,,RPOPMLLLRHGGFCJ38DA,192.89,23.15,0.0,有,
竹東鎮,房地(土地+建物),新竹縣竹東鎮工業一路２巷２６號,65.91,都市：其他:住宅區,,,1081025,土地1建物1車位0,全,四層,透天厝,住家用,鋼筋混凝土造,1100705,206.48,5,2,3,有,有,16680000,80783,,0.0,0,,RPPPMLLLRHGGFCJ48DA,192.89,13.59,0.0,有,
竹東鎮,房地(土地+建物),新竹縣竹東鎮工業一路２巷１號,73.14,都市：其他:住宅區,,,1100807,土地1建物1車位0,全,四層,透天厝,住家用,鋼筋混凝土造,1100705,220.28,5,2,3,有,有,18500000,83984,,0.0,0,,RPRPMLLLRHGGFCJ68DA,196.96,23.32,0.0,有,
竹東鎮,房地(土地+建物),新竹縣竹東鎮工業一路２巷５號,66.43,都市：其他:住宅區,,,1100710,土地1建物1車位0,全,四層,透天厝,住家用,鋼筋混凝土造,1100705,217.71,5,2,2,有,有,18000000,82679,,0.0,0,,RPTPMLLLRHGGFCJ88DA,194.56,23.15,0.0,有,
竹東鎮,房地(土地+建物),新竹縣竹東鎮工業一路２巷７號,66.43,都市：其他:住宅區,,,1100328,土地1建物1車位0,全,四層,透天厝,住家用,鋼筋混凝土造,1100705,208.15,5,2,3,有,有,17580000,84458,,0.0,0,,RPUPMLLLRHGGFCJ98DA,194.56,13.59,0.0,有,
竹東鎮,房地(土地+建物),新竹縣竹東鎮工業一路２巷９號,66.43,都市：其他:住宅區,,,1100807,土地1建物1車位0,全,四層,透天厝,住家用,鋼筋混凝土造,1100705,217.71,5,2,3,有,有,17580000,80750,,0.0,0,,RPVPMLLLRHGGFCJ09DA,194.56,23.15,0.0,有,
竹東鎮,房地(土地+建物),新竹縣竹東鎮工業一路２巷１１號,66.43,都市：其他:住宅區,,,1091107,土地1建物1車位0,全,四層,透天厝,住家用,鋼筋混凝土造,1100705,208.15,5,2,3,有,有,17580000,84458,,0.0,0,,RPWPMLLLRHGGFCJ56DA,194.56,13.59,0.0,有,
竹東鎮,房地(土地+建物),新竹縣竹東鎮工業一路２巷１５號,66.43,都市：其他:住宅區,,,1081231,土地1建物1車位0,全,四層,透天厝,住家用,鋼筋混凝土造,1100705,208.15,5,2,3,有,有,17580000,84458,,0.0,0,,RPOQMLLLRHGGFCJ48DA,194.56,13.59,0.0,有,
竹東鎮,房地(土地+建物),新竹縣竹東鎮工業一路２巷１７號,66.43,都市：其他:住宅區,,,1100419,土地1建物1車位0,全,四層,透天厝,住家用,鋼筋混凝土造,1100705,217.71,5,2,3,有,有,17680000,81209,,0.0,0,,RPPQMLLLRHGGFCJ58DA,194.56,23.15,0.0,有,
竹東鎮,房地(土地+建物),新竹縣竹東鎮工業一路２巷２１號,146.8,都市：其他:住宅區,,,1081003,土地3建物1車位0,全,四層,透天厝,住家用,鋼筋混凝土造,1100705,407.82,6,5,5,有,有,32080000,78662,,0.0,0,,RPRQMLLLRHGGFCJ78DA,383.48,24.34,0.0,有,
竹東鎮,房地(土地+建物),新竹縣竹東鎮龍鳳路２９號,90.44,都市：其他:住宅區,,,1100522,土地1建物1車位0,全,四層,透天厝,住商用,鋼筋混凝土造,1100705,267.16,0,0,4,有,有,24180000,90508,,0.0,0,,RPSQMLLLRHGGFCJ88DA,241.39,25.77,0.0,有,
竹東鎮,房地(土地+建物),新竹縣竹東鎮工業一路２巷８號,65.91,都市：其他:住宅區,,,1100710,土地1建物1車位0,全,四層,透天厝,住家用,鋼筋混凝土造,1100705,216.04,5,2,3,有,有,18000000,83318,,0.0,0,,RPTQMLLLRHGGFCJ98DA,192.89,23.15,0.0,有,
北埔鄉,土地,南埔段番婆坑小段211-7地號,2714.0,,特定農業區,農牧用地,1100823,土地3建物0車位0,,,其他,,,,0.0,0,0,0,有,無,6050000,2229,,0.0,0,,RPVNMLRLRHGGFCJ86DA,0.0,0.0,0.0,無,011
尖石鄉,土地,嘉樂段81地號,2060.0,,山坡地保育區,農牧用地,1100819,土地1建物0車位0,,,其他,,,,0.0,0,0,0,有,無,1500000,728,,0.0,0,,RPUOMLRLRHGGFCJ86DA,0.0,0.0,0.0,無,
芎林鄉,房地(土地+建物),新竹縣芎林鄉文昌街１７９巷８弄１４號,89.24,都市：其他:商業區,,,1100910,土地1建物1車位0,全,一層,透天厝,住家用,加強磚造,0620430,70.68,4,2,3,有,無,3000000,42445,,0.0,0,,RPRNMLRJIIGGFCJ08DA,70.68,0.0,0.0,無,
湖口鄉,房地(土地+建物),新竹縣湖口鄉東楊路１２６巷５號,78.74,,鄉村區,乙種建築用地,1100402,土地2建物1車位0,全,三層,透天厝,住家用,鋼筋混凝土造,1100506,166.82,2,2,3,有,無,7250000,43460,,0.0,0,,RPXSMLTJQHGGFDJ57DA,159.03,7.79,0.0,無,
湖口鄉,房地(土地+建物),新竹縣湖口鄉東楊路１１２巷３號,77.1,,鄉村區,乙種建築用地,1100515,土地2建物1車位0,全,三層,透天厝,住家用,鋼筋混凝土造,1100428,165.47,3,2,3,有,無,7400000,44721,,0.0,0,,RPXNMLQLQHGGFDJ96DA,157.68,7.79,0.0,無,
湖口鄉,房地(土地+建物),新竹縣湖口鄉四維路２號,2524.0,,工業區,丁種建築用地,1100628,土地2建物2車位0,全,七層,透天厝,工業用,鋼筋混凝土造,0901020,5028.4,0,0,0,無,無,233000000,46337,,0.0,0,未登記建物；,RPQNMLTLRHGGFDJ66DA,4947.92,80.48,0.0,無,
湖口鄉,土地,波羅段759地號,170.81,,山坡地保育區,殯葬用地,1100923,土地3建物0車位0,,,其他,,,,0.0,0,0,0,有,無,560000,3278,,0.0,0,親友、員工、共有人或其他特殊關係間之交易；,RPPNMLNJIIGGFDJ57DA,0.0,0.0,0.0,無,
湖口鄉,房地(土地+建物),新竹縣湖口鄉明德街８９巷５弄１號,58.59,都市：其他:住宅區,,,1100409,土地1建物1車位0,全,三層,透天厝,住家用,鋼筋混凝土造,1091014,210.19,2,2,2,有,有,9500000,45197,,0.0,0,,RPXNMLOJIIGGFDJ48DA,167.12,23.01,0.0,無,
湖口鄉,房地(土地+建物),新竹縣湖口鄉明德街８９巷３弄６號,58.05,都市：其他:住宅區,,,1090615,土地1建物1車位0,全,三層,透天厝,住家用,鋼筋混凝土造,1091014,205.57999999999998,2,2,2,有,有,9500000,46211,,0.0,0,,RPSOMLOJIIGGFDJ08DA,163.38,22.51,0.0,無,
竹北市,房地(土地+建物)+車位,新竹縣竹北市自強七街３０號十樓,20.28,都市：其他:第一種住宅區,,,1100911,土地1建物1車位1,十層,十層,華廈(10層含以下有電梯),住家用,鋼筋混凝土造,0921231,112.0,1,1,2,有,有,6000000,53571,坡道平面,20.87,0,,RPQNMLRJIIGGFBJ97EA,55.69,6.32,0.0,有,
竹北市,房地(土地+建物)+車位,新竹縣竹北市興隆路一段６３３號十五樓之一,15.79,都市：其他:第一種住宅區,,,1100814,土地1建物1車位1,十五層,十五層,住宅大樓(11層含以上有電梯),住家用,鋼筋混凝土造,1071026,115.69,2,2,1,有,有,10500000,90760,坡道平面,36.06,0,,RPUTMLRJIIGGFBJ98EA,43.08,8.8,0.0,有,012
竹北市,土地,社北段700地號,3.35,都市：其他:第二種住宅區,,,1101002,土地1建物0車位0,,,其他,,,,0.0,0,0,0,有,無,360000,107463,,0.0,0,,RPWNMLSJIIGGFBJ68EA,0.0,0.0,0.0,無,013
竹東鎮,房地(土地+建物),新竹縣竹東鎮中豐路三段４５巷４５弄１４號,78.0,都市：其他:住宅區,,,1100729,土地1建物1車位0,全,二層,透天厝,住家用,加強磚造,,87.16,5,3,2,有,無,4250000,48761,,0.0,0,其他增建；,RPQNMLRJIIGGFCJ08EA,87.16,0.0,0.0,無,014
竹東鎮,房地(土地+建物),新竹縣竹東鎮中山路２９之１號,80.4,都市：其他:住宅區,,,1100812,土地11建物2車位0,四層,五層,華廈(10層含以下有電梯),住家用,鋼筋混凝土造,,283.79,0,0,0,無,無,8000000,28190,,0.0,0,,RPTNMLPJIIGGFCJ18EA,283.79,0.0,0.0,有,015
芎林鄉,土地,山?湖段秀湖小段65-6地號,15.0,,特定農業區,甲種建築用地,1100831,土地1建物0車位0,,,其他,,,,0.0,0,0,0,有,無,317625,21175,,0.0,0,買方越界建築占用15平方公尺向地主購買此15平方公尺土地,RPTNMLQJIIGGFCJ28EA,0.0,0.0,0.0,無,
竹東鎮,房地(土地+建物),新竹縣竹東鎮光武街８９號九樓,11.28,都市：其他:商業區,,,1100903,土地2建物1車位0,九層,九層,華廈(10層含以下有電梯),住家用,鋼筋混凝土造,0850506,83.05,3,2,1,有,有,2550000,30704,,0.0,0,,RPOOMLQJIIGGFCJ87EA,59.43,7.42,0.0,有,016
芎林鄉,土地,金獅段607地號,157.0,,特定農業區,甲種建築用地,1100919,土地1建物0車位0,,,其他,,,,0.0,0,0,0,有,無,5223900,33273,,0.0,0,,RPQOMLQJIIGGFCJ08EA,0.0,0.0,0.0,無,
竹東鎮,房地(土地+建物)+車位,新竹縣竹東鎮光明路１２６巷６５弄４６號四樓,23.31,都市：其他:科技商務服務專用區,,,1100907,土地2建物1車位1,四層,十四層,住宅大樓(11層含以上有電梯),辦公用,鋼筋混凝土造,1040713,152.97,3,2,2,有,有,9100000,59489,坡道平面,0.0,0,含土地增值稅或其他稅費24316元；,RPPNMLRJIIGGFCJ97EA,75.95,9.43,0.0,有,017
湖口鄉,房地(土地+建物),新竹縣湖口鄉新興路７０２巷７弄８號,90.99,,鄉村區,乙種建築用地,1100911,土地2建物1車位0,全,二層,透天厝,住家用,加強磚造,,138.24,4,3,4,有,無,4950000,35807,,0.0,0,頂樓加蓋；其他增建；,RPUOMLSJIIGGFDJ78EA,138.24,0.0,0.0,無,
芎林鄉,土地,山湖段秀湖小段235地號,1330.0,,特定農業區,農牧用地,1100823,土地1建物0車位0,,,其他,,,,0.0,0,0,0,有,無,6200000,4662,,0.0,0,,RPPQMLSJIIGGFCJ38EA,0.0,0.0,0.0,無,
竹北市,房地(土地+建物),新竹縣竹北市自強南路５９巷３號六樓之五,10.57,都市：其他:第一種住宅區,,,1100908,土地1建物1車位0,六層,十四層,住宅大樓(11層含以上有電梯),住商用,鋼筋混凝土造,0930611,53.68,1,2,1,有,有,5700000,106185,,0.0,0,,RPXOMLSJIIGGFBJ88EA,32.34,4.66,0.0,有,018
竹北市,房地(土地+建物)+車位,新竹縣竹北市日興一街２８號十樓,17.55,都市：其他:住宅區,,,1100818,土地1建物1車位1,十層,十四層,住宅大樓(11層含以上有電梯),住家用,鋼筋混凝土造,1100603,120.16,2,2,1,有,無,12680000,105526,坡道平面,36.64,0,,RPTNMLSJIIGGFBJ38EA,48.17,7.81,0.0,有,019
竹北市,房地(土地+建物)+車位,新竹縣竹北市隘口一街３號二樓之三,8.38,都市：其他:住宅區,,,1100914,土地1建物1車位1,二層,十層,華廈(10層含以下有電梯),商業用,鋼筋混凝土造,0970310,67.28,1,1,1,有,有,6630000,98543,坡道平面,28.58,0,陽台外推；夾層；,RPQPMLSJIIGGFBJ28EA,21.7,5.67,0.0,有,
竹北市,土地,興崙段555-1地號,46.27,都市：其他:道路用地,,,1100915,土地1建物0車位0,,,其他,,,,0.0,0,0,0,有,無,800000,17290,,0.0,0,,RPWOMLMKIIGGFBJ28EA,0.0,0.0,0.0,無,
湖口鄉,房地(土地+建物),新竹縣湖口鄉信昌一街１１２號,64.33,,鄉村區,乙種建築用地,1100910,土地3建物1車位0,全,四層,透天厝,住家用,鋼筋混凝土造,1100330,203.81,3,2,3,有,有,10500000,51519,,0.0,0,,RPVOMLPJIIGGFDJ48DA,179.55,24.26,0.0,無,
湖口鄉,土地,和興段1306地號,2401.5,,特定農業區,農牧用地,1100525,土地1建物0車位0,,,其他,,,,0.0,0,0,0,有,無,5940000,2473,,0.0,0,,RPUOMLRJIIGGFDJ58DA,0.0,0.0,0.0,無,
湖口鄉,房地(土地+建物)+車位,新竹縣湖口鄉德和路７６巷４６弄１０號二樓,67.71,,鄉村區,乙種建築用地,1100822,土地1建物1車位1,二層,五層,華廈(10層含以下有電梯),住家用,鋼筋混凝土造,0891123,162.43,4,2,2,有,有,4380000,26965,坡道平面,0.0,0,,RPPNMLSJIIGGFDJ08DA,99.81,9.47,0.0,有,
湖口鄉,房地(土地+建物),新竹縣湖口鄉明德街８９巷５弄３號,58.05,都市：其他:住宅區,,,1100419,土地1建物1車位0,全,三層,透天厝,住家用,鋼筋混凝土造,1091014,205.57999999999998,2,2,2,有,有,9300000,45238,,0.0,0,,RPOOMLOJIIGGFDJ67DA,163.38,22.51,0.0,無,
湖口鄉,房地(土地+建物),新竹縣湖口鄉明德街８９巷５弄１８號,57.96,都市：其他:住宅區,,,1091208,土地1建物1車位0,全,三層,透天厝,住家用,鋼筋混凝土造,1091014,205.57999999999998,2,2,2,有,有,9300000,45238,,0.0,0,,RPPOMLOJIIGGFDJ77DA,171.0,14.89,0.0,無,
湖口鄉,房地(土地+建物),新竹縣湖口鄉明德街８９巷３弄１８號,58.59,都市：其他:住宅區,,,1090724,土地1建物1車位0,全,三層,透天厝,住家用,鋼筋混凝土造,1091014,210.19,2,2,2,有,有,9600000,45673,,0.0,0,,RPQOMLOJIIGGFDJ87DA,167.12,23.01,0.0,無,
湖口鄉,房地(土地+建物)+車位,新竹縣湖口鄉明德街８９巷３弄１２號,58.05,都市：其他:住宅區,,,1091020,土地1建物1車位1,全,三層,透天厝,住家用,鋼筋混凝土造,1091014,238.79,2,2,2,有,有,10300000,45724,坡道平面,33.21,900000,,RPROMLOJIIGGFDJ97DA,163.38,22.51,0.0,無,
湖口鄉,土地,和興段2683-21地號,182.0,,特定農業區,甲種建築用地,1100901,土地2建物0車位0,,,其他,,,,0.0,0,0,0,有,無,8880000,48791,,0.0,0,,RPQOMLPKRHGGFDJ88DA,0.0,0.0,0.0,無,020
竹東鎮,房地(土地+建物),新竹縣竹東鎮長春路三段３３６巷１９號,78.0,都市：其他:住宅區,,,1100927,土地1建物1車位0,全,二層,透天厝,住家用,加強磚造,,109.62,2,2,2,有,無,6300000,57471,,0.0,0,其他增建；,RPRRMLMKIIGGFCJ08DA,109.62,0.0,0.0,無,
竹東鎮,土地,三重埔段104-2地號,1737.0,都市：其他:工業區,,,1100904,土地2建物0車位0,,,其他,,,,0.0,0,0,0,有,無,42030000,24197,,0.0,0,,RPPSMLMKIIGGFCJ97DA,0.0,0.0,0.0,無,021
竹東鎮,土地,金福段522地號,130.01,,山坡地保育區,丙種建築用地,1100912,土地1建物0車位0,,,其他,,,,0.0,0,0,0,有,無,3500000,26921,,0.0,0,,RPRNMLLJIIGGFCJ47DA,0.0,0.0,0.0,無,022
芎林鄉,土地,水坑貳段486地號,1089.37,,山坡地保育區,林業用地,1100727,土地1建物0車位0,,,其他,,,,0.0,0,0,0,有,無,1317700,1210,,0.0,0,,RPPNMLKMPHGGFCJ08DA,0.0,0.0,0.0,無,
竹東鎮,土地,二重埔段243-9地號,330.58,都市：其他:部分工業區部分道路用地,,,1100711,土地1建物0車位0,,,其他,,,,0.0,0,0,0,有,無,7300000,22082,,0.0,0,農作物；,RPQNMLQJIIGGFCJ87DA,0.0,0.0,0.0,無,023
竹東鎮,房地(土地+建物),新竹縣竹東鎮民族路２７巷１６號,93.25,都市：其他:商業區,,,1100823,土地8建物1車位0,全,四層,透天厝,住家用,鋼筋混凝土造,1050330,289.35999999999996,4,2,4,有,有,18500000,63934,,0.0,0,,RPSQMLSJIIGGFCJ58DA,243.2,20.14,0.0,有,
竹東鎮,房地(土地+建物)+車位,新竹縣竹東鎮榮樂街１８３之４號一樓,27.41,都市：其他:住宅區,,,1100918,土地5建物1車位1,一層,六層,華廈(10層含以下有電梯),住家用,鋼筋混凝土造,0820622,135.86,3,2,2,有,有,5200000,38275,坡道平面,0.0,0,,RPQTMLSJIIGGFCJ68DA,82.23,9.41,0.0,有,
橫山鄉,土地,大肚段香園小段226地號,191.0,,特定農業區,農牧用地,1100919,土地1建物0車位0,,,其他,,,,0.0,0,0,0,有,無,2000000,10471,,0.0,0,,RPWNMLMLRHGGFCJ09DA,0.0,0.0,0.0,無,
芎林鄉,房地(土地+建物)+車位,新竹縣芎林鄉三民路１１３號七樓之６,22.35,,山坡地保育區,丙種建築用地,1100819,土地1建物1車位1,七層,九層,華廈(10層含以下有電梯),住家用,鋼筋混凝土造,0831227,127.16,1,2,1,有,有,3000000,23592,坡道平面,0.0,0,,RPSOMLMLRHGGFCJ78DA,58.12,11.28,0.0,有,
新埔鎮,土地,巨埔段295地號,1515.33,,一般農業區,農牧用地,1100914,土地1建物0車位0,,,其他,,,,0.0,0,0,0,有,無,6000000,3960,,0.0,0,,RPWNMLMKIIGGFBJ08DA,0.0,0.0,0.0,無,
竹北市,房地(土地+建物)+車位,新竹縣竹北市嘉豐十路１號九樓之十一,8.7,都市：其他:第二種商業區,,,1100824,土地1建物1車位1,九層,十三層,住宅大樓(11層含以上有電梯),商業用,鋼筋混凝土造,0970321,91.41,1,1,1,有,有,9300000,101739,坡道平面,0.0,0,,RPRNMLRJIIGGFBJ97DA,42.82,4.77,0.0,有,
竹北市,房地(土地+建物)+車位,新竹縣竹北市勝利八街一段２３３號四樓之五,9.38,都市：其他:第二種商業區,,,1100829,土地1建物1車位1,四層,二十七層,住宅大樓(11層含以上有電梯),住家用,鋼筋混凝土造,1050608,125.33000000000001,2,2,1,有,有,11650000,92955,坡道平面,29.81,0,,RPWNMLRJIIGGFBJ48DA,56.67,7.92,0.0,有,024
竹北市,房地(土地+建物)+車位,新竹縣竹北市聯發街２９號三樓,26.07,都市：其他:第一種住宅區,,,1100829,土地1建物1車位1,三層,十四層,住宅大樓(11層含以上有電梯),住家用,鋼筋混凝土造,1040519,172.32999999999998,3,2,2,有,有,14580000,84605,坡道平面,28.35,0,,RPPOMLRJIIGGFBJ87DA,82.09,15.05,0.0,有,025
竹北市,房地(土地+建物)+車位,新竹縣竹北市復興一街１３７號六樓,43.04,都市：其他:住宅區,,,1100826,土地1建物1車位2,六層,十三層,住宅大樓(11層含以上有電梯),住家用,鋼筋混凝土造,0980623,282.06,4,2,2,有,有,34500000,122310,坡道平面,0.0,0,,RPQOMLRJIIGGFBJ97DA,134.69,24.01,0.0,有,
竹北市,房地(土地+建物)+車位,新竹縣竹北市勝利十一路２６０號六樓之七,8.21,都市：其他:第二種商業區,,,1100806,土地1建物1車位1,六層,二十三層,住宅大樓(11層含以上有電梯),住家用,鋼筋混凝土造,1051101,113.45,2,2,1,有,有,12120000,106831,坡道平面,25.88,0,,RPROMLRJIIGGFBJ08DA,50.99,7.14,0.0,有,026
竹北市,房地(土地+建物)+車位,新竹縣竹北市成功二街９５號,21.45,都市：其他:第一種住宅區,,,1100902,土地1建物1車位1,一層，見其他登記事項,十四層,店面(店鋪),商業用,鋼筋混凝土造,1010403,129.04,0,0,2,有,有,23200000,179789,坡道平面,0.0,0,夾層；,RPTOMLRJIIGGFBJ28DA,77.94,0.0,0.0,有,
竹北市,房地(土地+建物)+車位,新竹縣竹北市嘉豐一街１０３號四樓之八,11.93,都市：其他:第一種住宅區,,,1100814,土地1建物1車位1,四層,七層,華廈(10層含以下有電梯),商業用,鋼筋混凝土造,0990902,60.61,2,1,1,有,有,6300000,103943,坡道機械,8.05,0,,RPWOMLQJIIGGFBJ48DA,26.87,6.57,0.0,有,027
竹北市,房地(土地+建物)+車位,新竹縣竹北市華興三街３號六樓,31.88,都市：其他:第一種住宅區,,,1100501,土地1建物1車位1,六層,十四層,住宅大樓(11層含以上有電梯),住家用,鋼筋混凝土造,1040809,208.03,3,2,2,有,有,17360000,83450,坡道平面,39.06,0,其他增建；,RPXPMLQJIIGGFBJ68DA,102.66,15.76,0.0,有,028
竹北市,土地,省道段408地號,17.12,都市：其他:道路用地,,,1100925,土地1建物0車位0,,,其他,,,,0.0,0,0,0,有,無,1420000,82944,,0.0,0,包含公共設施保留地用地；,RPPQMLQJIIGGFBJ97DA,0.0,0.0,0.0,無,002
竹北市,房地(土地+建物)+車位,新竹縣竹北市嘉興路３３８巷１２號十一樓,26.84,都市：其他:第二種住宅區,,,1100818,土地1建物1車位2,十一層,十二層,住宅大樓(11層含以上有電梯),住家用,鋼筋混凝土造,1030228,197.45999999999998,3,2,2,有,有,15300000,77484,坡道平面,71.92,0,,RPTNMLOJIIGGFBJ87DA,82.13,5.01,0.0,有,030
竹北市,房地(土地+建物)+車位,新竹縣竹北市興隆路一段４６９號十八樓之三,27.61,都市：其他:第一種住宅區,,,1100916,土地1建物1車位1,十八層,十八層,住宅大樓(11層含以上有電梯),住家用,鋼筋混凝土造,1100209,182.89,3,2,2,有,有,17880000,106662,坡道平面,29.79,1550000,,RPOOMLOJIIGGFBJ47DA,86.32,11.35,0.0,有,
竹北市,房地(土地+建物)+車位,新竹縣竹北市隘口六街３５號二樓之二,10.05,都市：其他:住宅區,,,1100908,土地1建物1車位1,二層,九層,華廈(10層含以下有電梯),商業用,鋼筋混凝土造,0970609,59.77,3,1,1,有,有,6300000,105422,坡道機械,0.0,0,,RPXNMLLJIIGGFBJ97DA,30.33,4.91,0.0,有,031
新埔鎮,土地,南平段349-4地號,293.86,,山坡地保育區,農牧用地,1071204,土地1建物0車位0,,,其他,,,,0.0,0,0,0,有,無,710400,2417,,0.0,0,,RPRNMLKMRHGGFBJ38DA,0.0,0.0,0.0,無,
竹北市,房地(土地+建物)+車位,新竹縣竹北市日興一街１８號八樓,17.4,都市：其他:住宅區,,,1100817,土地1建物1車位1,八層,十四層,住宅大樓(11層含以上有電梯),住家用,鋼筋混凝土造,1100603,119.0,2,1,1,有,有,10230000,85966,坡道平面,0.0,0,,RPRNMLQLRHGGFBJ88DA,47.69,7.52,0.0,有,032
竹北市,房地(土地+建物)+車位,新竹縣竹北市日興一街１６號二樓,16.92,都市：其他:住宅區,,,1100826,土地1建物1車位1,二層,十四層,住宅大樓(11層含以上有電梯),住家用,鋼筋混凝土造,1100603,115.81,2,2,1,有,有,11600000,124416,坡道平面,36.64,1750000,其他增建；,RPSPMLPKRHGGFBJ98DA,47.62,5.45,0.0,有,033
竹北市,房地(土地+建物)+車位,新竹縣竹北市日興一街２６號三樓,18.68,都市：其他:住宅區,,,1090503,土地1建物1車位1,三層,十四層,住宅大樓(11層含以上有電梯),住家用,鋼筋混凝土造,1100603,127.72,2,2,1,有,有,9520000,88603,坡道平面,36.64,1450000,含裝潢費820000元；預售屋、或土地及建物分件登記案件；,RPTQMLOKRHGGFBJ09DA,54.88,6.17,0.0,有,
竹北市,房地(土地+建物)+車位,新竹縣竹北市嘉祥三街１８號,25.9,都市：其他:住宅區,,,1100324,土地1建物1車位2,一層,十四層,住宅大樓(11層含以上有電梯),商業用,鋼筋混凝土造,1100603,176.99,1,1,1,有,有,19800000,157169,坡道平面,73.28,3500000,預售屋、或土地及建物分件登記案件；,RPXNMLMLOHGGFBJ78DA,69.4,3.22,0.0,有,
竹北市,房地(土地+建物)+車位,新竹縣竹北市日興一街２８號八樓,17.55,都市：其他:住宅區,,,1091006,土地1建物1車位1,八層,十四層,住宅大樓(11層含以上有電梯),住家用,鋼筋混凝土造,1100603,120.16,2,2,1,有,有,8900000,87404,坡道平面,36.64,1600000,預售屋、或土地及建物分件登記案件；,RPUPMLOLOHGGFBJ88DA,48.17,7.81,0.0,有,
竹北市,房地(土地+建物)+車位,新竹縣竹北市社崙二街１８號十三樓,37.42,都市：其他:第一種住宅區,,,1080801,土地1建物1車位2,十三層,十四層,住宅大樓(11層含以上有電梯),住家用,鋼筋混凝土造,1100610,270.12,4,2,2,有,無,14210000,65146,坡道平面,80.24,1840000,親友、員工、共有人或其他特殊關係間之交易；預售屋、或土地及建物分件登記案件；,RPPOMLKMPHGGFBJ08DA,114.37,12.7,0.0,有,
竹北市,房地(土地+建物)+車位,新竹縣竹北市社崙二街２０號二樓,37.42,都市：其他:第一種住宅區,,,1081022,土地1建物1車位2,二層,十四層,住宅大樓(11層含以上有電梯),住家用,鋼筋混凝土造,1100610,270.08000000000004,4,2,2,有,無,14360000,61420,坡道平面,80.24,2700000,預售屋、或土地及建物分件登記案件；,RPROMLKMPHGGFBJ28DA,114.37,12.66,0.0,有,
竹北市,房地(土地+建物)+車位,新竹縣竹北市社崙二街２６號三樓,34.61,都市：其他:第一種住宅區,,,1080420,土地1建物1車位2,三層,十五層,住宅大樓(11層含以上有電梯),住家用,鋼筋混凝土造,1100610,256.21000000000004,4,2,2,有,無,12800000,59669,坡道平面,80.24,2300000,預售屋、或土地及建物分件登記案件；,RPUUMLKMPHGGFBJ56DA,103.84,11.22,0.0,有,
竹北市,土地,白地粉段136地號,2150.0,,特定農業區,農牧用地,1100824,土地1建物0車位0,,,其他,,,,0.0,0,0,0,有,無,14950000,6953,,0.0,0,,RPQNMLKMQHGGFBJ18DA,0.0,0.0,0.0,無,
竹北市,房地(土地+建物)+車位,新竹縣竹北市嘉豐五路一段２１７號十樓,56.8,都市：其他:住宅區,,,1100908,土地1建物1車位3,十層,十九層,住宅大樓(11層含以上有電梯),住家用,鋼筋混凝土造,1050203,382.1,4,2,2,有,有,39500000,103376,坡道平面,0.0,0,,RPQNMLSKRHGGFBJ88DA,171.87,27.8,0.0,有,034
竹北市,房地(土地+建物),新竹縣竹北市成功三路１３２號三樓之五,9.31,都市：其他:第一種住宅區,,,1100910,土地1建物1車位0,三層,六層,套房(1房1廳1衛),商業用,鋼筋混凝土造,0960606,35.79,1,0,1,有,有,4200000,117351,,0.0,0,含租約；,RPRNMLKKRHGGFBJ18DA,24.3,0.0,0.0,有,035
竹北市,房地(土地+建物),新竹縣竹北市文義街１３６號六樓之八,9.05,都市：其他:第一種住宅區,,,1100905,土地1建物1車位0,六層,七層,套房(1房1廳1衛),商業用,鋼筋混凝土造,0950821,48.760000000000005,1,1,1,有,有,4500000,92289,,0.0,0,陽台外推；夾層；,RPPOMLPKRHGGFBJ58DA,15.8,7.7,0.0,有,
竹北市,房地(土地+建物)+車位,新竹縣竹北市六家五路一段３６８號十一樓,35.82,都市：其他:住宅區,,,1100920,土地1建物1車位1,十一層,二十層,住宅大樓(11層含以上有電梯),住家用,鋼筋混凝土造,1060705,201.51999999999998,3,2,2,有,有,27200000,134974,坡道平面,38.83,0,,RPTOMLOLRHGGFBJ98DA,90.92,9.58,0.0,有,036
竹北市,房地(土地+建物)+車位,新竹縣竹北市勝利八街一段２２７號十一樓之八,10.87,都市：其他:第二種商業區,,,1100905,土地1建物1車位1,十一層,二十七層,住宅大樓(11層含以上有電梯),住家用,鋼筋混凝土造,1050608,144.9,3,2,2,有,有,15980000,110283,坡道平面,29.81,0,,RPRPMLSLRHGGFBJ66DA,64.83,13.21,0.0,有,037
竹北市,房地(土地+建物),新竹縣竹北市港安街二段７５巷１弄２７號,90.22,,鄉村區,乙種建築用地,1100916,土地3建物1車位0,全,四層,透天厝,住家用,鋼筋混凝土造,1090218,188.82,4,2,2,有,無,10550000,55873,,0.0,0,預售屋、或土地及建物分件登記案件；,RPPOMLSJIIGGFBJ97DA,181.35,7.47,0.0,無,
竹北市,房地(土地+建物),新竹縣竹北市港安街二段７５巷１弄３３號,97.87,,鄉村區,乙種建築用地,1100914,土地3建物1車位0,全,四層,透天厝,住家用,鋼筋混凝土造,1090218,188.82,4,2,2,有,無,10880000,57621,,0.0,0,預售屋、或土地及建物分件登記案件；,RPUOMLSJIIGGFBJ48DA,181.35,7.47,0.0,無,
新埔鎮,土地,正興段33地號,141.97,都市：其他:第二種住宅區,,,1100827,土地1建物0車位0,,,其他,,,,0.0,0,0,0,有,無,10500000,73959,,0.0,0,,RPSPMLSJIIGGFBJ38DA,0.0,0.0,0.0,無,
竹北市,土地,蓮華段667地號,515.04,,特定農業區,農牧用地,1100910,土地1建物0車位0,,,其他,,,,0.0,0,0,0,有,無,18000000,34949,,0.0,0,,RPQNMLNJIIGGFBJ47DA,0.0,0.0,0.0,無,038
竹北市,房地(土地+建物)+車位,新竹縣竹北市光明二街８１巷６３號三樓,35.84,都市：其他:第一種商業區,,,1100905,土地1建物1車位2,三層,十四層,住宅大樓(11層含以上有電梯),住家用,鋼筋混凝土造,1031001,260.56,3,2,2,有,有,19300000,74071,坡道平面,47.34,0,,RPXPMLMKIIGGFBJ38DA,129.17,22.58,0.0,有,039
竹北市,房地(土地+建物)+車位,新竹縣竹北市興隆路一段６３３號十樓之三,26.1,都市：其他:第一種住宅區,,,1100830,土地1建物1車位1,十層,十五層,住宅大樓(11層含以上有電梯),住家用,鋼筋混凝土造,1071026,168.17000000000002,3,2,2,有,有,18750000,111494,坡道平面,33.03,0,,RPWNMLNKIIGGFBJ18DA,70.52,17.5,0.0,有,040
竹東鎮,房地(土地+建物),新竹縣竹東鎮學府東路３３６巷２２弄２號,577.42,,山坡地保育區,農牧用地,1100912,土地5建物1車位0,全,四層,透天厝,住家用,鋼筋混凝土造,0931130,308.03,6,4,4,有,有,25500000,82784,,0.0,0,其他增建；,RPROMLQJIIGGFCJ08DA,280.82,27.21,0.0,無,041
竹東鎮,土地,頭重埔段316-7地號,3408.57,都市：其他:工業區,,,1100821,土地2建物0車位0,,,其他,,,,0.0,0,0,0,有,無,89190000,26166,,0.0,0,,RPTNMLNJIIGGFCJ87DA,0.0,0.0,0.0,無,
湖口鄉,房地(土地+建物),新竹縣湖口鄉榮光一路９１巷３６號,97.31,,鄉村區,乙種建築用地,1100902,土地1建物1車位0,全,四層,透天厝,住家用,鋼筋混凝土造,1041124,245.73000000000002,4,2,5,有,有,13000000,52904,,0.0,0,,RPXNMLQJRHGGFDJ86DA,206.57,16.45,0.0,無,042
湖口鄉,房地(土地+建物),新竹縣湖口鄉德和路７６巷５弄２號五樓,38.57,,鄉村區,乙種建築用地,1100929,土地1建物1車位0,五層,五層,華廈(10層含以下有電梯),住家用,鋼筋混凝土造,0891018,111.22,3,2,2,有,有,4000000,35965,,0.0,0,,RPPOMLKMRHGGFDJ48DA,82.98,7.9,0.0,有,043
湖口鄉,土地,中義段48-1地號,191.21,都市：其他:住(一),,,1100806,土地1建物0車位0,,,其他,,,,0.0,0,0,0,有,無,15348000,80268,,0.0,0,,RPOPMLSJIIGGFDJ18DA,0.0,0.0,0.0,無,
湖口鄉,房地(土地+建物),新竹縣湖口鄉德和路５０號,71.1,,一般農業區,甲種建築用地,1100712,土地1建物1車位0,全,三層,透天厝,住家用,鋼筋混凝土造,0820830,194.7,6,2,4,有,無,7200000,36980,,0.0,0,後陽台增建其他增建；,RPVOMLQJIIGGFDJ58DA,156.75,37.95,0.0,無,044
湖口鄉,房地(土地+建物),新竹縣湖口鄉信全街６４號,95.29,都市：其他:住宅區,,,1100930,土地1建物1車位0,全,二層,透天厝,住家用,加強磚造,,92.31,4,0,6,有,無,6000000,64998,,0.0,0,親友、員工、共有人或其他特殊關係間之交易；,RPUNMLRJIIGGFDJ48DA,92.31,0.0,0.0,無,
竹北市,房地(土地+建物)+車位,新竹縣竹北市新工五路１５號八樓之八,23.16,都市：其他:第二種住宅區,,,1100908,土地1建物1車位1,八層,十層,華廈(10層含以下有電梯),住家用,鋼筋混凝土造,1030128,128.2,3,1,2,有,有,8000000,62402,坡道平面,31.43,0,,RPXOMLMKIIGGFBJ38EA,61.91,7.12,0.0,有,045
竹北市,房地(土地+建物)+車位,新竹縣竹北市光明六路８１１號二樓,30.96,都市：其他:第二種住宅區,,,1100904,土地1建物1車位1,二層,七層,華廈(10層含以下有電梯),住家用,鋼筋混凝土造,0931111,132.91,3,2,2,有,有,12500000,94049,坡道平面,0.0,0,陽台外推；夾層；其他增建；,RPRPMLSJIIGGFBJ38EA,76.53,6.51,0.0,有,046
湖口鄉,房地(土地+建物),新竹縣湖口鄉德和路７６巷２號四樓之１,8.34,,鄉村區,乙種建築用地,1100924,土地1建物1車位0,四層,八層,華廈(10層含以下有電梯),住家用,鋼筋混凝土造,0930705,29.03,1,1,1,有,有,990000,34103,,0.0,0,,RPTOMLRJIIGGFDJ48DA,18.38,2.32,0.0,有,047
竹北市,房地(土地+建物)+車位,新竹縣竹北市隘口六街１４７號,25.77,都市：其他:住宅區,,,1100807,土地1建物1車位1,一層，二層,九層,華廈(10層含以下有電梯),商業用,鋼筋混凝土造,0961228,152.41,0,2,1,有,有,9680000,63513,坡道平面,39.56,0,陽台外推；,RPOPMLSJIIGGFBJ08EA,76.86,17.61,0.0,有,048
竹北市,房地(土地+建物)+車位,新竹縣竹北市莊敬三路１６７號十八樓,21.31,都市：其他:第二種商業區,,,1100804,土地1建物1車位2,十八層,三十二層,住宅大樓(11層含以上有電梯),住家用,鋼骨鋼筋混凝土造,1040731,317.07,4,2,3,有,有,34880000,110007,坡道平面,50.04,0,,RPPPMLSJIIGGFBJ18EA,147.12,27.22,0.0,有,049
竹東鎮,土地,四重段75-12地號,9.7,,山坡地保育區,交通用地,1100926,土地1建物0車位0,,,其他,,,,0.0,0,0,0,有,無,175000,18041,,0.0,0,,RPPRMLMKIIGGFCJ97EA,0.0,0.0,0.0,無,
芎林鄉,房地(土地+建物)+車位,新竹縣芎林鄉文富街１８３號,23.99,都市：其他:住宅區,,,1100919,土地1建物1車位1,一層,七層,華廈(10層含以下有電梯),商業用,鋼筋混凝土造,1100306,78.11,0,1,1,有,有,7380000,94482,其他,0.0,1000000,,RPURMLMKIIGGFCJ48EA,38.25,0.0,0.0,有,
竹東鎮,房地(土地+建物),新竹縣竹東鎮榮華街８６號,78.0,都市：其他:商業區,,,1100909,土地1建物1車位0,全,二層,透天厝,住家用,鋼筋混凝土造,,154.11,3,2,2,有,無,5855000,37992,,0.0,0,,RPRNMLNKIIGGFCJ87EA,154.11,0.0,0.0,無,
竹北市,房地(土地+建物)+車位,新竹縣竹北市嘉豐十路３號九樓之五,7.07,都市：其他:第二種商業區,,,1100902,土地1建物1車位1,九層,十三層,住宅大樓(11層含以上有電梯),商業用,鋼筋混凝土造,0970321,82.27,1,1,1,有,有,5850000,71107,坡道平面,0.0,0,夾層；,RPUOMLMKIIGGFBJ08EA,29.9,4.4,0.0,有,
竹北市,土地,社北段557地號,21.36,都市：其他:農業區,,,1100927,土地1建物0車位0,,,其他,,,,0.0,0,0,0,有,無,1162800,54438,,0.0,0,,RPVOMLMKIIGGFBJ18EA,0.0,0.0,0.0,無,050
關西鎮,房地(土地+建物),新竹縣關西鎮育賢街１２８巷１號,108.84,都市：其他:住宅區,,,1100913,土地2建物1車位0,全,四層,透天厝,住家用,鋼筋混凝土造,1090609,243.8,6,2,5,有,無,14200000,58244,,0.0,0,,RPPNMLSKIIGGFBJ08EA,219.15,24.65,0.0,無,
北埔鄉,土地,大坪段外大坪小段470-3地號,25764.0,,山坡地保育區,林業用地,1100901,土地3建物0車位0,,,其他,,,,0.0,0,0,0,有,無,6500000,252,,0.0,0,,RPXNMLNKIIGGFCJ48EA,0.0,0.0,0.0,無,
竹北市,房地(土地+建物)+車位,新竹縣竹北市隘口三街２３２號十一樓之二,32.21,都市：其他:第一種商業區,,,1100903,土地1建物1車位2,十一層,十四層,住宅大樓(11層含以上有電梯),住家用,鋼筋混凝土造,0991214,259.1,4,2,2,有,有,15800000,60980,坡道平面,0.0,0,親友、員工、共有人或其他特殊關係間之交易；,RPWPMLMKIIGGFBJ28DA,120.02,19.97,0.0,有,
竹北市,房地(土地+建物)+車位,新竹縣竹北市勝利十一路２６２號六樓之十一,8.53,都市：其他:第二種商業區,,,1100903,土地1建物1車位1,六層,二十三層,住宅大樓(11層含以上有電梯),住家用,鋼筋混凝土造,1051101,122.35,2,1,1,有,有,12200000,99714,坡道平面,0.0,0,,RPRNMLMKIIGGFBJ67EA,52.88,8.33,0.0,有,051
竹北市,房地(土地+建物)+車位,新竹縣竹北市隘口六街１６５號二樓之一,10.9,都市：其他:住宅區,,,1100829,土地1建物1車位1,二層,八層,華廈(10層含以下有電梯),住家用,鋼筋混凝土造,0961228,85.96000000000001,1,1,1,有,有,5500000,63983,坡道平面,39.56,0,,RPPNMLNKIIGGFBJ57EA,27.65,3.29,0.0,有,052
竹北市,房地(土地+建物)+車位,新竹縣竹北市環北路一段１０７巷２１號八樓,34.89,都市：其他:第一種住宅區,,,1100814,土地1建物1車位1,八層,十五層,住宅大樓(11層含以上有電梯),住家用,鋼筋混凝土造,1010827,215.14,3,2,2,有,有,18600000,86455,坡道平面,35.75,0,,RPRNMLNKIIGGFBJ77EA,106.0,18.59,0.0,有,053
湖口鄉,房地(土地+建物)+車位,新竹縣湖口鄉安宅一街９０號,23.92,,工業區,丁種建築用地,1100816,土地1建物1車位1,一層,十層,華廈(10層含以下有電梯),商業用,鋼筋混凝土造,1070524,138.72,0,0,0,無,有,8000000,57670,坡道平面,26.64,0,,RPVNMLRJIIGGFDJ58DA,65.91,11.79,0.0,有,
湖口鄉,房地(土地+建物),新竹縣湖口鄉仁興路４６之６號,67.0,,工業區,丁種建築用地,1100709,土地1建物1車位0,全,五層,透天厝,住商用,鋼筋混凝土造,0960515,283.1,12,0,12,有,無,16250000,57400,,0.0,0,陽台外推；,RPPNMLNKIIGGFDJ67DA,278.48,4.62,0.0,無,054
湖口鄉,房地(土地+建物)+車位,新竹縣湖口鄉貴州街１００巷３號二樓之１,32.93,都市：其他:住宅區,,,1100923,土地1建物1車位1,二層,十四層,住宅大樓(11層含以上有電梯),住家用,鋼筋混凝土造,1090122,187.4,3,2,2,有,有,8650000,47477,坡道平面,26.27,1000000,,RPPNMLOKIIGGFDJ77DA,90.51,19.1,0.0,有,
湖口鄉,房地(土地+建物)+車位,新竹縣湖口鄉吉祥街８２巷３６號二樓之２,21.57,,工業區,丁種建築用地,1100817,土地1建物1車位1,二層,五層,華廈(10層含以下有電梯),住家用,鋼筋混凝土造,1040105,91.67,2,2,1,有,有,5500000,59998,升降機械,5.57,0,,RPVNMLOKIIGGFDJ38DA,60.47,8.4,0.0,有,055
湖口鄉,房地(土地+建物),新竹縣湖口鄉吉祥街８２巷１６號二樓之１,19.44,,工業區,丁種建築用地,1100918,土地1建物1車位0,二層,五層,華廈(10層含以下有電梯),住家用,鋼筋混凝土造,1040105,79.47,3,2,2,有,有,4500000,56625,,0.0,0,,RPXPMLKMRHGGFDJ76DA,55.82,8.19,0.0,有,056
湖口鄉,土地,中美段1037地號,147.38,都市：其他:住宅區,,,1100911,土地1建物0車位0,,,其他,,,,0.0,0,0,0,有,無,9584700,65034,,0.0,0,,RPTNMLOJIIGGFDJ08DA,0.0,0.0,0.0,無,
湖口鄉,房地(土地+建物),新竹縣湖口鄉大勇路２巷３０號二樓之１,14.9,,工業區,丁種建築用地,1100908,土地1建物1車位0,二層,五層,華廈(10層含以下有電梯),住家用,鋼筋混凝土造,0890406,59.66,2,2,1,有,無,1800000,30171,,0.0,0,,RPRNMLRLRHGGFDJ56DA,52.41,0.0,0.0,有,057
新豐鄉,房地(土地+建物)+車位,新竹縣新豐鄉員山１３１之１３５號五樓,33.98,,山坡地保育區,丙種建築用地,1090816,土地3建物1車位1,五層,七層,華廈(10層含以下有電梯),住家用,鋼筋混凝土造,1100401,142.17000000000002,3,2,2,有,無,5800000,41881,坡道平面,31.14,1150000,預售屋、或土地及建物分件登記案件；,RPQNMLOJRHGGFDJ58DA,67.95,6.66,0.0,有,
橫山鄉,土地,油羅段367-25地號,854.0,,山坡地保育區,林業用地,1100821,土地1建物0車位0,,,其他,,,,0.0,0,0,0,有,無,2000000,2342,,0.0,0,,RPPNMLNKIIGGFCJ57DA,0.0,0.0,0.0,無,
橫山鄉,土地,油羅段367-13地號,1612.0,,山坡地保育區,林業用地,1100907,土地1建物0車位0,,,其他,,,,0.0,0,0,0,有,無,1500000,931,,0.0,0,,RPQNMLNKIIGGFCJ67DA,0.0,0.0,0.0,無,
湖口鄉,房地(土地+建物),新竹縣湖口鄉維東路１０７號,96.44,,鄉村區,乙種建築用地,1100415,土地1建物1車位0,全,四層,透天厝,住家用,鋼筋混凝土造,1091217,161.77,4,2,4,有,無,9600000,59344,,0.0,0,,RPQPMLKKNHGGFDJ08DA,157.16,4.61,0.0,無,
新豐鄉,房地(土地+建物)+車位,新竹縣新豐鄉員山１３１之１２５號三樓,25.45,,山坡地保育區,丙種建築用地,1090110,土地3建物1車位1,三層,七層,華廈(10層含以下有電梯),住家用,鋼筋混凝土造,1100401,95.44,2,2,1,有,無,3880000,41542,坡道平面,28.52,1100000,預售屋、或土地及建物分件登記案件；,RPRRMLPLOHGGFDJ09DA,41.24,3.75,0.0,有,
新豐鄉,房地(土地+建物)+車位,新竹縣新豐鄉員山１３１之１２８號三樓,25.45,,山坡地保育區,丙種建築用地,1091127,土地3建物1車位1,三層,七層,華廈(10層含以下有電梯),住家用,鋼筋混凝土造,1100401,94.94999999999999,2,2,1,有,無,3980000,41849,坡道平面,28.52,1200000,預售屋、或土地及建物分件登記案件；,RPOPMLLJPHGGFDJ08DA,41.0,3.65,0.0,有,
新豐鄉,房地(土地+建物)+車位,新竹縣新豐鄉員山１３１之１２９號四樓,25.72,,山坡地保育區,丙種建築用地,1080719,土地3建物1車位1,四層,七層,華廈(10層含以下有電梯),住家用,鋼筋混凝土造,1100401,97.62,2,2,1,有,無,3950000,39797,坡道平面,28.52,1200000,預售屋、或土地及建物分件登記案件；,RPUPMLLJPHGGFDJ68DA,42.82,3.65,0.0,有,
新豐鄉,房地(土地+建物)+車位,新竹縣新豐鄉員山１３１之１２９號六樓,25.72,,山坡地保育區,丙種建築用地,1080825,土地3建物1車位1,六層,七層,華廈(10層含以下有電梯),住家用,鋼筋混凝土造,1100401,97.62,2,2,1,有,無,4080000,43126,坡道平面,28.52,1100000,預售屋、或土地及建物分件登記案件；,RPQNMLSJPHGGFDJ78DA,42.82,3.65,0.0,有,
新豐鄉,房地(土地+建物)+車位,新竹縣新豐鄉員山１３１之１３５號二樓,37.55,,山坡地保育區,丙種建築用地,1100312,土地3建物1車位2,二層,七層,華廈(10層含以下有電梯),住家用,鋼筋混凝土造,1100401,168.07,3,2,2,有,無,6850000,42241,坡道平面,57.04,2160000,預售屋、或土地及建物分件登記案件；,RPROMLSJPHGGFDJ98DA,67.95,6.66,0.0,有,
新豐鄉,房地(土地+建物)+車位,新竹縣新豐鄉員山１３１之１３５號三樓,33.7,,山坡地保育區,丙種建築用地,1080930,土地3建物1車位1,三層,七層,華廈(10層含以下有電梯),住家用,鋼筋混凝土造,1100401,139.55,3,2,2,有,無,6000000,44132,坡道平面,28.52,1100000,預售屋、或土地及建物分件登記案件；,RPSOMLSJPHGGFDJ09DA,67.95,6.66,0.0,有,
新豐鄉,房地(土地+建物)+車位,新竹縣新豐鄉員山１３１之１３５號四樓,33.7,,山坡地保育區,丙種建築用地,1080728,土地3建物1車位1,四層,七層,華廈(10層含以下有電梯),住家用,鋼筋混凝土造,1100401,139.55,3,2,2,有,無,5580000,40349,坡道平面,28.52,1100000,預售屋、或土地及建物分件登記案件；,RPTOMLSJPHGGFDJ56DA,67.95,6.66,0.0,有,
新豐鄉,房地(土地+建物)+車位,新竹縣新豐鄉員山１３１之１３６號三樓,25.17,,山坡地保育區,丙種建築用地,1090829,土地3建物1車位1,三層,七層,華廈(10層含以下有電梯),住家用,鋼筋混凝土造,1100401,95.34,2,2,1,有,無,3980000,43101,坡道平面,28.52,1100000,預售屋、或土地及建物分件登記案件；,RPOPMLSJPHGGFDJ78DA,41.14,3.75,0.0,有,
新豐鄉,房地(土地+建物)+車位,新竹縣新豐鄉員山１３１之１３２號三樓,25.72,,山坡地保育區,丙種建築用地,1090617,土地3建物1車位1,三層,七層,華廈(10層含以下有電梯),住家用,鋼筋混凝土造,1100401,96.26,2,2,1,有,無,3620000,37402,坡道平面,26.21,1000000,預售屋、或土地及建物分件登記案件；,RPXPMLSJPHGGFDJ07DA,43.41,3.65,0.0,有,
新豐鄉,房地(土地+建物)+車位,新竹縣新豐鄉員山１３１之１３２號六樓,26.0,,山坡地保育區,丙種建築用地,1100220,土地3建物1車位1,六層,七層,華廈(10層含以下有電梯),住家用,鋼筋混凝土造,1100401,98.57,2,2,1,有,無,4200000,42827,坡道平面,28.52,1200000,預售屋、或土地及建物分件登記案件；,RPQQMLSJPHGGFDJ09DA,43.41,3.65,0.0,有,
竹東鎮,土地,二重埔段273-75地號,689.0,都市：其他:保護區,,,1100727,土地2建物0車位0,,,其他,,,,0.0,0,0,0,有,無,16250000,23585,,0.0,0,,RPQNMLTJIIGGFCJ18DA,0.0,0.0,0.0,無,
竹東鎮,土地,二重埔段273-59地號,1458.0,都市：其他:保護區,,,1100727,土地2建物0車位0,,,其他,,,,0.0,0,0,0,有,無,34400000,23594,,0.0,0,,SPQNMLTJIIGGFCJ28DA,0.0,0.0,0.0,無,058
竹東鎮,房地(土地+建物)+車位,新竹縣竹東鎮竹中路１２６號六樓之１,11.68,都市：其他:住二,,,1100917,土地1建物1車位1,六層,七層,華廈(10層含以下有電梯),辦公用,鋼筋混凝土造,0970117,48.94,1,1,1,有,有,4250000,86841,坡道機械,14.34,0,雨遮增建。當樓層梯間增建夾層、室內梯增建。陽台外推；夾層；其他增建；,RPXQMLSJIIGGFCJ09DA,19.53,3.22,0.0,有,
竹北市,房地(土地+建物)+車位,新竹縣竹北市新泰路７８巷６號八樓之一,7.39,都市：其他:第三種商業區,,,1100816,土地1建物1車位1,八層,九層,華廈(10層含以下有電梯),住家用,鋼筋混凝土造,0850705,85.89,1,1,1,有,有,3700000,43078,坡道平面,0.0,0,,RPTNMLMKIIGGFBJ77DA,43.52,5.85,0.0,有,059
新埔鎮,房地(土地+建物),新竹縣新埔鎮義民路三段７１７巷１７６號,199.0,,鄉村區,乙種建築用地,1100908,土地1建物1車位0,全,三層,透天厝,住家用,加強磚造,,88.2,0,0,0,無,無,9000000,102041,,0.0,0,其他增建；,RPOOMLMKIIGGFBJ37DA,88.2,0.0,0.0,無,
竹北市,土地,興崙段275地號,51.91,都市：其他:農業區,,,1100922,土地1建物0車位0,,,其他,,,,0.0,0,0,0,有,無,1884000,36294,,0.0,0,農作物；,RPQOMLMKIIGGFBJ57DA,0.0,0.0,0.0,無,
竹北市,土地,台元段420地號,27.33,都市：其他:道路用地,,,1100924,土地2建物0車位0,,,其他,,,,0.0,0,0,0,有,無,1250000,45737,,0.0,0,包含公共設施保留地用地；,RPSTNLRJIIGGFBJ78DA,0.0,0.0,0.0,無,060
竹北市,房地(土地+建物)+車位,新竹縣竹北市華興三街３９號十二樓之五,18.12,都市：其他:第一種住宅區,,,1100817,土地1建物1車位1,十二層,十四層,住宅大樓(11層含以上有電梯),住家用,鋼筋混凝土造,1060915,131.43,2,2,1,有,有,11580000,88108,坡道平面,31.69,0,,RPPNMLLKIIGGFBJ27DA,53.22,11.7,0.0,有,061
新埔鎮,房地(土地+建物)+車位,新竹縣新埔鎮文山一街１２２之２號,141.78,,鄉村區,乙種建築用地,1100918,土地2建物1車位1,全,五層,透天厝,住家用,鋼筋混凝土造,1100604,410.75,4,4,8,有,無,39500000,96166,一樓平面,0.0,0,親友、員工、共有人或其他特殊關係間之交易；,RPQQNLRJIIGGFBJ28DA,385.6,25.15,0.0,無,
竹北市,房地(土地+建物),新竹縣竹北市六家七路２２９巷６號,100.84,都市：其他:住宅區,,,1100828,土地2建物1車位0,全,五層,透天厝,住家用,鋼筋混凝土造,0960621,377.46000000000004,6,2,4,有,無,34680000,91877,,0.0,0,,RPOPMLLJIIGGFBJ27DA,316.46,36.52,0.0,無,
竹北市,房地(土地+建物)+車位,新竹縣竹北市光明六路東二段３８９號十六樓,39.09,都市：其他:住宅區,,,1100904,土地1建物1車位2,十六層,十七層,住宅大樓(11層含以上有電梯),住家用,鋼筋混凝土造,1020516,259.2,2,1,2,有,有,33300000,128472,坡道平面,64.18,0,,RPRNMLSKRHGGFBJ98DA,110.8,19.68,0.0,有,062
竹北市,房地(土地+建物),新竹縣竹北市縣政十六街２之１號,100.36,都市：其他:第二種住宅區,,,1100829,土地1建物1車位0,全,四層,透天厝,住家用,鋼筋混凝土造,0900313,211.69,5,2,3,有,無,16000000,75582,,0.0,0,,RPPOMLKMQHGGFBJ18DA,196.71,14.98,0.0,無,
竹北市,房地(土地+建物)+車位,新竹縣竹北市莊敬三路４７號二樓之七,10.77,都市：其他:第二種商業區,,,1070828,土地1建物1車位1,二層,十四層,住宅大樓(11層含以上有電梯),住家用,鋼筋混凝土造,1100716,100.17,2,2,1,有,有,8730000,78337,坡道機械,6.6,1400000,預售屋、或土地及建物分件登記案件；,RPVPMLKMQHGGFBJ88DA,55.53,5.76,0.0,有,
竹北市,房地(土地+建物),新竹縣竹北市莊敬三路４７號二樓之三,8.59,都市：其他:第二種商業區,,,1091223,土地1建物1車位0,二層,十四層,住宅大樓(11層含以上有電梯),住家用,鋼筋混凝土造,1100716,82.6,1,2,2,有,有,7350000,88983,,0.0,0,預售屋、或土地及建物分件登記案件；,RPOQMLKMQHGGFBJ28DA,48.16,5.94,0.0,有,
竹北市,房地(土地+建物)+車位,新竹縣竹北市莊敬三路４７號三樓之五,9.63,都市：其他:第二種商業區,,,1070812,土地1建物1車位1,三層,十四層,住宅大樓(11層含以上有電梯),住家用,鋼筋混凝土造,1100716,89.2,1,2,2,有,有,7850000,78087,坡道機械,6.6,1400000,預售屋、或土地及建物分件登記案件；,RPUQMLKMQHGGFBJ88DA,48.42,5.68,0.0,有,
竹北市,房地(土地+建物)+車位,新竹縣竹北市莊敬三路４７號四樓之五,9.63,都市：其他:第二種商業區,,,1070829,土地1建物1車位1,四層,十四層,住宅大樓(11層含以上有電梯),住家用,鋼筋混凝土造,1100716,89.2,1,2,2,有,有,7750000,76877,坡道機械,6.6,1400000,預售屋、或土地及建物分件登記案件；,RPQRMLKMQHGGFBJ58DA,48.42,5.68,0.0,有,
竹北市,房地(土地+建物)+車位,新竹縣竹北市莊敬三路４７號六樓之二,10.77,都市：其他:第二種商業區,,,1090726,土地1建物1車位1,六層,十四層,住宅大樓(11層含以上有電梯),住家用,鋼筋混凝土造,1100716,100.17,1,2,2,有,有,9080000,82078,坡道機械,6.6,1400000,備註：預售屋權利轉售，權利買賣契約價格950萬元預售屋、或土地及建物分件登記案件；,RPVSMLKMQHGGFBJ56DA,55.53,5.76,0.0,有,
竹北市,房地(土地+建物)+車位,新竹縣竹北市莊敬三路４７號七樓之七,10.77,都市：其他:第二種商業區,,,1070525,土地1建物1車位1,七層,十四層,住宅大樓(11層含以上有電梯),住家用,鋼筋混凝土造,1100716,100.17,2,2,1,有,有,9000000,81223,坡道機械,6.6,1400000,備註：預售屋權利轉售，權利買賣契約價格935萬元預售屋、或土地及建物分件登記案件；,RPXSMLKMQHGGFBJ76DA,55.53,5.76,0.0,有,
竹北市,房地(土地+建物)+車位,新竹縣竹北市莊敬三路４７號九樓之七,10.77,都市：其他:第二種商業區,,,1070112,土地1建物1車位1,九層,十四層,住宅大樓(11層含以上有電梯),住家用,鋼筋混凝土造,1100716,100.17,2,2,1,有,有,8910000,80261,坡道機械,6.6,1400000,預售屋、或土地及建物分件登記案件；,RPPUMLKMQHGGFBJ78DA,55.53,5.76,0.0,有,
竹北市,房地(土地+建物)+車位,新竹縣竹北市十興五街９６號十四樓,24.12,都市：其他:第一種住宅區,,,1100829,土地1建物1車位1,十四層,十四層,住宅大樓(11層含以上有電梯),住家用,鋼筋混凝土造,1030313,159.95,3,2,2,有,有,20000000,125039,坡道平面,34.19,0,,RPROMLLMQHGGFBJ48DA,74.76,12.43,0.0,有,063
竹北市,土地,三崁店段水坑口小段119-1地號,320.0,,特定農業區,農牧用地,1100801,土地4建物0車位0,,,其他,,,,0.0,0,0,0,有,無,7453600,23293,,0.0,0,,RPQOMLLJRHGGFBJ18DA,0.0,0.0,0.0,無,
關西鎮,房地(土地+建物),新竹縣關西鎮石岡子４０６巷１２號,1404.37,,特定農業區,農牧用地,1090425,土地4建物1車位0,全,三層,透天厝,農業用,鋼筋混凝土造,0780705,235.31,3,3,4,有,無,6100000,25923,,0.0,0,其他增建；,RPXOMLRKQHGGFBJ86DA,235.31,0.0,0.0,無,
竹北市,房地(土地+建物)+車位,新竹縣竹北市莊敬三路４７號十四樓之六,13.92,都市：其他:第二種商業區,,,1070722,土地1建物1車位1,十四層,十四層,住宅大樓(11層含以上有電梯),住家用,鋼筋混凝土造,1100716,130.5,2,2,3,有,有,11870000,84504,坡道機械,6.6,1400000,預售屋、或土地及建物分件登記案件；,RPQOMLMJRHGGFBJ28DA,72.63,8.52,0.0,有,
竹北市,房地(土地+建物)+車位,新竹縣竹北市莊敬三路４７號十四樓之八,10.35,都市：其他:第二種商業區,,,1070320,土地1建物1車位1,十四層,十四層,住宅大樓(11層含以上有電梯),住家用,鋼筋混凝土造,1100716,96.12,1,2,2,有,有,9010000,85009,坡道機械,6.6,1400000,預售屋、或土地及建物分件登記案件；,RPRPMLMJRHGGFBJ48DA,52.46,6.16,0.0,有,
竹北市,土地,家興段357地號,177.13,都市：其他:住宅區,,,1100707,土地1建物0車位0,,,其他,,,,0.0,0,0,0,有,無,29000000,163722,,0.0,0,,RPRNMLTLPHGGFBJ98DA,0.0,0.0,0.0,無,064
竹北市,房地(土地+建物)+車位,新竹縣竹北市莊敬五街５３號十三樓,16.94,都市：其他:第二種商業區,,,1100904,土地1建物1車位1,十三層,十四層,住宅大樓(11層含以上有電梯),住家用,鋼筋混凝土造,0940923,179.89999999999998,4,2,2,有,有,20000000,111173,坡道平面,0.0,0,含土地增值稅或其他稅費；含仲介費；,RPRNMLRJRHGGFBJ78DA,104.29,10.28,0.0,有,
竹北市,房地(土地+建物)+車位,新竹縣竹北市莊敬三路４７號三樓之三,9.63,都市：其他:第二種商業區,,,1070829,土地1建物1車位1,三層,十四層,住宅大樓(11層含以上有電梯),住家用,鋼筋混凝土造,1100716,89.2,1,2,2,有,有,7900000,78692,坡道機械,6.6,1400000,預售屋、或土地及建物分件登記案件；,RPXNMLQJRHGGFBJ66DA,48.16,5.94,0.0,有,
竹北市,土地,府前段971地號,12.46,都市：其他:道路用地,,,1100825,土地1建物0車位0,,,其他,,,,0.0,0,0,0,有,無,801500,64326,,0.0,0,包含公共設施保留地用地；,RPXOMLRKRHGGFBJ96DA,0.0,0.0,0.0,無,065
竹北市,房地(土地+建物),新竹縣竹北市中山路３０９之２號,86.08,都市：其他:第二種住宅區,,,1100912,土地2建物1車位0,全,四層,透天厝,住家用,鋼筋混凝土造,0890714,237.49,4,2,4,有,無,17950000,75582,,0.0,0,陽台外推；其他增建；,RPTNMLPKRHGGFBJ88DA,188.29,49.2,0.0,無,
竹北市,土地,省道段563地號,669.64,都市：其他:道路用地,,,1100928,土地6建物0車位0,,,其他,,,,0.0,0,0,0,有,無,28136728,42018,,0.0,0,包含公共設施保留地用地；,RPWNMLSLRHGGFBJ96DA,0.0,0.0,0.0,無,
竹北市,房地(土地+建物),新竹縣竹北市環北路二段１０５號,120.27,都市：其他:乙種工業區,,,1100910,土地4建物1車位0,全,四層,透天厝,商業用,鋼筋混凝土造,1021108,247.15,4,2,6,有,有,18300000,74044,,0.0,0,其他增建；,RPTPMLOKRHGGFBJ98DA,247.15,0.0,0.0,無,066
竹北市,房地(土地+建物)+車位,新竹縣竹北市六家五路一段２３７號五樓,10.99,都市：其他:第一種商業區,,,1100824,土地1建物1車位1,五層,十四層,住宅大樓(11層含以上有電梯),住家用,鋼筋混凝土造,1030127,83.55,1,1,1,有,有,7100000,84979,坡道機械,0.0,0,,RPUNMLOLRHGGFBJ98DA,41.26,5.03,0.0,有,067
竹北市,土地,東興段361地號,25.69,都市：其他:道路用地,,,1100812,土地1建物0車位0,,,其他,,,,0.0,0,0,0,有,無,1893353,73700,,0.0,0,包含公共設施保留地用地；,RPSNMLOJIIGGFBJ77DA,0.0,0.0,0.0,無,
新埔鎮,房地(土地+建物)+車位,新竹縣新埔鎮田新路４８６號六樓之一,12.55,都市：其他:第一種商業區,,,1100825,土地1建物1車位1,六層,十五層,住宅大樓(11層含以上有電梯),住家用,鋼筋混凝土造,1090519,126.71,2,2,1,有,有,7250000,57217,坡道平面,26.33,0,,RPOPMLPJIIGGFBJ67DA,59.1,9.5,0.0,有,068
竹北市,房地(土地+建物),新竹縣竹北市嘉豐六路二段１７０號,128.19,都市：其他:住宅區,,,1100829,土地1建物1車位0,全,四層,透天厝,住商用,鋼筋混凝土造,1070625,310.96,2,3,5,有,無,46000000,147929,,0.0,0,其他增建；,RPTRNLRJIIGGFBJ68DA,287.56,23.4,0.0,有,
竹北市,房地(土地+建物)+車位,新竹縣竹北市福興東路二段１１５號,31.62,都市：其他:住宅區,,,1100816,土地1建物1車位1,一層，二層,十五層,住宅大樓(11層含以上有電梯),商辦用,鋼筋混凝土造,1061020,216.45999999999998,0,0,0,無,有,29300000,157178,坡道平面,39.59,1500000,,RPSNMLMKIIGGFBJ67DA,132.49,6.2,0.0,有,
竹北市,房地(土地+建物)+車位,新竹縣竹北市科大一路２０號七樓,38.7,都市：其他:第一種住宅區,,,1100306,土地1建物1車位1,七層,十三層,住宅大樓(11層含以上有電梯),住家用,鋼筋混凝土造,1000719,212.37,4,2,2,有,有,21380000,100673,坡道平面,33.47,0,陽台加窗其他增建；,RPXNMLSJIIGGFBJ68DA,111.45,19.61,0.0,有,
竹北市,房地(土地+建物)+車位,新竹縣竹北市復興三路一段４６號十樓,24.85,都市：其他:住宅區,,,1100220,土地1建物1車位1,十層,十層,華廈(10層含以下有電梯),住家用,鋼筋混凝土造,0950524,134.72,2,2,2,有,有,11000000,81651,坡道平面,32.1,0,其他增建；,RPUOMLQJIIGGFBJ28DA,73.05,4.34,0.0,有,069
竹北市,土地,縣福段575-1地號,96.47,都市：其他:第二種住宅區,,,1100816,土地1建物0車位0,,,其他,,,,0.0,0,0,0,有,無,6300000,65305,,0.0,0,親友、員工、共有人或其他特殊關係間之交易；,RPXOMLMKIIGGFBJ28DA,0.0,0.0,0.0,無,
竹北市,土地,東海窟段東海窟小段15-1地號,933.82,,特定農業區,農牧用地,1100906,土地1建物0車位0,,,其他,,,,0.0,0,0,0,有,無,22030000,23591,,0.0,0,,RPSPMLMKIIGGFBJ87DA,0.0,0.0,0.0,無,
竹北市,房地(土地+建物)+車位,新竹縣竹北市復興二路６７號八樓,27.31,都市：其他:住宅區,,,1100924,土地1建物1車位1,八層,十三層,住宅大樓(11層含以上有電梯),住家用,鋼筋混凝土造,1001222,175.24,3,2,2,有,有,22880000,130564,坡道平面,37.69,0,,RPXNMLNKIIGGFBJ28DA,86.52,8.95,0.0,有,070
竹北市,房地(土地+建物)+車位,新竹縣竹北市隘口一街３號七樓之五,8.38,都市：其他:住宅區,,,1100827,土地1建物1車位1,七層,十層,華廈(10層含以下有電梯),商業用,鋼筋混凝土造,0970310,63.510000000000005,2,1,1,有,有,6500000,102346,坡道平面,24.81,0,陽台外推；夾層；,RPVNMLNKIIGGFBJ08DA,21.7,5.67,0.0,有,071
關西鎮,土地,石光段2125-1地號,15081.07,,特定農業區,水利用地,1100930,土地8建物0車位0,,,其他,,,,0.0,0,0,0,有,無,81256980,5388,,0.0,0,協議價購；,RPXNMLOKIIGGFBJ38DA,0.0,0.0,0.0,無,
竹北市,房地(土地+建物)+車位,新竹縣竹北市光明十三街６６號四樓,38.53,都市：其他:第二種住宅區,,,1100922,土地1建物1車位1,四層,五層,華廈(10層含以下有電梯),住家用,鋼筋混凝土造,0930115,118.35,3,2,2,有,有,9310000,78665,一樓平面,0.0,0,陽台外推；,RPOOMLOKIIGGFBJ57DA,75.08,9.24,0.0,有,
關西鎮,土地,東豐段301地號,4553.63,,山坡地保育區,水利用地,1100310,土地2建物0車位0,,,其他,,,,0.0,0,0,0,有,無,5703302,1252,,0.0,0,,RPPOMLOKIIGGFBJ67DA,0.0,0.0,0.0,無,
竹北市,房地(土地+建物),新竹縣竹北市中華路１４４８巷２６號二樓,39.46,,山坡地保育區,丙種建築用地,1100820,土地1建物1車位0,二層,五層,華廈(10層含以下有電梯),住家用,鋼筋混凝土造,0830106,117.39,3,2,2,有,有,3550000,30241,,0.0,0,,RPQNMLPKIIGGFBJ77DA,76.44,10.81,0.0,有,
竹北市,房地(土地+建物),新竹縣竹北市光明五街３４２號,32.04,都市：其他:第二種商業區,,,1100918,土地1建物1車位0,一層，騎樓，地下層,十層,華廈(10層含以下有電梯),住商用,鋼筋混凝土造,0840916,198.13000000000002,3,1,2,有,有,19800000,99934,,0.0,0,其他；,RPSOMLPKIIGGFBJ08DA,185.58,0.0,0.0,有,
新豐鄉,房地(土地+建物)+車位,新竹縣新豐鄉員山１３１之１３２號七樓,26.0,,山坡地保育區,丙種建築用地,1100110,土地3建物1車位1,七層,七層,華廈(10層含以下有電梯),住家用,鋼筋混凝土造,1100401,98.57,2,2,1,有,無,4150000,42113,坡道平面,28.52,1200000,預售屋、或土地及建物分件登記案件；,RPRQMLSJPHGGFDJ56DA,43.41,3.65,0.0,有,
新豐鄉,房地(土地+建物)+車位,新竹縣新豐鄉員山１３１之１３７號五樓,25.45,,山坡地保育區,丙種建築用地,1091023,土地3建物1車位1,五層,七層,華廈(10層含以下有電梯),住家用,鋼筋混凝土造,1100401,95.44,2,2,1,有,無,4060000,42738,坡道平面,28.52,1200000,預售屋、或土地及建物分件登記案件；,RPVQMLSJPHGGFDJ96DA,41.24,3.75,0.0,有,
新豐鄉,房地(土地+建物)+車位,新竹縣新豐鄉員山１３１之１３８號二樓,37.55,,山坡地保育區,丙種建築用地,1091122,土地3建物1車位2,二層,七層,華廈(10層含以下有電梯),住家用,鋼筋混凝土造,1100401,168.43,3,2,2,有,無,6980000,43271,坡道平面,57.04,2160000,預售屋、或土地及建物分件登記案件；,RPURMLSJPHGGFDJ96DA,69.53,5.3,0.0,有,
新豐鄉,房地(土地+建物)+車位,新竹縣新豐鄉員山１３１之１３８號四樓,33.7,,山坡地保育區,丙種建築用地,1081014,土地3建物1車位1,四層,七層,華廈(10層含以下有電梯),住家用,鋼筋混凝土造,1100401,139.92000000000002,3,2,2,有,無,5800000,42190,坡道平面,28.52,1100000,預售屋、或土地及建物分件登記案件；,RPWRMLSJPHGGFDJ17DA,69.53,5.3,0.0,有,
新豐鄉,房地(土地+建物)+車位,新竹縣新豐鄉員山１３１之１３８號五樓,33.7,,山坡地保育區,丙種建築用地,1080726,土地3建物1車位1,五層,七層,華廈(10層含以下有電梯),住家用,鋼筋混凝土造,1100401,139.92000000000002,3,2,2,有,無,6290000,46589,坡道平面,28.52,1100000,預售屋、或土地及建物分件登記案件；,RPXRMLSJPHGGFDJ27DA,69.53,5.3,0.0,有,
新豐鄉,房地(土地+建物)+車位,新竹縣新豐鄉員山１３１之１４２號三樓,25.72,,山坡地保育區,丙種建築用地,1080727,土地3建物1車位1,三層,七層,華廈(10層含以下有電梯),住家用,鋼筋混凝土造,1100401,97.62,2,2,1,有,無,3950000,45586,坡道平面,28.52,800000,預售屋、或土地及建物分件登記案件；,RPXSMLSJPHGGFDJ37DA,42.82,3.65,0.0,有,
新豐鄉,房地(土地+建物)+車位,新竹縣新豐鄉員山１３１之１４２號四樓,25.72,,山坡地保育區,丙種建築用地,1080728,土地3建物1車位1,四層,七層,華廈(10層含以下有電梯),住家用,鋼筋混凝土造,1100401,97.62,2,2,1,有,無,3900000,44863,坡道平面,28.52,800000,預售屋、或土地及建物分件登記案件；,RPOTMLSJPHGGFDJ56DA,42.82,3.65,0.0,有,
新豐鄉,房地(土地+建物)+車位,新竹縣新豐鄉員山１３１之１４２號七樓,25.72,,山坡地保育區,丙種建築用地,840728,土地3建物1車位1,七層,七層,華廈(10層含以下有電梯),住家用,鋼筋混凝土造,1100401,97.62,2,2,1,有,無,4080000,43126,坡道平面,28.52,1100000,預售屋、或土地及建物分件登記案件；,RPRTMLSJPHGGFDJ86DA,42.82,3.65,0.0,有,
新豐鄉,房地(土地+建物)+車位,新竹縣新豐鄉員山１３１之１４３號三樓,25.17,,山坡地保育區,丙種建築用地,1080727,土地3建物1車位1,三層,七層,華廈(10層含以下有電梯),住家用,鋼筋混凝土造,1100401,92.65,2,2,1,有,無,3880000,47110,坡道平面,26.21,750000,預售屋、或土地及建物分件登記案件；,RPTTMLSJPHGGFDJ07DA,41.0,3.65,0.0,有,
新豐鄉,房地(土地+建物)+車位,新竹縣新豐鄉員山１３１之１４３號五樓,25.17,,山坡地保育區,丙種建築用地,1090709,土地3建物1車位1,五層,七層,華廈(10層含以下有電梯),住家用,鋼筋混凝土造,1100401,92.65,2,2,1,有,無,4000000,43648,坡道平面,26.21,1100000,預售屋、或土地及建物分件登記案件；,RPVTMLSJPHGGFDJ27DA,41.0,3.65,0.0,有,
新豐鄉,房地(土地+建物)+車位,新竹縣新豐鄉員山１３１之１４０號三樓,25.45,,山坡地保育區,丙種建築用地,1100123,土地3建物1車位1,三層,七層,華廈(10層含以下有電梯),住家用,鋼筋混凝土造,1100401,94.94999999999999,2,2,1,有,無,4100000,43655,坡道平面,28.52,1200000,預售屋、或土地及建物分件登記案件；,RPPUMLSJPHGGFDJ76DA,41.0,3.65,0.0,有,
竹東鎮,房地(土地+建物)+車位,新竹縣竹東鎮光明路１２６巷１８號六樓,20.51,都市：其他:道路用地,,,1100830,土地3建物1車位1,六層,八層,華廈(10層含以下有電梯),住家用,鋼筋混凝土造,,111.96000000000001,2,1,1,有,有,4900000,43766,坡道機械,0.0,0,,RPTNMLNKIIGGFCJ97DA,75.91,10.26,0.0,有,
芎林鄉,土地,水坑壹段676地號,167.36,,山坡地保育區,交通用地,1101004,土地1建物0車位0,,,其他,,,,0.0,0,0,0,有,無,450000,2689,,0.0,0,,RPPNMLPKIIGGFCJ77DA,0.0,0.0,0.0,無,
竹北市,土地,斗崙段頂斗崙小段101-2地號,11.33,都市：其他:道路用地,,,1100825,土地1建物0車位0,,,其他,,,,0.0,0,0,0,有,無,816000,72021,,0.0,0,包含公共設施保留地用地；,RPQNMLRLRHGGFBJ98EA,0.0,0.0,0.0,無,072
新埔鎮,土地,照門段253-15地號,3413.43,,山坡地保育區,農牧用地,1100520,土地4建物0車位0,,,其他,,,,0.0,0,0,0,有,無,7951413,2329,,0.0,0,,RPTNMLNKIIGGFBJ97EA,0.0,0.0,0.0,無,
竹北市,房地(土地+建物)+車位,新竹縣竹北市十興三街６９號十一樓,19.09,都市：其他:第一種住宅區,,,1100828,土地1建物1車位1,十一層,十四層,住宅大樓(11層含以上有電梯),住家用,鋼筋混凝土造,1030114,139.18,2,2,1,有,有,16180000,116252,坡道平面,34.84,0,,RPOOMLNKIIGGFBJ57EA,64.31,7.74,0.0,有,073
竹北市,房地(土地+建物)+車位,新竹縣竹北市惟馨街９５號十樓之二,71.96,都市：其他:乙種工業區,,,1100902,土地1建物1車位4,十層,十三層,廠辦,工業用,鋼筋混凝土造,1060712,422.15999999999997,0,0,0,無,有,22380000,53013,坡道平面,106.83,0,,RPROMLMKIIGGFBJ77EA,172.17,1.57,0.0,有,
竹東鎮,建物,新竹縣竹東鎮東寧路二段１２號,0.0,,,,1101002,土地0建物1車位0,全,二層,透天厝,住家用,磚造,,105.68,5,1,3,有,無,6200000,58668,,0.0,0,具重建或重劃、都更等效益；,RPTNMLOKIIGGFCJ18EA,105.68,0.0,0.0,無,
新埔鎮,土地,福田段322-5地號,166.33,都市：其他:第一種住宅區,,,1100826,土地1建物0車位0,,,其他,,,,0.0,0,0,0,有,無,16830000,101184,,0.0,0,,RPXOMLPKIIGGFBJ68EA,0.0,0.0,0.0,無,074
新埔鎮,土地,福田段322-7地號,169.68,都市：其他:第一種住宅區,,,1100826,土地1建物0車位0,,,其他,,,,0.0,0,0,0,有,無,17170000,101190,,0.0,0,,RPOPMLPKIIGGFBJ87EA,0.0,0.0,0.0,無,075
新埔鎮,土地,福田段322-6地號,168.01,都市：其他:第一種住宅區,,,1100826,土地1建物0車位0,,,其他,,,,0.0,0,0,0,有,無,17000000,101184,,0.0,0,,RPPPMLPKIIGGFBJ97EA,0.0,0.0,0.0,無,076
竹北市,房地(土地+建物)+車位,新竹縣竹北市聯發街３５號十三樓,26.38,都市：其他:第一種住宅區,,,1100531,土地1建物1車位1,十三層,十四層,住宅大樓(11層含以上有電梯),住家用,鋼筋混凝土造,1040519,174.41,3,2,2,有,有,17400000,99765,坡道平面,30.42,0,,RPRPMLPKIIGGFBJ18EA,82.09,15.05,0.0,有,077
竹北市,房地(土地+建物)+車位,新竹縣竹北市莊敬南路１５６號二十四樓,51.36,都市：其他:第一種商業區,,,1100830,土地1建物1車位3,二十四層,二十四層,住宅大樓(11層含以上有電梯),住家用,鋼筋混凝土造,1030722,478.45,4,2,4,有,有,57100000,119344,坡道平面,71.31,0,,RPVOMLNKIIGGFBJ28EA,252.76,32.43,0.0,有,078
竹北市,房地(土地+建物)+車位,新竹縣竹北市自強三路４７號十四樓,24.23,都市：其他:第一種商業區,,,1100927,土地1建物1車位2,十四層,十五層,住宅大樓(11層含以上有電梯),住家用,鋼筋混凝土造,1001011,262.01,4,2,2,有,有,28300000,108011,坡道平面,41.34,0,,RPWOMLOKIIGGFBJ48EA,134.75,16.71,0.0,有,079
竹北市,房地(土地+建物)+車位,新竹縣竹北市北新一街２３號九樓之三,9.56,都市：其他:第三種商業區,,,1100825,土地1建物1車位1,九層,二十四層,住宅大樓(11層含以上有電梯),住家用,鋼筋混凝土造,1091225,123.97999999999999,2,2,1,有,有,12280000,99048,坡道平面,0.0,0,,RPUNMLPKIIGGFBJ28EA,57.48,5.64,0.0,有,080
竹北市,房地(土地+建物)+車位,新竹縣竹北市環北路五段４２８號九樓,26.9,都市：其他:第一種住宅區,,,1100901,土地1建物1車位1,九層,十四層,住宅大樓(11層含以上有電梯),住家用,鋼筋混凝土造,1070209,185.9,4,2,2,有,有,19080000,102636,坡道平面,32.0,0,,RPTNMLSKIIGGFBJ48EA,96.54,10.13,0.0,有,081
竹北市,房地(土地+建物)+車位,新竹縣竹北市嘉豐一街１０９號三樓,30.68,都市：其他:第一種住宅區,,,1100926,土地1建物1車位1,三層,十層,華廈(10層含以下有電梯),住家用,鋼筋混凝土造,0920321,153.71,3,2,2,有,有,17200000,111906,坡道平面,0.0,0,,RPQPMLSKIIGGFBJ38EA,83.08,8.87,0.0,有,
竹北市,房地(土地+建物)+車位,新竹縣竹北市新瀧一街２９號十四樓,12.05,都市：其他:第三種商業區,,,1100828,土地1建物1車位1,十四層,十四層,住宅大樓(11層含以上有電梯),住家用,鋼筋混凝土造,1100324,95.00999999999999,2,2,2,有,無,7600000,79992,坡道機械,19.86,0,,RPRPMLSKIIGGFBJ48EA,44.76,5.59,0.0,有,082
芎林鄉,房地(土地+建物),新竹縣芎林鄉福昌街５６５巷１２弄７號,69.84,,特定農業區,甲種建築用地,1100828,土地2建物1車位0,全,四層,透天厝,住家用,鋼筋混凝土造,1100503,172.11,4,2,3,有,無,13000000,75533,,0.0,0,,RPQNMLPKIIGGFCJ97EA,154.71,17.4,0.0,無,
芎林鄉,房地(土地+建物),新竹縣芎林鄉福昌街５６５巷１２弄６號,72.55,,特定農業區,甲種建築用地,1090628,土地3建物1車位0,全,四層,透天厝,住家用,鋼筋混凝土造,1100503,180.3,4,2,3,有,無,10720000,59456,,0.0,0,,RPRNMLPKIIGGFCJ08EA,157.83,22.47,0.0,無,
芎林鄉,房地(土地+建物),新竹縣芎林鄉柯子林３８之６號,329.97,,特定農業區,農牧用地,1100830,土地1建物1車位0,全,三層,透天厝,農業用,鋼筋混凝土造,0870210,66.04,5,2,3,有,無,1750000,26499,,0.0,0,,RPTNMLPKIIGGFCJ28EA,66.04,0.0,0.0,無,
橫山鄉,土地,沙坑壹段1165地號,32.69,,一般農業區,林業用地,1100831,土地1建物0車位0,,,其他,,,,0.0,0,0,0,有,無,13410,410,,0.0,0,地清或未辦繼承標售；,RPTOMLPKIIGGFCJ38EA,0.0,0.0,0.0,無,083
橫山鄉,土地,沙坑壹段1165地號,40.87,,一般農業區,林業用地,1100831,土地1建物0車位0,,,其他,,,,0.0,0,0,0,有,無,16760,410,,0.0,0,地清或未辦繼承標售；,SPTOMLPKIIGGFCJ48EA,0.0,0.0,0.0,無,083
橫山鄉,土地,沙坑壹段1165地號,40.87,,一般農業區,林業用地,1100831,土地1建物0車位0,,,其他,,,,0.0,0,0,0,有,無,16760,410,,0.0,0,地清或未辦繼承標售；,TPTOMLPKIIGGFCJ58EA,0.0,0.0,0.0,無,083
竹北市,房地(土地+建物)+車位,新竹縣竹北市自強六街６號九樓之一,16.26,都市：其他:第二種商業區,,,1100909,土地1建物1車位1,九層，見其他登記事項,十層,華廈(10層含以下有電梯),商業用,鋼筋混凝土造,0940721,148.0,3,2,2,有,有,15200000,102703,坡道平面,0.0,0,夾層；,RPUOMLNKIIGGFBJ18EA,80.57,7.64,0.0,有,
芎林鄉,房地(土地+建物),新竹縣芎林鄉文富街１７２巷１０號,113.28,都市：其他:農業區,,,1100908,土地2建物1車位0,全,四層,透天厝,住家用,鋼筋混凝土造,1091124,233.74,3,2,4,有,無,16950000,72516,,0.0,0,,RPWNMLRJIIGGFCJ58DA,217.8,15.94,0.0,無,
新豐鄉,土地,明新段109地號,370.2,,一般農業區,水利用地,1100910,土地1建物0車位0,,,其他,,,,0.0,0,0,0,有,無,2499616,6752,,0.0,0,親友、員工、共有人或其他特殊關係間之交易；,RPWOMLOKRHGGFDJ76DA,0.0,0.0,0.0,無,086
新豐鄉,土地,明新段208地號,5.49,都市：其他:鐵路用地,,,1100910,土地1建物0車位0,,,其他,,,,0.0,0,0,0,有,無,147897,26939,,0.0,0,親友、員工、共有人或其他特殊關係間之交易；,RPXOMLOKRHGGFDJ86DA,0.0,0.0,0.0,無,
竹東鎮,土地,二重埔段236-1地號,412.0,都市：其他:工業區,,,1100731,土地1建物0車位0,,,其他,,,,0.0,0,0,0,有,無,9600000,23301,,0.0,0,,RPTOMLQJIIGGFCJ28DA,0.0,0.0,0.0,無,087
竹北市,房地(土地+建物)+車位,新竹縣竹北市泰和一街８５號,29.69,都市：其他:第二種住宅區,,,1100725,土地3建物1車位1,一層,五層,華廈(10層含以下有電梯),住家用,鋼筋混凝土造,0821119,125.56,3,2,2,有,有,6160000,49060,坡道平面,0.0,0,,RPTOMLPKIIGGFBJ18DA,79.91,9.3,0.0,有,088
竹北市,房地(土地+建物)+車位,新竹縣竹北市六家五路二段２１６號十五樓之二,32.6,都市：其他:住宅區,,,1100911,土地1建物1車位2,十五層,二十四層,住宅大樓(11層含以上有電梯),住家用,鋼筋混凝土造,1010328,226.85,3,2,2,有,有,22600000,99625,坡道平面,0.0,0,,RPPNMLOKIIGGFBJ57DA,103.78,10.41,0.0,有,
竹北市,房地(土地+建物)+車位,新竹縣竹北市惟馨街７０號八樓,28.7,都市：其他:第一種住宅區,,,1100912,土地1建物1車位2,八層,十層,華廈(10層含以下有電梯),住家用,鋼筋混凝土造,1031121,201.8,2,2,2,有,有,23200000,114965,坡道平面,53.52,0,增建平台其他增建；,RPTPMLMKIIGGFBJ97DA,86.22,18.03,0.0,有,089
竹北市,房地(土地+建物)+車位,新竹縣竹北市文昌街６１號二樓,30.69,都市：其他:第二種住宅區,,,1100902,土地1建物1車位1,二層,七層,華廈(10層含以下有電梯),住家用,鋼筋混凝土造,0821119,134.54,3,2,2,有,有,6800000,50543,坡道機械,0.0,0,,RPUNMLNKIIGGFBJ97DA,78.69,12.33,0.0,有,090
竹北市,房地(土地+建物)+車位,新竹縣竹北市勝利八街一段２３３號二十四樓之七,10.87,都市：其他:第二種商業區,,,1100226,土地1建物1車位1,二十四層,二十七層,住宅大樓(11層含以上有電梯),住家用,鋼筋混凝土造,1050608,144.9,3,2,2,有,有,13450000,92823,坡道平面,29.81,0,,RPOPMLMKIIGGFBJ47DA,64.83,13.21,0.0,有,091
竹北市,土地,中興段639地號,0.89,都市：其他:道路用地,,,1100928,土地1建物0車位0,,,其他,,,,0.0,0,0,0,有,無,76300,0,,0.0,0,包含公共設施保留地用地；,RPQPMLMKIIGGFBJ67DA,0.0,0.0,0.0,無,092
竹北市,房地(土地+建物)+車位,新竹縣竹北市莊敬三路２５８號十四樓,19.28,都市：其他:第二種商業區,,,1100828,土地1建物1車位2,十四層,二十九層,住宅大樓(11層含以上有電梯),住家用,鋼筋混凝土造,1040417,254.97,3,2,2,有,有,25500000,100012,坡道平面,0.0,0,,RPRRMLQJIIGGFBJ28DA,124.22,9.63,0.0,有,093
新埔鎮,房地(土地+建物),新竹縣新埔鎮南平路３５２巷７弄２號,3453.01,,山坡地保育區,農牧用地,1100922,土地8建物1車位0,一層，二層，三層，屋頂突出物,三層,農舍,農業用,鋼筋混凝土造,1000107,419.64,4,2,6,有,有,48000000,,,0.0,0,,RPOOMLMLRHGGFBJ28DA,346.32,73.32,0.0,有,
竹北市,房地(土地+建物)+車位,新竹縣竹北市中山六街２８巷３２號,78.93,,鄉村區,乙種建築用地,1100824,土地3建物1車位2,全,四層,透天厝,住家用,鋼筋混凝土造,1100625,217.25,4,2,4,有,無,18150000,83544,一樓平面,0.0,0,,RPXNMLNLRHGGFBJ56DA,212.43,4.82,0.0,無,
關西鎮,土地,上橫坑段155地號,4258.0,,山坡地保育區,農牧用地,1100908,土地2建物0車位0,,,其他,,,,0.0,0,0,0,有,無,7728000,1815,,0.0,0,,RPWOMLTLRHGGFBJ17DA,0.0,0.0,0.0,無,
竹北市,房地(土地+建物),新竹縣竹北市縣華街１６０巷７號,72.16,都市：其他:第二種住宅區,,,1100814,土地2建物1車位0,全,四層,透天厝,住家用,鋼筋混凝土造,1100512,208.99,4,2,4,有,無,17300000,82779,,0.0,0,,RPSNMLLJIIGGFBJ47DA,188.33,20.66,0.0,無,
竹北市,房地(土地+建物)+車位,新竹縣竹北市福興東路一段２６１號十三樓,58.81,都市：其他:第一種住宅區,,,1100830,土地1建物1車位2,十三層,十三層,住宅大樓(11層含以上有電梯),住家用,鋼筋混凝土造,1030121,424.35,0,0,0,無,有,39680000,93508,坡道平面,67.74,0,其他增建；,RPWNMLKKRHGGFBJ68DA,200.6,37.1,0.0,有,094
竹北市,房地(土地+建物),新竹縣竹北市中華路８５７巷１弄２號,78.47,都市：其他:第二種住宅區,,,1100906,土地1建物1車位0,全,三層,透天厝,住商用,鋼筋混凝土造,,173.22,4,2,3,有,無,9200000,53112,,0.0,0,頂樓加蓋；,RPOQMLQJRHGGFBJ68DA,173.22,0.0,0.0,無,
竹北市,房地(土地+建物)+車位,新竹縣竹北市嘉豐十一路二段１２７巷１７號五樓,40.21,都市：其他:住宅區,,,1100914,土地1建物1車位2,五層,十四層,住宅大樓(11層含以上有電梯),住家用,鋼筋混凝土造,1000531,260.28000000000003,3,2,2,有,有,24000000,92208,坡道平面,0.0,0,,RPXNMLPKIIGGFBJ58EA,129.23,22.1,0.0,有,
新埔鎮,土地,內立段449地號,95.42,,山坡地保育區,殯葬用地,1100827,土地1建物0車位0,,,其他,,,,0.0,0,0,0,有,無,600000,6288,,0.0,0,,RPPNMLTKIIGGFBJ18EA,0.0,0.0,0.0,無,095
新埔鎮,房地(土地+建物),新竹縣新埔鎮褒忠路８９巷２１弄７號,3625.39,,山坡地保育區,農牧用地,1100816,土地8建物1車位0,一層，二層，三層，屋頂突出物,三層,農舍,農業用,鋼筋混凝土造,1001013,300.4,4,3,4,有,有,33800000,,,0.0,0,,RPXPMLTJRHGGFBJ17DA,276.82,23.58,0.0,無,
竹北市,房地(土地+建物),新竹縣竹北市國光街６巷２號五樓,22.43,都市：其他:第二種住宅區,,,1100829,土地1建物1車位0,五層,六層,華廈(10層含以下有電梯),住家用,鋼筋混凝土造,0810513,105.92,3,2,2,有,無,5500000,51926,,0.0,0,,RPTRMLMJRHGGFBJ88DA,80.94,7.79,0.0,有,
新埔鎮,房地(土地+建物),新竹縣新埔鎮壹山街１２８巷７６號,393.76,,鄉村區,乙種建築用地,1100904,土地48建物1車位0,全,四層,透天厝,住家用,鋼筋混凝土造,1081004,368.96,4,2,4,有,有,36200000,98114,,0.0,0,其他增建；,RPUQMLKKRHGGFBJ78DA,333.73,35.23,0.0,有,
竹北市,房地(土地+建物),新竹縣竹北市新民街１９４號十樓,20.34,都市：其他:第三種商業區,,,1100823,土地1建物1車位0,十層,十層,華廈(10層含以下有電梯),住家用,鋼筋混凝土造,0850601,189.67,2,2,2,有,有,8030000,42337,,0.0,0,,RPRPMLLKRHGGFBJ48DA,121.72,26.1,0.0,有,
竹北市,房地(土地+建物)+車位,新竹縣竹北市高鐵五路１００號十四樓之一,33.07,都市：其他:住宅區,,,1100823,土地1建物1車位1,十四層,十五層,住宅大樓(11層含以上有電梯),住家用,鋼筋混凝土造,1100601,162.92000000000002,3,2,2,有,有,18000000,110484,坡道平面,30.98,0,含仲介費；,RPWNMLKMRHGGFBJ88DA,79.67,8.99,0.0,有,
竹北市,土地,溪洲段529地號,1666.33,,特定農業區,農牧用地,1100824,土地3建物0車位0,,,其他,,,,0.0,0,0,0,有,無,45370000,27227,,0.0,0,,RPQOMLSLRHGGFBJ09DA,0.0,0.0,0.0,無,
竹北市,土地,三崁店段水坑口小段157-3地號,429.77,,特定農業區,農牧用地,1100831,土地1建物0車位0,,,其他,,,,0.0,0,0,0,有,無,8840000,20569,,0.0,0,,RPPNMLNJIIGGFBJ37DA,0.0,0.0,0.0,無,
竹北市,房地(土地+建物),新竹縣竹北市光明十一路５５巷１０號,146.43,都市：其他:第二種住宅區,,,1100828,土地2建物1車位0,全,四層,透天厝,住家用,鋼筋混凝土造,0841201,291.01,7,2,4,有,無,14560000,50033,,0.0,0,頂樓加蓋；其他增建；,RPUPMLMKIIGGFBJ08DA,251.53,39.48,0.0,無,
竹北市,房地(土地+建物)+車位,新竹縣竹北市光明六路東二段３２７號三樓,38.08,都市：其他:住宅區,,,1100812,土地1建物1車位2,三層,二十二層,住宅大樓(11層含以上有電梯),住家用,鋼筋混凝土造,1021107,267.46000000000004,4,2,2,有,有,26900000,100576,坡道平面,0.0,0,,RPQOMLOKIIGGFBJ77DA,121.25,16.27,0.0,有,
關西鎮,土地,仁安段711地號,7299.25,,特定農業區,農牧用地,1100829,土地4建物0車位0,,,其他,,,,0.0,0,0,0,有,無,55208888,7564,,0.0,0,,RPVOMLPKIIGGFBJ38DA,0.0,0.0,0.0,無,
竹北市,房地(土地+建物),新竹縣竹北市莊敬六街９號十四樓之七,4.42,都市：其他:第二種商業區,,,1100910,土地1建物1車位0,十四層,十五層,套房(1房1廳1衛),住家用,鋼筋混凝土造,0941114,42.09,1,1,1,有,有,4400000,104538,,0.0,0,含傢俱設備費；,RPXPMLPKIIGGFBJ68DA,28.35,3.35,0.0,有,
竹北市,房地(土地+建物)+車位,新竹縣竹北市六家五路二段２１２號三樓之六,28.39,都市：其他:住宅區,,,1100901,土地1建物1車位2,三層,二十四層,住宅大樓(11層含以上有電梯),住家用,鋼筋混凝土造,1010328,203.51,3,2,2,有,有,19800000,97288,坡道平面,0.0,2000000,,RPQQMLPKIIGGFBJ08DA,87.1,9.89,0.0,有,
竹北市,房地(土地+建物)+車位,新竹縣竹北市新國街５３號五樓,47.99,都市：其他:第二種住宅區,,,1100812,土地1建物1車位1,五層，見其他登記事項,五層,華廈(10層含以下有電梯),住家用,鋼筋混凝土造,0941128,153.23000000000002,3,2,2,有,有,12000000,78314,一樓平面,0.0,0,陽台外推；夾層；其他增建；,RPRNMLRKIIGGFBJ08DA,99.12,10.81,0.0,有,
竹北市,房地(土地+建物)+車位,新竹縣竹北市福興一路９０號十九樓,23.16,都市：其他:第一種商業區,,,1100825,土地1建物1車位2,十九層,二十七層,住宅大樓(11層含以上有電梯),住家用,鋼筋混凝土造,1031203,263.0,3,2,2,有,有,28980000,110190,坡道平面,60.02,0,,RPTOMLSKIIGGFBJ48DA,119.25,19.34,0.0,有,
竹北市,土地,興崙段275地號,6.63,都市：其他:農業區,,,1100929,土地1建物0車位0,,,其他,,,,0.0,0,0,0,有,無,240000,36199,,0.0,0,農作物；,RPOQMLSKIIGGFBJ18DA,0.0,0.0,0.0,無,
竹北市,土地,興崙段275地號,9.9,都市：其他:農業區,,,1100929,土地1建物0車位0,,,其他,,,,0.0,0,0,0,有,無,360000,36364,,0.0,0,農作物；,RPPQMLSKIIGGFBJ28DA,0.0,0.0,0.0,無,
橫山鄉,土地,新庄段1577地號,143.59,,特定農業區,農牧用地,1100621,土地1建物0車位0,,,其他,,,,0.0,0,0,0,有,無,1000000,6964,,0.0,0,,RPRNMLQLQHGGFCJ88DA,0.0,0.0,0.0,無,
芎林鄉,土地,廣福段463地號,596.87,都市：其他:市場用地,,,1100928,土地2建物0車位0,,,其他,,,,0.0,0,0,0,有,無,49500000,82933,,0.0,0,包含公共設施保留地用地；,RPPRMLSJIIGGFCJ38DA,0.0,0.0,0.0,無,
竹東鎮,土地,三重埔段92-2地號,512.52,都市：其他:工業區,,,1100906,土地1建物0車位0,,,其他,,,,0.0,0,0,0,有,無,6500000,12682,,0.0,0,農作物；含租約；,RPOOMLPKIIGGFCJ77DA,0.0,0.0,0.0,無,
芎林鄉,房地(土地+建物),新竹縣芎林鄉綠獅一街１４２號,74.75,,鄉村區,乙種建築用地,1100914,土地2建物1車位0,全,四層,透天厝,住家用,鋼筋混凝土造,1100527,225.8,4,2,4,有,有,17500000,77502,,0.0,0,,RPQNMLSKIIGGFCJ18DA,216.43,9.37,0.0,有,
竹東鎮,房地(土地+建物),新竹縣竹東鎮竹中路１２８巷５號四樓,8.79,都市：其他:住二,,,1100920,土地1建物1車位0,四層,五層,華廈(10層含以下有電梯),辦公用,鋼筋混凝土造,0961022,27.03,1,1,1,有,有,3500000,129486,,0.0,0,夾層；,RPXNMLOKIIGGFCJ48DA,13.93,4.17,0.0,有,
竹東鎮,房地(土地+建物),新竹縣竹東鎮中興路一段１０８巷５２弄１２號,129.8,,山坡地保育區,丙種建築用地,1100917,土地3建物1車位0,全,四層,透天厝,住家用,鋼筋混凝土造,1050927,206.4,5,2,4,有,無,13000000,62984,,0.0,0,,RPPOMLSKIIGGFCJ28EA,186.07,20.33,0.0,無,
竹東鎮,房地(土地+建物)+車位,新竹縣竹東鎮中興路四段１０４２巷３１號四樓,36.54,都市：其他:住二,,,1100906,土地2建物1車位1,四層,六層,華廈(10層含以下有電梯),住家用,鋼筋混凝土造,0810715,126.50999999999999,3,2,1,有,有,6920000,54699,坡道平面,0.0,0,陽台外推；,RPPNMLTKIIGGFCJ28EA,62.92,9.97,0.0,有,
橫山鄉,房地(土地+建物),新竹縣橫山鄉永昌街１２３巷１８弄８號,101.4,都市：其他:住宅區,,,1100819,土地3建物1車位0,全,四層,透天厝,住家用,鋼筋混凝土造,1100608,192.02,4,2,3,有,無,9800000,51036,,0.0,0,土地價款:伍佰萬元整，主建物價款:肆佰伍拾萬元整，附屬建物陽台價款:參拾萬元整,RPPOMLTKIIGGFCJ38EA,179.98,12.04,0.0,無,
竹東鎮,房地(土地+建物),新竹縣竹東鎮明星路２１４號,16.23,都市：其他:住一,,,1100917,土地1建物1車位0,一層,五層,華廈(10層含以下有電梯),住商用,鋼筋混凝土造,0810620,61.32,1,2,1,有,無,3600000,58708,,0.0,0,,RPSOMLPKIIGGFCJ28EA,51.5,4.51,0.0,有,
竹北市,房地(土地+建物)+車位,新竹縣竹北市華興五街１５號十三樓,31.26,都市：其他:第一種住宅區,,,1100823,土地1建物1車位1,十三層,十四層,住宅大樓(11層含以上有電梯),住家用,鋼筋混凝土造,1021227,192.45999999999998,3,2,2,有,有,17960000,93318,坡道平面,32.43,0,陽台外推；,RPSPMLSKIIGGFBJ58EA,97.24,14.84,0.0,有,
新埔鎮,土地,寶鎮段801地號,20.43,,特定農業區,甲種建築用地,1101004,土地2建物0車位0,,,其他,,,,0.0,0,0,0,有,無,164774,8065,,0.0,0,,RPUPMLSKIIGGFBJ78EA,0.0,0.0,0.0,無,
竹北市,房地(土地+建物)+車位,新竹縣竹北市日興一街１２號十一樓,17.37,都市：其他:住宅區,,,1100719,土地1建物1車位1,十一層,十四層,住宅大樓(11層含以上有電梯),住家用,鋼筋混凝土造,1100603,118.93,2,2,1,有,有,11250000,94593,坡道平面,36.64,0,,RPWNMLPKIIGGFBJ48EA,47.62,7.52,0.0,有,
竹北市,房地(土地+建物)+車位,新竹縣竹北市文信路２１９號九樓,36.48,都市：其他:第一種住宅區,,,1100915,土地1建物1車位3,九層,九層,華廈(10層含以下有電梯),住家用,鋼筋混凝土造,1011129,204.28,3,2,2,有,有,17600000,86156,坡道機械,49.92,0,原3個坡道機械車位現況改為坡道平面車位一個現場編號4號,RPXOMLOKIIGGFBJ58EA,91.61,16.79,0.0,有,
新埔鎮,房地(土地+建物)+車位,新竹縣新埔鎮福祿八街２２巷６號,79.84,,鄉村區,乙種建築用地,1100201,土地2建物1車位1,全,四層,透天厝,住家用,鋼筋混凝土造,1100505,214.34,3,1,4,有,有,14900000,69516,一樓平面,0.0,0,預售屋、或土地及建物分件登記案件；,RPUOMLOKIIGGFBJ28EA,214.34,0.0,0.0,有,
新埔鎮,房地(土地+建物)+車位,新竹縣新埔鎮福祿八街２６號,79.84,,鄉村區,乙種建築用地,1090815,土地2建物1車位1,全,四層,透天厝,住家用,鋼筋混凝土造,1100505,223.84,3,1,4,有,有,16600000,74160,一樓平面,0.0,0,預售屋、或土地及建物分件登記案件；,RPVOMLOKIIGGFBJ38EA,221.08,2.76,0.0,有,
