﻿編號,屋齡,建物移轉面積平方公尺,主要用途,主要建材,建築完成日期,總層數,建物分層
The serial number,room age,building shifting area square meter,the main use,main building materials,construction completes the date,total layer,building lamination
RPQNMLLKRHGGFDJ48CC,6,84.32,集合住宅,鋼筋混凝土造,104年10月10日,七層,
RPQNMLLKRHGGFDJ48CC,6,68.43,停車空間、防空避難室兼停車空間、管委會空間、雨遮,鋼筋混凝土造,104年10月10日,七層,
RPQNMLLKRHGGFDJ48CC,6,17.91,樓梯間、機械室、水箱,鋼筋混凝土造,104年10月10日,七層,
RPRNMLLKRHGGFCJ48CC,,62.07,集合住宅,鋼筋混凝土造,110年3月17日,十五層,
RPRNMLLKRHGGFCJ48CC,,11.72,本共有部分之項目有大廳、管委會空間、機房、梯廳、梯間等五項,鋼筋混凝土造,110年3月17日,十五層,
RPRNMLLKRHGGFCJ48CC,,17.98,本共有部分之項目有機房、水箱、梯廳、梯間等四項,鋼筋混凝土造,110年3月17日,十五層,
RPRNMLLKRHGGFCJ48CC,,30.56,本共有部分之項目有停車空間等一項,鋼筋混凝土造,110年3月17日,十五層,
RPORMLOKRHGGFBJ88DC,2,97.11,住商用,鋼骨造,108年9月6日,三層,
RPORMLOKRHGGFBJ88DC,2,91.26,商業用,鋼骨造,108年9月6日,三層,
RPORMLOKRHGGFBJ88DC,2,99.36,商業用,鋼骨造,108年9月6日,三層,
RPORMLOKRHGGFBJ88DC,2,77.00,商業用,鋼骨造,108年9月6日,三層,
RPORMLOKRHGGFBJ88DC,2,68.71,商業用,鋼骨造,108年9月6日,三層,
RPORMLOKRHGGFBJ88DC,2,69.55,住商用,鋼骨造,108年9月6日,三層,
RPOOMLPKRHGGFBJ58CC,12,426.34,一般服務業,鋼筋混凝土造,99年3月5日,十四層,
RPTNMLLKRHGGFBJ58CC,11,966.37,一般服務業,鋼筋混凝土造,99年3月5日,十四層,
RPTNMLLKRHGGFBJ58CC,11,1097.09,一般服務業,鋼筋混凝土造,99年3月5日,十四層,
RPVQMLOKRHGGFBJ76CC,9,120.37,住家用,鋼筋混凝土造,101年9月24日,二十五層,
RPVQMLOKRHGGFBJ76CC,9,10.33,住家用,鋼筋混凝土造,101年9月24日,二十五層,
RPVQMLOKRHGGFBJ76CC,9,3.31,住家用,鋼筋混凝土造,101年9月24日,二十五層,
RPVQMLOKRHGGFBJ76CC,9,103.38,本共有部份之項目有防空避難室兼停車空間、管理員室等二項,鋼筋混凝土造,101年9月24日,二十五層,
RPVQMLOKRHGGFBJ76CC,9,29.55,本共有部份之項目有樓梯間、機電設備空間、水箱、機械室等四項,鋼筋混凝土造,101年9月24日,二十五層,
RPVNMLLKRHGGFBJ78CC,13,31.82,商業用,鋼筋混凝土造,97年9月15日,十六層,
RPVNMLLKRHGGFBJ78CC,13,5.85,共有部分,鋼筋混凝土造,97年9月15日,十六層,
RPVNMLLKRHGGFBJ78CC,13,1.94,共有部分,鋼筋混凝土造,97年9月15日,十六層,
RPVNMLLKRHGGFBJ78CC,13,10.08,共有部分,鋼筋混凝土造,97年9月15日,十六層,
RPWNMLLKRHGGFBJ88CC,8,1917.60,工業用,鋼筋混凝土造,102年3月18日,十層,
RPXPMLPKRHGGFBJ96CC,20,113.55,住家用,鋼筋混凝土造,91年2月8日,十層,
RPXPMLPKRHGGFBJ96CC,20,28.62,共有部分,鋼筋混凝土造,91年2月8日,十層,
