﻿編號,土地位置,土地移轉面積(平方公尺),使用分區或編定,權利人持分分母,權利人持分分子,移轉情形,地號
The serial number, land position,land shifting area square meter,the use zoning or compiles and checks,,,,land parcel
RPSNMLSJKHGGFBK38DA,齊佳段,335.91,都市：其他:住宅區,1,1,全筆移轉,09010000
RPSNMLRKRHGGFBK09DA,恭敬段,23.40,都市：其他:住宅區,20000,454,持分移轉,02970000
RPQNMLOLRHGGFAK58DA,桂竹林段,1215.33,非都市：山坡地保育區 ; 非都市編定：農牧用地,3,2,持分移轉,02170002
RPPOMLRJIIGGFBK97DA,英才段,218.53,都市：其他:工業區,2,1,持分移轉,05260000
RPROMLLLPHGGFBK38DA,齊佳段,1070.60,都市：其他:住宅區,1,1,全筆移轉,08560000
RPSOMLLLPHGGFBK48DA,齊佳段,653.08,都市：其他:住宅區,1,1,全筆移轉,08540000
RPRNMLTLRHGGFBK66DA,豐年段,29.51,都市：其他:住宅區,10000,666,持分移轉,10670000
RPVNMLQJIIGGFBK38DA,福全段,38.17,都市：其他:商業區,8,2,持分移轉,10890000
RPRNMLQJIIGGFBK97DA,福全段,19.09,都市：其他:商業區,8,1,持分移轉,10890000
RPSNMLQJIIGGFBK08DA,福全段,19.09,都市：其他:商業區,8,1,持分移轉,10890000
RPWNMLQJIIGGFBK48DA,勝利段,16.84,都市：其他:住宅區,100000,919,持分移轉,27470124
RPTNMLQJIIGGFBK18DA,福全段,38.17,都市：其他:商業區,8,2,持分移轉,10890000
RPTTMLOKQHGGFFK17DA,仁愛段,35.95,都市：其他:住宅區,10000,71,持分移轉,00390000
RPPPMLQJIIGGFDK18DA,崎工段,21.46,非都市：工業區 ; 非都市編定：丁種建築用地,100000,12056,持分移轉,03390001
RPQPMLQJIIGGFDK28DA,崎工段,17.40,非都市：工業區 ; 非都市編定：丁種建築用地,100000,9775,持分移轉,03390001
RPTNMLLJIIGGFDK87DA,龍鳳東段,37.98,都市：其他:住宅區,2,1,持分移轉,06190000
RPTNMLLJIIGGFDK87DA,龍鳳東段,9.65,都市：其他:住宅區,2,1,持分移轉,06200000
RPVOMLQJIIGGFDK68DA,西崎頂段,38.41,非都市：一般農業區 ; 非都市編定：甲種建築用地,100000,5967,持分移轉,10080000
RPTNMLPJIIGGFEK38DA,高埔段,1154.00,非都市：山坡地保育區 ; 非都市編定：丙種建築用地,1,1,全筆移轉,10400011
RPRNMLRKRHGGFEK66DA,雙連潭段,6.37,非都市：山坡地保育區 ; 非都市編定：農牧用地,200,1,持分移轉,01170028
RPRNMLRKRHGGFEK66DA,雙連潭段,.08,非都市：山坡地保育區 ; 非都市編定：丙種建築用地,200,1,持分移轉,01170031
RPRNMLRKRHGGFEK66DA,雙連潭段,2.37,非都市：山坡地保育區 ; 非都市編定：丙種建築用地,200,1,持分移轉,01170032
RPRNMLRKRHGGFEK66DA,雙連潭段,20.76,非都市：山坡地保育區 ; 非都市編定：農牧用地,200,1,持分移轉,01170039
RPRNMLRKRHGGFEK66DA,雙連潭段,2698.00,非都市：山坡地保育區 ; 非都市編定：農牧用地,1,1,全筆移轉,06520278
RPUNMLPJIIGGFEK48DA,高埔段,1030.00,非都市：山坡地保育區 ; 非都市編定：農牧用地,1,1,全筆移轉,03270005
RPUNMLPJIIGGFEK48DA,高埔段,448.00,非都市：山坡地保育區 ; 非都市編定：農牧用地,1,1,全筆移轉,03280002
RPUNMLPJIIGGFEK48DA,高埔段,1275.00,非都市：山坡地保育區 ; 非都市編定：農牧用地,1,1,全筆移轉,03280004
RPUNMLPJIIGGFEK48DA,高埔段,5091.00,非都市：山坡地保育區 ; 非都市編定：農牧用地,1,1,全筆移轉,03280006
RPUNMLPJIIGGFEK48DA,高埔段,3180.00,非都市：山坡地保育區 ; 非都市編定：農牧用地,1,1,全筆移轉,03280007
RPUNMLPJIIGGFEK48DA,高埔段,2536.00,非都市：山坡地保育區 ; 非都市編定：農牧用地,1,1,全筆移轉,03280008
RPUNMLPJIIGGFEK48DA,高埔段,2575.00,非都市：山坡地保育區 ; 非都市編定：農牧用地,1,1,全筆移轉,03300024
RPUNMLPJIIGGFEK48DA,高埔段,2728.00,非都市：山坡地保育區 ; 非都市編定：農牧用地,1,1,全筆移轉,03300034
RPUNMLPJIIGGFEK48DA,高埔段,2709.00,非都市：山坡地保育區 ; 非都市編定：農牧用地,1,1,全筆移轉,03300035
RPUNMLPJIIGGFEK48DA,高埔段,2533.00,非都市：山坡地保育區 ; 非都市編定：農牧用地,1,1,全筆移轉,03300036
RPUNMLPJIIGGFEK48DA,高埔段,2535.00,非都市：山坡地保育區 ; 非都市編定：農牧用地,1,1,全筆移轉,03300037
RPUNMLPJIIGGFEK48DA,高埔段,2530.00,非都市：山坡地保育區 ; 非都市編定：農牧用地,1,1,全筆移轉,03300040
RPUNMLPJIIGGFEK48DA,高埔段,2766.00,非都市：山坡地保育區 ; 非都市編定：農牧用地,1,1,全筆移轉,03300041
RPUNMLPJIIGGFEK48DA,高埔段,2535.00,非都市：山坡地保育區 ; 非都市編定：農牧用地,1,1,全筆移轉,03300047
RPUNMLPJIIGGFEK48DA,高埔段,2565.00,非都市：山坡地保育區 ; 非都市編定：農牧用地,1,1,全筆移轉,03300049
RPUNMLPJIIGGFEK48DA,高埔段,2565.00,非都市：山坡地保育區 ; 非都市編定：農牧用地,1,1,全筆移轉,03300050
RPUNMLPJIIGGFEK48DA,高埔段,2577.00,非都市：山坡地保育區 ; 非都市編定：農牧用地,1,1,全筆移轉,03300055
RPSNMLKMRHGGFFK98DA,德義段,25.45,都市：其他:住宅區,10000,103,持分移轉,01820000
RPPNMLSKNHGGFEK78DA,高埔段,2544.00,非都市：山坡地保育區 ; 非都市編定：農牧用地,1,1,全筆移轉,03540052
RPPNMLRKRHGGFFK56DA,湳湖段,18.13,都市：其他:第三種住宅區。,10000,448,持分移轉,08980000
RPPNMLRKRHGGFFK56DA,湳湖段,60.65,都市：其他:第三種住宅區。,1,1,全筆移轉,09030000
RPPNMLRKRHGGFFK56DA,湳湖段,1.53,都市：其他:第三種住宅區。,10000,448,持分移轉,09090000
RPTNMLRLQHGGFDK76DA,維新段,71.51,都市：其他:住宅區,1,1,全筆移轉,04560000
RPTNMLRLQHGGFDK76DA,維新段,22.01,都市：其他:住宅區,7,1,持分移轉,04590000
RPROMLRKRHGGFFK86DA,上興段,156.80,非都市：山坡地保育區 ; 非都市編定：丙種建築用地,1,1,全筆移轉,06520000
RPROMLRKRHGGFFK86DA,上興段,4.79,非都市：山坡地保育區 ; 非都市編定：丙種建築用地,100000,2390,持分移轉,06880000
RPTOMLSJIIGGFDK78EA,后厝段,187.69,都市：其他:道路用地,206,178,持分移轉,00470000
RPPNMLKLRHGGFFK58DA,東民段,37.14,都市：其他:住宅區,110000,8294,持分移轉,11070000
RPUOMLLMQHGGFFK66DA,湳湖段,74.61,都市：其他:農業區,68,3,持分移轉,03300000
RPUOMLLMQHGGFFK66DA,湳湖段,26.88,都市：其他:農業區,68,3,持分移轉,03310000
RPUOMLLMQHGGFFK66DA,湳湖段,556.08,都市：其他:農業區,6,1,持分移轉,03490000
RPXNMLLMQHGGFFK86DA,後湖段,85.36,都市：其他:住宅區,1,1,全筆移轉,01110004
RPXNMLLMQHGGFFK86DA,後湖段,17.51,都市：其他:住宅區,16,2,持分移轉,01110005
RPXNMLLMQHGGFFK86DA,後湖段,.36,都市：其他:住宅區,20,2,持分移轉,01110015
RPUNMLLMQHGGFFK56DA,光華段,14.55,都市：其他:商業區,100000,882,持分移轉,11650000
RPSNMLRKRHGGFEK76DA,雙連潭段,6.37,非都市：山坡地保育區 ; 非都市編定：農牧用地,200,1,持分移轉,01170028
RPSNMLRKRHGGFEK76DA,雙連潭段,.08,非都市：山坡地保育區 ; 非都市編定：丙種建築用地,200,1,持分移轉,01170031
RPSNMLRKRHGGFEK76DA,雙連潭段,2.37,非都市：山坡地保育區 ; 非都市編定：丙種建築用地,200,1,持分移轉,01170032
RPSNMLRKRHGGFEK76DA,雙連潭段,20.76,非都市：山坡地保育區 ; 非都市編定：農牧用地,200,1,持分移轉,01170039
RPSNMLRKRHGGFEK76DA,雙連潭段,2883.00,非都市：山坡地保育區 ; 非都市編定：農牧用地,1,1,全筆移轉,06520455
RPRNMLRJIIGGFEK38DA,新二湖段,447.95,非都市：山坡地保育區 ; 非都市編定：農牧用地,448,92,持分移轉,04540000
RPRNMLRJIIGGFEK38DA,新二湖段,186.87,非都市：山坡地保育區 ; 非都市編定：農牧用地,672,92,持分移轉,04570000
RPPNMLRJIIGGFFK28DA,和平段,3.28,都市：其他:商業區,30000,87,持分移轉,11000000
RPQNMLRJIIGGFFK38DA,湳湖段,56.21,非都市：山坡地保育區 ; 非都市編定：丙種建築用地,10000,30,持分移轉,00150001
RPTNMLOLRHGGFFK76DA,北獅里興段獅頭驛小段,2153.00,非都市：山坡地保育區 ; 非都市編定：林業用地,1,1,全筆移轉,01370001
RPTNMLOLRHGGFFK76DA,北獅里興段獅頭驛小段,4893.00,非都市：山坡地保育區 ; 非都市編定：農牧用地,1,1,全筆移轉,01380000
RPPOMLQJIIGGFFK28DA,山下段,2016.53,非都市： ; 非都市編定：,1,1,全筆移轉,01110001
RPSNMLRJIIGGFEK48DA,新二湖段,111.99,非都市：山坡地保育區 ; 非都市編定：農牧用地,448,23,持分移轉,04540000
RPSNMLRJIIGGFEK48DA,新二湖段,140.16,非都市：山坡地保育區 ; 非都市編定：農牧用地,672,69,持分移轉,04570000
RPRNMLRJIIGGFFK58EA,大河底段,9814.00,非都市：山坡地保育區 ; 非都市編定：農牧用地,1,1,全筆移轉,03670004
RPRNMLRJIIGGFFK58EA,大河底段,85.00,非都市：山坡地保育區 ; 非都市編定：農牧用地,1,1,全筆移轉,03670006
RPRNMLRJIIGGFFK58EA,大河底段,44.00,非都市：山坡地保育區 ; 非都市編定：農牧用地,1,1,全筆移轉,03670025
RPRNMLRJIIGGFFK58EA,大河底段,988.00,非都市：山坡地保育區 ; 非都市編定：林業用地,1,1,全筆移轉,10580007
RPRNMLRJIIGGFFK58EA,大河底段,394.00,非都市：山坡地保育區 ; 非都市編定：農牧用地,2,1,持分移轉,10580009
RPRNMLRJIIGGFFK58EA,大河底段,385.00,非都市：山坡地保育區 ; 非都市編定：農牧用地,1,1,全筆移轉,10580010
RPSNMLPJIIGGFFK38DA,自強段,300.30,都市：其他:道路用地,1,1,全筆移轉,12940000
RPSNMLPJIIGGFFK38DA,自強段,101.26,都市：其他:道路用地,1,1,全筆移轉,16660000
RPPNMLOJRHGGFFK78DA,中央段,28.63,都市：其他:住宅區,1,1,全筆移轉,03720000
RPPNMLOJRHGGFFK78DA,中央段,1108.12,都市：其他:住宅區,1,1,全筆移轉,03740001
RPTOMLRKQHGGFFK96DA,仁愛段,27.85,都市：其他:住宅區,10000,55,持分移轉,00390000
RPPNMLLJIIGGFDK47DA,龍頂段,33.07,都市：其他:第一種住宅區,136938,6139,持分移轉,01410000
RPWNMLQKRHGGFDK96DA,頂埔段,23.04,都市：其他:農業區,10000,355,持分移轉,12310000
RPWNMLQKRHGGFDK96DA,頂埔段,72.88,都市：其他:農業區,1,1,全筆移轉,12310007
RPWNMLQKRHGGFDK96DA,頂埔段,22.85,都市：其他:農業區,1,1,全筆移轉,12310033
RPWNMLQKRHGGFDK96DA,頂埔段,.50,都市：其他:農業區,10000,355,持分移轉,12310041
RPWNMLQKRHGGFDK96DA,頂埔段,.09,都市：其他:農業區,10000,355,持分移轉,12310042
RPWNMLQKRHGGFDK96DA,頂埔段,.17,都市：其他:農業區,1,1,全筆移轉,12310048
RPTNMLPJIIGGFFK48DA,仁愛段,36.27,都市：其他:住宅區,164618,3627,持分移轉,11310000
RPRNMLPLQHGGFEK09DA,雙湖段,160.50,都市：其他:綠地,1,1,全筆移轉,05920001
RPRNMLPLQHGGFEK09DA,雙湖段,90.99,都市：其他:道路用地,1,1,全筆移轉,05930001
RPRNMLPLQHGGFEK09DA,雙湖段,116.00,都市：其他:工業區,1,1,全筆移轉,05940001
RPRNMLPLQHGGFEK09DA,雙湖段,319.00,都市：其他:工業區,1,1,全筆移轉,05950001
RPRNMLRJIIGGFDK28DA,大同段,20.77,都市：其他:第一種住宅區,100000,3981,持分移轉,09230000
RPRNMLRJIIGGFDK28DA,大同段,38.36,都市：其他:第一種住宅區,1,1,全筆移轉,09230005
RPRNMLRJIIGGFDK28DA,大同段,7.20,都市：其他:第一種住宅區,1,1,全筆移轉,09230023
RPPQMLNKQHGGFFK98DA,仁愛段,27.85,都市：其他:住宅區,10000,55,持分移轉,00390000
RPPNMLTLRHGGFDK66DA,博愛段,32.84,非都市：鄉村區 ; 非都市編定：乙種建築用地,10000,253,持分移轉,00010000
RPXNMLOLRHGGFDK96DA,龍山段,28.13,都市：其他:住宅區,8,1,持分移轉,02800005
RPXNMLOLRHGGFDK96DA,龍山段,63.24,都市：其他:住宅區,1,1,全筆移轉,02800006
RPSNMLLMQHGGFDK78DA,維新段,144.00,都市：其他:住宅區,1,1,全筆移轉,04010000
RPQOMLMLRHGGFDK78DA,龍山段,28.13,都市：其他:住宅區,8,1,持分移轉,02800005
RPQOMLMLRHGGFDK78DA,龍山段,62.14,都市：其他:住宅區,1,1,全筆移轉,02800009
RPSOMLOKRHGGFDK09DA,大同段,24.59,都市：其他:第一種住宅區,100000,4713,持分移轉,09230000
RPSOMLOKRHGGFDK09DA,大同段,51.65,都市：其他:第一種住宅區,1,1,全筆移轉,09230019
RPPPMLQKRHGGFDK09DA,龍山段,57.94,都市：其他:住宅區,1,1,全筆移轉,02800001
RPPPMLQKRHGGFDK09DA,龍山段,28.13,都市：其他:住宅區,8,1,持分移轉,02800005
RPRNMLQJIIGGFCK08DA,苑坑段,1828.38,非都市：山坡地保育區 ; 非都市編定：農牧用地,9,1,持分移轉,05410000
RPQNMLNJIIGGFCK67DA,苑坑段,49.16,非都市：鄉村區 ; 非都市編定：乙種建築用地,100000,2986,持分移轉,08010000
RPSNMLNJIIGGFCK87DA,苑坑段,49.33,非都市：鄉村區 ; 非都市編定：乙種建築用地,100000,2996,持分移轉,08010000
RPRNMLRLRHGGFCK56DA,苑坑段,49.16,非都市：鄉村區 ; 非都市編定：乙種建築用地,100000,2986,持分移轉,08010000
RPSNMLQJIIGGFCK18DA,苑西段,131.17,都市：其他:住宅區,1,1,全筆移轉,01500006
RPSNMLQJIIGGFCK18DA,苑西段,7.17,都市：其他:住宅區,1,1,全筆移轉,01520003
RPRNMLPJIIGGFCK97DA,房裡段,140.00,都市：其他:農業區,1,1,全筆移轉,03470001
RPRNMLPJIIGGFCK97DA,房裡段,91.00,都市：其他:農業區,1,1,全筆移轉,03470002
RPRNMLPJIIGGFCK97DA,房裡段,981.00,都市：其他:農業區,1,1,全筆移轉,03470006
RPTNMLPJIIGGFCK18DA,房裡段,124.00,都市：其他:農業區,1,1,全筆移轉,03470008
RPSNMLOLRHGGFBK88DA,芒埔段,99.00,非都市：鄉村區 ; 非都市編定：乙種建築用地,1,1,全筆移轉,06720014
RPSNMLRJIIGGFBK18DA,文發段,27.76,都市：其他:住宅區,100000,563,持分移轉,08510000
RPTNMLRJIIGGFBK28DA,文發段,33.14,都市：其他:住宅區,100000,672,持分移轉,08510000
RPXNMLQJIIGGFBK58DA,華清段,91.46,都市：其他:住宅區,1,1,全筆移轉,07660001
RPXNMLQJIIGGFBK58DA,華清段,.18,都市：其他:住宅區,30,1,持分移轉,07660006
RPOOMLQJIIGGFBK77DA,華清段,.18,都市：其他:住宅區,60,2,持分移轉,07660006
RPOOMLQJIIGGFBK77DA,華清段,90.84,都市：其他:住宅區,1,1,全筆移轉,07660016
RPQNMLQJIIGGFAK77DA,中角段,104.59,都市：其他:住宅區,1,1,全筆移轉,12330000
RPQNMLQJIIGGFAK77DA,中角段,.17,都市：其他:住宅區,14,1,持分移轉,12420002
RPRNMLQJIIGGFAK87DA,中角段,96.24,都市：其他:住宅區,1,1,全筆移轉,12330001
RPRNMLQJIIGGFAK87DA,中角段,.17,都市：其他:住宅區,14,1,持分移轉,12420002
RPQNMLMKIIGGFAK47DA,桂竹林段,592.00,非都市：山坡地保育區 ; 非都市編定：林業用地,1,1,全筆移轉,03200000
RPQNMLRJIIGGFBK97DA,文發段,73.32,都市：其他:住宅區,300000,4461,持分移轉,08510000
RPRNMLRJIIGGFBK08DA,文發段,27.22,都市：其他:住宅區,100000,552,持分移轉,08510000
RPQOMLQJIIGGFBK97DA,華清段,.18,都市：其他:住宅區,30,1,持分移轉,07660006
RPQOMLQJIIGGFBK97DA,華清段,3.64,都市：其他:住宅區,10000,127,持分移轉,07660007
RPQOMLQJIIGGFBK97DA,華清段,101.44,都市：其他:住宅區,1,1,全筆移轉,07660009
RPROMLQJIIGGFBK08DA,華清段,.18,都市：其他:住宅區,30,1,持分移轉,07660006
RPROMLQJIIGGFBK08DA,華清段,95.24,都市：其他:住宅區,1,1,全筆移轉,07660010
RPPOMLQJIIGGFBK87DA,華清段,.18,都市：其他:住宅區,30,1,持分移轉,07660006
RPPOMLQJIIGGFBK87DA,華清段,90.69,都市：其他:住宅區,1,1,全筆移轉,07660017
RPTOMLQJIIGGFBK28DA,華清段,.18,都市：其他:住宅區,60,2,持分移轉,07660006
RPTOMLQJIIGGFBK28DA,華清段,25.39,都市：其他:住宅區,20000,1772,持分移轉,07660007
RPTOMLQJIIGGFBK28DA,華清段,87.31,都市：其他:住宅區,1,1,全筆移轉,07660039
RPUOMLQJIIGGFBK38DA,華清段,34.71,都市：其他:住宅區,100000,4186,持分移轉,07660048
RPUNMLRJIIGGFBK38DA,文發段,29.49,都市：其他:住宅區,100000,598,持分移轉,08510000
RPVNMLRJIIGGFBK48DA,文發段,33.19,都市：其他:住宅區,100000,673,持分移轉,08510000
RPWNMLRJIIGGFBK58DA,文發段,27.76,都市：其他:住宅區,100000,563,持分移轉,08510000
RPPNMLMKIIGGFBK47DA,苗栗段,19.80,非都市：山坡地保育區 ; 非都市編定：丙種建築用地,15,1,持分移轉,07361861
RPPNMLMKIIGGFBK47DA,苗栗段,103.00,非都市：山坡地保育區 ; 非都市編定：丙種建築用地,1,1,全筆移轉,07361909
RPPNMLSJIIGGFBK97DA,南勢坑段上南勢坑小段,99.00,非都市：山坡地保育區 ; 非都市編定：丙種建築用地,1,1,全筆移轉,06480046
RPOOMLNKRHGGFBK38DA,茄苳段,2047.26,非都市：山坡地保育區 ; 非都市編定：農牧用地,1,1,全筆移轉,01450000
RPPNMLRLRHGGFCK98DA,苑坑段,38.06,非都市：鄉村區 ; 非都市編定：乙種建築用地,1000000,23117,持分移轉,08010000
RPQOMLRJIIGGFBK08DA,文新段,14.00,非都市：特定農業區 ; 非都市編定：農牧用地,1,1,全筆移轉,01880002
RPQOMLRJIIGGFBK08DA,文山段,77.17,非都市：山坡地保育區 ; 非都市編定：丙種建築用地,12,1,持分移轉,03940000
RPQNMLQJIIGGFCK97DA,苑坑段,38.06,非都市：鄉村區 ; 非都市編定：乙種建築用地,1000000,23117,持分移轉,08010000
RPSNMLPJIIGGFDK18DA,大同段,114.00,都市：其他:第一種住宅區,1,1,全筆移轉,08040008
RPSNMLPJIIGGFDK18DA,大同段,17.10,都市：其他:第一種住宅區,1,1,全筆移轉,08040025
RPSNMLPJIIGGFDK18DA,大同段,11.02,都市：其他:第一種住宅區,1000,75,持分移轉,08040032
RPSNMLOJIIGGFBK87DA,南勢坑段下南勢坑小段,32.00,非都市：山坡地保育區 ; 非都市編定：丙種建築用地,1,1,全筆移轉,07840036
RPSNMLOJIIGGFBK87DA,南勢坑段下南勢坑小段,26.00,非都市：山坡地保育區 ; 非都市編定：丙種建築用地,1,1,全筆移轉,07840037
RPTNMLNJIIGGFCK97DA,苑坑段,49.16,非都市：鄉村區 ; 非都市編定：乙種建築用地,200000,5972,持分移轉,08010000
RPPNMLMKQHGGFDK38DA,大同段,924.47,都市：其他:第一種住宅區,1,1,全筆移轉,09790000
RPTNMLOLRHGGFDK56DA,龍東段,7.00,都市：其他:住宅區,1,1,全筆移轉,05210001
RPQOMLRJRHGGFDK09DA,龍椅段,34.03,都市：其他:第二種住宅區,100000,1830,持分移轉,06290000
RPSNMLSJRHGGFDK66DA,東平段,285.25,都市：其他:住宅區,1,1,全筆移轉,02530000
RPSNMLSJRHGGFDK66DA,東平段,142.32,都市：其他:住宅區,1,1,全筆移轉,02540000
RPSNMLSJRHGGFDK66DA,東平段,64.97,都市：其他:住宅區,1,1,全筆移轉,02550000
RPSNMLSJRHGGFDK66DA,東平段,17.89,都市：其他:綠地,1,1,全筆移轉,02550001
RPSNMLSJRHGGFDK66DA,東平段,22.85,都市：其他:住宅區,1,1,全筆移轉,02560000
RPSNMLSJRHGGFDK66DA,東平段,39.94,都市：其他:綠地,1,1,全筆移轉,02560001
RPTNMLPJIIGGFDK28DA,龍椅段,34.03,都市：其他:第二種住宅區,100000,1830,持分移轉,06290000
RPPOMLSJIIGGFDK28DA,大同段,37.85,都市：其他:第一種住宅區,100000,805,持分移轉,08930000
RPUNMLNJIIGGFCK08DA,苑坑段,49.33,非都市：鄉村區 ; 非都市編定：乙種建築用地,100000,2996,持分移轉,08010000
RPQNMLOKRHGGFCK68DA,土城段,2510.00,非都市：山坡地保育區 ; 非都市編定：農牧用地,1,1,全筆移轉,01730000
RPQNMLOKRHGGFCK68DA,土城段,317.00,非都市：山坡地保育區 ; 非都市編定：農牧用地,1,1,全筆移轉,01730001
RPQNMLOKRHGGFCK68DA,土城段,14.00,非都市：山坡地保育區 ; 非都市編定：農牧用地,40,1,持分移轉,01740003
RPQNMLOKRHGGFCK68DA,土城段,3.98,非都市：山坡地保育區 ; 非都市編定：農牧用地,40,1,持分移轉,11180039
RPQNMLOKRHGGFCK68DA,土城段,118.53,非都市：山坡地保育區 ; 非都市編定：農牧用地,40,1,持分移轉,11180042
RPQNMLOKRHGGFCK68DA,土城段,21.68,非都市：山坡地保育區 ; 非都市編定：農牧用地,40,1,持分移轉,11180081
RPQNMLOKRHGGFCK68DA,土城段,2.33,非都市：山坡地保育區 ; 非都市編定：農牧用地,40,1,持分移轉,11190003
RPQNMLOKRHGGFCK68DA,土城段,12.78,非都市：山坡地保育區 ; 非都市編定：農牧用地,40,1,持分移轉,11190005
RPWOMLMKIIGGFDK48DA,龍山段,30.10,都市：其他:住宅區,9,1,持分移轉,06750000
RPWOMLMKIIGGFDK48DA,龍山段,69.61,都市：其他:住宅區,1,1,全筆移轉,06750010
RPPNMLKMRHGGFDK48DA,龍西段,19.05,都市：其他:道路用地,42,1,持分移轉,02470001
RPPNMLKMRHGGFDK48DA,龍西段,.02,都市：其他:道路用地,42,1,持分移轉,02470003
RPPNMLKMRHGGFDK48DA,龍西段,1.57,都市：其他:道路用地,42,1,持分移轉,02480000
RPPNMLKMRHGGFDK48DA,龍西段,9.24,都市：其他:道路用地,84,2,持分移轉,02760001
RPPNMLKMRHGGFDK48DA,龍西段,111.00,都市：其他:住宅區,1,1,全筆移轉,02760010
RPPNMLPLQHGGFCK68DA,玉山段,4322.15,非都市：特定農業區 ; 非都市編定：丁種建築用地,1,1,全筆移轉,04440000
RPPNMLPLQHGGFCK68DA,玉山段,3769.68,非都市：特定農業區 ; 非都市編定：丁種建築用地,1,1,全筆移轉,04470000
RPROMLSJIIGGFDK48DA,頂埔段,23.04,都市：其他:農業區,10000,355,持分移轉,12310000
RPROMLSJIIGGFDK48DA,頂埔段,72.93,都市：其他:農業區,1,1,全筆移轉,12310013
RPROMLSJIIGGFDK48DA,頂埔段,30.38,都市：其他:農業區,1,1,全筆移轉,12310039
RPROMLSJIIGGFDK48DA,頂埔段,.50,都市：其他:農業區,10000,355,持分移轉,12310041
RPROMLSJIIGGFDK48DA,頂埔段,.09,都市：其他:農業區,10000,355,持分移轉,12310042
RPUNMLMJRHGGFDK88DA,大同段,44.53,都市：其他:第一種住宅區,200000,2604,持分移轉,09990000
RPRNMLSLRHGGFDK76DA,龍椅段,85.58,都市：其他:第一種住宅區,1,1,全筆移轉,05460006
RPRNMLSLRHGGFDK76DA,龍椅段,.20,都市：其他:第一種住宅區,40,1,持分移轉,05460040
RPRNMLSLRHGGFDK76DA,龍椅段,.13,都市：其他:第一種住宅區,40,1,持分移轉,05460041
RPRNMLSLRHGGFDK76DA,龍椅段,9.57,都市：其他:第一種住宅區,40,1,持分移轉,05460042
RPRNMLSLRHGGFDK76DA,龍椅段,10.11,都市：其他:第一種住宅區,40,1,持分移轉,05460043
RPTNMLOKQHGGFFK56DA,仁愛段,27.85,都市：其他:住宅區,10000,55,持分移轉,00390000
RPPNMLOKQHGGFFK78DA,仁愛段,27.85,都市：其他:住宅區,10000,55,持分移轉,00390000
RPSNMLRLQHGGFFK86DA,自強段,26.72,都市：其他:住宅區,30,1,持分移轉,04970000
RPTNMLQLQHGGFFK86DA,東庄段,10.03,都市：其他:商業區,10000,151,持分移轉,01080000
RPSOMLLKRHGGFFK98DA,上興段,22.31,非都市：山坡地保育區 ; 非都市編定：丙種建築用地,100000,290,持分移轉,10790000
RPTNMLMKIIGGFDK08DA,竹興段,74.81,都市：其他:住宅區,6,1,持分移轉,01480000
RPTNMLMKIIGGFDK08DA,竹興段,.25,都市：其他:道路用地,6,1,持分移轉,01480001
RPPNMLMKIIGGFFK87DA,北獅里興段獅頭驛小段,674.00,非都市：山坡地保育區 ; 非都市編定：林業用地,1,1,全筆移轉,01090027
RPPNMLLKIIGGFDK57DA,公義段,13.88,都市：其他:住宅區,100000,400,持分移轉,02590000
RPSOMLRJIIGGFFK68DA,自強段,14.02,都市：其他:市場用地,4664,14,持分移轉,06880000
RPXNMLRJIIGGFFK09DA,東庄段,76.00,都市：其他:住宅區,1,1,全筆移轉,17500000
RPQOMLQJIIGGFFK38DA,華夏段,75.55,都市：其他:工業區,10000,357,持分移轉,02640000
RPQOMLQJIIGGFFK38DA,華夏段,1.18,都市：其他:工業區,10000,357,持分移轉,02640001
RPQOMLMKIIGGFFK08DA,華夏段,298.09,都市：其他:道路用地,2,1,持分移轉,05570000
RPXNMLMKIIGGFFK68DA,湳湖段,159.36,非都市：山坡地保育區 ; 非都市編定：丙種建築用地,10000,129,持分移轉,00250006
RPSNMLNKIIGGFFK28DA,顯會段,24.08,都市：其他:住宅區,10000,542,持分移轉,01900000
RPSNMLNKIIGGFFK28DA,顯會段,3.63,都市：其他:住宅區,10000,542,持分移轉,01910000
RPTNMLSJRHGGFFK96DA,永貞段,20.81,都市：其他:道路用地,1,1,全筆移轉,01910000
RPTNMLSJRHGGFFK96DA,永貞段,15.13,非都市： ; 非都市編定：,1,1,全筆移轉,01920000
RPSNMLKMQHGGFFK88DA,文化段,22.55,都市：其他:住宅區,10000,197,持分移轉,05860000
RPSNMLKMQHGGFFK88DA,文化段,2.66,都市：其他:住宅區,10000,197,持分移轉,06050000
RPSNMLKMQHGGFFK88DA,文化段,.22,都市：其他:住宅區,10000,197,持分移轉,06060000
RPSNMLKMQHGGFFK88DA,文化段,1.00,都市：其他:住宅區,10000,197,持分移轉,06070000
RPSNMLKMQHGGFFK88DA,文化段,1.44,都市：其他:住宅區,10000,197,持分移轉,06080000
RPSNMLLMQHGGFFK98DA,光華段,13.79,都市：其他:商業區,100000,836,持分移轉,11650000
RPOUMLOKQHGGFFK76DA,仁愛段,36.46,都市：其他:住宅區,10000,72,持分移轉,00390000
RPTNMLLKQHGGFFK88DA,北獅里興段北獅里興小段,1535.00,非都市：山坡地保育區 ; 非都市編定：農牧用地,1,1,全筆移轉,01760175
RPTNMLLKQHGGFFK88DA,北獅里興段北獅里興小段,1499.00,非都市：山坡地保育區 ; 非都市編定：農牧用地,1,1,全筆移轉,01760222
RPTNMLLKQHGGFFK88DA,北獅里興段北獅里興小段,207.00,非都市：山坡地保育區 ; 非都市編定：林業用地,1,1,全筆移轉,03650050
RPTNMLSKQHGGFFK96DA,仁愛段,27.35,都市：其他:住宅區,10000,54,持分移轉,00390000
RPRUMLOKQHGGFFK07DA,仁愛段,28.86,都市：其他:住宅區,10000,57,持分移轉,00390000
RPXOMLNKQHGGFFK96DA,仁愛段,28.86,都市：其他:住宅區,20000,114,持分移轉,00390000
RPRVMLOKQHGGFFK17DA,仁愛段,27.35,都市：其他:住宅區,10000,54,持分移轉,00390000
RPUNMLMKIIGGFDK18DA,大同段,33.45,都市：其他:第一種住宅區,100000,2972,持分移轉,11920000
RPUNMLMKIIGGFDK18DA,大同段,86.46,都市：其他:第一種住宅區,1,1,全筆移轉,11920037
RPPOMLMKIIGGFDK77DA,大同段,26.58,都市：其他:第一種住宅區,100000,2361,持分移轉,11920000
RPPOMLMKIIGGFDK77DA,大同段,67.24,都市：其他:第一種住宅區,1,1,全筆移轉,11920039
RPQOMLMKIIGGFDK87DA,大同段,26.49,都市：其他:第一種住宅區,100000,2353,持分移轉,11920000
RPQOMLMKIIGGFDK87DA,大同段,69.18,都市：其他:第一種住宅區,1,1,全筆移轉,11920043
RPWNMLMKIIGGFDK38DA,大同段,26.26,都市：其他:第一種住宅區,100000,2333,持分移轉,11920000
RPWNMLMKIIGGFDK38DA,大同段,65.42,都市：其他:第一種住宅區,1,1,全筆移轉,11920028
RPXNMLMKIIGGFDK48DA,大同段,26.72,都市：其他:第一種住宅區,100000,2374,持分移轉,11920000
RPXNMLMKIIGGFDK48DA,大同段,64.16,都市：其他:第一種住宅區,1,1,全筆移轉,11920030
RPWNMLOKQHGGFFK86DA,仁愛段,21.77,都市：其他:住宅區,10000,43,持分移轉,00390000
RPSOMLOKQHGGFFK56DA,仁愛段,27.35,都市：其他:住宅區,10000,54,持分移轉,00390000
RPVPMLOKQHGGFFK96DA,仁愛段,24.81,都市：其他:住宅區,10000,49,持分移轉,00390000
RPSPMLOKQHGGFFK66DA,仁愛段,24.81,都市：其他:住宅區,10000,49,持分移轉,00390000
RPWPMLOKQHGGFFK07DA,仁愛段,24.81,都市：其他:住宅區,10000,49,持分移轉,00390000
RPQNMLMKIIGGFDK77DA,崎頂段,107.25,非都市：一般農業區 ; 非都市編定：農牧用地,8,1,持分移轉,02970017
RPQNMLMKIIGGFDK77DA,崎頂段,419.00,非都市：一般農業區 ; 非都市編定：農牧用地,3405,419,持分移轉,03970022
RPSNMLSJIIGGFDK48DA,淡文湖段,2672.00,非都市：山坡地保育區 ; 非都市編定：農牧用地,1,1,全筆移轉,01260013
RPQPMLPJIIGGFDK18DA,淡文湖段,12.74,非都市：山坡地保育區 ; 非都市編定：丙種建築用地,10000,98,持分移轉,09240026
RPSPMLPJIIGGFDK38DA,淡文湖段,13.26,非都市：山坡地保育區 ; 非都市編定：丙種建築用地,10000,102,持分移轉,09240026
RPSNMLNKIIGGFCK97DA,福田段,91.35,都市：其他:商業區,1,1,全筆移轉,04920004
RPRNMLNKIIGGFCK87DA,福田段,15.08,都市：其他:商業區,1000,21,持分移轉,04920000
RPPNMLOKIIGGFCK77DA,大坪頂段,8277.00,非都市：山坡地保育區 ; 非都市編定：農牧用地,1,1,全筆移轉,06870010
RPTNMLQJIIGGFCK28DA,福田段,20.11,都市：其他:商業區,1000,28,持分移轉,04920000
RPPNMLNKIIGGFCK67DA,福田段,20.11,都市：其他:商業區,1000,28,持分移轉,04920000
RPUNMLQJIIGGFCK38DA,福田段,15.08,都市：其他:商業區,1000,21,持分移轉,04920000
RPQNMLSJIIGGFCK18DA,芎蕉坑段,2.11,非都市：山坡地保育區 ; 非都市編定：農牧用地,200000,12764,持分移轉,01850006
RPQNMLSJIIGGFCK18DA,芎蕉坑段,192.14,非都市：山坡地保育區 ; 非都市編定：農牧用地,200000,12628,持分移轉,01850007
RPQNMLSJIIGGFCK18DA,芎蕉坑段,1379.00,非都市：山坡地保育區 ; 非都市編定：農牧用地,1,1,全筆移轉,01850013
RPQNMLSJIIGGFCK18DA,芎蕉坑段,1198.00,非都市：山坡地保育區 ; 非都市編定：農牧用地,1,1,全筆移轉,01850014
RPQNMLSJIIGGFCK18DA,芎蕉坑段,15.34,非都市：山坡地保育區 ; 非都市編定：農牧用地,200000,12628,持分移轉,01870001
RPVNMLQJIIGGFCK48DA,福田段,20.11,都市：其他:商業區,1000,28,持分移轉,04920000
RPXNMLMLRHGGFFK96DA,文化段,16.12,都市：其他:住宅區,100000,858,持分移轉,11490000
RPXNMLMLRHGGFFK96DA,文化段,.35,都市：其他:道路用地,100000,858,持分移轉,11490001
RPRNMLSJIIGGFCK28DA,房北段,4.00,都市：其他:住宅區,8,1,持分移轉,12300000
RPRNMLSJIIGGFCK28DA,房北段,93.54,都市：其他:住宅區,1,1,全筆移轉,12300006
RPRNMLSJIIGGFCK28DA,房北段,17.85,都市：其他:住宅區,8,1,持分移轉,12300007
RPRNMLSJIIGGFCK28DA,房北段,.69,都市：其他:住宅區,8,1,持分移轉,12300013
RPQOMLMLRHGGFFK98DA,仁愛段,28.86,都市：其他:住宅區,10000,57,持分移轉,00390000
SPUNMLNKIIGGFBK18DA,大倫段,97.58,非都市：特定農業區 ; 非都市編定：農牧用地,21795,9758,持分移轉,08210000
RPVNMLNKIIGGFBK18DA,館明段,117.07,都市：其他:住宅區,1,1,全筆移轉,03220000
RPRNMLNKIIGGFBK77DA,新岡段,1.55,都市：其他:住宅區,18244,155,持分移轉,09260000
RPRNMLNKIIGGFBK77DA,新岡段,42.78,都市：其他:住宅區,8,1,持分移轉,09260003
RPUNMLNKIIGGFBK08DA,大倫段,96.76,非都市：鄉村區 ; 非都市編定：乙種建築用地,1,1,全筆移轉,08220006
RPSNMLOKIIGGFBK97DA,豐年段,88.81,都市：其他:住宅區,1,1,全筆移轉,17870000
RPSNMLOKIIGGFBK97DA,豐年段,30.83,都市：其他:住宅區,1,1,全筆移轉,17900000
RPWNMLNKIIGGFBK28DA,苗栗段,67.62,非都市：山坡地保育區 ; 非都市編定：丙種建築用地,10000,201,持分移轉,07740255
RPWNMLNKIIGGFBK28DA,苗栗段,269.00,非都市：山坡地保育區 ; 非都市編定：丙種建築用地,1,1,全筆移轉,07740474
RPWNMLNKIIGGFBK28DA,苗栗段,4.82,非都市：山坡地保育區 ; 非都市編定：丙種建築用地,184,2,持分移轉,07740478
RPXNMLNKIIGGFBK38DA,文發段,358.97,都市：其他:住宅區,1,1,全筆移轉,13080000
RPOOMLNKIIGGFBK57DA,縣府段,275.63,非都市： ; 非都市編定：,1,1,全筆移轉,10090000
RPRNMLOKIIGGFAK77DA,獅潭段新店小段,1145.00,非都市：山坡地保育區 ; 非都市編定：丙種建築用地,1,1,全筆移轉,01350000
RPPOMLNKIIGGFBK67DA,南勢段,61.42,非都市：山坡地保育區 ; 非都市編定：丙種建築用地,1,1,全筆移轉,01820000
RPPNMLKMRHGGFAK18DA,高熊段,900.00,非都市：山坡地保育區 ; 非都市編定：農牧用地,1,1,全筆移轉,04140000
RPTNMLRJIIGGFAK18DA,中角段,110.91,都市：其他:住宅區,1,1,全筆移轉,12330012
RPTNMLRJIIGGFAK18DA,中角段,.17,都市：其他:住宅區,14,1,持分移轉,12420002
RPPNMLNKIIGGFAK47DA,神明段,238.27,非都市：山坡地保育區 ; 非都市編定：丙種建築用地,1,1,全筆移轉,07160003
RPPNMLNKIIGGFAK47DA,神明段,23.98,非都市：鄉村區 ; 非都市編定：乙種建築用地,1,1,全筆移轉,07190005
RPQNMLOKIIGGFAK67DA,惠安段,750.00,非都市：山坡地保育區 ; 非都市編定：農牧用地,1,1,全筆移轉,00460000
RPTNMLOKIIGGFAK97DA,山下段,2431.47,都市：其他:保護區,1,1,全筆移轉,09140000
RPTNMLOKIIGGFAK97DA,山下段,275.37,都市：其他:保護區,1,1,全筆移轉,09150000
RPTNMLOKIIGGFAK97DA,山下段,38.43,都市：其他:保護區,1,1,全筆移轉,09160000
RPUNMLMLRHGGFBK88DA,仁隆段,182.00,非都市：山坡地保育區 ; 非都市編定：農牧用地,19,1,持分移轉,05430010
RPUNMLMLRHGGFBK88DA,仁隆段,2502.00,非都市：山坡地保育區 ; 非都市編定：農牧用地,1,1,全筆移轉,05430019
RPQNMLNJIIGGFBK57DA,巨蛋段,6.93,都市：其他:住宅區,1000,63,持分移轉,01000000
RPQNMLNJIIGGFBK57DA,巨蛋段,20.92,都市：其他:商業區,1000,63,持分移轉,01010000
RPTNMLTLRHGGFBK86DA,苗栗段,1.77,都市：其他:商業區,100000,442,持分移轉,07130003
RPTNMLTLRHGGFBK86DA,苗栗段,.61,都市：其他:住宅區,100000,442,持分移轉,07130015
RPRNMLMKIIGGFAK57DA,大窩段,2500.00,非都市：山坡地保育區 ; 非都市編定：農牧用地,1,1,全筆移轉,06730002
RPQNMLOKIIGGFBK77DA,大倫段,53.25,非都市：鄉村區 ; 非都市編定：乙種建築用地,1,1,全筆移轉,10860017
RPQNMLOKIIGGFBK77DA,大倫段,13.76,非都市：鄉村區 ; 非都市編定：乙種建築用地,19,1,持分移轉,10860030
RPQNMLOKIIGGFBK77DA,大倫段,6.36,非都市：鄉村區 ; 非都市編定：乙種建築用地,29,1,持分移轉,10860031
RPPNMLPKIIGGFBK77DA,福安段,135.33,都市：其他:住宅區,1,1,全筆移轉,10360000
RPPNMLOKIIGGFBK67DA,大倫段,56.66,非都市：鄉村區 ; 非都市編定：乙種建築用地,1,1,全筆移轉,10860023
RPPNMLOKIIGGFBK67DA,大倫段,13.76,非都市：鄉村區 ; 非都市編定：乙種建築用地,19,1,持分移轉,10860030
RPPNMLOKIIGGFBK67DA,大倫段,6.36,非都市：鄉村區 ; 非都市編定：乙種建築用地,29,1,持分移轉,10860031
RPRNMLOKIIGGFBK87DA,大倫段,53.57,非都市：鄉村區 ; 非都市編定：乙種建築用地,1,1,全筆移轉,10860028
RPRNMLOKIIGGFBK87DA,大倫段,13.76,非都市：鄉村區 ; 非都市編定：乙種建築用地,38,2,持分移轉,10860030
RPRNMLOKIIGGFBK87DA,大倫段,6.36,非都市：鄉村區 ; 非都市編定：乙種建築用地,58,2,持分移轉,10860031
RPTNMLRLRHGGFCK76DA,五南段,581.26,非都市：山坡地保育區 ; 非都市編定：農牧用地,576,32,持分移轉,02790000
RPTNMLRLRHGGFCK76DA,五南段,1497.33,非都市：山坡地保育區 ; 非都市編定：農牧用地,576,32,持分移轉,05580000
RPTNMLRLRHGGFCK76DA,五南段,15.42,非都市：山坡地保育區 ; 非都市編定：農牧用地,576,32,持分移轉,05590000
RPOOMLQKRHGGFDK88DA,龍椅段,224.54,都市：其他:第一種住宅區,1,1,全筆移轉,03310000
RPOOMLQKRHGGFDK88DA,龍椅段,267.20,都市：其他:第一種住宅區,1,1,全筆移轉,03310001
RPQNMLMKIIGGFCK67DA,新興段,12.50,都市：其他:住宅區,1,1,全筆移轉,03050000
RPQNMLMKIIGGFCK67DA,新興段,105.87,都市：其他:住宅區,1,1,全筆移轉,03050011
RPQNMLMKIIGGFCK67DA,新興段,45.32,都市：其他:住宅區,5,1,持分移轉,03050023
RPQNMLMKIIGGFCK67DA,新興段,2.43,非都市： ; 非都市編定：,5,1,持分移轉,03050025
RPQNMLNKIIGGFCK77DA,南和段,2527.00,非都市：山坡地保育區 ; 非都市編定：農牧用地,1,1,全筆移轉,05910097
RPOOMLSJIIGGFDK18DA,合興段,13.76,都市：其他:道路用地,3,1,持分移轉,10050000
RPOOMLSJIIGGFDK18DA,合興段,262.85,都市：其他:住宅區,1,1,全筆移轉,10060001
RPSOMLSJIIGGFDK58DA,大同段,26.13,都市：其他:第一種住宅區,100000,1091,持分移轉,13200000
RPROMLOJIIGGFDK08DA,龍鳳西段,53.30,都市：其他:道路用地,360,46,持分移轉,04420000
RPROMLOJIIGGFDK08DA,龍鳳西段,30.41,都市：其他:道路用地,180,23,持分移轉,04700000
RPOPMLMKIIGGFDK77DA,新南段,21.08,都市：其他:住宅區,10000,85,持分移轉,00180000
RPPNMLTJIIGGFDK28DA,大同段,337.01,都市：其他:第一種住宅區,1,1,全筆移轉,08460000
RPPPMLMKIIGGFDK87DA,光復段,4.08,都市：其他:商業區,200000,291,持分移轉,08830000
RPWNMLNKIIGGFDK48DA,龍東段,102.00,都市：其他:住宅區,1,1,全筆移轉,08840000
RPPNMLNKIIGGFDK77DA,苦苓腳段,2207.00,非都市：特定農業區 ; 非都市編定：農牧用地,1,1,全筆移轉,18050000
RPRNMLMJRHGGFEK68DA,新雞隆段,5795.00,非都市：森林區 ; 非都市編定：農牧用地,1,1,全筆移轉,09610003
RPVNMLMKIIGGFDK28DA,龍鳳西段,30.80,都市：其他:住宅區,10000,228,持分移轉,02770000
RPPNMLLJIIGGFEK57DA,重河段,191.23,都市：其他:住宅區,1,1,全筆移轉,08940000
RPPNMLLJIIGGFEK57DA,重河段,6.39,都市：其他:道路用地,1,1,全筆移轉,08940003
RPWNMLLKRHGGFFK66DA,正興段,79.96,非都市： ; 非都市編定：,1,1,全筆移轉,10270005
RPWNMLLKRHGGFFK66DA,正興段,24.20,非都市： ; 非都市編定：,10000,1315,持分移轉,10270009
RPWNMLLKRHGGFFK66DA,正興段,.07,非都市： ; 非都市編定：,13,1,持分移轉,10270013
RPWNMLLKRHGGFFK66DA,正興段,79.96,都市：其他:,1,1,全筆移轉,10270005
RPPNMLSJRHGGFCK88DA,中正段,110.43,都市：其他:住宅區,1,1,全筆移轉,01600000
RPPOMLOLQHGGFFK98DA,庄西段,20.42,都市：其他:住宅區,1,1,全筆移轉,07400002
RPPOMLOLQHGGFFK98DA,庄西段,11.41,都市：其他:住宅區,1,1,全筆移轉,07430001
RPPOMLOLQHGGFFK98DA,庄西段,10.28,都市：其他:住宅區,1,1,全筆移轉,07440000
RPPOMLLKRHGGFFK68DA,正興段,24.54,都市：其他:住宅區,20000,2666,持分移轉,10270009
RPPOMLLKRHGGFFK68DA,正興段,.07,都市：其他:住宅區,26,2,持分移轉,10270013
RPPOMLLKRHGGFFK68DA,正興段,77.80,都市：其他:住宅區,1,1,全筆移轉,10270014
RPUNMLRLRHGGFFK17DA,仁愛段,28.86,都市：其他:住宅區,10000,57,持分移轉,00390000
RPPNMLOKRHGGFFK88DA,義民段,16.94,都市：其他:住宅區,100000,3134,持分移轉,04020000
RPUNMLQJRHGGFFK86DA,永和山段,303.00,非都市：山坡地保育區 ; 非都市編定：林業用地,1,1,全筆移轉,02610010
RPUNMLQJRHGGFFK86DA,永和山段,412.00,非都市：山坡地保育區 ; 非都市編定：林業用地,1,1,全筆移轉,02610011
RPUNMLQJRHGGFFK86DA,永和山段,2536.00,非都市：山坡地保育區 ; 非都市編定：農牧用地,1,1,全筆移轉,10540000
RPTOMLOKRHGGFFK76DA,正興段,73.59,都市：其他:住宅區,1,1,全筆移轉,10260002
RPSNMLQKRHGGFFK76DA,田尾段,2135.00,非都市：山坡地保育區 ; 非都市編定：林業用地,1,1,全筆移轉,09000633
RPSNMLQKRHGGFFK76DA,田尾段,2521.00,非都市：山坡地保育區 ; 非都市編定：林業用地,1,1,全筆移轉,09000635
RPPOMLMKIIGGFFK97DA,湳湖段,15.49,都市：其他:住宅區,10000,276,持分移轉,11040000
RPRNMLSJIIGGFFK58DA,水源段,107.25,非都市：山坡地保育區 ; 非都市編定：丙種建築用地,10000,37,持分移轉,08640000
RPRNMLSJIIGGFFK58DA,水源段,1.19,非都市：山坡地保育區 ; 非都市編定：丙種建築用地,243,1,持分移轉,09520000
RPRNMLSJIIGGFFK58DA,水源段,.24,非都市：山坡地保育區 ; 非都市編定：丙種建築用地,243,1,持分移轉,09530000
RPSNMLMKIIGGFFK18DA,水源段,113.05,非都市：山坡地保育區 ; 非都市編定：丙種建築用地,20000,78,持分移轉,08640000
RPVNMLRJIIGGFFK88DA,正興段,74.50,都市：其他:住宅區,1,1,全筆移轉,10270004
RPVNMLRJIIGGFFK88DA,正興段,3.46,都市：其他:住宅區,20000,376,持分移轉,10270009
RPVNMLRJIIGGFFK88DA,正興段,.07,都市：其他:住宅區,26,2,持分移轉,10270013
RPSOMLNKIIGGFFK48EA,義民段,107.79,都市：其他:道路用地,97908,32336,持分移轉,03600000
RPSOMLNKIIGGFFK48EA,義民段,3.67,都市：其他:道路用地,3,1,持分移轉,04960000
RPSOMLNKIIGGFFK48EA,義民段,.17,都市：其他:道路用地,1296,20,持分移轉,04980000
RPQNMLPKRHGGFFK09DA,民族段,32.33,都市：其他:住宅區,1,1,全筆移轉,08570000
RPQNMLPKRHGGFFK09DA,民族段,98.45,都市：其他:住宅區,1,1,全筆移轉,08580000
RPSNMLOKIIGGFDK28EA,淡文湖段,14.58,非都市：山坡地保育區 ; 非都市編定：丙種建築用地,90,1,持分移轉,09240038
RPWNMLPKRHGGFFK07DA,正興段,16.80,非都市： ; 非都市編定：,10000,913,持分移轉,10270009
RPWNMLPKRHGGFFK07DA,正興段,.07,都市：其他:住宅區,13,1,持分移轉,10270013
RPWNMLPKRHGGFFK07DA,正興段,95.22,都市：其他:住宅區,1,1,全筆移轉,10270016
RPWNMLPKRHGGFFK07DA,正興段,16.80,都市：其他:住宅區,10000,913,持分移轉,10270009
RPPNMLNKIIGGFFK97DA,德義段,256.94,都市：其他:道路用地,1,1,全筆移轉,07980000
RPSOMLNLRHGGFDK09DA,天聲段,38.84,都市：其他:住宅區,10000,623,持分移轉,06590000
RPOOMLNKIIGGFFK97DA,湳湖段,147.61,都市：其他:農業區,3,1,持分移轉,03520001
RPOOMLNKIIGGFFK97DA,湳湖段,251.49,都市：其他:農業區,3,1,持分移轉,03520004
RPOOMLNKIIGGFFK97DA,湳湖段,50.15,都市：其他:農業區,3,1,持分移轉,03520005
RPTOMLNKIIGGFFK48DA,蟠桃段忠孝小段,25.06,都市：其他:商業區,10000,200,持分移轉,05950000
RPTNMLPKIIGGFDK48EA,東崎頂段,233.80,非都市：鄉村區 ; 非都市編定：乙種建築用地,1,1,全筆移轉,00520000
RPROMLMKIIGGFFK18DA,湳湖段,67.45,非都市：山坡地保育區 ; 非都市編定：丙種建築用地,10000,36,持分移轉,00150001
RPTNMLNKIIGGFFK38DA,中央段,24.81,都市：其他:住宅區,10000,44,持分移轉,04920000
RPTNMLNKIIGGFFK38DA,中央段,.59,都市：其他:道路用地,10000,44,持分移轉,04920001
RPUNMLNKIIGGFFK48DA,南下林坪段,114.47,非都市：山坡地保育區 ; 非都市編定：農牧用地,58,2,持分移轉,08840000
RPUNMLNKIIGGFFK48DA,南下林坪段,2625.83,非都市：山坡地保育區 ; 非都市編定：農牧用地,1,1,全筆移轉,08910000
RPWNMLNKIIGGFFK68DA,仁愛段,28.15,都市：其他:住宅區,10000,47,持分移轉,00480001
RPRNMLPLRHGGFFK66DA,自強段,61.03,都市：其他:住宅區,1,1,全筆移轉,03140000
RPRNMLPLRHGGFFK66DA,自強段,10.59,都市：其他:住宅區,10000,249,持分移轉,04760000
RPTOMLPKRHGGFFK86DA,尖山下段,29.00,非都市：特定農業區 ; 非都市編定：甲種建築用地,1597,29,持分移轉,03830000
RPTOMLPKRHGGFFK86DA,尖山下段,52.00,非都市：特定農業區 ; 非都市編定：甲種建築用地,1,1,全筆移轉,03830049
RPSNMLRKRHGGFFK86DA,東民段,26.48,都市：其他:住宅區,10000,267,持分移轉,00800000
RPQNMLSJIIGGFEK48EA,天神段,1096.82,非都市：特定農業區 ; 非都市編定：農牧用地,7015,1130,持分移轉,00290000
RPQNMLOKIIGGFFK18DA,仁愛段,29.80,都市：其他:住宅區,164618,2980,持分移轉,11310000
RPPOMLNKRHGGFFK88DA,東民段,16.86,都市：其他:住宅區,10000,170,持分移轉,00800000
RPOOMLNKRHGGFFK78DA,東民段,26.38,都市：其他:住宅區,10000,266,持分移轉,00800000
RPXTMLOKQHGGFFK57DA,仁愛段,35.95,都市：其他:住宅區,10000,71,持分移轉,00390000
RPRNMLNKRHGGFFK98DA,東民段,26.38,都市：其他:住宅區,10000,266,持分移轉,00800000
RPVOMLPKRHGGFFK07DA,中央段,87.90,都市：其他:住宅區,1,1,全筆移轉,02090001
RPPTMLOKQHGGFFK76DA,仁愛段,37.98,都市：其他:住宅區,10000,75,持分移轉,00390000
RPQNMLOKIIGGFAK77EA,南湖段,1000.00,非都市：山坡地保育區 ; 非都市編定：林業用地,2,1,持分移轉,13360023
RPUOMLOKQHGGFFK76DA,仁愛段,27.35,都市：其他:住宅區,10000,54,持分移轉,00390000
RPXNMLOKQHGGFFK96DA,仁愛段,21.77,都市：其他:住宅區,10000,43,持分移轉,00390000
RPOOMLRKRHGGFDK98DA,環市段,108.01,都市：其他:住宅區,1,1,全筆移轉,01650000
RPOOMLRKRHGGFDK98DA,環市段,108.02,都市：其他:住宅區,1,1,全筆移轉,01660000
RPUNMLOKIIGGFDK38DA,外埔段,4269.00,非都市：特定農業區 ; 非都市編定：農牧用地,1,1,全筆移轉,12940000
RPQNMLOKIIGGFDK97DA,龍山段,30.10,都市：其他:住宅區,9,1,持分移轉,06750000
RPQNMLOKIIGGFDK97DA,龍山段,63.05,都市：其他:住宅區,1,1,全筆移轉,06750013
RPXOMLQJIIGGFDK88DA,維新段,30.91,都市：其他:住宅區,10000,231,持分移轉,01910000
RPXOMLQJIIGGFDK88DA,維新段,10.09,都市：其他:住宅區,10000,231,持分移轉,01920000
RPOPMLQJIIGGFDK08DA,維新段,32.51,都市：其他:住宅區,10000,243,持分移轉,01910000
RPOPMLQJIIGGFDK08DA,維新段,10.62,都市：其他:住宅區,10000,243,持分移轉,01920000
RPPOMLQJIIGGFDK08DA,維新段,30.91,都市：其他:住宅區,10000,231,持分移轉,01910000
RPPOMLQJIIGGFDK08DA,維新段,10.09,都市：其他:住宅區,10000,231,持分移轉,01920000
RPWOMLPJIIGGFDK68DA,崎頂段,510.25,非都市：一般農業區 ; 非都市編定：農牧用地,8,1,持分移轉,02990001
RPOOMLNLRHGGFDK68DA,大同段,16.48,都市：其他:商業區,10000,85,持分移轉,07060000
RPTNMLOJIIGGFDK18DA,大同段,40.93,都市：其他:第一種住宅區,1000000,15271,持分移轉,11370000
RPUNMLOJIIGGFDK28DA,大山腳段,2043.00,非都市：特定農業區 ; 非都市編定：農牧用地,1,1,全筆移轉,33120000
RPOOMLQLQHGGFDK88DA,竹圍段,79.00,非都市：鄉村區 ; 非都市編定：乙種建築用地,1,1,全筆移轉,06550000
RPPSMLOKQHGGFFK66DA,仁愛段,36.46,都市：其他:住宅區,10000,72,持分移轉,00390000
RPUNMLOKQHGGFFK66DA,仁愛段,27.85,都市：其他:住宅區,10000,55,持分移轉,00390000
RPRPMLLMQHGGFDK88DA,大同段,45.00,都市：其他:第一種住宅區,100000,1316,持分移轉,09990000
RPRNMLOKRHGGFDK88DA,新博愛段,21.32,都市：其他:住宅區,88000,2086,持分移轉,07910000
RPPNMLMKIIGGFCK57DA,社柑段,650.00,非都市：特定農業區 ; 非都市編定：農牧用地,286409,65000,持分移轉,10510000
RPPNMLMKRHGGFDK48DA,淡文湖段,2228.00,非都市：特定農業區 ; 非都市編定：農牧用地,1,1,全筆移轉,14530000
RPPNMLSJIIGGFCK08DA,大埔北段,278.65,非都市：特定農業區 ; 非都市編定：農牧用地,1,1,全筆移轉,00480000
RPUNMLSKIIGGFBK58DA,建功段,4.49,都市：其他:商業區,1,1,全筆移轉,08870000
RPUNMLSKIIGGFBK58DA,建功段,96.17,都市：其他:商業區,1,1,全筆移轉,08880000
RPUNMLSKIIGGFBK58DA,建功段,26.97,都市：其他:商業區,1,1,全筆移轉,08890000
RPUNMLSKIIGGFBK58DA,建功段,3.68,都市：其他:商業區,1,1,全筆移轉,08900000
RPOOMLQKQHGGFDK78DA,東崎頂段,641.66,非都市：鄉村區 ; 非都市編定：乙種建築用地,1,1,全筆移轉,00740000
RPSNMLRLRHGGFCK66DA,玉山段,363.50,非都市：特定農業區 ; 非都市編定：甲種建築用地,1,1,全筆移轉,19290000
RPWOMLOKQHGGFFK96DA,仁愛段,27.35,都市：其他:住宅區,10000,54,持分移轉,00390000
RPQNMLPKIIGGFBK87DA,文發段,37.31,都市：其他:住宅區,10000,207,持分移轉,08890000
RPPNMLSKIIGGFBK08DA,五谷岡段,397.00,都市：其他:農業區,1,1,全筆移轉,09910002
RPPNMLPJIIGGFBK67DA,南河段,200.00,非都市：山坡地保育區 ; 非都市編定：農牧用地,1,1,全筆移轉,07550016
RPSNMLMLRHGGFBK68DA,尖山段,3140.00,非都市：特定農業區 ; 非都市編定：農牧用地,1,1,全筆移轉,18070001
RPSNMLMKIIGGFAK67DA,南湖段,296.00,非都市：山坡地保育區 ; 非都市編定：農牧用地,1,1,全筆移轉,11830001
RPXPMLOKQHGGFFK17DA,仁愛段,27.35,都市：其他:住宅區,10000,54,持分移轉,00390000
RPPNMLPKIIGGFCK87DA,五里牌段五福小段,344.00,非都市：鄉村區 ; 非都市編定：乙種建築用地,1,1,全筆移轉,02490001
RPRNMLSKIIGGFBK28DA,大倫段,280.62,非都市：特定農業區 ; 非都市編定：甲種建築用地,1,1,全筆移轉,07630000
RPRNMLLJIIGGFDK67DA,光復段,6.56,都市：其他:住宅區,1,1,全筆移轉,10240000
RPRNMLLJIIGGFDK67DA,光復段,45.42,都市：其他:住宅區,1,1,全筆移轉,10250000
RPROMLKMRHGGFDK78DA,頂埔段,100.45,都市：其他:第三種住宅區。,1,1,全筆移轉,04890000
RPSOMLOLRHGGFDK56DA,龍西段,1.37,都市：其他:學校,41,1,持分移轉,01140001
RPSOMLOLRHGGFDK56DA,龍西段,4.03,都市：其他:學校,205,7,持分移轉,01140002
RPTOMLOLRHGGFDK66DA,龍西段,4.27,都市：其他:住宅區,1025,35,持分移轉,01140004
RPPNMLTKIIGGFCK28DA,土城段,2522.00,非都市：山坡地保育區 ; 非都市編定：農牧用地,1,1,全筆移轉,11980007
RPPNMLTKIIGGFCK28DA,土城段,175.25,非都市：山坡地保育區 ; 非都市編定：農牧用地,16,1,持分移轉,11980008
RPVOMLOLRHGGFDK86DA,龍西段,4.51,都市：其他:住宅區,205,7,持分移轉,01140007
RPUOMLOLRHGGFDK76DA,龍西段,4.34,都市：其他:住宅區,205,7,持分移轉,01140005
RPVSMLOKQHGGFFK27DA,仁愛段,33.42,都市：其他:住宅區,10000,66,持分移轉,00390000
RPWOMLOLRHGGFDK96DA,龍西段,4.44,都市：其他:住宅區,205,7,持分移轉,01140008
RPSNMLMKIIGGFDK97DA,新山佳段,16.02,都市：其他:住宅區,2400,120,持分移轉,09610000
RPSNMLMKIIGGFDK97DA,新山佳段,6.63,都市：其他:住宅區,3000,150,持分移轉,09620000
RPSNMLMKIIGGFDK97DA,新山佳段,1.11,都市：其他:道路用地,3000,150,持分移轉,09630000
RPPNMLQLRHGGFDK98DA,龍西段,3.39,都市：其他:住宅區,205,5,持分移轉,01140003
RPXOMLOLRHGGFDK07DA,龍西段,21.41,都市：其他:住宅區,205,7,持分移轉,01140009
RPTOMLKKQHGGFFK88DA,信義段,15.16,都市：其他:住宅區,5400000,98555,持分移轉,10150000
RPTOMLKKQHGGFFK88DA,信義段,14.11,都市：其他:住宅區,5400000,98555,持分移轉,10220000
RPPNMLRKIIGGFDK18DA,光復段,267.62,都市：其他:道路用地,840000,304000,持分移轉,08780000
RPOOMLOKRHGGFFK88DA,德義段,7.44,都市：其他:道路用地,90,10,持分移轉,08220000
RPOOMLOKRHGGFFK88DA,德義段,22.47,都市：其他:道路用地,864,64,持分移轉,08470000
RPOOMLOKRHGGFFK88DA,德義段,58.14,都市：其他:道路用地,864,64,持分移轉,08480000
RPOOMLOKRHGGFFK88DA,德義段,48.26,都市：其他:道路用地,90,10,持分移轉,10550000
RPOOMLOKRHGGFFK88DA,德義段,38.48,都市：其他:道路用地,90,10,持分移轉,10640000
RPOOMLOKRHGGFFK88DA,德義段,16.28,都市：其他:道路用地,864,64,持分移轉,10800000
RPOOMLOKRHGGFFK88DA,德義段,16.12,都市：其他:道路用地,6,2,持分移轉,11150000
RPXNMLNLRHGGFFK07DA,山下段,2940.72,都市：其他:農業區,1,1,全筆移轉,06780000
RPRNMLRLRHGGFFK86DA,興埔段,43.28,都市：其他:住宅區,20000,250,持分移轉,12010000
RPRNMLRLRHGGFFK86DA,興埔段,.16,都市：其他:住宅區,154,2,持分移轉,12010116
RPRNMLRLRHGGFFK86DA,興埔段,.18,都市：其他:住宅區,154,2,持分移轉,12010127
RPSNMLRLRHGGFFK96DA,興埔段,44.66,都市：其他:第一種住宅區,10000,129,持分移轉,12010000
RPSNMLRLRHGGFFK96DA,興埔段,.16,都市：其他:第一種住宅區,77,1,持分移轉,12010116
RPSNMLRLRHGGFFK96DA,興埔段,.18,都市：其他:第一種住宅區,77,1,持分移轉,12010127
SPXNMLNLRHGGFFK17DA,山下段,235.80,都市：其他:農業區,1,1,全筆移轉,06770000
RPRNMLTLRHGGFFK07DA,觀音段,114.81,非都市：鄉村區 ; 非都市編定：乙種建築用地,1,1,全筆移轉,10030000
RPUNMLRJIIGGFFK78DA,湳湖段,41.22,非都市：山坡地保育區 ; 非都市編定：丙種建築用地,10000,22,持分移轉,00150001
RPPNMLPJIIGGFFK08DA,仁愛段,25.75,都市：其他:住宅區,10000,43,持分移轉,00480000
RPPOMLPLLHGGFFK58DA,德義段,396.67,都市：其他:住宅區,4,3,持分移轉,04840000
RPQPMLNKIIGGFFK28DA,光華段,17.26,都市：其他:商業區,100000,876,持分移轉,17610000
RPTNMLMKIIGGFFK28DA,中華段,5.01,都市：其他:道路用地,63,1,持分移轉,07500000
RPWNMLOJQHGGFDK56DA,秀水段,16.02,非都市：鄉村區 ; 非都市編定：乙種建築用地,1,1,全筆移轉,01430000
RPWNMLOJQHGGFDK56DA,秀水段,1.08,非都市：鄉村區 ; 非都市編定：乙種建築用地,2,1,持分移轉,01500000
RPVNMLOJQHGGFDK09DA,秀水段,14.39,非都市：鄉村區 ; 非都市編定：乙種建築用地,1,1,全筆移轉,01490000
RPVNMLOJQHGGFDK09DA,秀水段,1.08,非都市：鄉村區 ; 非都市編定：乙種建築用地,2,1,持分移轉,01500000
RPWNMLPKIIGGFFK88DA,蟠桃段忠孝小段,7.90,都市：其他:住宅區,10,1,持分移轉,01150001
RPWNMLPKIIGGFFK88DA,蟠桃段忠孝小段,101.00,都市：其他:住宅區,1,1,全筆移轉,01150002
RPUNMLKMRHGGFFK56DA,中華段,93.26,都市：其他:住宅區,1,1,全筆移轉,10130008
RPPNMLTLPHGGFCK98DA,福田段,4.42,都市：其他:道路用地,1,1,全筆移轉,04610000
RPPNMLTLPHGGFCK98DA,福田段,247.38,都市：其他:住宅區,1,1,全筆移轉,04620000
RPPNMLTLPHGGFCK98DA,福田段,45.98,都市：其他:道路用地,1,1,全筆移轉,04630000
RPPNMLTLPHGGFCK98DA,福田段,243.81,都市：其他:住宅區,1,1,全筆移轉,04640000
RPWNMLOKRHGGFFK96DA,德義段,3.72,都市：其他:道路用地,90,5,持分移轉,08220000
RPWNMLOKRHGGFFK96DA,德義段,11.23,都市：其他:道路用地,864,32,持分移轉,08470000
RPWNMLOKRHGGFFK96DA,德義段,24.13,都市：其他:道路用地,90,5,持分移轉,10550000
RPWNMLOKRHGGFFK96DA,德義段,19.24,都市：其他:道路用地,90,5,持分移轉,10640000
RPWNMLOKRHGGFFK96DA,德義段,8.14,都市：其他:道路用地,864,32,持分移轉,10800000
RPWNMLOKRHGGFFK96DA,德義段,8.06,都市：其他:道路用地,6,1,持分移轉,11150000
RPRNMLSJIIGGFBK28EA,恭敬段,12.00,都市：其他:商業區,1,1,全筆移轉,08310000
RPRNMLSJIIGGFBK28EA,恭敬段,53.00,都市：其他:商業區,1,1,全筆移轉,08320000
RPRNMLSJIIGGFBK28EA,恭敬段,79.00,都市：其他:住宅區,1,1,全筆移轉,08350000
RPSNMLKLQHGGFFK78DA,德義段,29.07,都市：其他:道路用地,864,32,持分移轉,08480000
