﻿鄉鎮市區,交易標的,土地位置建物門牌,土地移轉總面積平方公尺,都市土地使用分區,非都市土地使用分區,非都市土地使用編定,交易年月日,交易筆棟數,移轉層次,總樓層數,建物型態,主要用途,主要建材,建築完成年月,建物移轉總面積平方公尺,建物現況格局-房,建物現況格局-廳,建物現況格局-衛,建物現況格局-隔間,有無管理組織,總價元,單價元平方公尺,車位類別,車位移轉總面積平方公尺,車位總價元,備註,編號,建案名稱,棟及號
The villages and towns urban district,transaction sign,land sector position building sector house number plate,land shifting total area square meter,the use zoning or compiles and checks,the non-metropolis land use district,non-metropolis land use,transaction year month and day,transaction pen number,shifting level,total floor number,building state,main use,main building materials,construction to complete the years,building shifting total area,Building present situation pattern - room,building present situation pattern - hall,building present situation pattern - health,building present situation pattern - compartmented,Whether there is manages the organization,total price NTD,the unit price (NTD / square meter),the berth category,berth shifting total area square meter,the berth total price NTD,the note,serial number,build case,buildings
竹南鎮,房地(土地+建物)+車位,苗栗縣竹南鎮海口里開元路759巷,32.33,住,,,1100905,土地2建物1車位1,五層,9,華廈(10層含以下有電梯),住家用,鋼筋混凝土造,,144.28,3,2,2,有,無,6380000,49366,一樓平面,32.26,850000,,RPPNMLLKRHGGFDK38CB,承家2,C1棟5F號
苗栗市,房地(土地+建物),苗栗縣苗栗市文峰街,167.0,住,,,1100821,土地1建物1車位0,全,0,透天厝,住家用,鋼筋混凝土造,,303.31,6,2,7,有,無,26000000,85721,,0.0,0,,RPTNMLNKRHGGFBK78CB,明慧居三,C棟1號
苗栗市,房地(土地+建物),苗栗縣苗栗市文峰街,107.38,住,,,1100827,土地1建物1車位0,全,0,透天厝,住家用,鋼筋混凝土造,,300.31,6,2,7,有,無,21500000,71593,,0.0,0,,RPUNMLNKRHGGFBK88CB,明慧居三,C棟2號
苗栗市,房地(土地+建物),苗栗縣苗栗市文峰街,111.53,住,,,1100826,土地1建物1車位0,全,0,透天厝,住家用,鋼筋混凝土造,,300.31,6,2,7,有,無,21380000,71193,,0.0,0,,RPVNMLNKRHGGFBK98CB,明慧居三,C棟5號
苗栗市,房地(土地+建物),苗栗縣苗栗市文峰街,117.25,住,,,1100826,土地1建物1車位0,全,0,透天厝,住家用,鋼筋混凝土造,,300.31,6,2,7,有,無,21380000,71193,,0.0,0,,RPWNMLNKRHGGFBK09CB,明慧居三,C棟6號
頭份巿,房地(土地+建物)+車位,苗栗縣頭份市公園段38地號,16.07,商,,,1100912,土地1建物1車位1,二層,15,住宅大樓(11層含以上有電梯),住家用,鋼筋混凝土造,,164.9,3,2,2,有,無,9380000,56857,坡道平面,21.03,1200000,,RPPNMLNKRHGGFFK88DB,上磊方庭寓所,B1棟02號
苑裡鎮,房地(土地+建物)+車位,苗栗縣苑裡鎮中山路旁,26.55,住,,,1100912,土地1建物1車位1,三層,7,華廈(10層含以下有電梯),住家用,鋼筋混凝土造,,78.46,3,2,2,有,無,4300000,54210,升降機械,7.44,450000,,RPRNMLOKRHGGFCK78CB,幸福灣麗,B棟2號
苗栗市,房地(土地+建物)+車位,苗栗縣苗栗市文峰街,38.33,住,,,1100826,土地1建物1車位2,八層,11,住宅大樓(11層含以上有電梯),住家用,鋼筋混凝土造,,193.15,4,2,2,有,無,11200000,59148,升降平面,30.0,1550000,機車停車位1個,RPPNMLOKRHGGFBK48CB,明慧居三,B棟8號
苗栗市,房地(土地+建物)+車位,苗栗縣苗栗市文峰街,38.33,住,,,1100826,土地1建物1車位2,八層,11,住宅大樓(11層含以上有電梯),住家用,鋼筋混凝土造,,193.15,4,2,2,有,無,11200000,59148,升降平面,30.0,1550000,1.機車停車位1個2.1個汽車停車位為法定空地分管約定專用,RPRNMLOKRHGGFBK68CB,明慧居三,B棟8號
苗栗市,房地(土地+建物)+車位,苗栗縣苗栗市文峰街,37.89,住,,,1100826,土地1建物1車位1,八層,11,住宅大樓(11層含以上有電梯),住家用,鋼筋混凝土造,,161.42,4,2,2,有,無,10500000,65048,一樓平面,0.0,850000,1.機車停車位1個2.1個汽車停車位為法定空地分管約定專用,RPSNMLOKRHGGFBK78CB,明慧居三,A棟8號
苗栗市,房地(土地+建物)+車位,苗栗縣苗栗市文峰街,38.33,住,,,1100821,土地1建物1車位1,七層,11,住宅大樓(11層含以上有電梯),住家用,鋼筋混凝土造,,193.15,4,2,2,有,無,10400000,58535,一樓平面,30.0,850000,機車停車位1個,RPTNMLOKRHGGFBK88CB,明慧居三,B棟7號
苗栗市,房地(土地+建物)+車位,苗栗縣苗栗市文峰街,38.33,住,,,1100827,土地1建物1車位1,五層,11,住宅大樓(11層含以上有電梯),住家用,鋼筋混凝土造,,193.15,4,2,2,有,無,9800000,55777,升降平面,30.0,700000,機車停車位1個交易總價含下列非屬預售屋價格之費用:親友、員工、共有人或其他特殊關係間之交易；,RPUNMLOKRHGGFBK98CB,明慧居三,B棟5號
苑裡鎮,房地(土地+建物)+車位,苗栗縣苑裡鎮中山路旁,26.55,住,,,1100912,土地1建物1車位1,三層,7,華廈(10層含以下有電梯),住家用,鋼筋混凝土造,,78.46,3,2,2,有,無,4380000,53224,升降機械,7.44,600000,,RPPNMLPKRHGGFCK68CB,幸福灣麗,B棟3號
竹南鎮,房地(土地+建物),苗栗縣竹南鎮大埔六街,98.72,住,,,1100910,土地2建物1車位0,全,5,透天厝,住家用,鋼筋混凝土造,,231.84,4,2,4,有,無,15880000,68496,,0.0,0,,RPPNMLQKRHGGFDK98DB,富比興,A棟3號
後龍鎮,房地(土地+建物)+車位,苗栗縣後龍鎮校椅里11鄰頂椅七街188號5樓之1,53.83,住,,,1100911,土地1建物1車位1,五層,5,華廈(10層含以下有電梯),住家用,見使用執照,,121.87,3,1,2,有,無,6280000,51530,一樓平面,19.83,0,,RPQNMLQKRHGGFDK98CB,龍躍,5B棟188_5FK1號
後龍鎮,房地(土地+建物),苗栗縣後龍鎮校椅里11鄰頂椅七街178號,87.97,住,,,1100828,土地1建物1車位0,全,4,透天厝,住家用,見使用執照,,187.47,5,2,3,有,無,10800000,57609,,0.0,0,,RPRNMLQKRHGGFDK09CB,龍躍,A5棟178號
竹南鎮,房地(土地+建物)+車位,苗栗縣竹南鎮維新路新南段4地號,22.65,住,,,1100913,土地1建物1車位1,六層,15,住宅大樓(11層含以上有電梯),住家用,鋼筋混凝土造,,130.02,3,2,2,有,無,6850000,55147,坡道機械,18.5,700000,,RPSNMLQKRHGGFDK56CB,悅捷市,A棟3-06F號
竹南鎮,房地(土地+建物)+車位,苗栗縣竹南鎮維新路新南段4地號,25.62,住,,,1100913,土地1建物1車位1,六層,14,住宅大樓(11層含以上有電梯),住家用,鋼筋混凝土造,,150.51,3,2,2,有,無,8700000,58660,坡道平面,24.36,1300000,,RPTNMLQKRHGGFDK66CB,悅捷市,E棟1-06號
竹南鎮,房地(土地+建物)+車位,苗栗縣竹南鎮維新路新南段4地號,22.65,住,,,1100913,土地1建物1車位1,十層,15,住宅大樓(11層含以上有電梯),住家用,鋼筋混凝土造,,135.88,3,2,2,有,無,7310000,54788,坡道平面,24.36,1200000,,RPUNMLQKRHGGFDK76CB,悅捷市,A棟3-10F號
後龍鎮,房地(土地+建物),苗栗縣後龍鎮校椅里11鄰頂椅七街176號,87.97,住,,,1100830,土地1建物1車位0,全,4,透天厝,住家用,見使用執照,,187.47,5,2,3,有,無,10880000,58036,,0.0,0,,RPVNMLQKRHGGFDK86CB,龍躍,A6棟176號
造橋鄉,房地(土地+建物),苗栗縣造橋鄉仁愛路,81.34,,特定農業區,甲種建築用地,1100821,土地6建物1車位0,全,3,透天厝,住家用,鋼筋混凝土造,,113.15,4,2,3,有,無,7200000,63632,,0.0,0,,RPQNMLRKRHGGFDK09CB,協奏曲,E棟17號
造橋鄉,房地(土地+建物),苗栗縣造橋鄉仁愛路,84.34,,特定農業區,甲種建築用地,1100821,土地6建物1車位0,全,3,透天厝,住家用,鋼筋混凝土造,,115.09,4,2,3,有,無,7180000,62386,,0.0,0,,RPRNMLRKRHGGFDK56CB,協奏曲,D棟01號
頭份巿,房地(土地+建物)+車位,苗栗縣頭份市永貞路一段202巷,32.07,住,,,1100815,土地1建物1車位1,四層,5,華廈(10層含以下有電梯),住家用,鋼筋混凝土造,,121.86,3,2,2,有,無,6580000,51462,一樓平面,7.6,700000,,RPQNMLRKRHGGFFK66CB,臻愛,A棟3號
頭份巿,房地(土地+建物)+車位,苗栗縣頭份市公園段43地號,9.82,商,,,1100505,土地1建物1車位1,八層,15,住宅大樓(11層含以上有電梯),住商用,鋼筋混凝土造,,121.15,2,2,1,有,無,5620000,50720,坡道平面,29.47,970000,,RPPNMLSKRHGGFFK66CB,藝文公園,A棟2號
頭份巿,房地(土地+建物)+車位,苗栗縣頭份市公園段43地號,9.82,商,,,1100505,土地1建物1車位1,五層,15,住宅大樓(11層含以上有電梯),住商用,鋼筋混凝土造,,121.15,2,2,1,有,無,5510000,49520,坡道平面,29.47,970000,,RPQNMLSKRHGGFFK76CB,藝文公園,A棟2號
頭份巿,房地(土地+建物)+車位,苗栗縣頭份市公園段43地號,9.82,商,,,1100506,土地1建物1車位1,六層,15,住宅大樓(11層含以上有電梯),住商用,鋼筋混凝土造,,121.15,2,2,1,有,無,5530000,49738,坡道平面,29.47,970000,,RPRNMLSKRHGGFFK86CB,藝文公園,A棟2號
頭份巿,房地(土地+建物)+車位,苗栗縣頭份市公園段43地號,14.98,商,,,1100421,土地1建物1車位1,五層,15,住宅大樓(11層含以上有電梯),住商用,鋼筋混凝土造,,169.1,3,2,2,有,無,8570000,55146,坡道平面,29.47,870000,,RPSNMLSKRHGGFFK96CB,藝文公園,B棟1號
頭份巿,房地(土地+建物)+車位,苗栗縣頭份市公園段43地號,14.98,商,,,1100501,土地1建物1車位1,六層,15,住宅大樓(11層含以上有電梯),住商用,鋼筋混凝土造,,169.1,3,2,2,有,無,8840000,55647,坡道平面,29.47,1070000,,RPTNMLSKRHGGFFK07CB,藝文公園,B棟1號
頭份巿,房地(土地+建物)+車位,苗栗縣頭份市公園段43地號,14.98,商,,,1100424,土地1建物1車位1,十二層,15,住宅大樓(11層含以上有電梯),住商用,鋼筋混凝土造,,169.1,3,2,2,有,無,8770000,55862,坡道平面,29.47,970000,,RPPNMLTKRHGGFFK76CB,藝文公園,B棟1號
頭份巿,房地(土地+建物)+車位,苗栗縣頭份市公園段43地號,9.82,商,,,1100430,土地1建物1車位1,九層,15,住宅大樓(11層含以上有電梯),住商用,鋼筋混凝土造,,121.15,2,2,1,有,無,5790000,52574,坡道平面,29.47,970000,,RPQNMLTKRHGGFFK86CB,藝文公園,A棟2號
頭份巿,房地(土地+建物)+車位,苗栗縣頭份市公園段43地號,14.98,商,,,1100506,土地1建物1車位1,三層,15,住宅大樓(11層含以上有電梯),住商用,鋼筋混凝土造,,169.1,3,2,2,有,無,7690000,48127,坡道平面,29.47,970000,,RPRNMLTKRHGGFFK96CB,藝文公園,C棟1號
頭份巿,房地(土地+建物)+車位,苗栗縣頭份市公園段43地號,17.53,商,,,1100501,土地1建物1車位1,十四層,15,住宅大樓(11層含以上有電梯),住商用,鋼筋混凝土造,,193.11,4,2,2,有,無,10300000,56404,坡道平面,29.47,1070000,,RPSNMLTKRHGGFFK07CB,藝文公園,B棟3號
頭份巿,房地(土地+建物)+車位,苗栗縣頭份市公園段43地號,9.82,商,,,1100506,土地1建物1車位1,十四層,15,住宅大樓(11層含以上有電梯),住商用,鋼筋混凝土造,,121.15,2,2,1,有,無,5770000,52356,坡道平面,29.47,970000,,RPTNMLTKRHGGFFK17CB,藝文公園,A棟2號
頭份巿,房地(土地+建物)+車位,苗栗縣頭份市公園段43地號,14.98,商,,,1100429,土地1建物1車位1,八層,15,住宅大樓(11層含以上有電梯),住商用,鋼筋混凝土造,,169.1,3,2,2,有,無,8880000,55934,坡道平面,29.47,1070000,,RPUNMLTKRHGGFFK27CB,藝文公園,B棟1號
頭份巿,房地(土地+建物)+車位,苗栗縣頭份市公園段43地號,17.53,商,,,1100428,土地1建物1車位2,十四層,15,住宅大樓(11層含以上有電梯),住商用,鋼筋混凝土造,,225.58,4,2,2,有,無,11400000,55569,坡道平面,58.94,2140000,,RPVNMLTKRHGGFFK37CB,藝文公園,B棟3號
頭份巿,房地(土地+建物)+車位,苗栗縣頭份市公園段43地號,9.82,商,,,1100430,土地1建物1車位1,八層,15,住宅大樓(11層含以上有電梯),住商用,鋼筋混凝土造,,121.15,2,2,1,有,無,5620000,51811,坡道平面,29.47,870000,,RPWNMLTKRHGGFFK47CB,藝文公園,D棟2號
頭份巿,房地(土地+建物)+車位,苗栗縣頭份市公園段43地號,9.82,商,,,1100421,土地1建物1車位1,五層,15,住宅大樓(11層含以上有電梯),住商用,鋼筋混凝土造,,121.15,2,2,1,有,無,5560000,51156,坡道平面,29.47,870000,,RPXNMLTKRHGGFFK57CB,藝文公園,D棟2號
頭份巿,房地(土地+建物)+車位,苗栗縣頭份市公園段43地號,14.82,商,,,1100430,土地1建物1車位1,七層,15,住宅大樓(11層含以上有電梯),住商用,鋼筋混凝土造,,167.63,3,2,2,有,無,7940000,50449,坡道平面,29.47,970000,,RPOOMLTKRHGGFFK76CB,藝文公園,A棟1號
頭份巿,房地(土地+建物)+車位,苗栗縣頭份市公園段43地號,9.82,商,,,1100421,土地1建物1車位1,十二層,15,住宅大樓(11層含以上有電梯),住商用,鋼筋混凝土造,,121.15,2,2,1,有,無,5680000,51374,坡道平面,29.47,970000,,RPPOMLTKRHGGFFK86CB,藝文公園,D棟2號
頭份巿,房地(土地+建物)+車位,苗栗縣頭份市公園段43地號,9.82,商,,,1100512,土地1建物1車位1,十一層,15,住宅大樓(11層含以上有電梯),住商用,鋼筋混凝土造,,121.15,2,2,1,有,無,5680000,51374,坡道平面,29.47,970000,,RPQOMLTKRHGGFFK96CB,藝文公園,A棟2號
頭份巿,房地(土地+建物)+車位,苗栗縣頭份市公園段43地號,9.82,商,,,1100430,土地1建物1車位1,七層,15,住宅大樓(11層含以上有電梯),住商用,鋼筋混凝土造,,121.15,2,2,1,有,無,5560000,51156,坡道平面,29.47,870000,,RPROMLTKRHGGFFK07CB,藝文公園,D棟2號
頭份巿,房地(土地+建物)+車位,苗栗縣頭份市公園段43地號,9.82,商,,,1100503,土地1建物1車位1,十層,15,住宅大樓(11層含以上有電梯),住商用,鋼筋混凝土造,,121.15,2,2,1,有,無,5760000,53338,坡道平面,29.47,870000,,RPSOMLTKRHGGFFK17CB,藝文公園,A棟2號
頭份巿,房地(土地+建物)+車位,苗栗縣頭份市公園段43地號,14.98,商,,,1100428,土地1建物1車位1,四層,15,住宅大樓(11層含以上有電梯),住商用,鋼筋混凝土造,,169.1,3,2,2,有,無,8350000,54286,坡道平面,29.47,770000,,RPTOMLTKRHGGFFK27CB,藝文公園,B棟1號
頭份巿,房地(土地+建物)+車位,苗栗縣頭份市公園段43地號,14.98,商,,,1100509,土地1建物1車位1,七層,15,住宅大樓(11層含以上有電梯),住商用,鋼筋混凝土造,,169.1,3,2,2,有,無,8680000,56650,坡道平面,29.47,770000,,RPUOMLTKRHGGFFK37CB,藝文公園,B棟1號
頭份巿,房地(土地+建物)+車位,苗栗縣頭份市公園段43地號,14.98,商,,,1100510,土地1建物1車位1,三層,15,住宅大樓(11層含以上有電梯),住商用,鋼筋混凝土造,,169.1,3,2,2,有,無,8480000,54501,坡道平面,29.47,870000,,RPVOMLTKRHGGFFK47CB,藝文公園,B棟1號
頭份巿,房地(土地+建物)+車位,苗栗縣頭份市公園段43地號,14.98,商,,,1100531,土地1建物1車位1,六層,15,住宅大樓(11層含以上有電梯),住商用,鋼筋混凝土造,,169.1,3,2,2,有,無,8930000,57008,坡道平面,29.47,970000,,RPWOMLTKRHGGFFK57CB,藝文公園,C棟1號
頭份巿,房地(土地+建物)+車位,苗栗縣頭份市公園段43地號,9.84,商,,,1100630,土地1建物1車位1,十五層,15,住宅大樓(11層含以上有電梯),住商用,鋼筋混凝土造,,121.26,2,2,1,有,無,6310000,60355,坡道平面,29.47,770000,,RPXOMLTKRHGGFFK67CB,藝文公園,B棟2號
頭份巿,房地(土地+建物)+車位,苗栗縣頭份市公園一街公園段12，13，14，15地號,8.08,商,,,1100122,土地4建物1車位1,一層,23,住宅大樓(11層含以上有電梯),住商用,鋼筋混凝土造,,110.92,3,2,2,有,無,10420000,113129,坡道平面,29.42,1200000,本筆交易含竹南藝文段13、14地號共兩筆土地持分，0.60291平方公尺）。土地權利範圍含車位,RPOPMLTKRHGGFFK86CB,昕見築,店A號
頭份巿,房地(土地+建物)+車位,苗栗縣頭份市公園一街公園段12，13，14，15地號,7.98,商,,,1100127,土地4建物1車位1,一層,23,住宅大樓(11層含以上有電梯),住商用,鋼筋混凝土造,,109.63,3,2,2,有,無,9910000,108590,坡道平面,29.42,1200000,本筆交易含竹南藝文段13、14地號共兩筆土地持分，0.59535平方公尺）。土地權利範圍含車位,RPPPMLTKRHGGFFK96CB,昕見築,店B號
頭份巿,房地(土地+建物)+車位,苗栗縣頭份市公園一街公園段12，13，14，15地號,8.54,商,,,1100424,土地4建物1車位1,一層,23,住宅大樓(11層含以上有電梯),住商用,鋼筋混凝土造,,114.93,3,2,2,有,無,10380000,110864,坡道平面,29.42,900000,本筆交易含竹南藝文段13、14地號共兩筆土地持分，0.63693平方公尺）。土地權利範圍含車位,RPQPMLTKRHGGFFK07CB,昕見築,店D號
頭份巿,房地(土地+建物)+車位,苗栗縣頭份市公園一街公園段12，13，14，15地號,8.77,商,,,1100410,土地4建物1車位1,一層,23,住宅大樓(11層含以上有電梯),住商用,鋼筋混凝土造,,117.51,3,2,2,有,無,10740000,110001,坡道平面,29.42,1050000,本筆交易含竹南藝文段13、14地號共兩筆土地持分，0.65394平方公尺）。土地權利範圍含車位,RPRPMLTKRHGGFFK17CB,昕見築,店E號
頭份巿,房地(土地+建物)+車位,苗栗縣頭份市公園一街公園段12，13，14，15地號,8.77,商,,,1100410,土地4建物1車位1,一層,23,住宅大樓(11層含以上有電梯),住商用,鋼筋混凝土造,,117.51,3,2,2,有,無,10700000,110115,坡道平面,29.42,1000000,本筆交易含竹南藝文段13、14地號共兩筆土地持分，0.65394平方公尺）。土地權利範圍含車位,RPSPMLTKRHGGFFK27CB,昕見築,店G號
頭份巿,房地(土地+建物)+車位,苗栗縣頭份市公園一街公園段12，13，14，15地號,8.77,商,,,1100311,土地4建物1車位1,一層,23,住宅大樓(11層含以上有電梯),住商用,鋼筋混凝土造,,117.51,3,2,2,有,無,11030000,111590,坡道平面,29.42,1200000,本筆交易含竹南藝文段13、14地號共兩筆土地持分，0.65394平方公尺）。土地權利範圍含車位,RPTPMLTKRHGGFFK37CB,昕見築,店F號
頭份巿,房地(土地+建物)+車位,苗栗縣頭份市公園一街公園段12，13，14，15地號,8.97,商,,,1100329,土地4建物1車位1,一層,23,住宅大樓(11層含以上有電梯),住商用,鋼筋混凝土造,,120.06,3,2,2,有,無,11530000,112864,坡道平面,29.42,1300000,,RPUPMLTKRHGGFFK47CB,昕見築,店H號
頭份巿,房地(土地+建物)+車位,苗栗縣頭份市公園一街公園段12，13，14，15地號,12.04,商,,,1100309,土地4建物1車位1,十五層,23,住宅大樓(11層含以上有電梯),住商用,鋼筋混凝土造,,150.52,3,2,2,有,無,9100000,66474,坡道平面,29.42,1050000,本筆交易含竹南藝文段13、14地號共兩筆土地持分，0.89775平方公尺）。土地權利範圍含車位,RPVPMLTKRHGGFFK57CB,昕見築,A1-15F號
頭份巿,房地(土地+建物)+車位,苗栗縣頭份市公園一街公園段12，13，14，15地號,14.12,商,,,1100429,土地4建物1車位2,十七層,23,住宅大樓(11層含以上有電梯),住商用,鋼筋混凝土造,,200.52,3,2,2,有,無,12880000,73970,坡道平面,58.84,2400000,本筆交易含竹南藝文段13、14地號共兩筆土地持分，1.05273平方公尺）。土地權利範圍含車位,RPWPMLTKRHGGFFK67CB,昕見築,A2-17F號
頭份巿,房地(土地+建物)+車位,苗栗縣頭份市公園一街公園段12，13，14，15地號,8.26,商,,,1100226,土地4建物1車位1,二十二層,23,住宅大樓(11層含以上有電梯),住商用,鋼筋混凝土造,,112.35,3,2,2,有,無,6380000,62462,坡道平面,29.42,1200000,本筆交易含竹南藝文段13、14地號共兩筆土地持分，0.61614平方公尺）。土地權利範圍含車位,RPXPMLTKRHGGFFK77CB,昕見築,A11-22F號
頭份巿,房地(土地+建物)+車位,苗栗縣頭份市公園一街公園段12，13，14，15地號,10.14,商,,,1100107,土地4建物1車位1,二十三層,23,住宅大樓(11層含以上有電梯),住商用,鋼筋混凝土造,,131.29,3,2,2,有,無,8580000,71954,坡道平面,29.42,1250000,本筆交易含竹南藝文段13、14地號共兩筆土地持分，0.756平方公尺）。土地權利範圍含車位,RPOQMLTKRHGGFFK96CB,昕見築,A5-23F號
頭份巿,房地(土地+建物)+車位,苗栗縣頭份市公園一街公園段12，13，14，15地號,12.04,商,,,1100307,土地4建物1車位1,十九層,23,住宅大樓(11層含以上有電梯),住商用,鋼筋混凝土造,,150.52,3,2,2,有,無,9420000,68291,坡道平面,29.42,1150000,本筆交易含竹南藝文段13、14地號共兩筆土地持分，0.89775平方公尺）。土地權利範圍含車位,RPPQMLTKRHGGFFK07CB,昕見築,A1-19F號
頭份巿,房地(土地+建物)+車位,苗栗縣頭份市公園一街公園段12，13，14，15地號,10.14,商,,,1100321,土地4建物1車位1,十二層,23,住宅大樓(11層含以上有電梯),住商用,鋼筋混凝土造,,131.29,3,2,2,有,無,8260000,69795,坡道平面,29.42,1150000,本筆交易含竹南藝文段13、14地號共兩筆土地持分，0.756平方公尺）。土地權利範圍含車位,RPQQMLTKRHGGFFK17CB,昕見築,A5-12F號
頭份巿,房地(土地+建物)+車位,苗栗縣頭份市公園一街公園段12，13，14，15地號,10.19,商,,,1100321,土地4建物1車位1,十七層,23,住宅大樓(11層含以上有電梯),住商用,鋼筋混凝土造,,130.53,3,2,2,有,無,7280000,60965,坡道平面,28.34,1050000,本筆交易含竹南藝文段13、14地號共兩筆土地持分，0.75978平方公尺）。土地權利範圍含車位,RPRQMLTKRHGGFFK27CB,昕見築,A9-17F號
頭份巿,房地(土地+建物)+車位,苗栗縣頭份市公園一街公園段12，13，14，15地號,8.26,商,,,1100227,土地4建物1車位1,十六層,23,住宅大樓(11層含以上有電梯),住商用,鋼筋混凝土造,,112.35,3,2,2,有,無,6000000,59689,坡道平面,29.42,1050000,本筆交易含竹南藝文段13、14地號共兩筆土地持分，0.61614平方公尺）。土地權利範圍含車位,RPSQMLTKRHGGFFK37CB,昕見築,A11-16F號
頭份巿,房地(土地+建物)+車位,苗栗縣頭份市公園一街公園段12，13，14，15地號,14.12,商,,,1100125,土地4建物1車位1,十八層,23,住宅大樓(11層含以上有電梯),住商用,鋼筋混凝土造,,171.1,3,2,2,有,無,11470000,72134,坡道平面,29.42,1250000,本筆交易含竹南藝文段13、14地號共兩筆土地持分，1.05273平方公尺）。土地權利範圍含車位,RPTQMLTKRHGGFFK47CB,昕見築,A2-18F號
頭份巿,房地(土地+建物)+車位,苗栗縣頭份市公園一街公園段12，13，14，15地號,10.09,商,,,1100530,土地4建物1車位1,十六層,23,住宅大樓(11層含以上有電梯),住商用,鋼筋混凝土造,,130.65,3,2,2,有,無,8360000,71224,坡道平面,29.42,1150000,本筆交易含竹南藝文段13、14地號共兩筆土地持分，0.75222平方公尺）。土地權利範圍含車位,RPUQMLTKRHGGFFK57CB,昕見築,A6-16F號
頭份巿,房地(土地+建物)+車位,苗栗縣頭份市公園一街公園段12，13，14，15地號,9.38,商,,,1100317,土地4建物1車位1,十二層,23,住宅大樓(11層含以上有電梯),住商用,鋼筋混凝土造,,123.46,3,2,2,有,無,6590000,57848,坡道平面,29.42,1150000,本筆交易含竹南藝文段13、14地號共兩筆土地持分，0.6693平方公尺）。土地權利範圍含車位,RPVQMLTKRHGGFFK67CB,昕見築,A10-12F號
頭份巿,房地(土地+建物)+車位,苗栗縣頭份市公園一街公園段12，13，14，15地號,14.12,商,,,1100320,土地4建物1車位1,六層,23,住宅大樓(11層含以上有電梯),住商用,鋼筋混凝土造,,171.1,3,2,2,有,無,10820000,68252,坡道平面,29.42,1150000,本筆交易含竹南藝文段13、14地號共兩筆土地持分，1.05273平方公尺）。土地權利範圍含車位,RPWQMLTKRHGGFFK77CB,昕見築,A2-06F號
頭份巿,房地(土地+建物)+車位,苗栗縣頭份市公園一街公園段12，13，14，15地號,10.14,商,,,1100124,土地4建物1車位1,十一層,23,住宅大樓(11層含以上有電梯),住商用,鋼筋混凝土造,,131.29,3,2,2,有,無,8020000,67439,坡道平面,29.42,1150000,本筆交易含竹南藝文段13、14地號共兩筆土地持分，0.756平方公尺）。土地權利範圍含車位,RPXQMLTKRHGGFFK87CB,昕見築,A5-11F號
頭份巿,房地(土地+建物)+車位,苗栗縣頭份市公園一街公園段12，13，14，15地號,8.26,商,,,1100209,土地4建物1車位1,二十層,23,住宅大樓(11層含以上有電梯),住商用,鋼筋混凝土造,,112.35,3,2,2,有,無,6050000,61498,坡道平面,29.42,950000,本筆交易含竹南藝文段13、14地號共兩筆土地持分，0.61614平方公尺）。土地權利範圍含車位,RPORMLTKRHGGFFK07CB,昕見築,A11-20F號
頭份巿,房地(土地+建物)+車位,苗栗縣頭份市公園一街公園段12，13，14，15地號,10.19,商,,,1100226,土地4建物1車位1,十二層,23,住宅大樓(11層含以上有電梯),住商用,鋼筋混凝土造,,131.61,3,2,2,有,無,6980000,58029,坡道平面,29.42,1050000,本筆交易含竹南藝文段13、14地號共兩筆土地持分，0.75978平方公尺）。土地權利範圍含車位,RPPRMLTKRHGGFFK17CB,昕見築,A9-12F號
頭份巿,房地(土地+建物)+車位,苗栗縣頭份市公園一街公園段12，13，14，15地號,14.12,商,,,1100112,土地4建物1車位1,十三層,23,住宅大樓(11層含以上有電梯),住商用,鋼筋混凝土造,,171.1,3,2,2,有,無,11170000,70370,坡道平面,29.42,1200000,本筆交易含竹南藝文段13、14地號共兩筆土地持分，1.05273平方公尺）。土地權利範圍含車位,RPQRMLTKRHGGFFK27CB,昕見築,A2-13F號
頭份巿,房地(土地+建物)+車位,苗栗縣頭份市公園一街公園段12，13，14，15地號,10.09,商,,,1100126,土地4建物1車位1,十八層,23,住宅大樓(11層含以上有電梯),住商用,鋼筋混凝土造,,129.7,3,2,2,有,無,8150000,71034,坡道平面,28.34,950000,本筆交易含竹南藝文段13、14地號共兩筆土地持分，0.75222平方公尺）。土地權利範圍含車位,RPRRMLTKRHGGFFK37CB,昕見築,A3-18F號
頭份巿,房地(土地+建物)+車位,苗栗縣頭份市公園一街公園段12，13，14，15地號,8.26,商,,,1100220,土地4建物1車位1,二十一層,23,住宅大樓(11層含以上有電梯),住商用,鋼筋混凝土造,,111.27,3,2,2,有,無,6230000,62462,坡道平面,28.34,1050000,本筆交易含竹南藝文段13、14地號共兩筆土地持分，0.61614平方公尺）。土地權利範圍含車位,RPSRMLTKRHGGFFK47CB,昕見築,A11-21F號
頭份巿,房地(土地+建物)+車位,苗栗縣頭份市公園一街公園段12，13，14，15地號,8.26,商,,,1100405,土地4建物1車位1,十七層,23,住宅大樓(11層含以上有電梯),住商用,鋼筋混凝土造,,111.27,3,2,2,有,無,6460000,64030,坡道平面,28.34,1150000,本筆交易含竹南藝文段13、14地號共兩筆土地持分，0.61614平方公尺）。土地權利範圍含車位,RPTRMLTKRHGGFFK57CB,昕見築,A11-17F號
頭份巿,房地(土地+建物)+車位,苗栗縣頭份市公園一街公園段12，13，14，15地號,10.14,商,,,1100113,土地4建物1車位1,六層,23,住宅大樓(11層含以上有電梯),住商用,鋼筋混凝土造,,130.21,3,2,2,有,無,7630000,65574,坡道平面,28.34,950000,本筆交易含竹南藝文段13、14地號共兩筆土地持分，0.756平方公尺）。土地權利範圍含車位,RPURMLTKRHGGFFK67CB,昕見築,A5-06F號
頭份巿,房地(土地+建物)+車位,苗栗縣頭份市公園一街公園段12，13，14，15地號,10.19,商,,,1100407,土地4建物1車位1,十九層,23,住宅大樓(11層含以上有電梯),住商用,鋼筋混凝土造,,131.61,3,2,2,有,無,7550000,63607,坡道平面,29.42,1050000,本筆交易含竹南藝文段13、14地號共兩筆土地持分，0.75978平方公尺）。土地權利範圍含車位,RPVRMLTKRHGGFFK77CB,昕見築,A9-19F號
頭份巿,房地(土地+建物)+車位,苗栗縣頭份市公園一街公園段12，13，14，15地號,10.09,商,,,1100103,土地4建物1車位1,十七層,23,住宅大樓(11層含以上有電梯),住商用,鋼筋混凝土造,,130.78,3,2,2,有,無,8150000,71034,坡道平面,29.42,950000,本筆交易含竹南藝文段13、14地號共兩筆土地持分，0.75222平方公尺）。土地權利範圍含車位,RPWRMLTKRHGGFFK87CB,昕見築,A3-17F號
頭份巿,房地(土地+建物)+車位,苗栗縣頭份市公園一街公園段12，13，14，15地號,12.06,商,,,1100221,土地4建物1車位1,十三層,23,住宅大樓(11層含以上有電梯),住商用,鋼筋混凝土造,,150.9,3,2,2,有,無,9060000,64702,坡道平面,29.42,1200000,本筆交易含竹南藝文段13、14地號共兩筆土地持分，0.89964平方公尺）。土地權利範圍含車位,RPXRMLTKRHGGFFK97CB,昕見築,A8-13F號
頭份巿,房地(土地+建物)+車位,苗栗縣頭份市公園一街公園段12，13，14，15地號,10.19,商,,,1100615,土地4建物1車位1,二十層,23,住宅大樓(11層含以上有電梯),住商用,鋼筋混凝土造,,131.61,3,2,2,有,無,7710000,64194,坡道平面,29.42,1150000,本筆交易含竹南藝文段13、14地號共兩筆土地持分，0.75978平方公尺）。土地權利範圍含車位,RPOSMLTKRHGGFFK17CB,昕見築,A9-20F號
頭份巿,房地(土地+建物)+車位,苗栗縣頭份市公園一街公園段12，13，14，15地號,10.09,商,,,1100513,土地4建物1車位1,十三層,23,住宅大樓(11層含以上有電梯),住商用,鋼筋混凝土造,,129.57,3,2,2,有,無,8190000,70532,坡道平面,28.34,1050000,本筆交易含竹南藝文段13、14地號共兩筆土地持分，0.75222平方公尺）。土地權利範圍含車位,RPPSMLTKRHGGFFK27CB,昕見築,A6-13F號
頭份巿,房地(土地+建物)+車位,苗栗縣頭份市公園一街公園段12，13，14，15地號,9.38,商,,,1100311,土地4建物1車位1,二十二層,23,住宅大樓(11層含以上有電梯),住商用,鋼筋混凝土造,,122.38,3,2,2,有,無,6920000,62420,坡道平面,28.34,1050000,本筆交易含竹南藝文段13、14地號共兩筆土地持分，0.6693平方公尺）。土地權利範圍含車位,RPQSMLTKRHGGFFK37CB,昕見築,A10-22F號
頭份巿,房地(土地+建物)+車位,苗栗縣頭份市公園一街公園段12，13，14，15地號,8.26,商,,,1100111,土地4建物1車位1,二十三層,23,住宅大樓(11層含以上有電梯),住商用,鋼筋混凝土造,,112.35,3,2,2,有,無,6050000,61498,坡道平面,29.42,950000,,RPRSMLTKRHGGFFK47CB,昕見築,A11-23F號
頭份巿,房地(土地+建物)+車位,苗栗縣頭份市公園一街公園段12，13，14，15地號,10.09,商,,,1100122,土地4建物1車位1,十層,23,住宅大樓(11層含以上有電梯),住商用,鋼筋混凝土造,,130.78,3,2,2,有,無,7980000,67384,坡道平面,29.42,1150000,本筆交易含竹南藝文段13、14地號共兩筆土地持分，0.75222平方公尺）。土地權利範圍含車位,RPSSMLTKRHGGFFK57CB,昕見築,A3-10F號
頭份巿,房地(土地+建物)+車位,苗栗縣頭份市公園一街公園段12，13，14，15地號,10.19,商,,,1100321,土地4建物1車位1,十八層,23,住宅大樓(11層含以上有電梯),住商用,鋼筋混凝土造,,130.53,3,2,2,有,無,7280000,60965,坡道平面,28.34,1050000,本筆交易含竹南藝文段13、14地號共兩筆土地持分，0.75978平方公尺）。土地權利範圍含車位,RPTSMLTKRHGGFFK67CB,昕見築,A9-18F號
頭份巿,房地(土地+建物)+車位,苗栗縣頭份市公園一街公園段12，13，14，15地號,14.12,商,,,1100201,土地4建物1車位1,二層,23,住宅大樓(11層含以上有電梯),住商用,鋼筋混凝土造,,170.02,3,2,2,有,無,10210000,65359,坡道平面,28.34,950000,本筆交易含竹南藝文段13、14地號共兩筆土地持分，1.05273平方公尺）。土地權利範圍含車位,RPUSMLTKRHGGFFK77CB,昕見築,A2-02F號
頭份巿,房地(土地+建物)+車位,苗栗縣頭份市公園一街公園段12，13，14，15地號,8.26,商,,,1100112,土地4建物1車位1,十一層,23,住宅大樓(11層含以上有電梯),住商用,鋼筋混凝土造,,112.35,3,2,2,有,無,5630000,57036,坡道平面,29.42,900000,本筆交易含竹南藝文段13、14地號共兩筆土地持分，0.61614平方公尺）。土地權利範圍含車位,RPVSMLTKRHGGFFK87CB,昕見築,A11-11F號
頭份巿,房地(土地+建物)+車位,苗栗縣頭份市公園一街公園段12，13，14，15地號,12.06,商,,,1100307,土地4建物1車位1,十九層,23,住宅大樓(11層含以上有電梯),住商用,鋼筋混凝土造,,150.9,3,2,2,有,無,9440000,67419,坡道平面,29.42,1250000,本筆交易含竹南藝文段13、14地號共兩筆土地持分，0.89964平方公尺）。土地權利範圍含車位,RPWSMLTKRHGGFFK97CB,昕見築,A8-19F號
頭份巿,房地(土地+建物)+車位,苗栗縣頭份市公園一街公園段12，13，14，15地號,10.09,商,,,1100209,土地4建物1車位1,五層,23,住宅大樓(11層含以上有電梯),住商用,鋼筋混凝土造,,130.65,3,2,2,有,無,7540000,65099,坡道平面,29.42,950000,本筆交易含竹南藝文段13、14地號共兩筆土地持分，0.75222平方公尺）。土地權利範圍含車位,RPXSMLTKRHGGFFK08CB,昕見築,A6-05F號
頭份巿,房地(土地+建物)+車位,苗栗縣頭份市公園一街公園段12，13，14，15地號,10.19,商,,,1100301,土地4建物1車位1,十四層,23,住宅大樓(11層含以上有電梯),住商用,鋼筋混凝土造,,131.61,3,2,2,有,無,6980000,58029,坡道平面,29.42,1050000,本筆交易含竹南藝文段13、14地號共兩筆土地持分，0.75978平方公尺）。土地權利範圍含車位,RPOTMLTKRHGGFFK27CB,昕見築,A9-14F號
頭份巿,房地(土地+建物)+車位,苗栗縣頭份市公園一街公園段12，13，14，15地號,10.19,商,,,1100330,土地4建物1車位1,十六層,23,住宅大樓(11層含以上有電梯),住商用,鋼筋混凝土造,,131.61,3,2,2,有,無,7470000,61846,坡道平面,29.42,1150000,本筆交易含竹南藝文段13、14地號共兩筆土地持分，0.75978平方公尺）。土地權利範圍含車位,RPPTMLTKRHGGFFK37CB,昕見築,A9-16F號
頭份巿,房地(土地+建物)+車位,苗栗縣頭份市公園一街公園段12，13，14，15地號,10.09,商,,,1090118,土地4建物1車位1,二十二層,23,住宅大樓(11層含以上有電梯),住商用,鋼筋混凝土造,,130.65,3,2,2,有,無,8270000,72311,坡道平面,29.42,950000,本筆交易含竹南藝文段13、14地號共兩筆土地持分，0.75222平方公尺）。土地權利範圍含車位,RPQTMLTKRHGGFFK47CB,昕見築,A6-22F號
頭份巿,房地(土地+建物)+車位,苗栗縣頭份市公園一街公園段12，13，14，15地號,9.38,商,,,1100214,土地4建物1車位1,七層,23,住宅大樓(11層含以上有電梯),住商用,鋼筋混凝土造,,123.46,3,2,2,有,無,6140000,55189,坡道平面,29.42,950000,本筆交易含竹南藝文段13、14地號共兩筆土地持分，0.6693平方公尺）。土地權利範圍含車位,RPRTMLTKRHGGFFK57CB,昕見築,A10-07F號
頭份巿,房地(土地+建物)+車位,苗栗縣頭份市公園一街公園段12，13，14，15地號,8.26,商,,,1100309,土地4建物1車位1,十四層,23,住宅大樓(11層含以上有電梯),住商用,鋼筋混凝土造,,112.35,3,2,2,有,無,5800000,57880,坡道平面,29.42,1000000,本筆交易含竹南藝文段13、14地號共兩筆土地持分，0.61614平方公尺）。土地權利範圍含車位,RPSTMLTKRHGGFFK67CB,昕見築,A11-14F號
頭份巿,房地(土地+建物)+車位,苗栗縣頭份市公園一街公園段12，13，14，15地號,9.38,商,,,1100209,土地4建物1車位1,十五層,23,住宅大樓(11層含以上有電梯),住商用,鋼筋混凝土造,,123.46,3,2,2,有,無,6330000,56678,坡道平面,29.42,1000000,本筆交易含竹南藝文段13、14地號共兩筆土地持分，0.6693平方公尺）。土地權利範圍含車位,RPTTMLTKRHGGFFK77CB,昕見築,A10-15F號
頭份巿,房地(土地+建物)+車位,苗栗縣頭份市公園一街公園段12，13，14，15地號,10.19,商,,,1100409,土地4建物1車位1,十五層,23,住宅大樓(11層含以上有電梯),住商用,鋼筋混凝土造,,131.61,3,2,2,有,無,7630000,62433,坡道平面,29.42,1250000,本筆交易含竹南藝文段13、14地號共兩筆土地持分，0.75978平方公尺）。土地權利範圍含車位,RPUTMLTKRHGGFFK87CB,昕見築,A9-15F號
頭份巿,房地(土地+建物)+車位,苗栗縣頭份市公園一街公園段12，13，14，15地號,9.38,商,,,1100317,土地4建物1車位1,十七層,23,住宅大樓(11層含以上有電梯),住商用,鋼筋混凝土造,,123.46,3,2,2,有,無,6900000,60613,坡道平面,29.42,1200000,本筆交易含竹南藝文段13、14地號共兩筆土地持分，0.6693平方公尺）。土地權利範圍含車位,RPVTMLTKRHGGFFK97CB,昕見築,A10-17F號
頭份巿,房地(土地+建物)+車位,苗栗縣頭份市公園一街公園段12，13，14，15地號,8.26,商,,,1100226,土地4建物1車位1,十九層,23,住宅大樓(11層含以上有電梯),住商用,鋼筋混凝土造,,111.27,3,2,2,有,無,6050000,61498,坡道平面,28.34,950000,本筆交易含竹南藝文段13、14地號共兩筆土地持分，0.61614平方公尺）。土地權利範圍含車位,RPWTMLTKRHGGFFK08CB,昕見築,A11-19F號
頭份巿,房地(土地+建物)+車位,苗栗縣頭份市公園一街公園段12，13，14，15地號,14.17,商,,,1100515,土地4建物1車位1,十一層,23,住宅大樓(11層含以上有電梯),住商用,鋼筋混凝土造,,171.78,3,2,2,有,無,10940000,69121,坡道平面,29.42,1100000,本筆交易含竹南藝文段13、14地號共兩筆土地持分，1.05651平方公尺）。土地權利範圍含車位,RPXTMLTKRHGGFFK18CB,昕見築,A7-11F號
頭份巿,房地(土地+建物)+車位,苗栗縣頭份市公園一街公園段12，13，14，15地號,9.38,商,,,1100314,土地4建物1車位1,十六層,23,住宅大樓(11層含以上有電梯),住商用,鋼筋混凝土造,,123.46,3,2,2,有,無,6580000,58805,坡道平面,29.42,1050000,本筆交易含竹南藝文段13、14地號共兩筆土地持分，0.6693平方公尺）。土地權利範圍含車位,RPOUMLTKRHGGFFK37CB,昕見築,A10-16F號
頭份巿,房地(土地+建物)+車位,苗栗縣頭份市公園一街公園段12，13，14，15地號,10.19,商,,,1100411,土地4建物1車位2,十三層,23,住宅大樓(11層含以上有電梯),住商用,鋼筋混凝土造,,159.95,3,2,2,有,無,8320000,60867,坡道平面,57.76,2100000,本筆交易含竹南藝文段13、14地號共兩筆土地持分，0.75978平方公尺）。土地權利範圍含車位,RPPUMLTKRHGGFFK47CB,昕見築,A9-13F號
頭份巿,房地(土地+建物)+車位,苗栗縣頭份市公園一街公園段12，13，14，15地號,8.26,商,,,1100127,土地4建物1車位1,十三層,23,住宅大樓(11層含以上有電梯),住商用,鋼筋混凝土造,,111.27,3,2,2,有,無,5830000,58845,坡道平面,28.34,950000,本筆交易含竹南藝文段13、14地號共兩筆土地持分，0.61614平方公尺）。土地權利範圍含車位,RPQUMLTKRHGGFFK57CB,昕見築,A11-13F號
頭份巿,房地(土地+建物)+車位,苗栗縣頭份市公園一街公園段12，13，14，15地號,14.12,商,,,1100427,土地4建物1車位2,二十二層,23,住宅大樓(11層含以上有電梯),住商用,鋼筋混凝土造,,200.52,3,2,2,有,無,13340000,75805,坡道平面,58.84,2600000,本筆交易含竹南藝文段13、14地號共兩筆土地持分，1.05273平方公尺）。土地權利範圍含車位,RPRUMLTKRHGGFFK67CB,昕見築,A2-22F號
頭份巿,房地(土地+建物)+車位,苗栗縣頭份市公園一街公園段12，13，14，15地號,9.38,商,,,1100309,土地4建物1車位1,四層,23,住宅大樓(11層含以上有電梯),住商用,鋼筋混凝土造,,123.46,3,2,2,有,無,6150000,54232,坡道平面,29.42,1050000,本筆交易含竹南藝文段13、14地號共兩筆土地持分，0.6693平方公尺）。土地權利範圍含車位,RPSUMLTKRHGGFFK77CB,昕見築,A10-04F號
頭份巿,房地(土地+建物)+車位,苗栗縣頭份市公園一街公園段12，13，14，15地號,10.14,商,,,1100106,土地4建物1車位1,四層,23,住宅大樓(11層含以上有電梯),住商用,鋼筋混凝土造,,131.29,3,2,2,有,無,7790000,64690,坡道平面,29.42,1200000,本筆交易含竹南藝文段13、14地號共兩筆土地持分，0.756平方公尺）。土地權利範圍含車位,RPTUMLTKRHGGFFK87CB,昕見築,A5-04F號
頭份巿,房地(土地+建物)+車位,苗栗縣頭份市公園一街公園段12，13，14，15地號,10.19,商,,,1100103,土地4建物1車位1,十層,23,住宅大樓(11層含以上有電梯),住商用,鋼筋混凝土造,,131.61,3,2,2,有,無,6840000,57148,坡道平面,29.42,1000000,本筆交易含竹南藝文段13、14地號共兩筆土地持分，0.75978平方公尺）。土地權利範圍含車位,RPUUMLTKRHGGFFK97CB,昕見築,A9-10F號
頭份巿,房地(土地+建物)+車位,苗栗縣頭份市公園一街公園段12，13，14，15地號,10.09,商,,,1100109,土地4建物1車位1,六層,23,住宅大樓(11層含以上有電梯),住商用,鋼筋混凝土造,,130.78,3,2,2,有,無,7850000,65608,坡道平面,29.42,1200000,本筆交易含竹南藝文段13、14地號共兩筆土地持分，0.75222平方公尺）。土地權利範圍含車位,RPVUMLTKRHGGFFK08CB,昕見築,A3-06F號
頭份巿,房地(土地+建物)+車位,苗栗縣頭份市公園一街公園段12，13，14，15地號,9.38,商,,,1100225,土地4建物1車位1,二十一層,23,住宅大樓(11層含以上有電梯),住商用,鋼筋混凝土造,,123.46,3,2,2,有,無,7120000,62420,坡道平面,29.42,1250000,本筆交易含竹南藝文段13、14地號共兩筆土地持分，0.6693平方公尺）。土地權利範圍含車位,RPWUMLTKRHGGFFK18CB,昕見築,A10-21F號
頭份巿,房地(土地+建物)+車位,苗栗縣頭份市公園一街公園段12，13，14，15地號,9.38,商,,,1100307,土地4建物1車位1,十一層,23,住宅大樓(11層含以上有電梯),住商用,鋼筋混凝土造,,123.46,3,2,2,有,無,6510000,56997,坡道平面,29.42,1150000,本筆交易含竹南藝文段13、14地號共兩筆土地持分，0.6693平方公尺）。土地權利範圍含車位,RPXUMLTKRHGGFFK28CB,昕見築,A10-11F號
頭份巿,房地(土地+建物)+車位,苗栗縣頭份市公園一街公園段12，13，14，15地號,12.06,商,,,1100102,土地4建物1車位1,十五層,23,住宅大樓(11層含以上有電梯),住商用,鋼筋混凝土造,,150.9,3,2,2,有,無,9020000,65608,坡道平面,29.42,1050000,本筆交易含竹南藝文段13、14地號共兩筆土地持分，0.89964平方公尺）。土地權利範圍含車位,RPOVMLTKRHGGFFK47CB,昕見築,A8-15F號
頭份巿,房地(土地+建物)+車位,苗栗縣頭份市公園一街公園段12，13，14，15地號,10.09,商,,,1100108,土地4建物1車位1,二十層,23,住宅大樓(11層含以上有電梯),住商用,鋼筋混凝土造,,130.78,3,2,2,有,無,8540000,71922,坡道平面,29.42,1250000,本筆交易含竹南藝文段13、14地號共兩筆土地持分，0.75222平方公尺）。土地權利範圍含車位,RPPVMLTKRHGGFFK57CB,昕見築,A3-20F號
頭份巿,房地(土地+建物)+車位,苗栗縣頭份市公園一街公園段12，13，14，15地號,9.38,商,,,1100217,土地4建物1車位1,九層,23,住宅大樓(11層含以上有電梯),住商用,鋼筋混凝土造,,123.46,3,2,2,有,無,6420000,56040,坡道平面,29.42,1150000,本筆交易含竹南藝文段13、14地號共兩筆土地持分，0.6693平方公尺）。土地權利範圍含車位,RPQVMLTKRHGGFFK67CB,昕見築,A10-09F號
頭份巿,房地(土地+建物)+車位,苗栗縣頭份市公園一街公園段12，13，14，15地號,9.38,商,,,1100227,土地4建物1車位1,十八層,23,住宅大樓(11層含以上有電梯),住商用,鋼筋混凝土造,,123.46,3,2,2,有,無,6700000,60613,坡道平面,29.42,1000000,本筆交易含竹南藝文段13、14地號共兩筆土地持分，0.6693平方公尺）。土地權利範圍含車位,RPRVMLTKRHGGFFK77CB,昕見築,A10-18F號
頭份巿,房地(土地+建物)+車位,苗栗縣頭份市公園一街公園段12，13，14，15地號,9.38,商,,,1100227,土地4建物1車位1,十層,23,住宅大樓(11層含以上有電梯),住商用,鋼筋混凝土造,,123.46,3,2,2,有,無,6360000,56997,坡道平面,29.42,1000000,本筆交易含竹南藝文段13、14地號共兩筆土地持分，0.6693平方公尺）。土地權利範圍含車位,RPSVMLTKRHGGFFK87CB,昕見築,A10-10F號
頭份巿,房地(土地+建物)+車位,苗栗縣頭份市公園一街公園段12，13，14，15地號,9.38,商,,,1100320,土地4建物1車位1,二十層,23,住宅大樓(11層含以上有電梯),住商用,鋼筋混凝土造,,123.46,3,2,2,有,無,6900000,61676,坡道平面,29.42,1100000,本筆交易含竹南藝文段13、14地號共兩筆土地持分，0.6693平方公尺）。土地權利範圍含車位,RPTVMLTKRHGGFFK97CB,昕見築,A10-20F號
頭份巿,房地(土地+建物)+車位,苗栗縣頭份市公園一街公園段12，13，14，15地號,12.06,商,,,1100322,土地4建物1車位1,二十層,23,住宅大樓(11層含以上有電梯),住商用,鋼筋混凝土造,,150.9,3,2,2,有,無,9410000,67583,坡道平面,29.42,1200000,本筆交易含竹南藝文段13、14地號共兩筆土地持分，0.89964平方公尺）。土地權利範圍含車位,RPUVMLTKRHGGFFK08CB,昕見築,A8-20F號
頭份巿,房地(土地+建物)+車位,苗栗縣頭份市公園一街公園段12，13，14，15地號,10.14,商,,,1100416,土地4建物1車位1,十三層,23,住宅大樓(11層含以上有電梯),住商用,鋼筋混凝土造,,131.29,3,2,2,有,無,8650000,72642,坡道平面,29.42,1250000,本筆交易含竹南藝文段13、14地號共兩筆土地持分，0.756平方公尺）。土地權利範圍含車位,RPVVMLTKRHGGFFK18CB,昕見築,A5-13F號
頭份巿,房地(土地+建物)+車位,苗栗縣頭份市公園一街公園段12，13，14，15地號,12.06,商,,,1100319,土地4建物1車位1,十七層,23,住宅大樓(11層含以上有電梯),住商用,鋼筋混凝土造,,150.9,3,2,2,有,無,9280000,66513,坡道平面,29.42,1200000,本筆交易含竹南藝文段13、14地號共兩筆土地持分，0.89964平方公尺）。土地權利範圍含車位,RPWVMLTKRHGGFFK28CB,昕見築,A8-17F號
頭份巿,房地(土地+建物)+車位,苗栗縣頭份市公園一街公園段12，13，14，15地號,8.26,商,,,1100111,土地4建物1車位1,六層,23,住宅大樓(11層含以上有電梯),住商用,鋼筋混凝土造,,111.27,3,2,2,有,無,5450000,55468,坡道平面,28.34,850000,本筆交易含竹南藝文段13、14地號共兩筆土地持分，0.61614平方公尺）。土地權利範圍含車位,RPXVMLTKRHGGFFK38CB,昕見築,A11-06F號
頭份巿,房地(土地+建物)+車位,苗栗縣頭份市公園一街公園段12，13，14，15地號,12.06,商,,,1100328,土地4建物1車位1,十四層,23,住宅大樓(11層含以上有電梯),住商用,鋼筋混凝土造,,150.9,3,2,2,有,無,9200000,65031,坡道平面,29.42,1300000,本筆交易含竹南藝文段13、14地號共兩筆土地持分，0.89964平方公尺）。土地權利範圍含車位,RPOWMLTKRHGGFFK57CB,昕見築,A8-14F號
頭份巿,房地(土地+建物)+車位,苗栗縣頭份市公園一街公園段12，13，14，15地號,12.04,商,,,1100406,土地4建物1車位1,十四層,23,住宅大樓(11層含以上有電梯),住商用,鋼筋混凝土造,,150.52,3,2,2,有,無,9500000,68951,坡道平面,29.42,1150000,本筆交易含竹南藝文段13、14地號共兩筆土地持分，0.89775平方公尺）。土地權利範圍含車位,RPPWMLTKRHGGFFK67CB,昕見築,A1-14F號
頭份巿,房地(土地+建物)+車位,苗栗縣頭份市公園一街公園段12，13，14，15地號,8.26,商,,,1100523,土地4建物1車位1,十五層,23,住宅大樓(11層含以上有電梯),住商用,鋼筋混凝土造,,112.35,3,2,2,有,無,6400000,63306,坡道平面,29.42,1150000,本筆交易含竹南藝文段13、14地號共兩筆土地持分，0.61614平方公尺）。土地權利範圍含車位,RPQWMLTKRHGGFFK77CB,昕見築,A11-15F號
頭份巿,房地(土地+建物)+車位,苗栗縣頭份市公園一街公園段12，13，14，15地號,12.04,商,,,1100312,土地4建物1車位1,十七層,23,住宅大樓(11層含以上有電梯),住商用,鋼筋混凝土造,,150.52,3,2,2,有,無,9330000,66722,坡道平面,29.42,1250000,本筆交易含竹南藝文段13、14地號共兩筆土地持分，0.89775平方公尺）。土地權利範圍含車位,RPRWMLTKRHGGFFK87CB,昕見築,A1-17F號
頭份巿,房地(土地+建物)+車位,苗栗縣頭份市公園一街公園段12，13，14，15地號,9.38,商,,,1100320,土地4建物1車位1,十九層,23,住宅大樓(11層含以上有電梯),住商用,鋼筋混凝土造,,123.46,3,2,2,有,無,6900000,61676,坡道平面,29.42,1100000,本筆交易含竹南藝文段13、14地號共兩筆土地持分，0.6693平方公尺）。土地權利範圍含車位,RPSWMLTKRHGGFFK97CB,昕見築,A10-19F號
頭份巿,房地(土地+建物)+車位,苗栗縣頭份市公園一街公園段12，13，14，15地號,9.38,商,,,1100207,土地4建物1車位1,八層,23,住宅大樓(11層含以上有電梯),住商用,鋼筋混凝土造,,123.46,3,2,2,有,無,6170000,56040,坡道平面,29.42,900000,本筆交易含竹南藝文段13、14地號共兩筆土地持分，0.6693平方公尺）。土地權利範圍含車位,RPTWMLTKRHGGFFK08CB,昕見築,A10-08F號
頭份巿,房地(土地+建物)+車位,苗栗縣頭份市公園一街公園段12，13，14，15地號,10.14,商,,,1100330,土地4建物1車位1,十七層,23,住宅大樓(11層含以上有電梯),住商用,鋼筋混凝土造,,131.29,3,2,2,有,無,8790000,74507,坡道平面,29.42,1200000,本筆交易含竹南藝文段13、14地號共兩筆土地持分，0.756平方公尺）。土地權利範圍含車位,RPUWMLTKRHGGFFK18CB,昕見築,A5-17F號
頭份巿,房地(土地+建物)+車位,苗栗縣頭份市公園一街公園段12，13，14，15地號,9.38,商,,,1100301,土地4建物1車位1,十三層,23,住宅大樓(11層含以上有電梯),住商用,鋼筋混凝土造,,123.46,3,2,2,有,無,6150000,54232,坡道平面,29.42,1050000,本筆交易含竹南藝文段13、14地號共兩筆土地持分，0.6693平方公尺）。土地權利範圍含車位,RPVWMLTKRHGGFFK28CB,昕見築,A10-13F號
頭份巿,房地(土地+建物)+車位,苗栗縣頭份市公園一街公園段12，13，14，15地號,10.14,商,,,1100501,土地4建物1車位1,十六層,23,住宅大樓(11層含以上有電梯),住商用,鋼筋混凝土造,,131.29,3,2,2,有,無,8540000,73525,坡道平面,29.42,1050000,本筆交易含竹南藝文段13、14地號共兩筆土地持分，0.756平方公尺）。土地權利範圍含車位,RPWWMLTKRHGGFFK38CB,昕見築,A5-16F號
頭份巿,房地(土地+建物)+車位,苗栗縣頭份市公園段43地號,14.98,商,,,1100518,土地1建物1車位1,四層,15,住宅大樓(11層含以上有電梯),住商用,鋼筋混凝土造,,169.1,3,2,2,有,無,7820000,50491,坡道平面,29.47,770000,,RPXWMLTKRHGGFFK48CB,藝文公園,C棟1號
頭份巿,房地(土地+建物)+車位,苗栗縣頭份市公園段43地號,14.98,商,,,1100517,土地1建物1車位1,十四層,15,住宅大樓(11層含以上有電梯),住商用,鋼筋混凝土造,,169.1,3,2,2,有,無,9210000,59013,坡道平面,29.47,970000,,RPONNLTKRHGGFFK76CB,藝文公園,B棟1號
頭份巿,房地(土地+建物)+車位,苗栗縣頭份市公園段43地號,9.82,商,,,1100604,土地1建物1車位1,四層,15,住宅大樓(11層含以上有電梯),住商用,鋼筋混凝土造,,121.15,2,2,1,有,無,5270000,50175,坡道平面,29.47,670000,,RPPNNLTKRHGGFFK86CB,藝文公園,D棟2號
頭份巿,房地(土地+建物)+車位,苗栗縣頭份市公園段43地號,9.84,商,,,1100518,土地1建物1車位1,三層,15,住宅大樓(11層含以上有電梯),住商用,鋼筋混凝土造,,121.26,2,2,1,有,無,5890000,56869,坡道平面,29.47,670000,,RPQNNLTKRHGGFFK96CB,藝文公園,B棟2號
頭份巿,房地(土地+建物)+車位,苗栗縣頭份市公園段43地號,9.82,商,,,1100528,土地1建物1車位1,三層,15,住宅大樓(11層含以上有電梯),住商用,鋼筋混凝土造,,121.15,2,2,1,有,無,5330000,50829,坡道平面,29.47,670000,,RPPNMLKLRHGGFFK58CB,藝文公園,D棟2號
頭份巿,房地(土地+建物)+車位,苗栗縣頭份市公園段43地號,9.82,商,,,1100501,土地1建物1車位1,七層,15,住宅大樓(11層含以上有電梯),住商用,鋼筋混凝土造,,121.15,2,2,1,有,無,5750000,52138,坡道平面,29.47,970000,,RPQNMLKLRHGGFFK68CB,藝文公園,A棟2號
頭份巿,房地(土地+建物)+車位,苗栗縣頭份市公園段43地號,14.98,商,,,1100518,土地1建物1車位1,九層,15,住宅大樓(11層含以上有電梯),住商用,鋼筋混凝土造,,169.1,3,2,2,有,無,9150000,59300,坡道平面,29.47,870000,,RPRNMLKLRHGGFFK78CB,藝文公園,B棟1號
頭份巿,房地(土地+建物)+車位,苗栗縣頭份市公園段43地號,9.82,商,,,1100518,土地1建物1車位1,六層,15,住宅大樓(11層含以上有電梯),住商用,鋼筋混凝土造,,121.15,2,2,1,有,無,5510000,51702,坡道平面,29.47,770000,,RPSNMLKLRHGGFFK88CB,藝文公園,D棟2號
頭份巿,房地(土地+建物)+車位,苗栗縣頭份市公園段43地號,14.82,商,,,1100630,土地1建物1車位1,十層,15,住宅大樓(11層含以上有電梯),住商用,鋼筋混凝土造,,167.63,3,2,2,有,無,8150000,52693,坡道平面,29.47,870000,,RPTNMLKLRHGGFFK98CB,藝文公園,A棟1號
頭份巿,房地(土地+建物)+車位,苗栗縣頭份市公園段43地號,9.82,商,,,1100630,土地1建物1車位1,十二層,15,住宅大樓(11層含以上有電梯),住商用,鋼筋混凝土造,,121.15,2,2,1,有,無,5710000,52792,坡道平面,29.47,870000,,RPUNMLKLRHGGFFK09CB,藝文公園,A棟2號
頭份巿,房地(土地+建物)+車位,苗栗縣頭份市公園段43地號,14.98,商,,,1100617,土地1建物1車位1,七層,15,住宅大樓(11層含以上有電梯),住商用,鋼筋混凝土造,,169.1,3,2,2,有,無,9230000,59156,坡道平面,29.47,970000,,RPWNMLKLRHGGFFK66CB,藝文公園,C棟1號
頭份巿,房地(土地+建物)+車位,苗栗縣頭份市公園段43地號,14.82,商,,,1100426,土地1建物1車位1,六層,15,住宅大樓(11層含以上有電梯),住商用,鋼筋混凝土造,,167.63,3,2,2,有,無,7670000,49218,坡道平面,29.47,870000,,RPXNMLKLRHGGFFK76CB,藝文公園,A棟1號
頭份巿,房地(土地+建物)+車位,苗栗縣頭份市公園段43地號,14.82,商,,,1100527,土地1建物1車位1,八層,15,住宅大樓(11層含以上有電梯),住商用,鋼筋混凝土造,,167.63,3,2,2,有,無,7800000,50159,坡道平面,29.47,870000,,RPOOMLKLRHGGFFK58CB,藝文公園,D棟1號
頭份巿,房地(土地+建物)+車位,苗栗縣頭份市公園段43地號,14.82,商,,,1100630,土地1建物1車位1,九層,15,住宅大樓(11層含以上有電梯),住商用,鋼筋混凝土造,,167.63,3,2,2,有,無,8070000,52113,坡道平面,29.47,870000,,RPPOMLKLRHGGFFK68CB,藝文公園,A棟1號
頭份巿,房地(土地+建物)+車位,苗栗縣頭份市公園段43地號,9.82,商,,,1100511,土地1建物1車位1,十三層,15,住宅大樓(11層含以上有電梯),住商用,鋼筋混凝土造,,121.15,2,2,1,有,無,5620000,50720,坡道平面,29.47,970000,,RPQOMLKLRHGGFFK78CB,藝文公園,D棟2號
頭份巿,房地(土地+建物)+車位,苗栗縣頭份市公園段43地號,14.82,商,,,1100519,土地1建物1車位1,十一層,15,住宅大樓(11層含以上有電梯),住商用,鋼筋混凝土造,,167.63,3,2,2,有,無,8240000,53344,坡道平面,29.47,870000,,RPROMLKLRHGGFFK88CB,藝文公園,A棟1號
頭份巿,房地(土地+建物)+車位,苗栗縣頭份市公園段43地號,14.54,商,,,1100522,土地1建物1車位1,五層,15,住宅大樓(11層含以上有電梯),住商用,鋼筋混凝土造,,165.02,3,2,2,有,無,7850000,52232,坡道平面,29.47,770000,,RPSOMLKLRHGGFFK98CB,藝文公園,A棟3號
頭份巿,房地(土地+建物)+車位,苗栗縣頭份市公園段43地號,14.82,商,,,1100630,土地1建物1車位1,十三層,15,住宅大樓(11層含以上有電梯),住商用,鋼筋混凝土造,,167.63,3,2,2,有,無,8000000,52331,坡道平面,29.47,770000,,RPTOMLKLRHGGFFK09CB,藝文公園,A棟1號
頭份巿,房地(土地+建物)+車位,苗栗縣頭份市公園段43地號,14.54,商,,,1100610,土地1建物1車位1,十一層,15,住宅大樓(11層含以上有電梯),住商用,鋼筋混凝土造,,165.02,3,2,2,有,無,8100000,53338,坡道平面,29.47,870000,,RPUOMLKLRHGGFFK56CB,藝文公園,A棟3號
頭份巿,房地(土地+建物)+車位,苗栗縣頭份市公園段43地號,14.54,商,,,1100616,土地1建物1車位1,九層,15,住宅大樓(11層含以上有電梯),住商用,鋼筋混凝土造,,165.02,3,2,2,有,無,8150000,53707,坡道平面,29.47,870000,,RPVOMLKLRHGGFFK66CB,藝文公園,A棟3號
頭份巿,房地(土地+建物)+車位,苗栗縣頭份市公園段43地號,14.54,商,,,1100601,土地1建物1車位1,十五層,15,住宅大樓(11層含以上有電梯),住商用,鋼筋混凝土造,,165.02,3,2,2,有,無,8000000,53338,坡道平面,29.47,770000,,RPWOMLKLRHGGFFK76CB,藝文公園,A棟3號
頭份巿,房地(土地+建物)+車位,苗栗縣頭份市公園段43地號,14.82,商,,,1100822,土地1建物1車位1,十二層,15,住宅大樓(11層含以上有電梯),住商用,鋼筋混凝土造,,167.63,3,2,2,有,無,8500000,55226,坡道平面,29.47,870000,,RPXOMLKLRHGGFFK86CB,藝文公園,D棟1號
頭份巿,房地(土地+建物)+車位,苗栗縣頭份市公園段43地號,14.54,商,,,1100617,土地1建物1車位1,十五層,15,住宅大樓(11層含以上有電梯),住商用,鋼筋混凝土造,,165.02,3,2,2,有,無,7960000,53043,坡道平面,29.47,770000,,RPOPMLKLRHGGFFK68CB,藝文公園,D棟3號
頭份巿,房地(土地+建物)+車位,苗栗縣頭份市公園段43地號,14.54,商,,,1100630,土地1建物1車位1,二層,15,住宅大樓(11層含以上有電梯),住商用,鋼筋混凝土造,,164.04,3,2,2,有,無,7700000,51420,坡道平面,28.49,730000,,RPPPMLKLRHGGFFK78CB,藝文公園,A棟3號
頭屋鄉,房地(土地+建物)+車位,苗栗縣頭屋鄉尖豐路56號旁,23.98,住,,,1100919,土地1建物1車位1,七層,8,華廈(10層含以下有電梯),住家用,鋼筋混凝土造,,114.36,2,1,1,有,無,4980000,46950,升降機械,16.81,400000,,RPRNMLNLRHGGFBK68CB,元邦建設-元邦好境,C棟C6號
頭份巿,房地(土地+建物),苗栗縣頭份市永貞段938-10地號,84.85,住,,,1100917,土地1建物1車位0,全,3,透天厝,住家用,鋼筋混凝土造,,203.31,5,2,3,有,無,12800000,62958,,0.0,0,,RPOOMLRLRHGGFFK66CB,東站學堂,A棟11號
苗栗市,房地(土地+建物)+車位,苗栗縣苗栗市英才段1025號,30.73,住,,,1100915,土地1建物1車位1,二層,5,華廈(10層含以下有電梯),住家用,鋼筋混凝土造,,105.76,2,2,1,有,無,6500000,61460,一樓平面,0.0,0,,RPUNMLSLRHGGFBK86CB,鑫美麗NO.2,A棟2號
苗栗市,房地(土地+建物)+車位,苗栗縣苗栗市英才段1042-1地號,42.9,住,,,1100912,土地1建物1車位1,五層,5,華廈(10層含以下有電梯),住家用,鋼筋混凝土造,,142.96,3,2,2,有,無,8980000,62815,一樓平面,0.0,0,,RPVNMLSLRHGGFBK96CB,鑫美麗NO.3,A棟5號
竹南鎮,房地(土地+建物),苗栗縣竹南鎮明勝路,81.11,住,,,1100911,土地7建物1車位0,全,3,透天厝,住家用,鋼筋混凝土造,,161.54,3,2,3,有,無,10300000,63761,,0.0,0,,RPRNMLSLRHGGFDK76CB,家藏美6,B棟2號
竹南鎮,房地(土地+建物),苗栗縣竹南鎮明勝路,97.38,住,,,1100911,土地8建物1車位0,全,3,透天厝,住家用,鋼筋混凝土造,,161.55,3,2,3,有,無,10880000,67348,,0.0,0,,RPTNMLSLRHGGFDK96CB,家藏美6,C棟10號
竹南鎮,房地(土地+建物),苗栗縣竹南鎮明勝路,99.99,住,,,1100912,土地10建物1車位0,全,4,透天厝,住家用,鋼筋混凝土造,,182.94,4,2,4,有,無,12300000,67235,,0.0,0,,RPQPMLSLRHGGFDK86CB,家藏美6,C棟3號
竹南鎮,房地(土地+建物),苗栗縣竹南鎮明勝路,99.67,住,,,1100912,土地10建物1車位0,全,4,透天厝,住家用,鋼筋混凝土造,,182.94,4,2,4,有,無,12300000,67235,,0.0,0,,RPRQMLSLRHGGFDK07CB,家藏美6,C棟2號
竹南鎮,房地(土地+建物),苗栗縣竹南鎮明勝路,82.26,住,,,1100913,土地7建物1車位0,全,3,透天厝,住家用,鋼筋混凝土造,,161.54,3,2,3,有,無,10300000,63761,,0.0,0,,RPSQMLSLRHGGFDK17CB,家藏美6,B棟1號
竹南鎮,房地(土地+建物),苗栗縣竹南鎮明勝路,87.92,住,,,1100913,土地6建物1車位0,全,4,透天厝,住商用,鋼筋混凝土造,,162.74,3,3,4,有,無,13980000,85904,,0.0,0,,RPTQMLSLRHGGFDK27CB,家藏美6,A棟1號
竹南鎮,房地(土地+建物),苗栗縣竹南鎮仁德路259巷,94.24,住,,,1100918,土地2建物1車位0,全,3,透天厝,住家用,鋼筋混凝土造,,208.62,5,2,5,有,無,12000000,57521,,0.0,0,,RPTPMLTLRHGGFDK27CB,立夏,B棟2號
竹南鎮,房地(土地+建物)+車位,苗栗縣竹南鎮大同段801地號,43.49,住,,,1100912,土地1建物1車位1,四層,5,華廈(10層含以下有電梯),住家用,鋼筋混凝土造,,101.06,3,2,2,有,無,5430000,48655,一樓平面,10.01,1000000,,RPOVMLTLRHGGFDK37CB,心境幸福,E棟4號
竹南鎮,房地(土地+建物),苗栗縣竹南鎮明勝路,81.24,住,,,1100913,土地7建物1車位0,全,3,透天厝,住家用,鋼筋混凝土造,,161.55,3,2,3,有,無,10300000,63757,,0.0,0,,RPRNMLKMRHGGFDK68CB,家藏美6,B棟7號
竹南鎮,房地(土地+建物),苗栗縣竹南鎮明勝路,117.09,住,,,1100913,土地8建物1車位0,全,3,透天厝,住家用,鋼筋混凝土造,,164.53,4,2,3,有,無,10800000,65642,,0.0,0,,RPSNMLKMRHGGFDK78CB,家藏美6,B棟9號
竹南鎮,房地(土地+建物),苗栗縣竹南鎮明勝路,97.15,住,,,1100917,土地2建物1車位0,全,3,透天厝,住家用,鋼筋混凝土造,,164.46,4,2,3,有,無,13500000,82087,,0.0,0,,RPTNMLKMRHGGFDK88CB,家藏美6,D棟1號
竹南鎮,房地(土地+建物),苗栗縣竹南鎮明勝路,103.71,住,,,1100918,土地7建物1車位0,全,4,透天厝,住家用,鋼筋混凝土造,,182.94,4,2,4,有,無,12380000,67672,,0.0,0,,RPUNMLKMRHGGFDK98CB,家藏美6,C棟1號
竹南鎮,房地(土地+建物),苗栗縣竹南鎮明勝路,81.21,住,,,1100920,土地7建物1車位0,全,3,透天厝,住家用,鋼筋混凝土造,,161.55,3,2,3,有,無,10280000,63634,,0.0,0,,RPVNMLKMRHGGFDK09CB,家藏美6,B棟5號
竹南鎮,房地(土地+建物),苗栗縣竹南鎮明勝路,81.24,住,,,1100920,土地7建物1車位0,全,3,透天厝,住家用,鋼筋混凝土造,,161.55,3,2,3,有,無,10280000,63634,,0.0,0,,RPWNMLKMRHGGFDK56CB,家藏美6,B棟6號
竹南鎮,房地(土地+建物)+車位,苗栗縣竹南鎮維新路新南段4地號,25.88,住,,,1100920,土地1建物1車位1,十二層,14,住宅大樓(11層含以上有電梯),住家用,鋼筋混凝土造,,151.79,3,2,2,有,無,8690000,58777,坡道平面,24.36,1200000,,RPOOMLKMRHGGFDK48CB,悅捷市,E棟3-12號
竹南鎮,房地(土地+建物)+車位,苗栗縣竹南鎮維新路新南段4地號,26.41,住,,,1100913,土地1建物1車位1,六層,12,住宅大樓(11層含以上有電梯),住家用,鋼筋混凝土造,,154.27,3,2,2,有,無,9020000,60196,坡道平面,24.36,1200000,,RPROMLKMRHGGFDK78CB,悅捷市,C棟1-06號
竹南鎮,房地(土地+建物)+車位,苗栗縣竹南鎮維新路新南段4地號,23.59,住,,,1100913,土地1建物1車位1,七層,15,住宅大樓(11層含以上有電梯),住家用,鋼筋混凝土造,,140.42,3,2,2,有,無,8160000,58246,坡道平面,24.36,1400000,,RPSOMLKMRHGGFDK88CB,悅捷市,B棟5-07號
頭份巿,房地(土地+建物)+車位,苗栗縣頭份市永貞段273地號,30.18,住,,,1100911,土地1建物1車位1,二層,5,華廈(10層含以下有電梯),住家用,鋼筋混凝土造,,115.77,3,2,2,有,無,6280000,50972,一樓平面,8.26,800000,,RPVNMLKMRHGGFFK66CB,臻愛,A棟6號
頭份巿,房地(土地+建物),苗栗縣頭份市山下一街475巷3弄1號,210.52,農,,,1100912,土地4建物1車位0,全,3,透天厝,住家用,鋼筋混凝土造,,256.58,4,2,5,有,無,21800000,84964,,0.0,0,,RPVVNLKMRHGGFFK57CB,御墅,A棟1號
頭份巿,房地(土地+建物)+車位,苗栗縣頭份市仁愛段41地號,28.29,住,,,1100913,土地1建物1車位1,五層,15,住宅大樓(11層含以上有電梯),住家用,鋼筋混凝土造,,159.64,3,2,2,有,無,9300000,65995,坡道平面,31.6,850000,,RPUNOLKMRHGGFFK76CB,昌隆廣場-上慶,A2棟05F號
頭份巿,房地(土地+建物)+車位,苗栗縣頭份市仁愛段41地號,19.91,住,,,1100913,土地1建物1車位1,八層,15,住宅大樓(11層含以上有電梯),住家用,鋼筋混凝土造,,120.98,2,2,1,有,無,6550000,63773,坡道平面,31.6,850000,,RPPPOLKMRHGGFFK09CB,昌隆廣場-上慶,A3棟08F號
頭份巿,房地(土地+建物)+車位,苗栗縣頭份市仁愛段41地號,19.91,住,,,1100913,土地1建物1車位1,十四層,15,住宅大樓(11層含以上有電梯),住家用,鋼筋混凝土造,,120.98,2,2,1,有,無,6380000,61871,坡道平面,31.6,850000,,RPUPOLKMRHGGFFK96CB,昌隆廣場-上慶,A3棟14F號
頭份巿,房地(土地+建物)+車位,苗栗縣頭份市仁愛段41地號,19.91,住,,,1100913,土地1建物1車位1,十五層,15,住宅大樓(11層含以上有電梯),住家用,鋼筋混凝土造,,120.98,2,2,1,有,無,6300000,60976,坡道平面,31.6,850000,,RPVPOLKMRHGGFFK07CB,昌隆廣場-上慶,A3棟15F號
頭份巿,房地(土地+建物)+車位,苗栗縣頭份市仁愛段41地號,16.77,住,,,1100913,土地1建物1車位1,二層,14,住宅大樓(11層含以上有電梯),住家用,鋼筋混凝土造,,107.11,2,2,1,有,無,5200000,57608,坡道平面,31.6,850000,,RPRQOLKMRHGGFFK76CB,昌隆廣場-上慶,B3棟02F號
頭份巿,房地(土地+建物),苗栗縣頭份市永貞段273地號,30.28,住,,,1100911,土地1建物1車位0,四層,5,華廈(10層含以下有電梯),住家用,鋼筋混凝土造,,107.97,3,2,2,有,無,5700000,52792,,0.0,0,,RPUQOLKMRHGGFFK07CB,臻愛,A棟5號
頭份巿,房地(土地+建物)+車位,苗栗縣頭份市仁愛段41地號,16.77,住,,,1100913,土地1建物1車位1,六層,14,住宅大樓(11層含以上有電梯),住家用,鋼筋混凝土造,,107.11,2,2,1,有,無,5380000,59992,坡道平面,31.6,850000,,RPWQOLKMRHGGFFK27CB,昌隆廣場-上慶,B3棟06F號
頭份巿,房地(土地+建物)+車位,苗栗縣頭份市仁愛段41地號,16.77,住,,,1100913,土地1建物1車位1,九層,14,住宅大樓(11層含以上有電梯),住家用,鋼筋混凝土造,,107.11,2,2,1,有,無,5480000,61316,坡道平面,31.6,850000,,RPOROLKMRHGGFFK56CB,昌隆廣場-上慶,B3棟09F號
頭份巿,房地(土地+建物)+車位,苗栗縣頭份市仁愛段41地號,16.77,住,,,1100913,土地1建物1車位1,十四層,14,住宅大樓(11層含以上有電梯),住家用,鋼筋混凝土造,,107.11,2,2,1,有,無,5250000,58270,坡道平面,31.6,850000,,RPRROLKMRHGGFFK86CB,昌隆廣場-上慶,B3棟14F號
頭份巿,房地(土地+建物),苗栗縣頭份市中華段1297-23,77.78,住,,,1100917,土地3建物1車位0,全,4,透天厝,住家用,鋼筋混凝土造,,198.15,4,2,4,有,無,9850000,49710,,0.0,0,,RPTROLKMRHGGFFK07CB,御國尊爵,B棟27號
頭份巿,房地(土地+建物),苗栗縣頭份市永貞段273地號,30.55,住,,,1100911,土地1建物1車位0,四層,5,華廈(10層含以下有電梯),住家用,鋼筋混凝土造,,108.87,3,2,2,有,無,5700000,52356,,0.0,0,,RPVROLKMRHGGFFK27CB,臻愛,A棟8號
頭份巿,房地(土地+建物)+車位,苗栗縣頭份市仁愛段41地號,25.15,住,,,1100913,土地1建物1車位1,十二層,14,住宅大樓(11層含以上有電梯),住家用,鋼筋混凝土造,,145.18,3,2,2,有,無,8380000,65416,坡道平面,31.6,950000,,RPWROLKMRHGGFFK37CB,昌隆廣場-上慶,B5棟12F號
頭份巿,房地(土地+建物)+車位,苗栗縣頭份市仁愛段41地號,20.43,住,,,1100913,土地1建物1車位1,四層,14,住宅大樓(11層含以上有電梯),住家用,鋼筋混凝土造,,124.56,2,2,1,有,無,6650000,62392,坡道平面,31.6,850000,,RPOSOLKMRHGGFFK66CB,昌隆廣場-上慶,C1棟04F號
頭份巿,房地(土地+建物)+車位,苗栗縣頭份市仁愛段41地號,20.43,住,,,1100913,土地1建物1車位1,九層,14,住宅大樓(11層含以上有電梯),住家用,鋼筋混凝土造,,123.36,2,2,1,有,無,6770000,64516,坡道平面,31.6,850000,,RPQSOLKMRHGGFFK86CB,昌隆廣場-上慶,C1棟09F號
頭份巿,房地(土地+建物)+車位,苗栗縣頭份市仁愛段41地號,20.43,住,,,1100913,土地1建物1車位1,十層,14,住宅大樓(11層含以上有電梯),住家用,鋼筋混凝土造,,123.36,2,2,1,有,無,6770000,64516,坡道平面,31.6,850000,,RPSSOLKMRHGGFFK07CB,昌隆廣場-上慶,C1棟10F號
頭份巿,房地(土地+建物)+車位,苗栗縣頭份市仁愛段41地號,26.72,住,,,1100913,土地1建物1車位1,四層,14,住宅大樓(11層含以上有電梯),住家用,鋼筋混凝土造,,151.3,3,2,2,有,無,8450000,63492,坡道平面,31.6,850000,,RPUSOLKMRHGGFFK27CB,昌隆廣場-上慶,C2棟04F號
頭份巿,房地(土地+建物),苗栗縣頭份市中華段1297-24,117.35,住,,,1100917,土地3建物1車位0,全,4,透天厝,住家用,鋼筋混凝土造,,199.96,4,2,4,有,無,11150000,55761,,0.0,0,,RPVSOLKMRHGGFFK37CB,御國尊爵,B棟28號
頭份巿,房地(土地+建物)+車位,苗栗縣頭份市仁愛段41地號,26.72,住,,,1100913,土地1建物1車位1,十一層,14,住宅大樓(11層含以上有電梯),住家用,鋼筋混凝土造,,151.3,3,2,2,有,無,8630000,64160,坡道平面,31.6,950000,,RPWSOLKMRHGGFFK47CB,昌隆廣場-上慶,C2棟11F號
頭份巿,房地(土地+建物)+車位,苗栗縣頭份市仁愛段41地號,19.91,住,,,1100913,土地1建物1車位1,八層,14,住宅大樓(11層含以上有電梯),住家用,鋼筋混凝土造,,120.74,2,2,1,有,無,6250000,59457,坡道平面,31.6,950000,交易總價含下列非屬預售屋價格之費用:親友、員工、共有人或其他特殊關係間之交易；,RPPTOLKMRHGGFFK86CB,昌隆廣場-上慶,C3棟08F號
頭份巿,房地(土地+建物)+車位,苗栗縣頭份市仁愛段41地號,26.72,住,,,1100913,土地1建物1車位1,十一層,14,住宅大樓(11層含以上有電梯),住家用,鋼筋混凝土造,,151.3,3,2,2,有,無,8630000,64160,坡道平面,31.6,950000,,RPSTOLKMRHGGFFK17CB,昌隆廣場-上慶,D1棟11F號
頭份巿,房地(土地+建物)+車位,苗栗縣頭份市仁愛段41地號,27.77,住,,,1100913,土地1建物1車位1,六層,14,住宅大樓(11層含以上有電梯),住家用,鋼筋混凝土造,,155.82,3,2,2,有,無,8650000,61987,坡道平面,31.6,950000,,RPUTOLKMRHGGFFK37CB,昌隆廣場-上慶,D3棟06F號
頭份巿,房地(土地+建物)+車位,苗栗縣頭份市仁愛段41地號,19.39,住,,,1100913,土地1建物1車位1,四層,14,住宅大樓(11層含以上有電梯),住家用,鋼筋混凝土造,,117.95,2,2,1,有,無,6080000,60567,坡道平面,31.6,850000,,RPVTOLKMRHGGFFK47CB,昌隆廣場-上慶,D5棟04F號
苗栗市,房地(土地+建物)+車位,苗栗縣苗栗市維祥街1巷15弄,49.12,,鄉村區,乙種建築用地,1100918,土地2建物1車位1,四層,15,住宅大樓(11層含以上有電梯),住家用,鋼筋混凝土造,,161.25,3,2,2,有,無,7090000,45560,坡道平面,27.58,1000000,,RPPNMLOJIIGGFBK67DB,桐芯園,A棟6號
苗栗市,房地(土地+建物)+車位,苗栗縣苗栗市維祥街1巷15弄,34.33,,鄉村區,乙種建築用地,1100915,土地2建物1車位1,七層,15,住宅大樓(11層含以上有電梯),住家用,鋼筋混凝土造,,103.16,3,2,1,有,無,5180000,51542,坡道機械,10.42,400000,,RPRNMLOJIIGGFBK87DB,桐芯園,A棟7號
頭份巿,房地(土地+建物),苗栗縣頭份市中正一路,20.62,住,,,1100914,土地1建物1車位0,五層,7,華廈(10層含以下有電梯),住家用,鋼筋混凝土造,,66.58,2,1,1,有,無,3530000,53019,,0.0,0,,RPPNMLOJIIGGFFK08DB,安宬吉品2,A棟2號
苗栗市,房地(土地+建物)+車位,苗栗縣苗栗市上苗里建民街,24.54,住,,,1100918,土地1建物1車位1,四層,8,華廈(10層含以下有電梯),住家用,鋼筋混凝土造,,109.46,2,2,1,有,無,5250000,48268,坡道平面,16.23,750000,,RPPNMLPJIIGGFBK67CB,宏傳.京站,B棟4號
竹南鎮,房地(土地+建物)+車位,苗栗縣竹南鎮龍山路三段1巷,81.34,住,,,1100912,土地2建物1車位1,全,4,透天厝,住家用,鋼筋混凝土造,,195.7,3,2,4,有,無,12720000,64997,一樓平面,0.0,0,,RPPNMLSJIIGGFDK18CB,文華艷,B棟2號
苗栗市,房地(土地+建物)+車位,苗栗縣苗栗市文峰街,37.89,住,,,1100911,土地1建物1車位1,七層,11,住宅大樓(11層含以上有電梯),住家用,鋼筋混凝土造,,191.42,4,2,2,有,無,10300000,58543,一樓平面,30.0,850000,機車停車位1個,RPPNMLTJIIGGFBK08CB,明慧居三,A棟7號
苗栗市,房地(土地+建物)+車位,苗栗縣苗栗市文峰街,37.89,住,,,1100911,土地1建物1車位2,十層,11,住宅大樓(11層含以上有電梯),住家用,鋼筋混凝土造,,221.42,4,2,2,有,無,11260000,60154,一樓平面,60.0,1550000,機車停車位一個,RPQNMLTJIIGGFBK18CB,明慧居三,A棟10號
苗栗市,房地(土地+建物)+車位,苗栗縣苗栗市文峰街,37.96,住,,,1100919,土地1建物1車位1,十一層,11,住宅大樓(11層含以上有電梯),住家用,鋼筋混凝土造,,191.47,4,2,2,有,無,10500000,59763,一樓平面,30.0,850000,機車停車位一個,RPRNMLTJIIGGFBK28CB,明慧居三,A棟11號
苗栗市,房地(土地+建物)+車位,苗栗縣苗栗市文峰街,38.33,住,,,1100912,土地1建物1車位1,九層,11,住宅大樓(11層含以上有電梯),住家用,鋼筋混凝土造,,193.15,4,2,2,有,無,10800000,60987,一樓平面,30.0,850000,機車停車位一個,RPSNMLTJIIGGFBK38CB,明慧居三,B棟9號
苗栗市,房地(土地+建物)+車位,苗栗縣苗栗市文峰街,38.4,住,,,1100919,土地1建物1車位1,十一層,11,住宅大樓(11層含以上有電梯),住家用,鋼筋混凝土造,,193.2,4,2,2,有,無,10500000,59130,一樓平面,30.0,850000,機車停車位一個,RPTNMLTJIIGGFBK48CB,明慧居三,B棟11號
苗栗市,房地(土地+建物),苗栗縣苗栗市文峰街,109.45,住,,,1100914,土地1建物1車位0,全,0,透天厝,住家用,鋼筋混凝土造,,300.31,6,2,7,有,無,21500000,71593,,0.0,0,,RPUNMLTJIIGGFBK58CB,明慧居三,C棟3號
頭份巿,房地(土地+建物)+車位,苗栗縣頭份市公園段43地號,14.98,商,,,1100912,土地1建物1車位1,十五層,15,住宅大樓(11層含以上有電梯),住商用,鋼筋混凝土造,,169.1,3,2,2,有,無,9380000,61663,坡道平面,29.47,770000,,RPTQNLLKIIGGFFK58CB,藝文公園,B棟1號
頭份巿,房地(土地+建物)+車位,苗栗縣頭份市公園段43地號,14.54,商,,,1100913,土地1建物1車位1,二層,15,住宅大樓(11層含以上有電梯),住商用,鋼筋混凝土造,,165.02,3,2,2,有,無,8100000,54076,坡道平面,29.47,770000,,RPUQNLLKIIGGFFK68CB,藝文公園,D棟3號
頭份巿,房地(土地+建物)+車位,苗栗縣頭份市公園段43地號,14.54,商,,,1100914,土地1建物1車位1,十一層,15,住宅大樓(11層含以上有電梯),住商用,鋼筋混凝土造,,165.02,3,2,2,有,無,8510000,54887,坡道平面,29.47,1070000,,RPVQNLLKIIGGFFK78CB,藝文公園,D棟3號
頭份巿,房地(土地+建物)+車位,苗栗縣頭份市公園段43地號,17.53,商,,,1100912,土地1建物1車位1,三層,15,住宅大樓(11層含以上有電梯),住商用,鋼筋混凝土造,,194.46,4,2,2,有,無,11220000,63249,坡道平面,30.82,870000,,RPWQNLLKIIGGFFK88CB,藝文公園,C棟3號
頭份巿,房地(土地+建物)+車位,苗栗縣頭份市公園段43地號,14.54,商,,,1100912,土地1建物1車位1,五層,15,住宅大樓(11層含以上有電梯),住商用,鋼筋混凝土造,,165.02,3,2,2,有,無,8500000,54814,坡道平面,29.47,1070000,,RPXQNLLKIIGGFFK98CB,藝文公園,D棟3號
頭份巿,房地(土地+建物)+車位,苗栗縣頭份市公園段43地號,14.54,商,,,1100915,土地1建物1車位1,八層,15,住宅大樓(11層含以上有電梯),住商用,鋼筋混凝土造,,165.02,3,2,2,有,無,8520000,57174,坡道平面,29.47,770000,,RPQRNLLKIIGGFFK38CB,藝文公園,A棟3號
頭份巿,房地(土地+建物)+車位,苗栗縣頭份市建興街,34.02,住,,,1100911,土地2建物1車位1,三層,5,華廈(10層含以下有電梯),住家用,鋼筋混凝土造,,115.77,3,2,2,有,無,7100000,61328,一樓平面,0.0,0,,RPWSNLLKIIGGFFK09CB,信義之星5,G棟3號
頭份巿,房地(土地+建物)+車位,苗栗縣頭份市建興街,34.02,住,,,1100911,土地2建物1車位1,四層,5,華廈(10層含以下有電梯),住家用,鋼筋混凝土造,,115.77,3,2,2,有,無,7100000,61328,一樓平面,0.0,0,,RPXSNLLKIIGGFFK56CB,信義之星5,G棟4號
頭份巿,房地(土地+建物)+車位,苗栗縣頭份市建興街,33.02,住,,,1100912,土地2建物1車位1,三層,5,華廈(10層含以下有電梯),住家用,鋼筋混凝土造,,112.21,3,2,2,有,無,7080000,63096,一樓平面,0.0,0,,RPOTNLLKIIGGFFK38CB,信義之星5,H棟3號
頭份巿,房地(土地+建物)+車位,苗栗縣頭份市建興街,34.02,住,,,1100919,土地2建物1車位1,三層,5,華廈(10層含以下有電梯),住家用,鋼筋混凝土造,,115.77,3,2,2,有,無,7000000,60465,一樓平面,0.0,0,,RPPTNLLKIIGGFFK48CB,信義之星5,D棟3號
頭份巿,房地(土地+建物)+車位,苗栗縣頭份市建興街,26.02,住,,,1100915,土地2建物1車位1,四層,5,華廈(10層含以下有電梯),住家用,鋼筋混凝土造,,91.76,2,2,1,有,無,5550000,60484,一樓平面,0.0,0,,RPQTNLLKIIGGFFK58CB,信義之星5,F棟4號
公館鄉,房地(土地+建物),苗栗縣公館鄉館興段324地號,34.14,住,,,1100917,土地1建物1車位0,二層,5,華廈(10層含以下有電梯),住家用,鋼筋混凝土造,,76.96,2,2,1,有,無,3870000,50286,,0.0,0,,RPSNMLNKIIGGFBK87CB,輕井澤NO.10恬靜,B棟2號
公館鄉,房地(土地+建物)+車位,苗栗縣公館鄉館興段324地號,51.45,住,,,1100914,土地1建物1車位1,二層,5,華廈(10層含以下有電梯),住家用,鋼筋混凝土造,,125.63,3,2,2,有,無,6210000,49431,一樓平面,0.0,0,,RPXNMLNKIIGGFBK38CB,輕井澤NO.10恬靜,F棟2號
公館鄉,房地(土地+建物)+車位,苗栗縣公館鄉館興段324地號,51.09,住,,,1100914,土地1建物1車位1,五層,5,華廈(10層含以下有電梯),住家用,鋼筋混凝土造,,124.58,3,2,2,有,無,6340000,50891,一樓平面,0.0,0,,RPPNMLOKIIGGFBK67CB,輕井澤NO.10恬靜,A棟5號
頭份巿,房地(土地+建物),苗栗縣頭份市中正一路,20.62,住,,,1100918,土地1建物1車位0,六層,7,華廈(10層含以下有電梯),住家用,鋼筋混凝土造,,66.58,2,1,1,有,無,3600000,54070,,0.0,0,,RPPNMLOKIIGGFFK18DB,安宬吉品2,A棟2號
頭份巿,房地(土地+建物),苗栗縣頭份市中正一路,20.62,住,,,1100918,土地1建物1車位0,六層,7,華廈(10層含以下有電梯),住家用,鋼筋混凝土造,,66.67,2,1,1,有,無,3600000,53997,,0.0,0,,RPQNMLOKIIGGFFK28DB,安宬吉品2,A棟1號
苑裡鎮,房地(土地+建物)+車位,苗栗縣苑裡鎮中山路旁,28.73,住,,,1100918,土地1建物1車位1,二層,7,華廈(10層含以下有電梯),住家用,鋼筋混凝土造,,84.9,3,2,2,有,無,4780000,53963,升降機械,7.44,600000,,RPRNMLPKIIGGFCK08CB,幸福灣麗,B棟5號
苑裡鎮,房地(土地+建物),苗栗縣苑裡鎮中山路旁,26.55,住,,,1100918,土地1建物1車位0,四層,7,華廈(10層含以下有電梯),住家用,鋼筋混凝土造,,78.46,3,2,2,有,無,3880000,49452,,0.0,0,,RPSNMLPKIIGGFCK18CB,幸福灣麗,B棟3號
苑裡鎮,房地(土地+建物)+車位,苗栗縣苑裡鎮中山路旁,20.33,住,,,1100918,土地1建物1車位1,二層,7,華廈(10層含以下有電梯),住家用,鋼筋混凝土造,,59.97,2,2,1,有,無,3450000,57110,升降機械,7.44,450000,,RPXNMLPKIIGGFCK68CB,幸福灣麗,C棟3號
苗栗市,房地(土地+建物),苗栗縣苗栗市福全段1154-17、1154-23,96.42,住,,,1100920,土地2建物1車位0,全,3,透天厝,住家用,鋼筋混凝土造,,184.08,5,2,4,有,無,10520000,57149,,0.0,0,,RPROMLSKIIGGFBK38CB,輕井澤NO.11青沺,G棟2號
苗栗市,房地(土地+建物)+車位,苗栗縣苗栗市福全段1154-14、1154-20、1154-28,60.56,住,,,1100919,土地3建物1車位1,五層,5,華廈(10層含以下有電梯),住家用,鋼筋混凝土造,,136.78,3,2,2,有,無,7390000,54028,一樓平面,0.0,0,,RPRNMLTKIIGGFBK38CB,輕井澤NO.11青沺,C棟5號
竹南鎮,房地(土地+建物)+車位,苗栗縣竹南鎮大同段801地號,54.28,住,,,1100915,土地1建物1車位1,四層,5,華廈(10層含以下有電梯),住家用,鋼筋混凝土造,,113.62,3,2,2,有,無,6600000,54049,一樓平面,10.01,1000000,,RPTNMLTKIIGGFDK78CB,心境幸福,D棟4號
