﻿鄉鎮市區,交易標的,土地位置建物門牌,土地移轉總面積平方公尺,都市土地使用分區,非都市土地使用分區,非都市土地使用編定,交易年月日,交易筆棟數,移轉層次,總樓層數,建物型態,主要用途,主要建材,建築完成年月,建物移轉總面積平方公尺,建物現況格局-房,建物現況格局-廳,建物現況格局-衛,建物現況格局-隔間,有無管理組織,總價元,單價元平方公尺,車位類別,車位移轉總面積(平方公尺),車位總價元,備註,編號,主建物面積,附屬建物面積,陽台面積,電梯,移轉編號
The villages and towns urban district,transaction sign,land sector position building sector house number plate,land shifting total area square meter,the use zoning or compiles and checks,the non-metropolis land use district,non-metropolis land use,transaction year month and day,transaction pen number,shifting level,total floor number,building state,main use,main building materials,construction to complete the years,building shifting total area,Building present situation pattern - room,building present situation pattern - hall,building present situation pattern - health,building present situation pattern - compartmented,Whether there is manages the organization,total price NTD,the unit price (NTD / square meter),the berth category,berth shifting total area square meter,the berth total price NTD,the note,serial number,,,,,
獅潭鄉,土地,桂竹林段217-2地號,1215.33,,山坡地保育區,農牧用地,1100914,土地1建物0車位0,,,其他,,,,0.0,0,0,0,有,無,550500,453,,0.0,0,,RPQNMLOLRHGGFAK58DA,0.0,0.0,0.0,無,
公館鄉,土地,齊佳段901地號,335.91,都市：其他:住宅區,,,1091217,土地1建物0車位0,,,其他,,,,0.0,0,0,0,有,無,9957780,29644,,0.0,0,,RPSNMLSJKHGGFBK38DA,0.0,0.0,0.0,無,
公館鄉,土地,齊佳段856地號,1070.6,都市：其他:住宅區,,,1091220,土地1建物0車位0,,,其他,,,,0.0,0,0,0,有,無,31089600,29039,,0.0,0,包含公共設施保留地用地；,RPROMLLLPHGGFBK38DA,0.0,0.0,0.0,無,
公館鄉,土地,齊佳段854地號,653.08,都市：其他:住宅區,,,1091228,土地1建物0車位0,,,其他,,,,0.0,0,0,0,有,無,21000000,32155,,0.0,0,,RPSOMLLLPHGGFBK48DA,0.0,0.0,0.0,無,
苗栗市,房地(土地+建物)+車位,苗栗縣苗栗市恭敬里７鄰恭敬路１０６號二樓之一,23.4,都市：其他:住宅區,,,1100831,土地1建物1車位1,二層,八層,華廈(10層含以下有電梯),住家用,鋼筋混凝土造,0850620,134.79,3,1,1,有,有,4100000,30418,坡道機械,0.0,0,,RPSNMLRKRHGGFBK09DA,84.52,13.4,0.0,有,
苗栗市,土地,福全段1089地號,19.09,都市：其他:商業區,,,1100721,土地1建物0車位0,,,其他,,,,0.0,0,0,0,有,無,1115550,58436,,0.0,0,,RPRNMLQJIIGGFBK97DA,0.0,0.0,0.0,無,001
苗栗市,土地,福全段1089地號,19.09,都市：其他:商業區,,,1100721,土地1建物0車位0,,,其他,,,,0.0,0,0,0,有,無,752050,39395,,0.0,0,,RPSNMLQJIIGGFBK08DA,0.0,0.0,0.0,無,001
苗栗市,土地,福全段1089地號,38.17,都市：其他:商業區,,,1100716,土地1建物0車位0,,,其他,,,,0.0,0,0,0,有,無,1501500,39337,,0.0,0,,RPTNMLQJIIGGFBK18DA,0.0,0.0,0.0,無,001
苗栗市,土地,福全段1089地號,38.17,都市：其他:商業區,,,1100716,土地1建物0車位0,,,其他,,,,0.0,0,0,0,有,無,1501500,39337,,0.0,0,,RPVNMLQJIIGGFBK38DA,0.0,0.0,0.0,無,001
苗栗市,房地(土地+建物),苗栗縣苗栗市水源里２１鄰金龍街１１６號五樓,16.84,都市：其他:住宅區,,,1090224,土地1建物1車位0,五層,,華廈(10層含以下有電梯),住家用,鋼筋混凝土造,0820425,125.24,3,2,1,有,有,1850000,14772,,0.0,0,,RPWNMLQJIIGGFBK48DA,80.76,9.15,0.0,有,
苗栗市,房地(土地+建物),苗栗縣苗栗市清華里３鄰源林街２６號二樓之三,29.51,都市：其他:住宅區,,,1100929,土地1建物1車位0,二層,五層,華廈(10層含以下有電梯),住家用,鋼筋混凝土造,1071220,87.5,2,1,1,有,無,4500000,51429,,0.0,0,,RPRNMLTLRHGGFBK66DA,66.02,4.58,0.0,有,005
苗栗市,土地,英才段526地號,218.53,都市：其他:工業區,,,1100918,土地1建物0車位0,,,其他,,,,0.0,2,1,1,有,無,7500000,34320,,0.0,0,親友、員工、共有人或其他特殊關係間之交易；未登記建物；,RPPOMLRJIIGGFBK97DA,0.0,0.0,0.0,無,
竹南鎮,房地(土地+建物),苗栗縣竹南鎮新南里１６鄰崁頂街３２巷１０弄２號,93.52,都市：其他:住宅區,,,1100807,土地2建物1車位0,全,四層,透天厝,住家用,鋼筋混凝土造,0900831,180.49,4,3,3,有,無,6300000,34905,,0.0,0,,RPTNMLRLQHGGFDK76DA,166.01,14.48,0.0,無,
竹南鎮,房地(土地+建物),苗栗縣竹南鎮佳興里１５鄰明禮街１０２巷１１號,47.62,都市：其他:住宅區,,,1101001,土地2建物1車位0,全,二層,透天厝,住家用,加強磚造,0681128,39.24,4,2,2,有,無,1400000,35678,,0.0,0,親友、員工、共有人或其他特殊關係間之交易；,RPTNMLLJIIGGFDK87DA,39.24,0.0,0.0,無,
竹南鎮,房地(土地+建物)+車位,苗栗縣竹南鎮崎頂里４鄰仁愛路２１８０號五樓之三,38.41,,一般農業區,甲種建築用地,1100820,土地1建物1車位1,五層,五層,華廈(10層含以下有電梯),住家用,鋼筋混凝土造,1050822,117.3,3,2,2,有,有,5650000,46531,升降機械,6.62,500000,,RPVOMLQJIIGGFDK68DA,81.14,7.42,0.0,有,
竹南鎮,房地(土地+建物),苗栗縣竹南鎮崎頂里１６鄰和仁街７２巷３１號五樓之二,21.46,,工業區,丁種建築用地,1100328,土地1建物1車位0,五層,五層,華廈(10層含以下有電梯),住家用,鋼筋混凝土造,1100617,87.91,3,2,2,有,無,4200000,47776,,0.0,0,預售屋、或土地及建物分件登記案件；,RPPPMLQJIIGGFDK18DA,57.33,5.58,0.0,有,
竹南鎮,房地(土地+建物),苗栗縣竹南鎮崎頂里１６鄰和仁街７２巷３１號二樓之一,17.4,,工業區,丁種建築用地,1090920,土地1建物1車位0,二層,五層,華廈(10層含以下有電梯),住家用,鋼筋混凝土造,1100617,71.28,2,1,1,有,無,2660000,37318,,0.0,0,預售屋、或土地及建物分件登記案件；,RPQPMLQJIIGGFDK28DA,45.43,5.58,0.0,有,
西湖鄉,土地,高埔段354-52地號,2544.0,,山坡地保育區,農牧用地,1100516,土地1建物0車位0,,,其他,,,,0.0,0,0,0,有,無,5500000,2162,,0.0,0,總價包含道路用地持分，道路用地持分待合併分割完成後，另行辦理移轉登記。,RPPNMLSKNHGGFEK78DA,0.0,0.0,0.0,無,
西湖鄉,土地,高埔段1040-11地號,1154.0,,山坡地保育區,丙種建築用地,1100820,土地1建物0車位0,,,其他,,,,0.0,0,0,0,有,無,12200000,10572,,0.0,0,,RPTNMLPJIIGGFEK38DA,0.0,0.0,0.0,無,
西湖鄉,土地,高埔段328-6地號,42178.0,,山坡地保育區,農牧用地,1100820,土地17建物0車位0,,,其他,,,,0.0,0,0,0,有,無,86800000,2058,,0.0,0,部份道路用地另行辦理移轉登記。未登記建物；,RPUNMLPJIIGGFEK48DA,0.0,0.0,0.0,無,
三義鄉,土地,雙連潭段652-278地號,2727.57,,山坡地保育區,農牧用地,1100627,土地5建物0車位0,,,其他,,,,0.0,0,0,0,有,無,3672653,1346,,0.0,0,,RPRNMLRKRHGGFEK66DA,0.0,0.0,0.0,無,
頭份巿,房地(土地+建物)+車位,苗栗縣頭份市東庄里６鄰富強三街５２號六樓,35.95,都市：其他:住宅區,,,1090921,土地1建物1車位1,六層,十五層,住宅大樓(11層含以上有電梯),住家用,鋼筋混凝土造,1100622,203.37,4,2,2,有,有,8950000,48347,坡道平面,37.9,950000,預售屋、或土地及建物分件登記案件；,RPTTMLOKQHGGFFK17DA,101.19,13.61,0.0,有,
頭份巿,房地(土地+建物),苗栗縣頭份市山下里１２鄰青年街３號,103.23,都市：其他:住宅區,,,1090506,土地3建物1車位0,全,四層,透天厝,住家用,鋼筋混凝土造,1100607,211.36,5,2,5,有,無,14580000,68982,,0.0,0,,RPXNMLLMQHGGFFK86DA,195.8,15.56,0.0,無,
頭份巿,土地,湳湖段349地號,657.56,都市：其他:農業區,,,1100820,土地3建物0車位0,,,其他,,,,0.0,0,0,0,有,無,3000000,4562,,0.0,0,,RPUOMLLMQHGGFFK66DA,0.0,0.0,0.0,無,
頭份巿,房地(土地+建物),苗栗縣頭份市上埔里２鄰中正一路３５９巷２弄２號,80.3,都市：其他:第三種住宅區。,,,1100829,土地3建物1車位0,全,四層,透天厝,住家用,鋼筋混凝土造,0830525,206.74,4,3,3,有,無,6000000,29022,,0.0,0,,RPPNMLRKRHGGFFK56DA,167.3,39.44,0.0,無,
頭份巿,房地(土地+建物),苗栗縣頭份市上興里１７鄰永愛街６６巷５８號,161.59,,山坡地保育區,丙種建築用地,1100904,土地2建物1車位0,全,三層,透天厝,住家用,鋼筋混凝土造,0860827,217.41,4,2,3,有,有,4400000,20238,,0.0,0,,RPROMLRKRHGGFFK86DA,179.96,37.45,0.0,無,006
南庄鄉,土地,北獅里興段獅頭驛小段138地號,7046.0,,山坡地保育區,農牧用地,1100820,土地2建物0車位0,,,其他,,,,0.0,0,0,0,有,無,3420000,485,,0.0,0,,RPTNMLOLRHGGFFK76DA,0.0,0.0,0.0,無,
頭份巿,房地(土地+建物)+車位,苗栗縣頭份市蟠桃里１６鄰中央路５０１號十四樓,25.45,都市：其他:住宅區,,,1100830,土地1建物1車位1,十四層,十四層,住宅大樓(11層含以上有電梯),住家用,鋼筋混凝土造,1060425,159.49,3,2,2,有,有,8530000,53483,坡道平面,39.44,0,,RPSNMLKMRHGGFFK98DA,80.36,5.78,0.0,有,007
頭份巿,房地(土地+建物)+車位,苗栗縣頭份市民族里８鄰民族路１５８號五樓,36.27,都市：其他:住宅區,,,1100828,土地1建物1車位1,五層,十層,華廈(10層含以下有電梯),住家用,鋼筋混凝土造,1081220,194.92,4,2,2,有,有,8850000,45403,坡道平面,13.75,0,,RPTNMLPJIIGGFFK48DA,96.44,9.88,0.0,有,
頭份巿,土地,山下段111-1地號,2016.53,,,,1100701,土地1建物0車位0,,,其他,,,,0.0,0,0,0,有,無,25440000,12616,,0.0,0,,RPPOMLQJIIGGFFK28DA,0.0,0.0,0.0,無,
頭份巿,房地(土地+建物),苗栗縣頭份市仁愛里４鄰銀河路３６－２號四樓,3.28,都市：其他:商業區,,,1100928,土地1建物1車位0,四層,十層,華廈(10層含以下有電梯),住家用,鋼筋混凝土造,0871202,30.709999999999997,1,1,1,有,有,1000000,32563,,0.0,0,,RPPNMLRJIIGGFFK28DA,22.56,2.52,0.0,有,
頭份巿,房地(土地+建物)+車位,苗栗縣頭份市興隆里５鄰花園東路１３６號三樓,56.21,,山坡地保育區,丙種建築用地,1100914,土地1建物1車位1,三層,七層,華廈(10層含以下有電梯),住家用,鋼筋混凝土造,1051222,158.31,3,2,2,有,有,6600000,41690,坡道平面,28.48,0,,RPQNMLRJIIGGFFK38DA,84.38,10.09,0.0,有,008
三灣鄉,土地,大河底段367-4地號,11710.0,,山坡地保育區,農牧用地,1100830,土地6建物0車位0,,,其他,,,,0.0,0,0,0,有,無,9000000,769,,0.0,0,,RPRNMLRJIIGGFFK58EA,0.0,0.0,0.0,無,
竹南鎮,土地,后厝段47地號,187.69,都市：其他:道路用地,,,1100922,土地1建物0車位0,,,其他,,,,0.0,0,0,0,有,無,1317619,7020,,0.0,0,包含公共設施保留地用地；,RPTOMLSJIIGGFDK78EA,0.0,0.0,0.0,無,009
頭份巿,房地(土地+建物)+車位,苗栗縣頭份市民權里９鄰自強路二段３９巷１１號四樓,37.14,都市：其他:住宅區,,,1100907,土地1建物1車位1,四層,五層,華廈(10層含以下有電梯),住家用,鋼筋混凝土造,1041203,116.20000000000002,2,2,1,有,有,5150000,44320,一樓平面,15.91,0,,RPPNMLKLRHGGFFK58DA,67.17,5.51,0.0,有,010
頭份巿,土地,自強段1294地號,401.56,都市：其他:道路用地,,,1100922,土地2建物0車位0,,,其他,,,,0.0,0,0,0,有,無,4708800,11726,,0.0,0,包含公共設施保留地用地；,RPSNMLPJIIGGFFK38DA,0.0,0.0,0.0,無,
頭份巿,土地,中央段374-1地號,1136.75,都市：其他:住宅區,,,1100824,土地2建物0車位0,,,其他,,,,0.0,0,0,0,有,無,115240000,101377,,0.0,0,,RPPNMLOJRHGGFFK78DA,0.0,0.0,0.0,無,
頭份巿,房地(土地+建物)+車位,苗栗縣頭份市東庄里６鄰富強三街７０號三樓,27.85,都市：其他:住宅區,,,1091221,土地1建物1車位1,三層,十五層,住宅大樓(11層含以上有電梯),住家用,鋼筋混凝土造,1100622,163.32,3,2,2,有,有,7130000,48477,坡道平面,37.9,1050000,預售屋、或土地及建物分件登記案件；,RPTOMLRKQHGGFFK96DA,78.83,7.22,0.0,有,
頭份巿,房地(土地+建物)+車位,苗栗縣頭份市後庄里７鄰公園三街１１１號十五樓,14.55,都市：其他:商業區,,,1100830,土地1建物1車位1,十五層,十五層,住宅大樓(11層含以上有電梯),住家用,鋼筋混凝土造,1070606,152.91,4,2,2,有,有,8550000,60335,坡道機械,17.83,400000,,RPUNMLLMQHGGFFK56DA,90.48,8.84,0.0,有,
三義鄉,土地,雙連潭段652-455地號,2912.57,,山坡地保育區,農牧用地,1100627,土地5建物0車位0,,,其他,,,,0.0,0,0,0,有,無,4767347,1637,,0.0,0,,RPSNMLRKRHGGFEK76DA,0.0,0.0,0.0,無,
西湖鄉,土地,新二湖段454地號,634.83,,山坡地保育區,農牧用地,1100919,土地2建物0車位0,,,其他,,,,0.0,5,2,1,有,無,768000,1210,,0.0,0,未登記建物；,RPRNMLRJIIGGFEK38DA,0.0,0.0,0.0,無,
西湖鄉,土地,新二湖段457地號,252.14,,山坡地保育區,農牧用地,1100926,土地2建物0車位0,,,其他,,,,0.0,5,2,1,有,無,305000,1210,,0.0,0,未登記建物；,RPSNMLRJIIGGFEK48DA,0.0,0.0,0.0,無,
三義鄉,土地,雙湖段595-1地號,686.49,都市：其他:工業區,,,1100807,土地4建物0車位0,,,其他,,,,0.0,0,0,0,有,無,8000000,11653,,0.0,0,,RPRNMLPLQHGGFEK09DA,0.0,0.0,0.0,無,
頭份巿,房地(土地+建物)+車位,苗栗縣頭份市東庄里６鄰富強三街７０號十五樓,27.85,都市：其他:住宅區,,,1091221,土地1建物1車位1,十五層,十五層,住宅大樓(11層含以上有電梯),住家用,鋼筋混凝土造,1100622,163.43,3,2,2,有,有,7080000,48435,坡道平面,37.9,1000000,預售屋、或土地及建物分件登記案件；,RPPQMLNKQHGGFFK98DA,78.83,7.22,0.0,有,
頭份巿,房地(土地+建物)+車位,苗栗縣頭份市東庄里６鄰富強三街６８號七樓,27.85,都市：其他:住宅區,,,1091109,土地1建物1車位1,七層,十五層,住宅大樓(11層含以上有電梯),住家用,鋼筋混凝土造,1100622,163.28,3,2,2,有,有,7260000,49928,坡道平面,37.9,1000000,預售屋、或土地及建物分件登記案件；,RPPNMLOKQHGGFFK78DA,78.83,7.07,0.0,有,
頭份巿,房地(土地+建物)+車位,苗栗縣頭份市東庄里６鄰富強三街６８號十樓,27.85,都市：其他:住宅區,,,1090914,土地1建物1車位1,十層,十五層,住宅大樓(11層含以上有電梯),住家用,鋼筋混凝土造,1100622,163.28,3,2,2,有,有,7050000,48253,坡道平面,37.9,1000000,預售屋、或土地及建物分件登記案件；,RPTNMLOKQHGGFFK56DA,78.83,7.07,0.0,有,
竹南鎮,房地(土地+建物),苗栗縣竹南鎮大埔里２鄰科專二路２１３巷１０號,66.33,都市：其他:第一種住宅區,,,1100808,土地3建物1車位0,全,五層,透天厝,住家用,鋼筋混凝土造,1050301,211.67,11,0,11,有,有,13550000,64015,,0.0,0,陽台外推；,RPRNMLRJIIGGFDK28DA,170.34,41.33,0.0,有,011
竹南鎮,房地(土地+建物),苗栗縣竹南鎮大埔里１鄰科專五路２８７巷１號,142.12,都市：其他:第一種住宅區,,,1100918,土地3建物1車位0,全,三層,透天厝,住家用,鋼筋混凝土造,1040525,233.98,4,3,4,有,無,14400000,61544,,0.0,0,,RPSNMLPJIIGGFDK18DA,207.59,26.39,0.0,無,012
後龍鎮,房地(土地+建物)+車位,苗栗縣後龍鎮校椅里１２鄰校椅一路４６０號三樓之二,33.07,都市：其他:第一種住宅區,,,1100813,土地1建物1車位1,三層,七層,華廈(10層含以下有電梯),住家用,鋼筋混凝土造,1090908,90.8,2,2,1,有,有,4850000,53414,一樓平面,0.0,0,土地價款:259萬、房屋價款:226萬,RPPNMLLJIIGGFDK47DA,56.62,5.94,0.0,有,
竹南鎮,房地(土地+建物)+車位,苗栗縣竹南鎮竹興里１３鄰竹興一街１號十二樓之三,32.84,,鄉村區,乙種建築用地,1100926,土地1建物1車位2,十二層，見其他登記事項,十二層,住宅大樓(11層含以上有電梯),住家用,鋼筋混凝土造,1060919,206.69,4,2,4,有,有,10600000,51285,坡道平面,0.0,0,,RPPNMLTLRHGGFDK66DA,111.56,8.31,0.0,有,013
竹南鎮,房地(土地+建物),苗栗縣竹南鎮大埔里２鄰科專二路２１３巷１５號,76.24,都市：其他:第一種住宅區,,,1100820,土地2建物1車位0,全,五層,透天厝,住家用,鋼筋混凝土造,1050301,265.57,11,0,11,有,有,16380000,61679,,0.0,0,其他增建:1樓-6樓後院增建其他增建；,RPSOMLOKRHGGFDK09DA,179.26,86.31,0.0,有,014
竹南鎮,房地(土地+建物),苗栗縣竹南鎮頂埔里１２鄰中華路３８３號,119.53,都市：其他:農業區,,,1100901,土地6建物1車位0,全,四層,透天厝,住商用,鋼筋混凝土造,1020122,318.56,15,0,15,有,有,17500000,54935,,0.0,0,,RPWNMLQKRHGGFDK96DA,294.15,24.41,0.0,有,015
竹南鎮,房地(土地+建物),苗栗縣竹南鎮龍山里１７鄰龍好街３３巷１號,86.07,都市：其他:住宅區,,,1081123,土地2建物1車位0,全,四層,透天厝,住家用,鋼筋混凝土造,1100621,168.86,4,2,4,有,無,8880000,52588,,0.0,0,預售屋、或土地及建物分件登記案件；,RPPPMLQKRHGGFDK09DA,151.11,17.75,0.0,無,
竹南鎮,房地(土地+建物),苗栗縣竹南鎮龍山里１７鄰龍好街３３巷２號,90.27,都市：其他:住宅區,,,1100324,土地2建物1車位0,全,四層,透天厝,住家用,鋼筋混凝土造,1100621,207.47,4,2,5,有,無,12980000,62563,,0.0,0,預售屋、或土地及建物分件登記案件；,RPQOMLMLRHGGFDK78DA,202.16,5.31,0.0,無,
竹南鎮,房地(土地+建物),苗栗縣竹南鎮龍山里１７鄰龍好街３３巷１０號,91.37,都市：其他:住宅區,,,1081119,土地2建物1車位0,全,四層,透天厝,住家用,鋼筋混凝土造,1100621,207.91,4,2,5,有,無,10280000,49444,,0.0,0,預售屋、或土地及建物分件登記案件；,RPXNMLOLRHGGFDK96DA,201.84,6.07,0.0,無,
竹南鎮,土地,維新段401地號,144.0,都市：其他:住宅區,,,1100827,土地1建物0車位0,,,其他,,,,0.0,0,0,0,有,無,2500000,17361,,0.0,0,,RPSNMLLMQHGGFDK78DA,0.0,0.0,0.0,無,
苑裡鎮,房地(土地+建物),苗栗縣苑裡鎮苑坑里６鄰苑坑６０之２號四樓之１,49.16,,鄉村區,乙種建築用地,1080126,土地1建物1車位0,四層,八層,華廈(10層含以下有電梯),住家用,鋼筋混凝土造,1100621,143.93,3,1,2,有,有,5260000,36546,,0.0,0,本案土地、建物有各別交易價格。土地價金2104000元、建物價金3156000，合計總價金新台幣5260000元整。,RPQNMLNJIIGGFCK67DA,90.24,11.52,0.0,有,
苑裡鎮,房地(土地+建物)+車位,苗栗縣苑裡鎮苑坑里６鄰苑坑６０之２號六樓之３,49.33,,鄉村區,乙種建築用地,1100129,土地1建物1車位1,六層,八層,華廈(10層含以下有電梯),住家用,鋼筋混凝土造,1100621,157.23,3,1,2,有,有,6287000,39986,坡道平面,0.0,707000,本案土地、建物、車位有各別交易價格。土地價金2232000元、建物價金3348000、車位價金707000元，合計總價金新台幣6287000元整。,RPSNMLNJIIGGFCK87DA,90.24,11.12,0.0,有,
苑裡鎮,房地(土地+建物),苗栗縣苑裡鎮苑坑里６鄰苑坑６０之２號三樓之５,49.16,,鄉村區,乙種建築用地,1080622,土地1建物1車位0,三層,八層,華廈(10層含以下有電梯),住家用,鋼筋混凝土造,1100621,143.53,3,1,2,有,有,5260000,36647,,0.0,0,本案土地、建物有各別交易價格。土地價金2104000元、建物價金3156000，合計總價金新台幣5260000元整。,RPRNMLRLRHGGFCK56DA,90.24,11.12,0.0,有,
苑裡鎮,土地,房裡段347-6地號,1212.0,都市：其他:農業區,,,1100517,土地3建物0車位0,,,其他,,,,0.0,0,0,0,有,無,31590000,26064,,0.0,0,,RPRNMLPJIIGGFCK97DA,0.0,0.0,0.0,無,
苑裡鎮,土地,房裡段347-8地號,124.0,都市：其他:農業區,,,1100517,土地1建物0車位0,,,其他,,,,0.0,0,0,0,有,無,410000,3306,,0.0,0,,RPTNMLPJIIGGFCK18DA,0.0,0.0,0.0,無,016
苑裡鎮,土地,苑坑段541地號,1828.38,,山坡地保育區,農牧用地,1100923,土地1建物0車位0,,,其他,,,,0.0,0,0,0,有,無,2488860,1361,,0.0,0,,RPRNMLQJIIGGFCK08DA,0.0,0.0,0.0,無,
苑裡鎮,房地(土地+建物),苗栗縣苑裡鎮西勢里１０鄰介壽路１２８號,138.34,都市：其他:住宅區,,,1100906,土地2建物1車位0,全,三層,透天厝,住商用,鋼筋混凝土造,0940309,145.56,3,2,2,有,無,7500000,51525,,0.0,0,,RPSNMLQJIIGGFCK18DA,138.5,7.06,0.0,無,
通霄鎮,土地,土城段173地號,3000.28,,山坡地保育區,農牧用地,1100904,土地8建物0車位0,,,其他,,,,0.0,0,0,0,有,無,7500000,2500,,0.0,0,未登記建物；農作物；農業設施；,RPQNMLOKRHGGFCK68DA,0.0,0.0,0.0,無,017
苗栗市,土地,南勢坑段上南勢坑小段648-46地號,99.0,,山坡地保育區,丙種建築用地,1101001,土地1建物0車位0,,,其他,,,,0.0,0,0,0,有,無,100000,1010,,0.0,0,親友、員工、共有人或其他特殊關係間之交易；瑕疵物件；,RPPNMLSJIIGGFBK97DA,0.0,0.0,0.0,無,
苗栗市,房地(土地+建物),苗栗縣苗栗市玉華里２１鄰莒光街１７巷９號,99.0,,鄉村區,乙種建築用地,1100925,土地1建物1車位0,全,二層,透天厝,住家用,加強磚造,,113.52,4,2,2,有,無,4280000,37703,,0.0,0,,RPSNMLOLRHGGFBK88DA,113.52,0.0,0.0,無,018
苗栗市,房地(土地+建物)+車位,苗栗縣苗栗市文山里２１鄰正發路２１８號,73.32,都市：其他:住宅區,,,1100710,土地1建物1車位5,一層，二層,十三層,住宅大樓(11層含以上有電梯),住商用,鋼筋混凝土造,1090811,410.71000000000004,0,0,2,有,有,28180000,92872,坡道平面,157.35,4650000,,RPQNMLRJIIGGFBK97DA,215.08,0.0,0.0,有,
苗栗市,房地(土地+建物)+車位,苗栗縣苗栗市文山里２１鄰自治路３９９號二樓之三,27.22,都市：其他:住宅區,,,1100807,土地1建物1車位1,二層,十三層,住宅大樓(11層含以上有電梯),住家用,鋼筋混凝土造,1090811,152.71,3,2,2,有,有,7700000,54213,坡道平面,28.2,950000,,RPRNMLRJIIGGFBK08DA,82.75,6.28,0.0,有,
苗栗市,房地(土地+建物)+車位,苗栗縣苗栗市文山里２１鄰自治路３９９號三樓之七,27.76,都市：其他:住宅區,,,1100718,土地1建物1車位1,三層,十三層,住宅大樓(11層含以上有電梯),住家用,鋼筋混凝土造,1090811,157.73000000000002,3,2,2,有,有,7900000,55045,坡道平面,31.47,950000,,RPSNMLRJIIGGFBK18DA,83.1,7.32,0.0,有,
苗栗市,房地(土地+建物)+車位,苗栗縣苗栗市文山里２１鄰自治路３９９號五樓之三,33.14,都市：其他:住宅區,,,1100816,土地1建物1車位1,五層,十三層,住宅大樓(11層含以上有電梯),住家用,鋼筋混凝土造,1090811,186.76,3,2,2,有,有,9550000,55380,坡道平面,31.47,950000,,RPTNMLRJIIGGFBK28DA,100.86,10.36,0.0,有,
苗栗市,房地(土地+建物),苗栗縣苗栗市福星里３２鄰嘉福街５８號,91.64,都市：其他:住宅區,,,1100522,土地2建物1車位0,全,三層,透天厝,住家用,鋼筋混凝土造,1100203,204.05,5,2,4,有,無,13600000,66650,,0.0,0,,RPXNMLQJIIGGFBK58DA,194.47,9.58,0.0,無,
苗栗市,房地(土地+建物),苗栗縣苗栗市福星里３２鄰福華街１１巷２０號,91.02,都市：其他:住宅區,,,1080922,土地2建物1車位0,全,三層,透天厝,住家用,鋼筋混凝土造,1100203,194.21,5,2,3,有,無,11990000,61737,,0.0,0,,RPOOMLQJIIGGFBK77DA,181.46,12.75,0.0,無,
獅潭鄉,土地,桂竹林段320地號,592.0,,山坡地保育區,林業用地,1100910,土地1建物0車位0,,,其他,,,,0.0,0,0,0,有,無,100000,169,,0.0,0,,RPQNMLMKIIGGFAK47DA,0.0,0.0,0.0,無,
卓蘭鎮,房地(土地+建物),苗栗縣卓蘭鎮上新里１８鄰卓坪路１５號,104.76,都市：其他:住宅區,,,1100901,土地2建物1車位0,全,三層,透天厝,住商用,鋼筋混凝土造,1100324,197.98,4,3,3,有,無,9500000,47985,,0.0,0,其他增建；,RPQNMLQJIIGGFAK77DA,197.98,0.0,0.0,無,
卓蘭鎮,房地(土地+建物),苗栗縣卓蘭鎮上新里１８鄰卓坪路１７號,96.41,都市：其他:住宅區,,,1100901,土地2建物1車位0,全,三層,透天厝,住家用,鋼筋混凝土造,1100324,197.98,4,3,3,有,無,9500000,47985,,0.0,0,其他增建；,RPRNMLQJIIGGFAK87DA,197.98,0.0,0.0,無,
頭屋鄉,土地,茄苳段145地號,2047.26,,山坡地保育區,農牧用地,1100904,土地1建物0車位0,,,其他,,,,0.0,0,0,0,有,無,1600000,782,,0.0,0,,RPOOMLNKRHGGFBK38DA,0.0,0.0,0.0,無,
苗栗市,房地(土地+建物),苗栗縣苗栗市福星里３２鄰福華街１１巷１８號,90.87,都市：其他:住宅區,,,1080824,土地2建物1車位0,全,三層,透天厝,住家用,鋼筋混凝土造,1100203,194.21,5,2,3,有,無,11880000,61171,,0.0,0,,RPPOMLQJIIGGFBK87DA,181.46,12.75,0.0,無,
苗栗市,房地(土地+建物),苗栗縣苗栗市福星里３２鄰嘉福街７２號,105.26,都市：其他:住宅區,,,1100502,土地3建物1車位0,全,三層,透天厝,住家用,鋼筋混凝土造,1100203,212.77,5,2,4,有,無,13900000,65329,,0.0,0,,RPQOMLQJIIGGFBK97DA,202.95,9.82,0.0,無,
苗栗市,房地(土地+建物),苗栗縣苗栗市福星里３２鄰嘉福街７６號,95.42,都市：其他:住宅區,,,1100505,土地2建物1車位0,全,三層,透天厝,住家用,鋼筋混凝土造,1100203,207.98,5,2,4,有,無,13800000,66353,,0.0,0,,RPROMLQJIIGGFBK08DA,198.4,9.58,0.0,無,
苗栗市,房地(土地+建物),苗栗縣苗栗市福星里３２鄰嘉福街７０巷３號,112.88,都市：其他:住宅區,,,1100227,土地3建物1車位0,全,三層,透天厝,住家用,鋼筋混凝土造,1100203,205.94,5,2,3,有,無,13600000,66039,,0.0,0,,RPTOMLQJIIGGFBK28DA,194.68,11.26,0.0,無,
苗栗市,房地(土地+建物)+車位,苗栗縣苗栗市福星里３２鄰嘉福街８８號三樓之三,34.71,都市：其他:住宅區,,,1090503,土地1建物1車位1,三層,五層,華廈(10層含以下有電梯),住家用,鋼筋混凝土造,1100303,110.03999999999999,2,2,1,有,無,5780000,52526,一樓平面,0.0,0,,RPUOMLQJIIGGFBK38DA,64.92,8.35,0.0,有,
苗栗市,房地(土地+建物)+車位,苗栗縣苗栗市文山里２１鄰自治路３９９號九樓之五,29.49,都市：其他:住宅區,,,1100726,土地1建物1車位1,九層,十三層,住宅大樓(11層含以上有電梯),住家用,鋼筋混凝土造,1090811,166.49,3,2,2,有,有,8650000,57029,坡道平面,31.47,950000,,RPUNMLRJIIGGFBK38DA,88.45,8.43,0.0,有,
苗栗市,房地(土地+建物)+車位,苗栗縣苗栗市文山里２１鄰正發路２２２號十一樓之七,33.19,都市：其他:住宅區,,,1100706,土地1建物1車位2,十一層,十三層,住宅大樓(11層含以上有電梯),住家用,鋼筋混凝土造,1090811,188.86,3,2,2,有,有,9130000,58212,坡道平面,62.94,1800000,,RPVNMLRJIIGGFBK48DA,82.73,7.47,0.0,有,
苗栗市,房地(土地+建物)+車位,苗栗縣苗栗市文山里２１鄰自治路３９９號十三樓之六,27.76,都市：其他:住宅區,,,1100704,土地1建物1車位1,十三層,十三層,住宅大樓(11層含以上有電梯),住家用,鋼筋混凝土造,1090811,157.59,3,2,2,有,有,8350000,58674,坡道平面,31.47,950000,,RPWNMLRJIIGGFBK58DA,83.1,7.18,0.0,有,
苗栗市,房地(土地+建物),苗栗縣苗栗市高苗里３９鄰松園４１６號,122.8,,山坡地保育區,丙種建築用地,1100909,土地2建物1車位0,全,三層,透天厝,住家用,鋼筋混凝土造,1090623,165.73,5,2,3,有,無,9300000,56115,,0.0,0,,RPPNMLMKIIGGFBK47DA,154.89,10.84,0.0,無,019
苑裡鎮,房地(土地+建物)+車位,苗栗縣苑裡鎮苑坑里６鄰苑坑６０之２號五樓之２,38.06,,鄉村區,乙種建築用地,1080121,土地1建物1車位1,五層,八層,華廈(10層含以下有電梯),住家用,鋼筋混凝土造,1100621,125.35,2,1,2,有,有,5185000,41364,坡道平面,0.0,565000,本案土地、建物、車位有各別交易價格。土地價金1848000元、建物價金2772000、車位價金565000元，合計總價金新台幣5185000元整。,RPPNMLRLRHGGFCK98DA,73.83,5.02,0.0,有,
苑裡鎮,房地(土地+建物),苗栗縣苑裡鎮玉田里６鄰國光巷３９號,8091.83,,特定農業區,丁種建築用地,1100804,土地2建物1車位0,全,一層,透天厝,工業用,鋼筋混凝土造,0830916,1809.41,3,2,3,有,無,308420028,170453,,0.0,0,土地價款為3億422萬28元整建物價款為420萬元整其他增建；,RPPNMLPLQHGGFCK68DA,1732.8,76.61,0.0,無,
苗栗市,土地,文山段394地號,91.17,,山坡地保育區,丙種建築用地,1100816,土地2建物0車位0,,,其他,,,,0.0,0,0,0,有,無,2200000,24131,,0.0,0,未登記建物；,RPQOMLRJIIGGFBK08DA,0.0,0.0,0.0,無,
苗栗市,土地,南勢坑段下南勢坑小段784-36地號,58.0,,山坡地保育區,丙種建築用地,1100902,土地2建物0車位0,,,其他,,,,0.0,0,0,0,有,無,600000,10345,,0.0,0,,RPSNMLOJIIGGFBK87DA,0.0,0.0,0.0,無,
苑裡鎮,房地(土地+建物)+車位,苗栗縣苑裡鎮苑坑里６鄰苑坑６０之２號四樓之２,38.06,,鄉村區,乙種建築用地,1080121,土地1建物1車位1,四層,八層,華廈(10層含以下有電梯),住家用,鋼筋混凝土造,1100621,125.35,3,1,2,有,有,4625000,36897,坡道平面,0.0,565000,本案土地、建物、車位有各別交易價格。土地價金1624000元、建物價金2436000、車位價金565000元，合計總價金新台幣4625000元整。,RPQNMLQJIIGGFCK97DA,73.83,5.02,0.0,有,
苑裡鎮,房地(土地+建物),苗栗縣苑裡鎮苑坑里６鄰苑坑６０之２號六樓之５,49.16,,鄉村區,乙種建築用地,1100115,土地1建物1車位0,六層,八層,華廈(10層含以下有電梯),住家用,鋼筋混凝土造,1100621,143.53,3,1,2,有,有,5580000,38877,,0.0,0,本案土地、建物有各別交易價格。土地價金2232000元、建物價金3348000，合計總價金新台幣5580000元整。,RPTNMLNJIIGGFCK97DA,90.24,11.12,0.0,有,
苑裡鎮,房地(土地+建物)+車位,苗栗縣苑裡鎮苑坑里６鄰苑坑６０之２號七樓之１,49.33,,鄉村區,乙種建築用地,1080121,土地1建物1車位1,七層,八層,華廈(10層含以下有電梯),住家用,鋼筋混凝土造,1100621,157.63,2,1,2,有,有,6609000,41927,一樓平面,0.0,849000,本案土地、建物、車位有各別交易價格。土地價金2304000元、建物價金3456000、車位價金849000元，合計總價金新台幣6609000元整。,RPUNMLNJIIGGFCK08DA,90.24,11.52,0.0,有,
竹南鎮,土地,大同段979地號,924.47,都市：其他:第一種住宅區,,,1100803,土地1建物0車位0,,,其他,,,,0.0,0,0,0,有,無,56000000,60575,,0.0,0,,RPPNMLMKQHGGFDK38DA,0.0,0.0,0.0,無,
竹南鎮,房地(土地+建物)+車位,苗栗縣竹南鎮大埔里２鄰科專三路２３號八樓之二,44.53,都市：其他:第一種住宅區,,,1100819,土地1建物1車位1,八層,十層,公寓(5樓含以下無電梯),住家用,鋼筋混凝土造,1050422,161.08,4,2,2,有,有,7700000,47802,坡道平面,0.0,0,,RPUNMLMJRHGGFDK88DA,90.58,7.79,0.0,無,020
後龍鎮,房地(土地+建物)+車位,苗栗縣後龍鎮校椅里８鄰校椅三路２８號七樓之五,34.03,都市：其他:第二種住宅區,,,1100903,土地1建物1車位1,七層,十一層,住宅大樓(11層含以上有電梯),住家用,鋼筋混凝土造,1091228,171.62,3,2,2,有,有,8500000,54909,坡道平面,33.21,900000,,RPQOMLRJRHGGFDK09DA,87.59,9.58,0.0,有,
竹南鎮,房地(土地+建物),苗栗縣竹南鎮新南里１鄰南平路１２號,573.22,都市：其他:綠地,,,1100709,土地6建物1車位0,全,三層,透天厝,住家用,鋼筋混凝土加強磚造,0640325,237.99,6,2,6,有,無,23800000,100004,,0.0,0,,RPSNMLSJRHGGFDK66DA,237.99,0.0,0.0,無,
竹南鎮,房地(土地+建物),苗栗縣竹南鎮山佳里２６鄰佳北一街１０９巷９號三樓之一,38.84,都市：其他:住宅區,,,1100907,土地1建物1車位0,三層,五層,華廈(10層含以下有電梯),住家用,鋼筋混凝土造,1041116,116.73,2,2,1,有,有,5790000,49602,,0.0,0,,RPSOMLNLRHGGFDK09DA,75.64,12.84,0.0,有,
後龍鎮,土地,龍東段521-1地號,7.0,都市：其他:住宅區,,,1100924,土地1建物0車位0,,,其他,,,,0.0,0,0,0,有,無,200000,28571,,0.0,0,,RPTNMLOLRHGGFDK56DA,0.0,0.0,0.0,無,021
後龍鎮,土地,龍西段276-10地號,140.88,都市：其他:住宅區,,,1100930,土地5建物0車位0,,,其他,,,,0.0,0,0,0,有,無,3123600,22172,,0.0,0,未登記建物；包含公共設施保留地用地；,RPPNMLKMRHGGFDK48DA,0.0,0.0,0.0,無,
後龍鎮,房地(土地+建物)+車位,苗栗縣後龍鎮校椅里８鄰校椅三路２８號九樓之五,34.03,都市：其他:第二種住宅區,,,1100827,土地1建物1車位1,九層,十一層,住宅大樓(11層含以上有電梯),住家用,鋼筋混凝土造,1091228,171.62,3,2,2,有,有,8900000,57799,坡道平面,33.21,900000,,RPTNMLPJIIGGFDK28DA,87.59,9.58,0.0,有,
後龍鎮,房地(土地+建物),苗栗縣後龍鎮校椅里１１鄰高鐵六路４４８號,105.58,都市：其他:第一種住宅區,,,1100228,土地5建物1車位0,全,四層,透天厝,住商用,鋼筋混凝土造,1100611,226.34,3,2,3,有,有,13000000,57436,,0.0,0,,RPRNMLSLRHGGFDK76DA,203.25,23.09,0.0,無,
竹南鎮,房地(土地+建物)+車位,苗栗縣竹南鎮大埔里１鄰大埔街３０號二樓之二,37.85,都市：其他:第一種住宅區,,,1100910,土地1建物1車位1,二層,十四層,住宅大樓(11層含以上有電梯),住家用,鋼筋混凝土造,1060725,154.31,3,2,2,有,有,8300000,53788,坡道平面,34.72,0,,RPPOMLSJIIGGFDK28DA,76.67,7.18,0.0,有,022
竹南鎮,房地(土地+建物),苗栗縣竹南鎮頂埔里１２鄰中華路３９５號,126.94,都市：其他:農業區,,,1100920,土地5建物1車位0,全,四層,透天厝,住商用,鋼筋混凝土造,1020122,318.56,15,0,15,有,有,17900000,56190,,0.0,0,,RPROMLSJIIGGFDK48DA,294.15,24.41,0.0,有,023
竹南鎮,房地(土地+建物)+車位,苗栗縣竹南鎮佳興里２３鄰環市路三段５８６號七樓之二,13.88,都市：其他:住宅區,,,1100822,土地1建物1車位1,七層,十五層,住宅大樓(11層含以上有電梯),住家用,鋼筋混凝土造,1011213,134.7,3,2,2,有,有,7600000,56422,坡道平面,15.84,0,,RPPNMLLKIIGGFDK57DA,70.11,16.75,0.0,有,024
竹南鎮,房地(土地+建物),苗栗縣竹南鎮天文里１５鄰龍昇街１１９巷２６弄７號,99.71,都市：其他:住宅區,,,1100822,土地2建物1車位0,全,四層,透天厝,住家用,鋼筋混凝土造,1100504,207.92,4,2,4,有,有,11550000,55550,,0.0,0,,RPWOMLMKIIGGFDK48DA,187.66,20.26,0.0,無,
竹南鎮,房地(土地+建物),苗栗縣竹南鎮竹興里３鄰竹圍街８０號,75.06,都市：其他:道路用地,,,1100830,土地2建物1車位0,全,二層,透天厝,住家用,鋼筋混凝土造,0670216,119.79,4,2,2,有,無,5500000,45914,,0.0,0,,RPTNMLMKIIGGFDK08DA,119.79,0.0,0.0,無,
頭份巿,土地,德義段484地號,396.67,都市：其他:住宅區,,,1100322,土地1建物0車位0,,,其他,,,,0.0,0,0,0,有,無,12300000,31008,,0.0,0,親友、員工、共有人或其他特殊關係間之交易；,RPPOMLPLLHGGFFK58DA,0.0,0.0,0.0,無,025
南庄鄉,土地,北獅里興段北獅里興小段176-175地號,3241.0,,山坡地保育區,農牧用地,1100811,土地3建物0車位0,,,其他,,,,0.0,0,0,0,有,無,4680000,1444,,0.0,0,,RPTNMLLKQHGGFFK88DA,0.0,0.0,0.0,無,
頭份巿,房地(土地+建物)+車位,苗栗縣頭份市東庄里２０鄰八德一路１６９號五樓,10.03,都市：其他:商業區,,,1100609,土地1建物1車位1,五層,十層,華廈(10層含以下有電梯),辦公用,鋼筋混凝土造,1060808,85.05,0,0,0,無,有,5000000,69789,升降平面,20.57,500000,含裝潢費；含傢俱設備費；,RPTNMLQLQHGGFFK86DA,37.36,7.43,0.0,有,
頭份巿,房地(土地+建物),苗栗縣頭份市自強里１６鄰長樂街３８號五樓,26.72,都市：其他:住宅區,,,1100723,土地1建物1車位0,五層,五層,公寓(5樓含以下無電梯),住家用,鋼筋混凝土造,0701201,88.69,3,2,2,有,無,1900000,21423,,0.0,0,,RPSNMLRLQHGGFFK86DA,76.35,0.0,0.0,無,
頭份巿,房地(土地+建物)+車位,苗栗縣頭份市上興里２３鄰永昌街５巷６號六樓,22.31,,山坡地保育區,丙種建築用地,1100907,土地1建物1車位1,六層,七層,華廈(10層含以下有電梯),住家用,鋼筋混凝土造,0860827,107.44999999999999,3,2,2,有,有,3150000,29316,一樓平面,13.74,0,,RPSOMLLKRHGGFFK98DA,72.07,5.92,0.0,有,026
頭份巿,土地,永貞段191地號,35.94,非都市： ; 非都市編定：,,,1100908,土地2建物0車位0,,,其他,,,,0.0,0,0,0,有,無,185000,5147,,0.0,0,包含公共設施保留地用地；,RPTNMLSJRHGGFFK96DA,0.0,0.0,0.0,無,
南庄鄉,土地,北獅里興段獅頭驛小段109-27地號,674.0,,山坡地保育區,林業用地,1101003,土地1建物0車位0,,,其他,,,,0.0,0,0,0,有,無,550000,816,,0.0,0,親友、員工、共有人或其他特殊關係間之交易；,RPPNMLMKIIGGFFK87DA,0.0,0.0,0.0,無,
頭份巿,土地,東庄段1750地號,76.0,都市：其他:住宅區,,,1100927,土地1建物0車位0,,,其他,,,,0.0,0,0,0,有,無,2070000,27237,,0.0,0,親友、員工、共有人或其他特殊關係間之交易；,RPXNMLRJIIGGFFK09DA,0.0,0.0,0.0,無,
頭份巿,房地(土地+建物),苗栗縣頭份市中興里１鄰忠孝二路１７號,14.02,都市：其他:市場用地,,,1100930,土地1建物1車位0,全,一層,透天厝,商業用,鋼筋混凝土造,0761228,28.95,0,0,0,有,無,640000,22107,,0.0,0,,RPSOMLRJIIGGFFK68DA,28.95,0.0,0.0,無,
頭份巿,房地(土地+建物),苗栗縣頭份市興隆里２０鄰花園六街１７號,159.36,,山坡地保育區,丙種建築用地,1100725,土地1建物1車位0,全,三層,透天厝,住家用,ＲＣ造,0991215,214.70000000000002,4,3,3,有,有,10980000,51141,,0.0,0,,RPXNMLMKIIGGFFK68DA,195.54,17.76,0.0,無,
頭份巿,房地(土地+建物)+車位,苗栗縣頭份市文化里１０鄰文化街３２巷１８５號六樓之一,16.47,都市：其他:道路用地,,,1100921,土地2建物1車位1,六層,十三層,住宅大樓(11層含以上有電梯),住家用,鋼筋混凝土造,1021211,121.66999999999999,2,2,1,有,有,5500000,45204,坡道平面,22.58,0,,RPXNMLMLRHGGFFK96DA,59.09,9.23,0.0,有,
頭份巿,房地(土地+建物)+車位,苗栗縣頭份市田寮里１５鄰北田街９巷１號四樓,76.72,都市：其他:工業區,,,1100902,土地2建物1車位1,四層,七層,華廈(10層含以下有電梯),其他,鋼筋混凝土造,1040224,256.58,2,2,2,有,有,10280000,40065,坡道平面,0.0,0,,RPQOMLQJIIGGFFK38DA,156.34,17.54,0.0,有,027
苗栗市,土地,恭敬段835地號,144.0,都市：其他:住宅區,,,1100909,土地3建物0車位0,,,其他,,,,0.0,0,0,0,有,無,5500000,38194,,0.0,0,,RPRNMLSJIIGGFBK28EA,0.0,0.0,0.0,無,
頭份巿,房地(土地+建物)+車位,苗栗縣頭份市東庄里６鄰富強三街５６號九樓,28.86,都市：其他:住宅區,,,1091012,土地1建物1車位1,九層,十五層,住宅大樓(11層含以上有電梯),住家用,鋼筋混凝土造,1100622,166.45,3,2,2,有,有,6940000,46597,坡道平面,37.9,950000,預售屋、或土地及建物分件登記案件；,RPUNMLRLRHGGFFK17DA,80.95,7.14,0.0,有,
頭份巿,房地(土地+建物)+車位,苗栗縣頭份市東庄里６鄰富強三街５６號十二樓,28.86,都市：其他:住宅區,,,1090817,土地1建物1車位1,十二層,十五層,住宅大樓(11層含以上有電梯),住家用,鋼筋混凝土造,1100622,166.45,3,2,2,有,有,6390000,42318,坡道平面,37.9,950000,預售屋、或土地及建物分件登記案件；,RPQOMLMLRHGGFFK98DA,80.95,7.14,0.0,有,
頭份巿,土地,華夏段557地號,298.09,都市：其他:道路用地,,,1100929,土地1建物0車位0,,,其他,,,,0.0,0,0,0,有,無,2100000,7045,,0.0,0,包含公共設施保留地用地；,RPQOMLMKIIGGFFK08DA,0.0,0.0,0.0,無,
頭份巿,房地(土地+建物)+車位,苗栗縣頭份市頭份里１４鄰武昌街６３號四樓,27.71,都市：其他:住宅區,,,1100905,土地2建物1車位1,四層,五層,華廈(10層含以下有電梯),住家用,鋼筋混凝土造,1040330,105.78999999999999,2,1,2,有,有,5800000,54826,坡道平面,0.0,0,其他增建；,RPSNMLNKIIGGFFK28DA,63.39,7.75,0.0,有,
頭份巿,房地(土地+建物)+車位,苗栗縣頭份市文化里１５鄰八德二路２７２巷１３號二樓,27.87,都市：其他:住宅區,,,1100823,土地5建物1車位1,二層,九層,華廈(10層含以下有電梯),住家用,鋼筋混凝土造,1020807,143.32999999999998,3,2,2,有,有,6880000,48001,坡道平面,0.0,0,,RPSNMLKMQHGGFFK88DA,78.25,7.02,0.0,有,028
頭份巿,房地(土地+建物)+車位,苗栗縣頭份市後庄里７鄰中央路７５３號十五樓,13.79,都市：其他:商業區,,,1100821,土地1建物1車位1,十五層,十五層,住宅大樓(11層含以上有電梯),住家用,鋼筋混凝土造,1070606,147.99,3,2,2,有,有,8210000,58633,坡道機械,18.2,600000,,RPSNMLLMQHGGFFK98DA,88.49,6.2,0.0,有,
頭份巿,房地(土地+建物)+車位,苗栗縣頭份市東庄里６鄰富強三街５２號十四樓,36.46,都市：其他:住宅區,,,1090831,土地1建物1車位2,十四層,十五層,住宅大樓(11層含以上有電梯),住家用,鋼筋混凝土造,1100622,241.28,4,2,2,有,有,9480000,45784,坡道平面,75.72,1900000,預售屋、或土地及建物分件登記案件；,RPOUMLOKQHGGFFK76DA,101.19,13.61,0.0,有,
頭份巿,房地(土地+建物)+車位,苗栗縣頭份市東庄里６鄰富強三街５６號四樓,28.86,都市：其他:住宅區,,,1090810,土地1建物1車位1,四層,十五層,住宅大樓(11層含以上有電梯),住家用,鋼筋混凝土造,1100622,166.45,3,2,2,有,有,6350000,41618,坡道平面,37.9,1000000,預售屋、或土地及建物分件登記案件；,RPRUMLOKQHGGFFK07DA,80.95,7.14,0.0,有,
頭份巿,房地(土地+建物)+車位,苗栗縣頭份市東庄里６鄰富強三街５８號九樓,27.35,都市：其他:住宅區,,,1090810,土地1建物1車位2,九層,十五層,住宅大樓(11層含以上有電梯),住家用,鋼筋混凝土造,1100622,197.22,3,2,2,有,有,7450000,44062,坡道平面,75.8,2100000,預售屋、或土地及建物分件登記案件；,RPRVMLOKQHGGFFK17DA,76.04,7.13,0.0,有,
頭份巿,房地(土地+建物)+車位,苗栗縣頭份市東庄里６鄰富強三街３６號八樓,27.35,都市：其他:住宅區,,,1091214,土地1建物1車位1,八層,十五層,住宅大樓(11層含以上有電梯),住家用,鋼筋混凝土造,1100622,161.5,3,2,2,有,有,6980000,47977,坡道平面,37.9,1050000,預售屋、或土地及建物分件登記案件；,RPTNMLSKQHGGFFK96DA,77.71,6.99,0.0,有,
頭份巿,房地(土地+建物)+車位,苗栗縣頭份市東庄里６鄰富強三街５６號十一樓,28.86,都市：其他:住宅區,,,1090810,土地1建物1車位1,十一層,十五層,住宅大樓(11層含以上有電梯),住家用,鋼筋混凝土造,1100622,166.45,3,2,2,有,有,6480000,42629,坡道平面,37.9,1000000,預售屋、或土地及建物分件登記案件；,RPXOMLNKQHGGFFK96DA,80.95,7.14,0.0,有,
竹南鎮,房地(土地+建物),苗栗縣竹南鎮大埔里６鄰科專六路３１９巷１５號,119.91,都市：其他:第一種住宅區,,,1100921,土地2建物1車位0,全,四層,透天厝,住家用,鋼筋混凝土造,1061020,344.5,5,2,6,有,有,17050000,49492,,0.0,0,,RPUNMLMKIIGGFDK18DA,291.54,20.99,0.0,無,
竹南鎮,房地(土地+建物),苗栗縣竹南鎮大埔里６鄰科專六路３１９巷６號,91.68,都市：其他:第一種住宅區,,,1100921,土地2建物1車位0,全,四層,透天厝,住家用,鋼筋混凝土造,1061020,285.02,5,2,6,有,有,15300000,53680,,0.0,0,,RPWNMLMKIIGGFDK38DA,228.85,24.2,0.0,無,
竹南鎮,房地(土地+建物),苗栗縣竹南鎮大埔里６鄰科專六路３１９巷１０號,90.88,都市：其他:第一種住宅區,,,1100921,土地2建物1車位0,全,四層,透天厝,住家用,鋼筋混凝土造,1061020,288.48,5,2,6,有,有,15500000,53730,,0.0,0,,RPXNMLMKIIGGFDK48DA,232.91,23.6,0.0,無,
竹南鎮,房地(土地+建物),苗栗縣竹南鎮大埔里６鄰科專六路３１９巷１１號,93.82,都市：其他:第一種住宅區,,,1100921,土地2建物1車位0,全,四層,透天厝,住家用,鋼筋混凝土造,1061020,287.18,5,2,6,有,有,15480000,53903,,0.0,0,,RPPOMLMKIIGGFDK77DA,231.61,23.6,0.0,無,
竹南鎮,房地(土地+建物),苗栗縣竹南鎮大埔里６鄰科專六路３１９巷７弄８號,95.67,都市：其他:第一種住宅區,,,1100921,土地2建物1車位0,全,四層,透天厝,住家用,鋼筋混凝土造,1061020,286.4,5,2,6,有,有,14600000,50978,,0.0,0,,RPQOMLMKIIGGFDK87DA,230.83,23.6,0.0,無,
頭份巿,房地(土地+建物)+車位,苗栗縣頭份市東庄里６鄰富強三街６６號三樓,21.77,都市：其他:住宅區,,,1091130,土地1建物1車位1,三層,十五層,住宅大樓(11層含以上有電梯),住家用,鋼筋混凝土造,1100622,134.65,2,2,1,有,有,6350000,55814,坡道平面,37.9,950000,含裝潢費740000元；預售屋、或土地及建物分件登記案件；,RPWNMLOKQHGGFFK86DA,60.96,5.35,0.0,有,
頭份巿,房地(土地+建物)+車位,苗栗縣頭份市東庄里６鄰富強三街６２號四樓,27.35,都市：其他:住宅區,,,1090831,土地1建物1車位1,四層,十五層,住宅大樓(11層含以上有電梯),住家用,鋼筋混凝土造,1100622,161.42000000000002,3,2,2,有,有,6420000,43880,坡道平面,37.9,1000000,預售屋、或土地及建物分件登記案件；,RPSOMLOKQHGGFFK56DA,77.67,6.99,0.0,有,
頭份巿,房地(土地+建物)+車位,苗栗縣頭份市東庄里６鄰富強三街６０號三樓,24.81,都市：其他:住宅區,,,1090928,土地1建物1車位1,三層,十五層,住宅大樓(11層含以上有電梯),住家用,鋼筋混凝土造,1100622,148.38,3,2,2,有,有,6750000,52498,坡道平面,37.9,950000,含裝潢費840000元；預售屋、或土地及建物分件登記案件；,RPSPMLOKQHGGFFK66DA,70.14,5.56,0.0,有,
頭份巿,房地(土地+建物)+車位,苗栗縣頭份市東庄里６鄰富強三街６０號十二樓,24.81,都市：其他:住宅區,,,1091005,土地1建物1車位1,十二層,十五層,住宅大樓(11層含以上有電梯),住家用,鋼筋混凝土造,1100622,148.38,3,2,2,有,有,5710000,42632,坡道平面,37.9,1000000,預售屋、或土地及建物分件登記案件；,RPVPMLOKQHGGFFK96DA,70.14,5.56,0.0,有,
頭份巿,房地(土地+建物)+車位,苗栗縣頭份市東庄里６鄰富強三街６０號十五樓,24.81,都市：其他:住宅區,,,1091109,土地1建物1車位1,十五層,十五層,住宅大樓(11層含以上有電梯),住家用,鋼筋混凝土造,1100622,148.38,3,2,2,有,有,5880000,44623,坡道平面,37.9,950000,預售屋、或土地及建物分件登記案件；,RPWPMLOKQHGGFFK07DA,70.14,5.56,0.0,有,
後龍鎮,土地,崎頂段397-22地號,526.25,,一般農業區,農牧用地,1101002,土地2建物0車位0,,,其他,,,,0.0,0,0,0,有,無,750000,1425,,0.0,0,農作物；機電設備；農業設施；,RPQNMLMKIIGGFDK77DA,0.0,0.0,0.0,無,029
造橋鄉,土地,淡文湖段126-13地號,2672.0,,山坡地保育區,農牧用地,1100829,土地1建物0車位0,,,其他,,,,0.0,0,0,0,有,無,4800000,1796,,0.0,0,本買賣含開發整地費用及未過戶道路持分70平在內,RPSNMLSJIIGGFDK48DA,0.0,0.0,0.0,無,
造橋鄉,房地(土地+建物),苗栗縣造橋鄉談文村５鄰育英三街５號二樓之一,12.74,,山坡地保育區,丙種建築用地,1101004,土地1建物1車位0,二層,四層,套房(1房1廳1衛),住家用,鋼筋混凝土造,0920716,20.74,0,0,0,無,有,700000,33751,,0.0,0,非一般買賣，為政府審查之特許案件。含土地增值稅或其他稅費；含地政士服務費；其他；,RPQPMLPJIIGGFDK18DA,13.59,2.26,0.0,無,030
造橋鄉,房地(土地+建物),苗栗縣造橋鄉談文村５鄰育英三街５號三樓之十六,13.26,,山坡地保育區,丙種建築用地,1101004,土地1建物1車位0,三層,四層,公寓(5樓含以下無電梯),住家用,鋼筋混凝土造,0920716,21.51,0,0,0,無,有,700000,32543,,0.0,0,非一般買賣，為政府審查之特許案件。含土地增值稅或其他稅費；含地政士服務費；其他；,RPSPMLPJIIGGFDK38DA,13.25,3.19,0.0,無,031
竹南鎮,土地,環市段166地號,216.03,都市：其他:住宅區,,,1100917,土地2建物0車位0,,,其他,,,,0.0,0,0,0,有,無,21238000,98310,,0.0,0,,RPOOMLRKRHGGFDK98DA,0.0,0.0,0.0,無,
苑裡鎮,房地(土地+建物)+車位,苗栗縣苑裡鎮中正里１３鄰蓬山路５８號六樓之２,15.08,都市：其他:商業區,,,1100913,土地1建物1車位1,六層,九層,華廈(10層含以下有電梯),住家用,鋼筋混凝土造,1100716,88.58,2,2,2,有,有,4800000,54188,升降機械,0.0,300000,,RPRNMLNKIIGGFCK87DA,59.05,7.48,0.0,有,
苑裡鎮,房地(土地+建物),苗栗縣苑裡鎮中正里１３鄰中正９８之５號,91.35,都市：其他:商業區,,,1100619,土地1建物1車位0,全,三層,透天厝,住家用,鋼筋混凝土造,1100716,192.14,4,3,5,有,有,9700000,50484,,0.0,0,,RPSNMLNKIIGGFCK97DA,165.21,26.93,0.0,無,
通霄鎮,土地,大坪頂段687-10地號,8277.0,,山坡地保育區,農牧用地,1101004,土地1建物0車位0,,,其他,,,,0.0,0,0,0,有,無,5048970,610,,0.0,0,親友、員工、共有人或其他特殊關係間之交易；,RPPNMLOKIIGGFCK77DA,0.0,0.0,0.0,無,
苑裡鎮,房地(土地+建物)+車位,苗栗縣苑裡鎮中正里１３鄰蓬山路５８號六樓之５,20.11,都市：其他:商業區,,,1100629,土地1建物1車位1,六層,九層,華廈(10層含以下有電梯),住家用,鋼筋混凝土造,1100716,114.97,3,2,2,有,有,5680000,49404,升降機械,0.0,300000,,RPPNMLNKIIGGFCK67DA,77.11,9.22,0.0,有,
苑裡鎮,房地(土地+建物)+車位,苗栗縣苑裡鎮中正里１３鄰蓬山路５８號七樓之１,20.11,都市：其他:商業區,,,1080909,土地1建物1車位1,七層,九層,華廈(10層含以下有電梯),住家用,鋼筋混凝土造,1100716,115.87,3,2,2,有,有,5500000,47467,升降機械,0.0,300000,,RPTNMLQJIIGGFCK28DA,78.18,8.84,0.0,有,
苑裡鎮,房地(土地+建物)+車位,苗栗縣苑裡鎮中正里１３鄰蓬山路５８號七樓之２,15.08,都市：其他:商業區,,,1090421,土地1建物1車位1,七層,九層,華廈(10層含以下有電梯),住家用,鋼筋混凝土造,1100716,88.58,2,2,2,有,有,4700000,53059,升降機械,0.0,300000,,RPUNMLQJIIGGFCK38DA,59.05,7.48,0.0,有,
苑裡鎮,房地(土地+建物)+車位,苗栗縣苑裡鎮中正里１３鄰蓬山路５８號八樓之５,20.11,都市：其他:商業區,,,1080909,土地1建物1車位1,八層,九層,華廈(10層含以下有電梯),住家用,鋼筋混凝土造,1100716,114.97,3,2,2,有,有,5500000,47839,升降機械,0.0,300000,,RPVNMLQJIIGGFCK48DA,77.11,9.22,0.0,有,
苑裡鎮,土地,芎蕉坑段185-13地號,2786.58,,山坡地保育區,農牧用地,1100814,土地5建物0車位0,,,其他,,,,0.0,0,0,0,有,無,5938000,2131,,0.0,0,,RPQNMLSJIIGGFCK18DA,0.0,0.0,0.0,無,
苑裡鎮,房地(土地+建物),苗栗縣苑裡鎮房裡里５鄰南房６０之１５號,116.07,都市：其他:住宅區,,,1100901,土地4建物1車位0,全,三層,透天厝,住家用,鋼筋混凝土造,1091229,177.51,5,2,5,有,無,9380000,52842,,0.0,0,,RPRNMLSJIIGGFCK28DA,166.5,11.01,0.0,無,
苗栗市,房地(土地+建物),苗栗縣苗栗市清華里１５鄰為民街２３１巷２９號,119.64,都市：其他:住宅區,,,1100926,土地2建物1車位0,全,二層,透天厝,住家用,加強磚造,,116.43,3,2,2,有,無,3900000,33497,,0.0,0,,RPSNMLOKIIGGFBK97DA,116.43,0.0,0.0,無,032
公館鄉,房地(土地+建物)+車位,苗栗縣公館鄉五谷村１５鄰五谷１９５之１號三樓之二,44.33,都市：其他:住宅區,,,1100918,土地2建物1車位1,三層,五層,華廈(10層含以下有電梯),住家用,鋼筋混凝土造,1091022,107.44,2,1,1,有,有,4330000,40302,一樓平面,0.0,0,,RPRNMLNKIIGGFBK77DA,64.48,8.43,0.0,有,
苗栗市,房地(土地+建物),苗栗縣苗栗市嘉盛里２２鄰育英街５３巷５７弄１號,96.76,,鄉村區,乙種建築用地,1100907,土地1建物1車位0,全,四層,透天厝,住家用,鋼筋混凝土造,1090529,233.87,5,2,3,有,無,15500000,66276,,0.0,0,含地政士服務費；其他；,RPUNMLNKIIGGFBK08DA,228.45,5.42,0.0,無,
苗栗市,土地,大倫段821地號,97.58,,特定農業區,農牧用地,1100907,土地1建物0車位0,,,其他,,,,0.0,0,0,0,有,無,1000000,10248,,0.0,0,含地政士服務費；其他；,SPUNMLNKIIGGFBK18DA,0.0,0.0,0.0,無,
公館鄉,土地,館明段322地號,117.07,都市：其他:住宅區,,,1100917,土地1建物0車位0,,,其他,,,,0.0,0,0,0,有,無,3540000,30238,,0.0,0,,RPVNMLNKIIGGFBK18DA,0.0,0.0,0.0,無,
苗栗市,房地(土地+建物),苗栗縣苗栗市高苗里３１鄰中龍岡８６號,341.43,,山坡地保育區,丙種建築用地,1100829,土地3建物1車位0,全,五層,透天厝,住家用,鋼筋混凝土造,0890420,376.63,5,2,4,有,有,11000000,29206,,0.0,0,,RPWNMLNKIIGGFBK28DA,361.38,15.25,0.0,無,
苗栗市,土地,文發段1308地號,358.97,都市：其他:住宅區,,,1100914,土地1建物0車位0,,,其他,,,,0.0,0,0,0,有,無,17910000,49893,,0.0,0,,RPXNMLNKIIGGFBK38DA,0.0,0.0,0.0,無,
苗栗市,土地,縣府段1009地號,275.63,,,,1100814,土地1建物0車位0,,,其他,,,,0.0,0,0,0,有,無,23800000,86348,,0.0,0,,RPOOMLNKIIGGFBK57DA,0.0,0.0,0.0,無,
苗栗市,房地(土地+建物),苗栗縣苗栗市新英里２１鄰國馨２９號,61.42,,山坡地保育區,丙種建築用地,1101005,土地1建物1車位0,一層，二層，三層，四層，屋頂突出物,,公寓(5樓含以下無電梯),住家用,鋼筋混凝土造,0830215,134.12,3,2,4,有,無,1380000,10289,,0.0,0,,RPPOMLNKIIGGFBK67DA,107.84,26.28,0.0,無,
獅潭鄉,土地,獅潭段新店小段135地號,1145.0,,山坡地保育區,丙種建築用地,1100924,土地1建物0車位0,,,其他,,,,0.0,2,2,1,有,無,4750000,4148,,0.0,0,未保登建物門牌：獅潭鄉新店村13鄰新店167                       號木石磚造平房未登記建物；,RPRNMLOKIIGGFAK77DA,0.0,0.0,0.0,無,
泰安鄉,土地,高熊段414地號,900.0,,山坡地保育區,農牧用地,1100910,土地1建物0車位0,,,其他,,,,0.0,0,0,0,有,無,99000,110,,0.0,0,親友、員工、共有人或其他特殊關係間之交易；,RPPNMLKMRHGGFAK18DA,0.0,0.0,0.0,無,
大湖鄉,土地,大窩段673-2地號,2500.0,,山坡地保育區,農牧用地,1100926,土地1建物0車位0,,,其他,,,,0.0,0,0,0,有,無,3200000,1280,,0.0,0,,RPRNMLMKIIGGFAK57DA,0.0,0.0,0.0,無,
卓蘭鎮,房地(土地+建物),苗栗縣卓蘭鎮內灣里１７鄰內灣２４之６５號,262.25,,山坡地保育區,丙種建築用地,1100618,土地2建物1車位0,全,三層,透天厝,住家用,鋼筋混凝土造,0981208,221.96,3,2,3,有,無,7000000,31537,,0.0,0,,RPPNMLNKIIGGFAK47DA,190.37,31.59,0.0,無,033
泰安鄉,土地,惠安段46地號,750.0,,山坡地保育區,農牧用地,1100809,土地1建物0車位0,,,其他,,,,0.0,0,0,0,有,無,600000,800,,0.0,0,,RPQNMLOKIIGGFAK67DA,0.0,0.0,0.0,無,
卓蘭鎮,土地,中角段1233-12地號,111.08,都市：其他:住宅區,,,1100901,土地2建物0車位0,,,其他,,,,0.0,4,3,3,有,無,8600000,77422,,0.0,0,其他增建；,RPTNMLRJIIGGFAK18DA,0.0,0.0,0.0,無,
卓蘭鎮,土地,山下段914地號,2745.27,都市：其他:保護區,,,1100909,土地3建物0車位0,,,其他,,,,0.0,0,0,0,有,無,2780000,1013,,0.0,0,,RPTNMLOKIIGGFAK97DA,0.0,0.0,0.0,無,
頭屋鄉,土地,仁隆段543-19地號,2684.0,,山坡地保育區,農牧用地,1100912,土地2建物0車位0,,,其他,,,,0.0,0,0,0,有,無,6450000,2403,,0.0,0,,RPUNMLMLRHGGFBK88DA,0.0,0.0,0.0,無,034
苗栗市,房地(土地+建物),苗栗縣苗栗市中正路８８９號,2.39,都市：其他:住宅區,,,1100930,土地2建物1車位0,一層，見其他登記事項,,店面(店鋪),商業用,鋼筋混凝土造,0711125,17.09,0,0,0,無,無,500000,29257,,0.0,0,,RPTNMLTLRHGGFBK86DA,17.09,0.0,0.0,無,035
苗栗市,房地(土地+建物)+車位,苗栗縣苗栗市文山里１３鄰祥發街２６號二樓,27.85,都市：其他:商業區,,,1100811,土地2建物1車位1,二層,七層,華廈(10層含以下有電梯),住家用,鋼筋混凝土造,1050415,167.45999999999998,3,2,2,有,有,7880000,47056,一樓平面,13.75,0,,RPQNMLNJIIGGFBK57DA,87.74,15.72,0.0,有,036
苗栗市,房地(土地+建物),苗栗縣苗栗市嘉盛里１９鄰育英街５３巷１弄１６號,76.78,,鄉村區,乙種建築用地,1100921,土地3建物1車位0,全,四層,透天厝,住家用,鋼筋混凝土造,1091118,173.63,3,2,5,有,無,12200000,70264,,0.0,0,,RPPNMLOKIIGGFBK67DA,158.32,15.31,0.0,無,
苗栗市,房地(土地+建物),苗栗縣苗栗市嘉盛里１９鄰育英街５３巷１弄５號,73.37,,鄉村區,乙種建築用地,1100915,土地3建物1車位0,全,四層,透天厝,住家用,鋼筋混凝土造,1091118,174.78,3,2,5,有,無,12500000,71518,,0.0,0,,RPQNMLOKIIGGFBK77DA,159.47,15.31,0.0,無,
苗栗市,房地(土地+建物),苗栗縣苗栗市嘉盛里１９鄰育英街５３巷１弄２號,73.69,,鄉村區,乙種建築用地,1100918,土地3建物1車位0,全,四層,透天厝,住家用,鋼筋混凝土造,1091118,176.23,3,2,5,有,無,11800000,66958,,0.0,0,,RPRNMLOKIIGGFBK87DA,160.62,15.61,0.0,無,
苗栗市,土地,福安段1036地號,135.33,都市：其他:住宅區,,,1100913,土地1建物0車位0,,,其他,,,,0.0,0,0,0,有,無,3820000,28227,,0.0,0,親友、員工或其他特殊關係間之交易。；二親等內親屬特殊關係間之交易,RPPNMLPKIIGGFBK77DA,0.0,0.0,0.0,無,
苑裡鎮,房地(土地+建物),苗栗縣苑裡鎮客庄里８鄰立德街１９號,110.43,都市：其他:住宅區,,,1100904,土地1建物1車位0,全,二層,透天厝,其他,鋼筋混凝土造,,140.41,4,1,2,有,無,5000000,35610,,0.0,0,頂樓加蓋；,RPPNMLSJRHGGFCK88DA,140.41,0.0,0.0,無,
通霄鎮,土地,五南段558地號,2094.01,,山坡地保育區,農牧用地,1100927,土地3建物0車位0,,,其他,,,,0.0,0,0,0,有,無,5200000,2483,,0.0,0,,RPTNMLRLRHGGFCK76DA,0.0,0.0,0.0,無,
苑裡鎮,房地(土地+建物),苗栗縣苑裡鎮客庄里５鄰中正路９１巷１弄６號,166.12,非都市： ; 非都市編定：,,,1100927,土地4建物1車位0,全,三層,透天厝,住家用,鋼筋混凝土造,1090819,194.44,4,3,5,有,無,10000000,51430,,0.0,0,受民情風俗因素影響；,RPQNMLMKIIGGFCK67DA,188.95,5.49,0.0,無,
通霄鎮,土地,南和段591-97地號,2527.0,,山坡地保育區,農牧用地,1100919,土地1建物0車位0,,,其他,,,,0.0,0,0,0,有,無,4360000,1725,,0.0,0,,RPQNMLNKIIGGFCK77DA,0.0,0.0,0.0,無,
竹南鎮,土地,東崎頂段74地號,641.66,,鄉村區,乙種建築用地,1100621,土地1建物0車位0,,,其他,,,,0.0,0,0,0,有,無,13800000,21507,,0.0,0,,RPOOMLQKQHGGFDK78DA,0.0,0.0,0.0,無,037
後龍鎮,土地,龍椅段331-1地號,491.74,都市：其他:第一種住宅區,,,1100812,土地2建物0車位0,,,其他,,,,0.0,0,0,0,有,無,23500000,47789,,0.0,0,,RPOOMLQKRHGGFDK88DA,0.0,0.0,0.0,無,
後龍鎮,土地,合興段1006-1地號,276.61,都市：其他:住宅區,,,1100616,土地2建物0車位0,,,其他,,,,0.0,0,0,0,有,無,2450000,8857,,0.0,0,1005地號價格新台幣玖萬捌仟元正.1006-1地號價格新台幣貳佰參拾伍萬貳仟元正.包含公共設施保留地用地；,RPOOMLSJIIGGFDK18DA,0.0,0.0,0.0,無,
竹南鎮,土地,龍鳳西段442地號,83.71,都市：其他:道路用地,,,1101004,土地2建物0車位0,,,其他,,,,0.0,0,0,0,有,無,506400,6049,,0.0,0,包含公共設施保留地用地；,RPROMLOJIIGGFDK08DA,0.0,0.0,0.0,無,038
竹南鎮,房地(土地+建物)+車位,苗栗縣竹南鎮大埔里２鄰科專七路１９５號九樓之二,26.13,都市：其他:第一種住宅區,,,1100825,土地1建物1車位1,九層,十二層,住宅大樓(11層含以上有電梯),住家用,ＲＣ造、鋼骨造,1050414,99.58,2,2,1,有,有,5750000,57743,坡道平面,16.85,0,,RPSOMLSJIIGGFDK58DA,51.01,5.75,0.0,有,039
竹南鎮,土地,大同段846地號,337.01,都市：其他:第一種住宅區,,,1100808,土地1建物0車位0,,,其他,,,,0.0,0,0,0,有,無,20980000,62253,,0.0,0,,RPPNMLTJIIGGFDK28DA,0.0,0.0,0.0,無,
竹南鎮,房地(土地+建物)+車位,苗栗縣竹南鎮維新路２７３號二樓,21.08,都市：其他:住宅區,,,1100921,土地1建物1車位1,二層,十三層,住宅大樓(11層含以上有電梯),住家用,鋼筋混凝土造,1061220,140.18,2,2,1,有,有,5300000,37809,坡道平面,40.74,0,,RPOPMLMKIIGGFDK77DA,66.1,3.85,0.0,有,040
竹南鎮,房地(土地+建物),苗栗縣竹南鎮竹南里１５鄰民族街６３號九樓之三,4.08,都市：其他:商業區,,,1100829,土地1建物1車位0,九層,十八層,住宅大樓(11層含以上有電梯),住家用,鋼筋混凝土造,0871111,64.07000000000001,2,1,1,有,有,3150000,49165,,0.0,0,,RPPPMLMKIIGGFDK87DA,43.41,8.4,0.0,有,
後龍鎮,土地,苦苓腳段1805地號,2207.0,,特定農業區,農牧用地,1100910,土地1建物0車位0,,,其他,,,,0.0,0,0,0,有,無,2000000,906,,0.0,0,親友、員工、共有人或其他特殊關係間之交易；,RPPNMLNKIIGGFDK77DA,0.0,0.0,0.0,無,
後龍鎮,房地(土地+建物),苗栗縣後龍鎮大庄里２鄰龍庄街１３２號,102.0,都市：其他:住宅區,,,1100907,土地1建物1車位0,全,二層,透天厝,住家用,鋼筋混凝土造,0690507,128.14,3,2,2,有,無,4980000,38864,,0.0,0,頂樓加蓋；其他增建；,RPWNMLNKIIGGFDK48DA,128.14,0.0,0.0,無,
竹南鎮,房地(土地+建物)+車位,苗栗縣竹南鎮龍山里３鄰龍山路二段３２６巷１７號六樓,30.8,都市：其他:住宅區,,,1100902,土地1建物1車位1,六層,七層,華廈(10層含以下有電梯),住家用,鋼筋混凝土造,1050524,130.5,3,2,2,有,有,6450000,49425,坡道機械,7.29,0,,RPVNMLMKIIGGFDK28DA,84.87,9.11,0.0,有,
銅鑼鄉,土地,新雞隆段961-3地號,5795.0,,森林區,農牧用地,1100830,土地1建物0車位0,,,其他,,,,0.0,0,0,0,有,無,8000000,1381,,0.0,0,親友、員工、共有人或其他特殊關係間之交易；,RPRNMLMJRHGGFEK68DA,0.0,0.0,0.0,無,
三義鄉,土地,重河段894地號,197.62,都市：其他:道路用地,,,1101001,土地2建物0車位0,,,其他,,,,0.0,0,0,0,有,無,4483504,22688,,0.0,0,,RPPNMLLJIIGGFEK57DA,0.0,0.0,0.0,無,
南庄鄉,土地,庄西段740-2地號,42.11,都市：其他:住宅區,,,1100824,土地3建物0車位0,,,其他,,,,0.0,0,0,0,有,無,370000,8787,,0.0,0,,RPPOMLOLQHGGFFK98DA,0.0,0.0,0.0,無,
三灣鄉,房地(土地+建物),苗栗縣三灣鄉永和村４鄰大湖２之３２號,3251.0,,山坡地保育區,農牧用地,1100818,土地3建物1車位0,全,一層,透天厝,農業用,鋼筋混凝土造,1050301,134.22,3,2,2,有,無,13000000,96856,,0.0,0,,RPUNMLQJRHGGFFK86DA,127.02,7.2,0.0,無,
頭份巿,房地(土地+建物),苗栗縣頭份市土牛里７鄰興隆路５８巷２０弄１號,184.2,都市：其他:,,,1090601,土地3建物1車位0,全,三層,透天厝,住家用,鋼筋混凝土造,1100727,159.68,5,3,3,有,有,9150000,57302,,0.0,0,,RPWNMLLKRHGGFFK66DA,152.55,7.13,0.0,無,
頭份巿,房地(土地+建物),苗栗縣頭份市土牛里７鄰興隆路５８巷２０弄２號,102.41,都市：其他:住宅區,,,1090405,土地3建物1車位0,全,三層,透天厝,住家用,鋼筋混凝土造,1100727,159.83,5,3,3,有,有,8850000,55371,,0.0,0,,RPPOMLLKRHGGFFK68DA,152.7,7.13,0.0,無,
頭份巿,房地(土地+建物)+車位,苗栗縣頭份市頭份里１２鄰中正路２６２號二樓之一,16.94,都市：其他:住宅區,,,1100909,土地1建物1車位1,二層,八層,華廈(10層含以下有電梯),住家用,ＲＣ造,1020207,93.38,2,2,1,有,有,4900000,52474,一樓平面,4.96,0,,RPPNMLOKRHGGFFK88DA,56.41,8.4,0.0,有,
頭份巿,房地(土地+建物),苗栗縣頭份市中興里１５鄰大園街５１號,87.9,都市：其他:住宅區,,,1100908,土地1建物1車位0,全,四層,透天厝,住家用,ＲＣ造,0950421,118.65,4,2,4,有,無,9800000,82596,,0.0,0,,RPVOMLPKRHGGFFK07DA,118.65,0.0,0.0,無,041
南庄鄉,土地,田尾段900-635地號,4656.0,,山坡地保育區,林業用地,1100916,土地2建物0車位0,,,其他,,,,0.0,0,0,0,有,無,3200000,687,,0.0,0,,RPSNMLQKRHGGFFK76DA,0.0,0.0,0.0,無,
頭份巿,房地(土地+建物),苗栗縣頭份市土牛里７鄰興隆路５８巷３９弄７號,73.59,都市：其他:住宅區,,,1090322,土地1建物1車位0,全,三層,透天厝,住家用,鋼筋混凝土造,1100719,168.66,5,3,3,有,有,9100000,53955,,0.0,0,,RPTOMLOKRHGGFFK76DA,158.86,9.8,0.0,無,
頭份巿,土地,民族段858地號,130.78,都市：其他:住宅區,,,1100912,土地2建物0車位0,,,其他,,,,0.0,0,0,0,有,無,5340000,40832,,0.0,0,,RPQNMLPKRHGGFFK09DA,0.0,0.0,0.0,無,
頭份巿,房地(土地+建物),苗栗縣頭份市土牛里７鄰興隆路５８巷２０弄８號,128.9,都市：其他:住宅區,,,1090316,土地3建物1車位0,全,三層,透天厝,住家用,鋼筋混凝土造,1100727,200.13,5,3,3,有,有,10180000,50867,,0.0,0,,RPWNMLPKRHGGFFK07DA,193.35,6.78,0.0,有,
頭份巿,房地(土地+建物),苗栗縣頭份市上埔里４鄰中正一路１８１巷１６號五樓之三,15.49,都市：其他:住宅區,,,1101001,土地1建物1車位0,五層,七層,華廈(10層含以下有電梯),辦公用,鋼筋混凝土造,1060510,47.61,1,1,1,有,有,2500000,52510,,0.0,0,,RPPOMLMKIIGGFFK97DA,22.01,5.72,0.0,有,042
頭份巿,車位,苗栗縣頭份市流東里１１鄰老崎６之６９號等共有部份,0.0,,,,1100824,土地0建物1車位1,,,其他,,,,41.7,0,0,0,有,無,800000,,坡道平面,0.0,0,僅車位交易；,RPQNMLSJIIGGFFK48DA,0.0,0.0,0.0,無,043
頭份巿,房地(土地+建物),苗栗縣頭份市下興里１３鄰新興街１１１巷５號,108.68,,山坡地保育區,丙種建築用地,1100909,土地3建物1車位0,全,四層,透天厝,住家用,鋼筋混凝土造,0841130,158.92999999999998,4,2,3,有,無,5760000,36242,,0.0,0,,RPRNMLSJIIGGFFK58DA,139.77,15.18,0.0,無,044
頭份巿,房地(土地+建物),苗栗縣頭份市下興里１３鄰新興街６５巷１６號,113.05,,山坡地保育區,丙種建築用地,1100911,土地1建物1車位0,全,四層,透天厝,住家用,鋼筋混凝土造,0841130,167.28,4,2,3,有,無,6080000,36346,,0.0,0,其他增建；,RPSNMLMKIIGGFFK18DA,148.69,14.4,0.0,無,
頭份巿,房地(土地+建物),苗栗縣頭份市土牛里７鄰興隆路５８巷２２號,78.03,都市：其他:住宅區,,,1090324,土地3建物1車位0,全,三層,透天厝,住家用,鋼筋混凝土造,1100727,171.49,4,2,3,有,有,8900000,51898,,0.0,0,,RPVNMLRJIIGGFFK88DA,171.49,0.0,0.0,無,
銅鑼鄉,土地,天神段29地號,1096.82,,特定農業區,農牧用地,1100826,土地1建物0車位0,,,其他,,,,0.0,0,0,0,有,無,1864599,1700,,0.0,0,親友、員工、共有人或其他特殊關係間之交易；,RPQNMLSJIIGGFEK48EA,0.0,0.0,0.0,無,
頭份巿,土地,義民段360地號,111.63,都市：其他:道路用地,,,1101003,土地3建物0車位0,,,其他,,,,0.0,0,0,0,有,無,680000,6092,,0.0,0,包含公共設施保留地之交易。；,RPSOMLNKIIGGFFK48EA,0.0,0.0,0.0,無,045
造橋鄉,房地(土地+建物),苗栗縣造橋鄉談文村５鄰育英街３６號一樓之八,14.58,,山坡地保育區,丙種建築用地,1100924,土地1建物1車位0,一層,三層,公寓(5樓含以下無電梯),住家用,鋼筋混凝土造,0930623,20.41,1,1,1,有,有,310000,15189,,0.0,0,,RPSNMLOKIIGGFDK28EA,13.57,2.22,0.0,無,
頭份巿,土地,德義段798地號,256.94,都市：其他:道路用地,,,1100713,土地1建物0車位0,,,其他,,,,0.0,0,0,0,有,無,2011840,7830,,0.0,0,包含公共設施保留地用地；,RPPNMLNKIIGGFFK97DA,0.0,0.0,0.0,無,
大湖鄉,土地,南湖段1336-23地號,1000.0,,山坡地保育區,林業用地,1101006,土地1建物0車位0,,,其他,,,,0.0,0,0,0,有,無,430000,430,,0.0,0,,RPQNMLOKIIGGFAK77EA,0.0,0.0,0.0,無,046
頭份巿,房地(土地+建物),苗栗縣頭份市興隆里２鄰興隆３５號,449.25,都市：其他:農業區,,,1100813,土地3建物1車位0,全,二層,透天厝,住家用,加強磚造,0700115,56.67,5,3,2,有,無,6500000,114699,,0.0,0,,RPOOMLNKIIGGFFK97DA,56.67,0.0,0.0,無,047
頭份巿,房地(土地+建物)+車位,苗栗縣頭份市民族里８鄰民族路１６０之１號,29.8,都市：其他:住宅區,,,1100815,土地1建物1車位1,一層,十層,華廈(10層含以下有電梯),住商用,鋼筋混凝土造,1081220,163.22,3,2,2,有,有,8050000,49320,坡道平面,13.75,0,,RPQNMLOKIIGGFFK18DA,87.38,0.0,0.0,有,
頭份巿,房地(土地+建物)+車位,苗栗縣頭份市成功里１７鄰節約街１０６號六樓,25.06,都市：其他:商業區,,,1100827,土地1建物1車位2,六層,十五層,住宅大樓(11層含以上有電梯),住家用,ＲＣ造,1010607,288.13,4,2,2,有,有,13650000,47374,坡道平面,82.6,0,,RPTOMLNKIIGGFFK48DA,134.68,13.34,0.0,有,048
竹南鎮,房地(土地+建物),苗栗縣竹南鎮公義里９鄰口墻圍１９之１號,233.8,,鄉村區,乙種建築用地,1100820,土地1建物1車位0,全,一層,透天厝,住家用,鋼筋混凝土造,0800725,96.18,3,1,1,有,無,4000000,41589,,0.0,0,親友、員工、共有人或其他特殊關係間之交易；,RPTNMLPKIIGGFDK48EA,96.18,0.0,0.0,無,049
頭份巿,房地(土地+建物)+車位,苗栗縣頭份市興隆里５鄰花園東路１００巷９號五樓,67.45,,山坡地保育區,丙種建築用地,1100922,土地1建物1車位1,五層,七層,華廈(10層含以下有電梯),住家用,鋼筋混凝土造,1051222,182.49,4,2,2,有,有,7100000,38906,坡道平面,29.85,0,,RPROMLMKIIGGFFK18DA,99.73,11.12,0.0,有,050
頭份巿,房地(土地+建物)+車位,苗栗縣頭份市中興里１３鄰建國路二段３００巷１０號五樓,25.4,都市：其他:道路用地,,,1100823,土地2建物1車位1,五層,十四層,住宅大樓(11層含以上有電梯),住家用,ＲＣ造,0950503,168.15,4,2,2,有,有,6230000,37050,坡道平面,0.0,0,,RPTNMLNKIIGGFFK38DA,101.63,8.79,0.0,有,
三灣鄉,土地,南下林坪段891地號,2740.3,,山坡地保育區,農牧用地,1100830,土地2建物0車位0,,,其他,,,,0.0,0,0,0,有,無,9450000,3449,,0.0,0,未登記建物；,RPUNMLNKIIGGFFK48DA,0.0,0.0,0.0,無,
頭份巿,房地(土地+建物)+車位,苗栗縣頭份市東庄里１９鄰富強一街９號十二樓,28.15,都市：其他:住宅區,,,1100828,土地1建物1車位1,十二層,十四層,住宅大樓(11層含以上有電梯),住家用,鋼筋混凝土造,1070629,161.8,3,2,2,有,有,8200000,50680,坡道平面,37.18,0,車位編號:B1-182,RPWNMLNKIIGGFFK68DA,76.48,10.25,0.0,有,051
頭份巿,房地(土地+建物),苗栗縣頭份市自強里１６鄰自強路華泰巷６號,71.62,都市：其他:住宅區,,,1100821,土地2建物1車位0,全,四層,透天厝,其他,鋼筋混凝土造,0860306,185.37,5,3,4,有,無,8500000,45854,,0.0,0,,RPRNMLPLRHGGFFK66DA,161.62,20.71,0.0,無,052
頭份巿,房地(土地+建物),苗栗縣頭份市尖山里１４鄰文英街８７巷１６弄１５號,81.0,,特定農業區,甲種建築用地,1100828,土地2建物1車位0,全,四層,透天厝,住家用,鋼筋混凝土造,0820805,172.14,4,3,3,有,無,4830000,28059,,0.0,0,,RPTOMLPKRHGGFFK86DA,147.99,24.15,0.0,無,053
頭份巿,房地(土地+建物)+車位,苗栗縣頭份市民族里１１鄰東興路９６號三樓,26.48,都市：其他:住宅區,,,1100823,土地1建物1車位1,三層,十一層,住宅大樓(11層含以上有電梯),住家用,鋼筋混凝土造,1061005,159.81,3,2,2,有,有,8500000,53188,坡道平面,0.0,0,,RPSNMLRKRHGGFFK86DA,80.9,8.53,0.0,有,
頭份巿,房地(土地+建物)+車位,苗栗縣頭份市民族里１１鄰東興路１０２號七樓,26.38,都市：其他:住宅區,,,1100802,土地1建物1車位1,七層,十一層,住宅大樓(11層含以上有電梯),住家用,鋼筋混凝土造,1061005,159.29,3,2,2,有,有,8980000,56375,坡道平面,0.0,0,,RPRNMLNKRHGGFFK98DA,80.66,8.42,0.0,有,
頭份巿,房地(土地+建物)+車位,苗栗縣頭份市民族里１１鄰東興路１０２號九樓,26.38,都市：其他:住宅區,,,1100804,土地1建物1車位1,九層,十一層,住宅大樓(11層含以上有電梯),住家用,鋼筋混凝土造,1061005,159.29,3,2,2,有,有,9100000,57129,坡道平面,0.0,0,,RPOOMLNKRHGGFFK78DA,80.66,8.42,0.0,有,
頭份巿,房地(土地+建物)+車位,苗栗縣頭份市民族里１１鄰東興路１００號六樓,16.86,都市：其他:住宅區,,,1100903,土地1建物1車位1,六層,十一層,住宅大樓(11層含以上有電梯),辦公用,鋼筋混凝土造,1061005,102.27,3,2,3,有,有,7000000,68446,坡道平面,0.0,0,,RPPOMLNKRHGGFFK88DA,46.48,2.89,0.0,有,
頭份巿,房地(土地+建物)+車位,苗栗縣頭份市東庄里６鄰富強三街５２號十三樓,35.95,都市：其他:住宅區,,,1090810,土地1建物1車位1,十三層,十五層,住宅大樓(11層含以上有電梯),住家用,鋼筋混凝土造,1100622,203.37,4,2,2,有,有,8450000,44721,坡道平面,37.9,1050000,預售屋、或土地及建物分件登記案件；,RPXTMLOKQHGGFFK57DA,101.19,13.61,0.0,有,
頭份巿,房地(土地+建物)+車位,苗栗縣頭份市東庄里６鄰富強三街３６號三樓,27.35,都市：其他:住宅區,,,1091231,土地1建物1車位1,三層,十五層,住宅大樓(11層含以上有電梯),住家用,鋼筋混凝土造,1100622,161.5,3,2,2,有,有,7700000,54612,坡道平面,37.9,950000,含裝潢費940000元；預售屋、或土地及建物分件登記案件；,RPXPMLOKQHGGFFK17DA,77.71,6.99,0.0,有,
頭份巿,房地(土地+建物)+車位,苗栗縣頭份市東庄里６鄰昌隆一街２９８號,36.46,都市：其他:住宅區,,,1090824,土地1建物1車位2,一層,十五層,住宅大樓(11層含以上有電梯),商業用,鋼筋混凝土造,1100622,223.44,0,0,0,無,有,12700000,72390,坡道平面,77.01,2100000,店舖預售屋、或土地及建物分件登記案件；,RPPSMLOKQHGGFFK66DA,100.37,0.0,0.0,有,
頭份巿,房地(土地+建物)+車位,苗栗縣頭份市東庄里６鄰昌隆一街２９６號,33.42,都市：其他:住宅區,,,1090824,土地1建物1車位2,一層,十五層,住宅大樓(11層含以上有電梯),商業用,鋼筋混凝土造,1100622,209.44,0,0,0,無,有,11400000,69590,坡道平面,75.8,2100000,店舖預售屋、或土地及建物分件登記案件；,RPVSMLOKQHGGFFK27DA,91.55,0.0,0.0,有,
頭份巿,房地(土地+建物)+車位,苗栗縣頭份市東庄里６鄰富強三街５２號二樓,37.98,都市：其他:住宅區,,,1090907,土地1建物1車位2,二層,十五層,住宅大樓(11層含以上有電梯),住家用,鋼筋混凝土造,1100622,254.44,4,2,2,有,有,10300000,46462,坡道平面,75.8,2000000,包含露臺預售屋、或土地及建物分件登記案件；,RPPTMLOKQHGGFFK76DA,105.33,17.08,0.0,有,
頭份巿,房地(土地+建物)+車位,苗栗縣頭份市東庄里６鄰富強三街６２號六樓,27.35,都市：其他:住宅區,,,1091228,土地1建物1車位1,六層,十五層,住宅大樓(11層含以上有電梯),住家用,鋼筋混凝土造,1100622,161.42000000000002,3,2,2,有,有,7220000,50356,坡道平面,37.9,1000000,預售屋、或土地及建物分件登記案件；,RPUOMLOKQHGGFFK76DA,77.67,6.99,0.0,有,
頭份巿,房地(土地+建物)+車位,苗栗縣頭份市東庄里６鄰富強三街６２號九樓,27.35,都市：其他:住宅區,,,1091109,土地1建物1車位1,九層,十五層,住宅大樓(11層含以上有電梯),住家用,鋼筋混凝土造,1100622,161.42000000000002,3,2,2,有,有,7200000,50194,坡道平面,37.9,1000000,預售屋、或土地及建物分件登記案件；,RPWOMLOKQHGGFFK96DA,77.67,6.99,0.0,有,
頭份巿,房地(土地+建物)+車位,苗栗縣頭份市東庄里６鄰富強三街６６號五樓,21.77,都市：其他:住宅區,,,1090810,土地1建物1車位1,五層,十五層,住宅大樓(11層含以上有電梯),住家用,鋼筋混凝土造,1100622,134.65,2,2,1,有,有,5350000,45478,坡道平面,37.9,950000,預售屋、或土地及建物分件登記案件；,RPXNMLOKQHGGFFK96DA,60.96,5.35,0.0,有,
頭份巿,房地(土地+建物)+車位,苗栗縣頭份市東庄里６鄰富強三街６８號十一樓,27.85,都市：其他:住宅區,,,1091109,土地1建物1車位1,十一層,十五層,住宅大樓(11層含以上有電梯),住家用,鋼筋混凝土造,1100622,163.28,3,2,2,有,有,7050000,48652,坡道平面,37.9,950000,預售屋、或土地及建物分件登記案件；,RPUNMLOKQHGGFFK66DA,78.83,7.07,0.0,有,
竹南鎮,房地(土地+建物),苗栗縣竹南鎮天文里１５鄰龍昇街１１９巷２６弄８號,93.15,都市：其他:住宅區,,,1100918,土地2建物1車位0,全,四層,透天厝,住家用,鋼筋混凝土造,1100504,207.92,4,2,4,有,有,11360000,54636,,0.0,0,,RPQNMLOKIIGGFDK97DA,187.66,20.26,0.0,無,
後龍鎮,土地,外埔段1294地號,4269.0,,特定農業區,農牧用地,1101008,土地1建物0車位0,,,其他,,,,0.0,0,0,0,有,無,5166000,1210,,0.0,0,,RPUNMLOKIIGGFDK38DA,0.0,0.0,0.0,無,
竹南鎮,房地(土地+建物)+車位,苗栗縣竹南鎮新南里２４鄰維新路４１２號十三樓之三,41.0,都市：其他:住宅區,,,1100911,土地2建物1車位1,十三層,十四層,住宅大樓(11層含以上有電梯),住家用,鋼筋混凝土造,1061013,226.91,3,2,2,有,有,14700000,72755,坡道平面,42.73,1300000,本件含機車位一位,RPXOMLQJIIGGFDK88DA,112.86,18.55,0.0,有,
竹南鎮,房地(土地+建物)+車位,苗栗縣竹南鎮新南里２４鄰維新路４１２號十三樓之二,43.13,都市：其他:住宅區,,,1100911,土地2建物1車位1,十三層,十四層,住宅大樓(11層含以上有電梯),住家用,鋼筋混凝土造,1061013,233.95,4,2,2,有,有,15500000,74260,坡道平面,42.73,1300000,本買賣含機車位一位,RPOPMLQJIIGGFDK08DA,118.77,17.01,0.0,有,
竹南鎮,房地(土地+建物)+車位,苗栗縣竹南鎮新南里２４鄰維新路４１２號四樓之三,41.0,都市：其他:住宅區,,,1100910,土地2建物1車位2,四層,十四層,住宅大樓(11層含以上有電梯),住家用,鋼筋混凝土造,1061013,291.95,3,2,2,有,有,16300000,74384,坡道平面,107.77,2600000,本件含機車位二位,RPPOMLQJIIGGFDK08DA,112.86,18.55,0.0,有,
後龍鎮,土地,崎頂段299-1地號,510.25,,一般農業區,農牧用地,1101005,土地1建物0車位0,,,其他,,,,0.0,0,0,0,有,無,3580000,7016,,0.0,0,地上物設施未申請農作物；機電設備；,RPWOMLPJIIGGFDK68DA,0.0,0.0,0.0,無,054
竹南鎮,房地(土地+建物)+車位,苗栗縣竹南鎮大埔里８鄰大埔一街１００號１１樓,16.48,都市：其他:商業區,,,1100917,土地1建物1車位1,十一層,十四層,住宅大樓(11層含以上有電梯),住家用,鋼筋混凝土造,1051130,159.32,3,2,2,有,有,8200000,51469,坡道平面,0.0,0,,RPOOMLNLRHGGFDK68DA,86.96,11.0,0.0,有,055
竹南鎮,房地(土地+建物)+車位,苗栗縣竹南鎮大埔里２鄰科專七路３１２號八樓之二,40.93,都市：其他:第一種住宅區,,,1100831,土地1建物1車位1,八層,九層,華廈(10層含以下有電梯),住家用,鋼筋混凝土造,1050115,145.57,3,2,2,有,有,6600000,45339,坡道平面,0.0,0,,RPTNMLOJIIGGFDK18DA,82.22,7.78,0.0,有,056
後龍鎮,土地,大山腳段3312地號,2043.0,,特定農業區,農牧用地,1100906,土地1建物0車位0,,,其他,,,,0.0,0,0,0,有,無,4320000,2115,,0.0,0,,RPUNMLOJIIGGFDK28DA,0.0,0.0,0.0,無,
竹南鎮,房地(土地+建物),苗栗縣竹南鎮竹興里１６鄰竹圍街２４９巷２７號,79.0,,鄉村區,乙種建築用地,1100821,土地1建物1車位0,全,二層,透天厝,住家用,加強磚造,0671101,96.6,4,2,3,有,無,2500000,25880,,0.0,0,,RPOOMLQLQHGGFDK88DA,96.6,0.0,0.0,無,
竹南鎮,房地(土地+建物)+車位,苗栗縣竹南鎮大埔里２鄰科專三路３１號六樓之五,45.0,都市：其他:第一種住宅區,,,1100824,土地1建物1車位1,六層,十層,華廈(10層含以下有電梯),住家用,鋼筋混凝土造,1050422,162.71,3,2,2,有,有,7300000,44865,坡道平面,26.43,0,,RPRPMLLMQHGGFDK88DA,91.58,8.42,0.0,有,057
造橋鄉,土地,淡文湖段1453地號,2228.0,,特定農業區,農牧用地,1100912,土地1建物0車位0,,,其他,,,,0.0,0,0,0,有,無,4000000,1795,,0.0,0,,RPPNMLMKRHGGFDK48DA,0.0,0.0,0.0,無,
竹南鎮,房地(土地+建物)+車位,苗栗縣竹南鎮龍鳳里１鄰龍山路一段１４６號七樓,21.32,都市：其他:住宅區,,,1100905,土地1建物1車位1,七層,七層,華廈(10層含以下有電梯),住家用,鋼筋混凝土造,0840421,116.32,3,2,2,有,無,3550000,30519,坡道機械,0.0,0,,RPRNMLOKRHGGFDK88DA,77.5,2.56,0.0,有,
後龍鎮,土地,秀水段149地號,15.47,,鄉村區,乙種建築用地,1101007,土地2建物0車位0,,,其他,,,,0.0,0,0,0,有,無,239785,15500,,0.0,0,協議價購；,RPVNMLOJQHGGFDK09DA,0.0,0.0,0.0,無,
後龍鎮,土地,秀水段143地號,17.1,,鄉村區,乙種建築用地,1101007,土地2建物0車位0,,,其他,,,,0.0,0,0,0,有,無,265050,15500,,0.0,0,協議價購；,RPWNMLOJQHGGFDK56DA,0.0,0.0,0.0,無,
苑裡鎮,土地,社柑段1051地號,650.0,,特定農業區,農牧用地,1100922,土地1建物0車位0,,,其他,,,,0.0,0,0,0,有,無,1690000,2600,,0.0,0,親友、員工、共有人或其他特殊關係間之交易；,RPPNMLMKIIGGFCK57DA,0.0,0.0,0.0,無,
苑裡鎮,土地,大埔北段48地號,278.65,,特定農業區,農牧用地,1100909,土地1建物0車位0,,,其他,,,,0.0,0,0,0,有,無,774647,2780,,0.0,0,,RPPNMLSJIIGGFCK08DA,0.0,0.0,0.0,無,058
苑裡鎮,土地,玉山段1929地號,363.5,,特定農業區,甲種建築用地,1100913,土地1建物0車位0,,,其他,,,,0.0,0,0,0,有,無,7035840,19356,,0.0,0,未登記建物；,RPSNMLRLRHGGFCK66DA,0.0,0.0,0.0,無,
苗栗市,房地(土地+建物),苗栗縣苗栗市上苗里１０鄰中正路１０３號,131.31,都市：其他:商業區,,,1100828,土地4建物2車位0,全,三層,透天厝,住家用,加強磚造,,180.03,2,3,2,有,無,11800000,65545,,0.0,0,未登記建物；未登記建物；,RPUNMLSKIIGGFBK58DA,180.03,0.0,0.0,無,
苑裡鎮,土地,福田段462地號,541.59,都市：其他:住宅區,,,1100108,土地4建物0車位0,,,其他,,,,0.0,0,0,0,有,無,13925632,25712,,0.0,0,,RPPNMLTLPHGGFCK98DA,0.0,0.0,0.0,無,
苗栗市,房地(土地+建物)+車位,苗栗縣苗栗市文山里２８鄰自治路４２６巷５號,37.31,都市：其他:住宅區,,,1100930,土地1建物1車位2,一層,十二層,住宅大樓(11層含以上有電梯),商業用,鋼筋混凝土造,1091215,150.5,0,0,0,無,有,13980000,92890,一樓平面,27.5,0,,RPQNMLPKIIGGFBK87DA,111.18,0.0,0.0,有,
公館鄉,土地,五谷岡段991-2地號,397.0,都市：其他:農業區,,,1100930,土地1建物0車位0,,,其他,,,,0.0,0,0,0,有,無,3300000,8312,,0.0,0,,RPPNMLSKIIGGFBK08DA,0.0,0.0,0.0,無,059
公館鄉,土地,南河段755-16地號,200.0,,山坡地保育區,農牧用地,1100807,土地1建物0車位0,,,其他,,,,0.0,0,0,0,有,無,40000,200,,0.0,0,,RPPNMLPJIIGGFBK67DA,0.0,0.0,0.0,無,
大湖鄉,土地,南湖段1183-1地號,296.0,,山坡地保育區,農牧用地,1101008,土地1建物0車位0,,,其他,,,,0.0,0,0,0,有,無,150000,507,,0.0,0,,RPSNMLMKIIGGFAK67DA,0.0,0.0,0.0,無,
公館鄉,土地,尖山段1807-1地號,3140.0,,特定農業區,農牧用地,1100912,土地1建物0車位0,,,其他,,,,0.0,0,0,0,有,無,10800000,3439,,0.0,0,含未保存登記之平房屋一棟,RPSNMLMLRHGGFBK68DA,0.0,0.0,0.0,無,
苗栗市,土地,大倫段763地號,280.62,,特定農業區,甲種建築用地,1100730,土地1建物0車位0,,,其他,,,,0.0,0,0,0,有,無,9880000,35208,,0.0,0,,RPRNMLSKIIGGFBK28DA,0.0,0.0,0.0,無,
通霄鎮,土地,五里牌段五福小段249-1地號,344.0,,鄉村區,乙種建築用地,1101005,土地1建物0車位0,,,其他,,,,0.0,0,0,0,有,無,4837818,14063,,0.0,0,,RPPNMLPKIIGGFCK87DA,0.0,0.0,0.0,無,
通霄鎮,土地,土城段1198-7地號,2697.25,,山坡地保育區,農牧用地,1100916,土地2建物0車位0,,,其他,,,,0.0,0,0,0,有,無,7500000,2781,,0.0,0,未登記建物；,RPPNMLTKIIGGFCK28DA,0.0,0.0,0.0,無,
竹南鎮,土地,光復段1025地號,51.98,都市：其他:住宅區,,,1100927,土地2建物0車位0,,,其他,,,,0.0,0,0,0,有,無,4734339,91080,,0.0,0,政府機關標讓售；,RPRNMLLJIIGGFDK67DA,0.0,0.0,0.0,無,
竹南鎮,房地(土地+建物),苗栗縣竹南鎮頂埔里１鄰中華路３４巷１５號,100.45,都市：其他:第三種住宅區。,,,1100918,土地1建物1車位0,全,二層,透天厝,住家用,加強磚造,0660527,138.52,5,2,3,有,無,4800000,34652,,0.0,0,,RPROMLKMRHGGFDK78DA,138.52,0.0,0.0,無,
後龍鎮,土地,龍西段114-2地號,5.4,都市：其他:學校,,,1100926,土地2建物0車位0,,,其他,,,,0.0,0,0,0,有,無,108212,20039,,0.0,0,親友、員工、共有人或其他特殊關係間之交易；瑕疵物件；包含公共設施保留地用地；,RPSOMLOLRHGGFDK56DA,0.0,0.0,0.0,無,
後龍鎮,土地,龍西段114-4地號,4.27,都市：其他:住宅區,,,1100926,土地1建物0車位0,,,其他,,,,0.0,0,0,0,有,無,85578,20042,,0.0,0,親友、員工、共有人或其他特殊關係間之交易；瑕疵物件；,RPTOMLOLRHGGFDK66DA,0.0,0.0,0.0,無,
後龍鎮,土地,龍西段114-5地號,4.34,都市：其他:住宅區,,,1100926,土地1建物0車位0,,,其他,,,,0.0,0,0,0,有,無,86937,20032,,0.0,0,親友、員工、共有人或其他特殊關係間之交易；瑕疵物件；,RPUOMLOLRHGGFDK76DA,0.0,0.0,0.0,無,
後龍鎮,土地,龍西段114-7地號,4.51,都市：其他:住宅區,,,1100926,土地1建物0車位0,,,其他,,,,0.0,0,0,0,有,無,90361,20036,,0.0,0,親友、員工、共有人或其他特殊關係間之交易；瑕疵物件；,RPVOMLOLRHGGFDK86DA,0.0,0.0,0.0,無,
後龍鎮,土地,龍西段114-8地號,4.44,都市：其他:住宅區,,,1100926,土地1建物0車位0,,,其他,,,,0.0,0,0,0,有,無,88991,20043,,0.0,0,親友、員工、共有人或其他特殊關係間之交易；瑕疵物件；,RPWOMLOLRHGGFDK96DA,0.0,0.0,0.0,無,
後龍鎮,土地,龍西段114-9地號,21.41,都市：其他:住宅區,,,1100926,土地1建物0車位0,,,其他,,,,0.0,0,0,0,有,無,429247,20049,,0.0,0,親友、員工、共有人或其他特殊關係間之交易；瑕疵物件；,RPXOMLOLRHGGFDK07DA,0.0,0.0,0.0,無,
後龍鎮,土地,龍西段114-3地號,3.39,都市：其他:住宅區,,,1100926,土地1建物0車位0,,,其他,,,,0.0,0,0,0,有,無,68080,20083,,0.0,0,親友、員工、共有人或其他特殊關係間之交易；瑕疵物件；,RPPNMLQLRHGGFDK98DA,0.0,0.0,0.0,無,
竹南鎮,土地,光復段878地號,267.62,都市：其他:道路用地,,,1100924,土地1建物0車位0,,,其他,,,,0.0,0,0,0,有,無,7081200,26460,,0.0,0,包含公共設施保留地用地；,RPPNMLRKIIGGFDK18DA,0.0,0.0,0.0,無,
竹南鎮,土地,新山佳段961地號,23.77,都市：其他:道路用地,,,1100911,土地3建物0車位0,,,其他,,,,0.0,0,0,0,有,無,570193,23988,,0.0,0,稅費及相關費用負擔情形：1有關買賣時，發生之「土地增值稅」歸出賣人負擔。2產權移轉登記所需之登記規費、印花稅費用均由買受人負擔外；其餘有關本件買賣土地之相關等費用如代書費、鑑界費、仲介費、整合費或保存、改良、增置、修繕、地上物拆除等行為 支出亦均由買受人負擔。含土地增值稅或其他稅費145245元；畸零地或有合併使用效益；包含公共設施保留地用地；,RPSNMLMKIIGGFDK97DA,0.0,0.0,0.0,無,
頭份巿,房地(土地+建物)+車位,苗栗縣頭份市後庄里３鄰文林路３６巷５２弄９號六樓,29.28,都市：其他:住宅區,,,1100801,土地2建物1車位1,六層,九層,華廈(10層含以下有電梯),住家用,鋼筋混凝土造,1080201,137.81,3,2,2,有,有,6980000,49887,坡道機械,9.91,600000,,RPTOMLKKQHGGFFK88DA,86.61,6.25,0.0,有,
頭份巿,土地,德義段848地號,29.07,都市：其他:道路用地,,,1100821,土地1建物0車位0,,,其他,,,,0.0,0,0,0,有,無,160000,5504,,0.0,0,包含公共設施保留地用地；,RPSNMLKLQHGGFFK78DA,0.0,0.0,0.0,無,
頭份巿,土地,德義段1055地號,74.53,都市：其他:道路用地,,,1100918,土地6建物0車位0,,,其他,,,,0.0,0,0,0,有,無,466000,6253,,0.0,0,包含公共設施保留地用地；,RPWNMLOKRHGGFFK96DA,0.0,0.0,0.0,無,
頭份巿,土地,德義段848地號,207.19,都市：其他:道路用地,,,1100918,土地7建物0車位0,,,其他,,,,0.0,0,0,0,有,無,1252000,6043,,0.0,0,包含公共設施保留地用地；,RPOOMLOKRHGGFFK88DA,0.0,0.0,0.0,無,
頭份巿,房地(土地+建物)+車位,苗栗縣頭份市興隆里８鄰隆頂街３８號二樓,43.61,都市：其他:住宅區,,,1100911,土地3建物1車位1,二層,七層,華廈(10層含以下有電梯),住家用,鋼筋混凝土造,1080821,174.49,3,2,2,有,有,7210000,41320,坡道平面,0.0,1000000,,RPRNMLRLRHGGFFK86DA,93.35,8.32,0.0,有,
頭份巿,房地(土地+建物)+車位,苗栗縣頭份市興隆里８鄰隆頂街３８號三樓,45.0,都市：其他:第一種住宅區,,,1100906,土地3建物1車位1,三層,七層,華廈(10層含以下有電梯),住家用,鋼筋混凝土造,1080821,179.21,3,2,2,有,有,7510000,41906,坡道平面,0.0,1300000,,RPSNMLRLRHGGFFK96DA,93.35,8.32,0.0,有,
頭份巿,土地,山下段678地號,2940.72,都市：其他:農業區,,,1100912,土地1建物0車位0,,,其他,,,,0.0,0,0,0,有,無,34867000,11857,,0.0,0,,RPXNMLNLRHGGFFK07DA,0.0,0.0,0.0,無,
頭份巿,土地,山下段677地號,235.8,都市：其他:農業區,,,1100912,土地1建物0車位0,,,其他,,,,0.0,0,0,0,有,無,7133000,30250,,0.0,0,,SPXNMLNLRHGGFFK17DA,0.0,0.0,0.0,無,
頭份巿,房地(土地+建物),苗栗縣頭份市興隆里１７鄰興三街６巷１２號,114.81,,鄉村區,乙種建築用地,1100925,土地1建物1車位0,全,二層,透天厝,住家用,加強磚造,0730413,116.06,3,2,2,有,無,2800000,24125,,0.0,0,,RPRNMLTLRHGGFFK07DA,93.23,22.83,0.0,無,
頭份巿,房地(土地+建物),苗栗縣頭份市民生里１１鄰中華路５３６巷３弄５２號,93.26,都市：其他:住宅區,,,1100904,土地1建物1車位0,全,三層,透天厝,住家用,鋼筋混凝土造,0810722,159.01,5,3,3,有,無,7500000,47167,,0.0,0,頂樓加蓋；,RPUNMLKMRHGGFFK56DA,149.83,9.18,0.0,無,
頭份巿,房地(土地+建物)+車位,苗栗縣頭份市東庄里１９鄰富強二街２８號三樓,25.75,都市：其他:住宅區,,,1100524,土地1建物1車位1,三層,十五層,住宅大樓(11層含以上有電梯),住家用,鋼筋混凝土造,1080806,148.66000000000003,3,2,2,有,有,7250000,48769,坡道平面,37.2,0,,RPPNMLPJIIGGFFK08DA,68.99,7.88,0.0,有,
頭份巿,房地(土地+建物)+車位,苗栗縣頭份市興隆里５鄰花園東路１６０號四樓,41.22,,山坡地保育區,丙種建築用地,1101004,土地1建物1車位1,四層,七層,華廈(10層含以下有電梯),住家用,鋼筋混凝土造,1051222,118.6,2,2,1,有,有,4380000,36931,坡道平面,28.48,0,,RPUNMLRJIIGGFFK78DA,59.51,5.38,0.0,有,
頭份巿,土地,中華段750地號,5.01,都市：其他:道路用地,,,1101004,土地1建物0車位0,,,其他,,,,0.0,0,0,0,有,無,40063,7997,,0.0,0,道路用地包含公共設施保留地用地；,RPTNMLMKIIGGFFK28DA,0.0,0.0,0.0,無,
頭份巿,房地(土地+建物)+車位,苗栗縣頭份市後庄里２１鄰公北二路９７號八樓,17.26,都市：其他:商業區,,,1100912,土地1建物1車位1,八層,十四層,住宅大樓(11層含以上有電梯),住家用,鋼筋混凝土造,1050613,184.56,3,2,2,有,有,11500000,62310,坡道平面,0.0,0,,RPQPMLNKIIGGFFK28DA,95.91,14.41,0.0,有,
頭份巿,房地(土地+建物),苗栗縣頭份市建國里３鄰永安街１６１號,108.9,都市：其他:住宅區,,,1100826,土地2建物1車位0,全,四層,透天厝,住家用,鋼筋混凝土造,1031212,246.83,4,3,3,有,無,15800000,64012,,0.0,0,,RPWNMLPKIIGGFFK88DA,227.59,19.24,0.0,無,
