﻿鄉鎮市區,交易標的,土地位置建物門牌,土地移轉總面積平方公尺,都市土地使用分區,非都市土地使用分區,非都市土地使用編定,交易年月日,交易筆棟數,移轉層次,總樓層數,建物型態,主要用途,主要建材,建築完成年月,建物移轉總面積平方公尺,建物現況格局-房,建物現況格局-廳,建物現況格局-衛,建物現況格局-隔間,有無管理組織,總價元,單價元平方公尺,車位類別,車位移轉總面積平方公尺,車位總價元,備註,編號,建案名稱,棟及號
The villages and towns urban district,transaction sign,land sector position building sector house number plate,land shifting total area square meter,the use zoning or compiles and checks,the non-metropolis land use district,non-metropolis land use,transaction year month and day,transaction pen number,shifting level,total floor number,building state,main use,main building materials,construction to complete the years,building shifting total area,Building present situation pattern - room,building present situation pattern - hall,building present situation pattern - health,building present situation pattern - compartmented,Whether there is manages the organization,total price NTD,the unit price (NTD / square meter),the berth category,berth shifting total area square meter,the berth total price NTD,the note,serial number,build case,buildings
草屯鎮,房地(土地+建物),南投縣草屯鎮富頂路一段,85.87,住,,,1100725,土地1建物1車位0,全,3,透天厝,住家用,鋼筋混凝土造,,155.37,4,3,3,有,無,9780000,62947,,0.0,0,,RPPNMLLKRHGGFBM38CB,富春新墅,B棟8號
草屯鎮,房地(土地+建物),南投縣草屯鎮富頂路一段,85.87,住,,,1100718,土地1建物1車位0,全,3,透天厝,住家用,鋼筋混凝土造,,155.37,4,3,3,有,無,9550000,61466,,0.0,0,,RPQNMLLKRHGGFBM48CB,富春新墅,B棟15號
草屯鎮,房地(土地+建物),南投縣草屯鎮富頂路一段,81.82,住,,,1100805,土地1建物1車位0,全,3,透天厝,住家用,鋼筋混凝土造,,147.11,3,3,3,有,無,9150000,62198,,0.0,0,,RPRNMLLKRHGGFBM58CB,富春新墅,B棟21號
草屯鎮,房地(土地+建物),南投縣草屯鎮富頂路一段,81.74,住,,,1100718,土地1建物1車位0,全,3,透天厝,住家用,鋼筋混凝土造,,147.11,4,3,3,有,無,9200000,62538,,0.0,0,,RPSNMLLKRHGGFBM68CB,富春新墅,B棟23號
草屯鎮,房地(土地+建物),南投縣草屯鎮富頂路一段,81.38,住,,,1100709,土地1建物1車位0,全,3,透天厝,住家用,鋼筋混凝土造,,147.11,4,3,3,有,無,9200000,62538,,0.0,0,,RPTNMLLKRHGGFBM78CB,富春新墅,B棟26號
草屯鎮,房地(土地+建物),南投縣草屯鎮富頂路一段,82.58,住,,,1100724,土地1建物1車位0,全,3,透天厝,住家用,鋼筋混凝土造,,147.11,4,3,3,有,無,9200000,62538,,0.0,0,,RPUNMLLKRHGGFBM88CB,富春新墅,B棟27號
草屯鎮,房地(土地+建物),南投縣草屯鎮富頂路一段,85.55,住,,,1100710,土地1建物1車位0,全,3,透天厝,住家用,鋼筋混凝土造,,155.38,4,3,3,有,無,9400000,60497,,0.0,0,,RPVNMLLKRHGGFBM98CB,富春新墅,B棟29號
草屯鎮,房地(土地+建物),南投縣草屯鎮富頂路一段,85.87,住,,,1100718,土地1建物1車位0,全,3,透天厝,住家用,鋼筋混凝土造,,155.37,4,3,3,有,無,9400000,60501,,0.0,0,,RPWNMLLKRHGGFBM09CB,富春新墅,B棟31號
草屯鎮,房地(土地+建物),南投縣草屯鎮富頂路一段,87.12,住,,,1100725,土地1建物1車位0,全,3,透天厝,住家用,鋼筋混凝土造,,155.37,4,3,3,有,無,9400000,60501,,0.0,0,,RPXNMLLKRHGGFBM56CB,富春新墅,B棟35號
草屯鎮,房地(土地+建物),南投縣草屯鎮富頂路一段,87.12,住,,,1100814,土地1建物1車位0,全,3,透天厝,住家用,鋼筋混凝土造,,155.37,4,3,3,有,無,9550000,61466,,0.0,0,,RPOOMLLKRHGGFBM38CB,富春新墅,B棟17號
草屯鎮,房地(土地+建物),南投縣草屯鎮富頂路一段,85.87,住,,,1100824,土地1建物1車位0,全,3,透天厝,住家用,鋼筋混凝土造,,155.37,4,3,3,有,無,9780000,62947,,0.0,0,,RPPOMLLKRHGGFBM48CB,富春新墅,B棟9號
草屯鎮,房地(土地+建物),南投縣草屯鎮富頂路一段,62.32,住,,,1100830,土地1建物1車位0,全,3,透天厝,住家用,鋼筋混凝土造,,136.53,4,3,3,有,無,8500000,62257,,0.0,0,,RPQOMLLKRHGGFBM58CB,富春新墅,C棟5號
草屯鎮,房地(土地+建物),南投縣草屯鎮富頂路一段,74.76,住,,,1100904,土地1建物1車位0,全,3,透天厝,住家用,鋼筋混凝土造,,154.05,4,3,3,有,無,9500000,61668,,0.0,0,,RPROMLLKRHGGFBM68CB,富春新墅,C棟10號
南投市,房地(土地+建物),南投縣南投市華陽路,27.25,住,,,1100719,土地1建物1車位0,三層,14,住宅大樓(11層含以上有電梯),住家用,鋼筋混凝土造,,103.31,3,2,2,有,無,5390000,52173,,0.0,0,,RPPNMLLKRHGGFAM28CB,首富京站,A5棟3號
南投市,房地(土地+建物),南投縣南投市華陽路,27.25,住,,,1100705,土地1建物1車位0,三層,14,住宅大樓(11層含以上有電梯),住家用,鋼筋混凝土造,,103.31,3,2,2,有,無,5360000,51883,,0.0,0,,RPQNMLLKRHGGFAM38CB,首富京站,A6棟3號
南投市,房地(土地+建物),南投縣南投市華陽路,22.78,住,,,1100722,土地1建物1車位0,九層,14,住宅大樓(11層含以上有電梯),住家用,鋼筋混凝土造,,86.45,2,2,1,有,無,4580000,52979,,0.0,0,,RPRNMLLKRHGGFAM48CB,首富京站,B2棟9號
南投市,房地(土地+建物),南投縣南投市南崗二路199巷,85.41,住,,,1100814,土地3建物1車位0,全,4,透天厝,住家用,鋼筋混凝土造,,171.57,5,2,4,有,無,9700000,56537,,0.0,0,,RPPNMLLKRHGGFAM48EB,世紀香頌,B2號
南投市,房地(土地+建物),南投縣南投市南崗二路199巷,88.41,住,,,1100801,土地4建物1車位0,全,4,透天厝,住家用,鋼筋混凝土造,,171.18,5,2,4,有,無,9750000,56958,,0.0,0,,RPQNMLLKRHGGFAM58EB,世紀香頌,B5號
南投市,房地(土地+建物),南投縣南投市南崗二路199巷,96.41,住,,,1100712,土地4建物1車位0,全,4,透天厝,住家用,鋼筋混凝土造,,170.95,5,2,4,有,無,9800000,57327,,0.0,0,,RPRNMLLKRHGGFAM68EB,世紀香頌,B11號
南投市,房地(土地+建物)+車位,南投縣南投市彰南路一段,29.99,,鄉村區,乙種建築用地,1100822,土地1建物1車位1,八層,9,華廈(10層含以下有電梯),住家用,鋼筋混凝土造,,112.08,3,2,2,有,無,6330000,56478,升降機械,0.0,700000,,RPPNMLOKRHGGFAM58CB,遇見愛,B6棟8F號
草屯鎮,房地(土地+建物)+車位,南投縣草屯鎮石川路,33.4,,鄉村區,乙種建築用地,1100905,土地6建物1車位1,六層,9,華廈(10層含以下有電梯),住家用,鋼筋混凝土造,,139.25,3,2,2,有,無,7450000,60727,一樓平面,28.92,750000,交易總價含下列非屬預售屋價格之費用:含裝潢費；,RPPNMLOKRHGGFBM68CB,澄玉,1棟6B號
草屯鎮,房地(土地+建物)+車位,南投縣草屯鎮石川路,24.36,,鄉村區,乙種建築用地,1100828,土地6建物1車位1,六層,9,華廈(10層含以下有電梯),住家用,鋼筋混凝土造,,99.47,2,2,1,有,無,5300000,60271,坡道機械,19.0,450000,交易總價含下列非屬預售屋價格之費用:含裝潢費；,RPQNMLOKRHGGFBM78CB,澄玉,1棟6F號
南投市,房地(土地+建物)+車位,南投縣南投市彰南路一段,29.99,,鄉村區,乙種建築用地,1100830,土地1建物1車位1,三層,9,華廈(10層含以下有電梯),住家用,鋼筋混凝土造,,112.08,3,2,2,有,無,6400000,57102,升降機械,0.0,550000,,RPPNMLQKRHGGFAM78CB,遇見愛,B6棟3F號
草屯鎮,房地(土地+建物),南投縣草屯鎮碧峰段1537-12地號,101.11,,鄉村區,乙種建築用地,1100823,土地1建物1車位0,全,3,透天厝,住家用,鋼筋混凝土造,,178.75,4,2,5,有,無,12680000,70937,,0.0,0,,RPPNMLRKRHGGFBM98CB,元弘愛家,A棟9號
草屯鎮,房地(土地+建物)+車位,南投縣草屯鎮中山街,15.21,商,,,1100820,土地1建物1車位1,十三層,15,住宅大樓(11層含以上有電梯),住商用,鋼筋混凝土造,,109.46,2,1,1,有,無,7200000,72329,坡道平面,28.58,1350000,,RPQNMLRKRHGGFBM09CB,富宇中山溱邸,A棟5號
草屯鎮,房地(土地+建物)+車位,南投縣草屯鎮博愛路,19.69,住,,,1100821,土地1建物1車位1,六層,15,住宅大樓(11層含以上有電梯),住家用,鋼筋混凝土造,,116.23,2,1,1,有,無,6580000,66269,坡道平面,35.8,1250000,,RPPNMLSKRHGGFBM09CB,富宇博愛苑,A棟2號
草屯鎮,房地(土地+建物),南投縣草屯鎮御富路與東山路口,70.76,住,,,1100828,土地6建物1車位0,全,5,透天厝,住家用,鋼筋混凝土造,,188.38,5,2,6,有,無,10580000,56163,,0.0,0,,RPQNMLSKRHGGFBM56CB,昌祐大聚,C棟16號
草屯鎮,房地(土地+建物),南投縣草屯鎮御富路與東山路口,71.72,住,,,1100828,土地6建物1車位0,全,5,透天厝,住家用,鋼筋混凝土造,,188.38,5,2,6,有,無,10630000,56428,,0.0,0,,RPRNMLSKRHGGFBM66CB,昌祐大聚,C棟17號
草屯鎮,房地(土地+建物),南投縣草屯鎮御富路與東山路口,70.29,住,,,1100828,土地6建物1車位0,全,5,透天厝,住家用,鋼筋混凝土造,,188.38,5,2,6,有,無,10560000,56057,,0.0,0,,RPSNMLSKRHGGFBM76CB,昌祐大聚,C棟18號
草屯鎮,房地(土地+建物),南投縣草屯鎮御富路與東山路口,75.38,住,,,1100824,土地6建物1車位0,全,4,透天厝,住家用,鋼筋混凝土造,,150.05,4,2,5,有,無,9880000,65845,,0.0,0,,RPTNMLSKRHGGFBM86CB,昌祐大聚,A棟12號
草屯鎮,房地(土地+建物),南投縣草屯鎮御富路與東山路口,93.34,住,,,1100829,土地6建物1車位0,全,4,透天厝,住家用,鋼筋混凝土造,,178.92,4,2,5,有,無,11780000,65839,,0.0,0,,RPUNMLSKRHGGFBM96CB,昌祐大聚,B棟15號
草屯鎮,房地(土地+建物),南投縣草屯鎮御富路與東山路口,89.76,住,,,1100830,土地6建物1車位0,全,4,透天厝,住家用,鋼筋混凝土造,,174.25,4,2,5,有,無,11700000,67145,,0.0,0,,RPVNMLSKRHGGFBM07CB,昌祐大聚,C棟5號
南投市,房地(土地+建物),南投縣南投市華陽路,21.98,住,,,1100916,土地3建物1車位0,二層,14,住宅大樓(11層含以上有電梯),住家用,鋼筋混凝土造,,86.45,2,2,1,有,無,4530000,52400,,0.0,0,,RPPNMLNLRHGGFAM58CB,首富京站,A2棟2號
南投市,房地(土地+建物),南投縣南投市華陽路,21.98,住,,,1100912,土地3建物1車位0,十三層,14,住宅大樓(11層含以上有電梯),住家用,鋼筋混凝土造,,86.45,2,2,1,有,無,4830000,55870,,0.0,0,,RPRNMLNLRHGGFAM78CB,首富京站,A2棟13號
南投市,房地(土地+建物),南投縣南投市華陽路,29.06,住,,,1100918,土地3建物1車位0,二層,14,住宅大樓(11層含以上有電梯),住家用,鋼筋混凝土造,,110.58,3,2,2,有,無,5770000,52179,,0.0,0,,RPSNMLNLRHGGFAM88CB,首富京站,A3棟2號
南投市,房地(土地+建物),南投縣南投市華陽路,29.06,住,,,1100916,土地3建物1車位0,二層,14,住宅大樓(11層含以上有電梯),住家用,鋼筋混凝土造,,110.58,3,2,2,有,無,5810000,52541,,0.0,0,,RPUNMLNLRHGGFAM09CB,首富京站,B1棟2號
埔里鎮,房地(土地+建物),南投縣埔里鎮三勰路,209.22,,特定農業區,甲種建築用地,1100919,土地3建物1車位0,全,3,透天厝,住家用,鋼筋混凝土造,,204.0,3,2,4,有,無,12000000,58824,,0.0,0,,RPRNMLNLRHGGFCM98CB,逸境,A棟13號
埔里鎮,房地(土地+建物),南投縣埔里鎮三勰路,207.02,,特定農業區,甲種建築用地,1100919,土地3建物1車位0,全,3,透天厝,住家用,鋼筋混凝土造,,204.0,3,2,4,有,無,12000000,58824,,0.0,0,,RPPNMLOLRHGGFCM88CB,逸境,A棟12號
南投市,房地(土地+建物)+車位,南投縣南投市彰南路一段,29.99,,鄉村區,乙種建築用地,1100912,土地1建物1車位1,九層,9,華廈(10層含以下有電梯),住家用,鋼筋混凝土造,,112.08,3,2,2,有,無,6600000,58887,升降機械,0.0,700000,,RPPNMLLJIIGGFAM37CB,遇見愛,B6棟9F號
草屯鎮,房地(土地+建物),南投縣草屯鎮富春路,11.68,住,,,1100919,土地2建物1車位0,二層,5,套房(1房1廳1衛),住家用,鋼筋混凝土造,,70.08,1,1,1,有,無,4330000,61787,,0.0,0,1.本戶建築執照基地位於草屯鎮新富功段坐落於49~49-21等22筆地號。,RPPNMLOJIIGGFBM87DB,陸禾誠也,A棟1號
草屯鎮,房地(土地+建物),南投縣草屯鎮富春路,106.27,住,,,1100912,土地3建物1車位0,全,4,透天厝,住家用,鋼筋混凝土造,,174.08,4,3,5,有,無,15380000,88350,,0.0,0,1.本戶建築執照基地位於草屯鎮新富功段坐落於49~49-21等22筆地號。,RPTNMLOJIIGGFBM28DB,陸禾誠也,C棟3號
草屯鎮,房地(土地+建物),南投縣草屯鎮富春路,106.85,住,,,1100912,土地3建物1車位0,全,4,透天厝,住家用,鋼筋混凝土造,,175.01,4,3,5,有,無,15380000,87881,,0.0,0,1.本戶建築執照基地位於草屯鎮新富功段坐落於49~49-21等22筆地號。,RPUNMLOJIIGGFBM38DB,陸禾誠也,D棟2號
南投市,房地(土地+建物),南投縣南投市文化南路233巷,157.0,住,,,1100911,土地2建物1車位0,全,4,透天厝,住家用,鋼筋混凝土造,,246.23,5,2,5,有,無,16500000,67011,,0.0,0,,RPPNMLRJIIGGFAM97CB,勝邦茵悅墅,A棟14號
草屯鎮,房地(土地+建物)+車位,南投縣草屯鎮富春路四維巷,26.81,住,,,1100912,土地2建物1車位1,五層,12,住宅大樓(11層含以上有電梯),住家用,鋼筋混凝土造,,85.65,2,2,1,有,無,5400000,65691,坡道機械,11.82,550000,,RPVNMLSJIIGGFBM78CB,久樘四季Villa,C5棟5F號
草屯鎮,房地(土地+建物)+車位,南投縣草屯鎮博愛路,19.69,住,,,1100912,土地1建物1車位1,四層,15,住宅大樓(11層含以上有電梯),住家用,鋼筋混凝土造,,116.23,2,1,1,有,無,6700000,67761,坡道平面,35.8,1250000,,RPPNMLTJIIGGFBM28CB,富宇博愛苑,A棟2號
草屯鎮,房地(土地+建物),南投縣草屯鎮御富路與東山路口,81.19,住,,,1100918,土地6建物1車位0,全,5,店面(店鋪),住商用,鋼筋混凝土造,,210.21,4,3,6,有,無,12700000,60416,,0.0,0,,RPPNMLKKIIGGFBM47CB,昌祐大聚,店棟9號
草屯鎮,房地(土地+建物),南投縣草屯鎮御富路與東山路口,93.34,住,,,1100911,土地6建物1車位0,全,4,透天厝,住家用,鋼筋混凝土造,,180.79,4,2,5,有,無,11830000,65435,,0.0,0,,RPQNMLKKIIGGFBM57CB,昌祐大聚,A棟18號
草屯鎮,房地(土地+建物),南投縣草屯鎮御富路與東山路口,93.34,住,,,1100911,土地6建物1車位0,全,4,透天厝,住家用,鋼筋混凝土造,,178.92,4,2,5,有,無,11780000,65839,,0.0,0,,RPRNMLKKIIGGFBM67CB,昌祐大聚,B棟16號
草屯鎮,房地(土地+建物),南投縣草屯鎮御富路與東山路口,93.34,住,,,1100912,土地6建物1車位0,全,4,透天厝,住家用,鋼筋混凝土造,,178.92,4,2,5,有,無,11800000,65951,,0.0,0,,RPSNMLKKIIGGFBM77CB,昌祐大聚,B棟19號
草屯鎮,房地(土地+建物),南投縣草屯鎮御富路與東山路口,81.41,住,,,1100912,土地6建物1車位0,全,5,店面(店鋪),住商用,鋼筋混凝土造,,210.21,4,3,6,有,無,13180000,62699,,0.0,0,,RPTNMLKKIIGGFBM87CB,昌祐大聚,&#151;棟12號
草屯鎮,房地(土地+建物)+車位,南投縣草屯鎮博愛路,29.52,住,,,1100914,土地1建物1車位1,八層,15,住宅大樓(11層含以上有電梯),住家用,鋼筋混凝土造,,156.45,3,2,2,有,無,10050000,71695,坡道平面,35.8,1400000,,RPPNMLLKIIGGFBM57CB,富宇博愛苑,A棟3號
草屯鎮,房地(土地+建物)+車位,南投縣草屯鎮博愛路,19.69,住,,,1100916,土地1建物1車位1,九層,15,住宅大樓(11層含以上有電梯),住家用,鋼筋混凝土造,,116.24,2,1,1,有,無,7200000,73347,坡道平面,35.8,1300000,,RPPNMLNKIIGGFBM77CB,富宇博愛苑,B棟2號
草屯鎮,房地(土地+建物)+車位,南投縣草屯鎮中山街,18.28,商,,,1100917,土地1建物1車位1,二層,15,住宅大樓(11層含以上有電梯),住商用,鋼筋混凝土造,,125.95,2,2,2,有,無,7780000,66037,坡道平面,28.58,1350000,,RPQNMLNKIIGGFBM87CB,富宇中山溱邸,C棟3號
草屯鎮,房地(土地+建物)+車位,南投縣草屯鎮博愛路,29.52,住,,,1100917,土地1建物1車位1,六層,15,住宅大樓(11層含以上有電梯),住家用,鋼筋混凝土造,,156.5,3,2,2,有,無,9990000,71997,坡道平面,35.8,1300000,,RPRNMLNKIIGGFBM97CB,富宇博愛苑,A棟1號
草屯鎮,房地(土地+建物)+車位,南投縣草屯鎮博愛路,22.27,住,,,1100917,土地1建物1車位1,六層,15,住宅大樓(11層含以上有電梯),住家用,鋼筋混凝土造,,126.85,2,2,1,有,無,7990000,73476,坡道平面,35.8,1300000,,RPSNMLNKIIGGFBM08CB,富宇博愛苑,A棟5號
草屯鎮,房地(土地+建物)+車位,南投縣草屯鎮博愛路,29.62,住,,,1100917,土地1建物1車位1,四層,15,住宅大樓(11層含以上有電梯),住家用,鋼筋混凝土造,,156.77,3,2,2,有,無,9530000,68033,坡道平面,35.8,1300000,,RPTNMLNKIIGGFBM18CB,富宇博愛苑,B棟1號
草屯鎮,房地(土地+建物),南投縣草屯鎮御富路與東山路口,109.97,住,,,1100914,土地6建物1車位0,全,4,透天厝,住家用,鋼筋混凝土造,,187.28,5,2,5,有,無,13750000,73419,,0.0,0,,RPSNMLTKIIGGFBM68CB,昌祐大聚,A棟6號
