﻿編號,屋齡,建物移轉面積平方公尺,主要用途,主要建材,建築完成日期,總層數,建物分層
The serial number,room age,building shifting area square meter,the main use,main building materials,construction completes the date,total layer,building lamination
RPTNMLRKRHGGFAM76CC,18,132.44,住家用,鋼筋混凝土造,92年10月23日,九層,
RPQOMLOKRHGGFAM88CC,27,170.63,住家用,鋼筋混凝土造,84年1月9日,四層,
RPPNMLKLRHGGFBM48CC,43,111.60,住商用,鋼筋混凝土造,67年4月1日,二層,
RPTNMLRKRHGGFCM96CC,53,123.29,住商用,鋼筋混凝土加強磚造,58年1月23日,二層,
RPTNMLRKRHGGFCM96CC,47,39.60,住家用,鋼筋混凝土加強磚造,63年4月10日,三層,
RPTNMLRKRHGGFCM96CC,53,201.96,住商用,鋼筋混凝土加強磚造,58年1月23日,二層,
