﻿編號,車位類別,車位價格,車位面積平方公尺,車位所在樓層
Serial number,berth category,berth price,berth area square meter,
RPPNMLRJIIGGFBM08DA,坡道平面,0,,地下一樓
RPTOMLOJIIGGFAM18DA,一樓平面,0,,一樓
RPTRMLRJIIGGFBM88DA,坡道平面,0,,地下一樓
RPUNMLNKIIGGFAM18DA,坡道平面,0,13.77,地下一樓
RPSNMLPJIIGGFBM18DA,坡道平面,0,,地下一樓
RPVNMLSKIIGGFCM98DA,坡道平面,0,21.12,地下一樓
RPWNMLSKIIGGFCM09DA,坡道平面,0,21.12,地下二樓
RPWNMLTKIIGGFCM56DA,升降機械,0,,地下一樓
