﻿鄉鎮市區,交易標的,土地位置建物門牌,土地移轉總面積平方公尺,都市土地使用分區,非都市土地使用分區,非都市土地使用編定,交易年月日,交易筆棟數,移轉層次,總樓層數,建物型態,主要用途,主要建材,建築完成年月,建物移轉總面積平方公尺,建物現況格局-房,建物現況格局-廳,建物現況格局-衛,建物現況格局-隔間,有無管理組織,總價元,單價元平方公尺,車位類別,車位移轉總面積(平方公尺),車位總價元,備註,編號,主建物面積,附屬建物面積,陽台面積,電梯,移轉編號
The villages and towns urban district,transaction sign,land sector position building sector house number plate,land shifting total area square meter,the use zoning or compiles and checks,the non-metropolis land use district,non-metropolis land use,transaction year month and day,transaction pen number,shifting level,total floor number,building state,main use,main building materials,construction to complete the years,building shifting total area,Building present situation pattern - room,building present situation pattern - hall,building present situation pattern - health,building present situation pattern - compartmented,Whether there is manages the organization,total price NTD,the unit price (NTD / square meter),the berth category,berth shifting total area square meter,the berth total price NTD,the note,serial number,,,,,
南投市,土地,茄苳腳段807-15地號,13482.0,,工業區,丁種建築用地,1100909,土地2建物0車位0,,,其他,,,,0.0,0,0,0,有,無,289640260,21483,,0.0,0,茄苳腳段807-11地號交易價格:131796280元，茄苳腳807-15地號交易價格:157843980元。政府機關標讓售；,RPWNMLPKRHGGFAM76DA,0.0,0.0,0.0,無,
南投市,房地(土地+建物),南投縣南投市彰南路一段２９０巷１４１之５號,170.0,,特定農業區,甲種建築用地,1100918,土地1建物1車位0,全,四層,透天厝,住家用,鋼筋混凝土造,1080515,269.41,5,3,6,有,無,16500000,61245,,0.0,0,土地交易價格:709.5萬元，建物交易價格:940.5萬元。,RPVNMLOLRHGGFAM66DA,256.01,13.4,0.0,有,
南投市,房地(土地+建物),南投縣南投市彰南路一段２９０巷１４１之３號,107.0,,特定農業區,甲種建築用地,1100805,土地1建物1車位0,全,四層,透天厝,住家用,鋼筋混凝土造,1080515,226.25,4,3,3,有,無,12500000,55249,,0.0,0,,RPUNMLKMRHGGFAM88DA,214.61,11.64,0.0,無,
南投市,房地(土地+建物),南投縣南投市仁義南路３４巷２３號,137.96,都市：其他:住宅區,,,1100907,土地2建物1車位0,全,四層,透天厝,住家用,鋼筋混凝土造,0940614,238.06,4,3,4,有,無,15600000,65530,,0.0,0,,RPVNMLPJIIGGFAM38DA,219.66,18.4,0.0,無,
南投市,土地,成功段820地號,67.96,都市：其他:住宅區,,,1100914,土地1建物0車位0,,,其他,,,,0.0,0,0,0,有,無,2600000,38258,,0.0,0,,RPQNMLQJIIGGFAM97DA,0.0,0.0,0.0,無,
南投市,土地,營南段315地號,172.83,,一般農業區,農牧用地,1100907,土地2建物0車位0,,,其他,,,,0.0,0,0,0,有,無,1045600,6050,,0.0,0,農作物；,RPWNMLRJIIGGFAM68DA,0.0,0.0,0.0,無,
南投市,房地(土地+建物),南投縣南投市彰南路三段１６８之８號,85.1,都市：其他:住宅區,,,1100922,土地1建物1車位0,全,三層,透天厝,住家用,鋼筋混凝土造,1090928,165.25,4,3,5,有,無,12800000,77458,,0.0,0,,RPXNMLRJIIGGFAM78DA,161.57,3.68,0.0,無,
草屯鎮,土地,平東段90-3地號,478.72,,風景區,農牧用地,1100905,土地1建物0車位0,,,其他,,,,0.0,0,0,0,有,無,2500000,5222,,0.0,0,,RPSNMLNLRHGGFBM98DA,0.0,0.0,0.0,無,
草屯鎮,房地(土地+建物),南投縣草屯鎮太平路一段１２３巷１７０號,1606.0,都市：其他:農業區,,,1100816,土地1建物1車位0,全,二層,透天厝,農業用,鋼骨造,0991207,204.74,6,2,6,有,無,46000000,224675,,0.0,0,,RPRNMLTLRHGGFBM86DA,204.74,0.0,0.0,無,
草屯鎮,房地(土地+建物)+車位,南投縣草屯鎮芬草路二段４２３號七樓之１,21.5,,鄉村區,乙種建築用地,1100831,土地1建物1車位1,七層,九層,華廈(10層含以下有電梯),住家用,鋼筋混凝土造,1071127,119.69,2,1,1,有,有,5850000,48876,坡道平面,0.0,0,,RPPNMLRJIIGGFBM08DA,51.48,8.14,0.0,有,001
埔里鎮,土地,埔里段北門小段117-1地號,162.0,都市：其他:住宅區,,,1100828,土地1建物0車位0,,,其他,,,,0.0,0,0,0,有,無,8920900,55067,,0.0,0,,RPVNMLKMQHGGFCM09DA,0.0,0.0,0.0,無,
埔里鎮,土地,新福興26地號,2970.92,,特定專用區,遊憩用地,1100916,土地1建物0車位0,,,其他,,,,0.0,0,0,0,有,無,57041664,19200,,0.0,0,政府機關標讓售；,RPPNMLRLRHGGFCM56DA,0.0,0.0,0.0,無,
埔里鎮,土地,新福興25地號,2616.67,,特定專用區,遊憩用地,1100916,土地1建物0車位0,,,其他,,,,0.0,0,0,0,有,無,49716730,19000,,0.0,0,政府機關標讓售；,RPQNMLRLRHGGFCM66DA,0.0,0.0,0.0,無,
埔里鎮,土地,竹圍段151-4地號,71.41,都市：其他:住宅區,,,1100916,土地1建物0車位0,,,其他,,,,0.0,0,0,0,有,無,1800000,25207,,0.0,0,畸零地或有合併使用效益；,RPVNMLPJIIGGFCM58DA,0.0,0.0,0.0,無,002
埔里鎮,土地,水尾段241-1567地號,120.88,,山坡地保育區,丙種建築用地,1100922,土地3建物0車位0,,,其他,,,,0.0,0,0,0,有,無,400000,3309,,0.0,0,增值稅由買方繳納,RPVNMLQJIIGGFCM68DA,0.0,0.0,0.0,無,
埔里鎮,土地,忠信段724-3地號,369.75,,,,1100715,土地2建物0車位0,,,其他,,,,0.0,0,0,0,有,無,3131800,8470,,0.0,0,,RPQNMLRJIIGGFCM28DA,0.0,0.0,0.0,無,
埔里鎮,房地(土地+建物),南投縣埔里鎮水裡巷３５號,104.33,,,,1100910,土地1建物1車位0,全,三層,透天厝,住家用,ＲＣ造,1100608,186.73,4,3,3,有,無,11880000,63621,,0.0,0,埔里鎮忠義段523-4地號交易價4750000元，埔里鎮忠義段431建號交易價7130000元,RPPOMLRJIIGGFCM28DA,173.93,12.8,0.0,無,
埔里鎮,房地(土地+建物),南投縣埔里鎮水裡巷３３號,92.75,,,,1100907,土地1建物1車位0,全,三層,透天厝,住家用,ＲＣ造,1100608,186.73,3,3,3,有,無,11300000,60515,,0.0,0,埔里鎮忠義段523-3地號交易價4520000元，埔里鎮忠義段430建號交易價6780000元,RPQOMLRJIIGGFCM38DA,173.93,12.8,0.0,無,
埔里鎮,土地,內埔段325地號,172.19,,鄉村區,乙種建築用地,1091201,土地1建物0車位0,,,其他,,,,0.0,0,0,0,有,無,3300000,19165,,0.0,0,未登記建物；,RPXNMLRJIIGGFCM98DA,0.0,0.0,0.0,無,
國姓鄉,土地,北港溪段58-408地號,3169.0,,特定農業區,農牧用地,1100806,土地1建物0車位0,,,其他,,,,0.0,0,0,0,有,無,17600000,5554,,0.0,0,一、移轉時工寮已拆除二、土地上有景觀植物,RPVNMLSJIIGGFCM88DA,0.0,0.0,0.0,無,
鹿谷鄉,房地(土地+建物),南投縣鹿谷鄉後溝巷３６號,1196.49,都市：其他:農業區,,,1100929,土地1建物1車位0,全,一層,透天厝,農業用,加強磚造,0780228,164.9,11,2,4,有,無,22000000,133414,,0.0,0,未登記建物；,RPPNMLSJIIGGFDM38DA,164.9,0.0,0.0,無,
名間鄉,土地,新赤水段11地號,4774.0,,一般農業區,農牧用地,1100825,土地1建物0車位0,,,其他,,,,0.0,0,0,0,有,無,12400000,2597,,0.0,0,,RPQNMLRJIIGGFAM18EA,0.0,0.0,0.0,無,
水里鄉,土地,鉅工段777地號,136.0,都市：其他:住宅區,,,1100924,土地3建物0車位0,,,其他,,,,0.0,0,0,0,有,無,6000000,44118,,0.0,0,未登記建物；,RPPNMLNKIIGGFEM08DA,0.0,0.0,0.0,無,
草屯鎮,房地(土地+建物),南投縣草屯鎮碧山路１１５５之１７巷３號,105.62,,鄉村區,乙種建築用地,1090516,土地8建物1車位0,全,三層,透天厝,住家用,鋼筋混凝土造,1100601,183.26,4,2,4,有,無,8920000,48674,,0.0,0,,RPPNMLPJIIGGFBM97EA,171.03,12.23,0.0,無,
草屯鎮,房地(土地+建物),南投縣草屯鎮碧山路１１５５之１７巷９號,105.62,,鄉村區,乙種建築用地,1090531,土地8建物1車位0,全,三層,透天厝,住家用,鋼筋混凝土造,1100601,183.62,4,2,3,有,無,9630000,52445,,0.0,0,,RPQNMLPJIIGGFBM08EA,171.03,12.59,0.0,無,
竹山鎮,房地(土地+建物),南投縣竹山鎮大和街８７巷１５號,72.79,都市：其他:住宅區,,,1100923,土地1建物1車位0,全,二層,透天厝,住家用,鋼筋混凝土加強磚造,0660118,90.72,3,2,1,有,無,2900000,31966,,0.0,0,,RPTNMLOJIIGGFDM48EA,90.72,0.0,0.0,無,
竹山鎮,土地,大坪段755地號,6718.03,,山坡地保育區,農牧用地,1100906,土地1建物0車位0,,,其他,,,,0.0,0,0,0,有,無,4720000,703,,0.0,0,,RPUNMLOJIIGGFDM58EA,0.0,0.0,0.0,無,
埔里鎮,房地(土地+建物),南投縣埔里鎮東興三街３１３巷１號,109.0,都市：其他:住宅區,,,1100917,土地1建物1車位0,全,三層,透天厝,住家用,鋼筋混凝土造,0800209,173.91,4,2,4,有,無,7700000,44276,,0.0,0,含裝潢費；含傢俱設備費；頂樓加蓋；,RPOOMLMKIIGGFCM87EA,173.91,0.0,0.0,無,
水里鄉,土地,社子段9-87地號,427.0,,鄉村區,乙種建築用地,1100930,土地2建物0車位0,,,其他,,,,0.0,0,0,0,有,無,5300000,12412,,0.0,0,未登記建物；,RPPNMLOJIIGGFEM08DA,0.0,0.0,0.0,無,
水里鄉,土地,南光段435地號,38.0,都市：其他:住宅區,,,1101001,土地1建物0車位0,,,其他,,,,0.0,0,0,0,有,無,950000,25000,,0.0,0,政府機關標讓售；,RPQNMLMKIIGGFEM18EA,0.0,0.0,0.0,無,
竹山鎮,房地(土地+建物),南投縣竹山鎮興隆街９７號,110.85,都市：其他:住宅區,,,1100922,土地1建物1車位0,全,三層,透天厝,住家用,鋼筋混凝土造,1100513,196.77,5,2,5,有,無,9200000,46755,,0.0,0,,RPVNMLRJIIGGFDM88DA,185.65,11.12,0.0,無,
埔里鎮,房地(土地+建物),南投縣埔里鎮中華路２９２號,46.0,都市：其他:住宅區,,,1100925,土地1建物1車位0,全,二層,透天厝,住家用,鋼筋混凝土造,0760914,58.86,4,3,3,有,無,5000000,84947,,0.0,0,親友、員工、共有人或其他特殊關係間之交易；,RPQNMLMKIIGGFCM87DA,58.86,0.0,0.0,無,
仁愛鄉,土地,曲冰段555地號,2000.0,,森林區,農牧用地,1100920,土地1建物0車位0,,,其他,,,,0.0,0,0,0,有,無,350000,175,,0.0,0,原住民保留地農作物；,RPTNMLMKIIGGFCM18DA,0.0,0.0,0.0,無,
埔里鎮,房地(土地+建物),南投縣埔里鎮河南路３１０巷３０號,63.53,都市：其他:住宅區,,,1100904,土地1建物1車位0,全,一層,透天厝,住家用,磚造,0470115,45.82,2,2,2,有,無,2800000,61109,,0.0,0,,RPVNMLMKIIGGFCM38DA,45.82,0.0,0.0,無,003
仁愛鄉,土地,過坑段954地號,1110.0,,一般農業區,農牧用地,1100320,土地1建物0車位0,,,其他,,,,0.0,0,0,0,有,無,260000,234,,0.0,0,原住民保留地農作物；,RPPOMLMKIIGGFCM87DA,0.0,0.0,0.0,無,
埔里鎮,土地,水頭段1011-4地號,1223.5,,山坡地保育區,農牧用地,1100911,土地2建物0車位0,,,其他,,,,0.0,0,0,0,有,無,1740000,1422,,0.0,0,親友、員工、共有人或其他特殊關係間之交易；,RPPNMLSJIIGGFCM28DA,0.0,0.0,0.0,無,
埔里鎮,土地,忠信段724-2地號,369.75,,,,1100715,土地2建物0車位0,,,其他,,,,0.0,0,0,0,有,無,3131800,8470,,0.0,0,,RPRNMLRJIIGGFCM38DA,0.0,0.0,0.0,無,
埔里鎮,房地(土地+建物),南投縣埔里鎮大湳六街７２號,151.84,,鄉村區,乙種建築用地,1101001,土地1建物1車位0,全,四層,透天厝,住家用,鋼筋混凝土造,1070801,337.58,4,2,5,有,無,23000000,68132,,0.0,0,,RPPNMLNKIIGGFCM87DA,313.67,23.91,0.0,無,
草屯鎮,房地(土地+建物),南投縣草屯鎮稻香路１８之７號,126.0,,特定農業區,農牧用地,1100916,土地3建物1車位0,全,二層,透天厝,住家用,鋼筋混凝土加強磚造,0660813,76.56,3,1,1,有,無,4000000,52247,,0.0,0,親友、員工、共有人或其他特殊關係間之交易；,RPWOMLRJIIGGFBM88DA,76.56,0.0,0.0,無,
草屯鎮,土地,新豐段195-3地號,410.08,,特定農業區,農牧用地,1100630,土地1建物0車位0,,,其他,,,,0.0,0,0,0,有,無,8000000,19508,,0.0,0,未登記建物；,RPVNMLPJIIGGFBM48DA,0.0,0.0,0.0,無,004
草屯鎮,土地,新永安段179地號,531.08,都市：其他:農業區,,,1100922,土地2建物0車位0,,,其他,,,,0.0,0,0,0,有,無,8700000,16382,,0.0,0,,RPQPMLQJIIGGFBM28DA,0.0,0.0,0.0,無,
草屯鎮,土地,南埔段787地號,83.0,,鄉村區,乙種建築用地,1100927,土地1建物0車位0,,,其他,,,,0.0,0,0,0,有,無,1190000,14337,,0.0,0,,RPQNMLKMRHGGFBM58DA,0.0,0.0,0.0,無,005
草屯鎮,土地,新虎山段555-1地號,47.15,,,,1101001,土地2建物0車位0,,,其他,,,,0.0,0,0,0,有,無,2410308,51120,,0.0,0,,RPPNMLOJIIGGFBM77DA,0.0,0.0,0.0,無,
草屯鎮,土地,新虎山段1057地號,130.07,都市：其他:住宅區,,,1100924,土地3建物0車位0,,,其他,,,,0.0,0,0,0,有,無,6500000,49973,,0.0,0,,RPPNMLSLRHGGFBM56DA,0.0,0.0,0.0,無,
南投市,房地(土地+建物),南投縣南投市信義街１號十二樓之７,7.35,都市：其他:住宅區,,,1100913,土地1建物1車位0,十二層,十四層,住宅大樓(11層含以上有電梯),住家用,鋼筋混凝土造,0821110,67.6,2,1,1,有,有,1500000,22189,,0.0,0,,RPRNMLQJIIGGFAM08DA,45.77,5.43,0.0,有,
南投市,土地,福興段1338-4地號,1762.88,都市：其他:農業區,,,1100812,土地4建物0車位0,,,其他,,,,0.0,0,0,0,有,無,7200000,4084,,0.0,0,,RPSNMLRJIIGGFAM28DA,0.0,0.0,0.0,無,006
南投市,房地(土地+建物)+車位,南投縣南投市彰南路三段５４０號,133.84,都市：其他:住宅區,,,1100907,土地1建物1車位1,全,三層,透天厝,住家用,鋼筋混凝土造,1091228,308.76,12,1,13,有,無,20000000,64775,一樓平面,0.0,0,,RPTOMLOJIIGGFAM18DA,267.58,16.4,0.0,有,007
南投市,土地,半山段390-2地號,33.88,都市：其他:道路用地,,,1100925,土地11建物0車位0,,,其他,,,,0.0,0,0,0,有,無,460000,13577,,0.0,0,未登記建物；,RPXNMLRLRHGGFAM17DA,0.0,0.0,0.0,無,008
中寮鄉,土地,龍眼林段796-8地號,17698.0,,山坡地保育區,農牧用地,1100827,土地6建物0車位0,,,其他,,,,0.0,0,0,0,有,無,5500000,311,,0.0,0,,RPOOMLKMRHGGFAM38DA,0.0,0.0,0.0,無,
南投市,土地,大埤段190地號,2619.0,都市：其他:農業區,,,1100901,土地1建物0車位0,,,其他,,,,0.0,0,0,0,有,無,15800000,6033,,0.0,0,,RPXNMLOJIIGGFAM48DA,0.0,0.0,0.0,無,009
中寮鄉,土地,分水寮段506-147地號,402.0,,山坡地保育區,農牧用地,1100519,土地1建物0車位0,,,其他,,,,0.0,0,0,0,有,無,157509,392,,0.0,0,,RPUNMLRJIIGGFAM48DA,0.0,0.0,0.0,無,
中寮鄉,土地,愛鄉段877-1地號,402.01,都市：其他:第一種住宅區,,,1100802,土地2建物0車位0,,,其他,,,,0.0,0,0,0,有,無,6600000,16418,,0.0,0,,RPQNMLMKIIGGFAM67DA,0.0,0.0,0.0,無,
中寮鄉,土地,愛鄉段877地號,238.66,都市：其他:第一種住宅區,,,1100802,土地1建物0車位0,,,其他,,,,0.0,0,0,0,有,無,4000000,16760,,0.0,0,,RPOOMLMKIIGGFAM57DA,0.0,0.0,0.0,無,
中寮鄉,土地,愛鄉段877-5地號,99.62,都市：其他:第一種住宅區,,,1100802,土地1建物0車位0,,,其他,,,,0.0,0,0,0,有,無,1500000,15057,,0.0,0,,RPTNMLMKIIGGFAM97DA,0.0,0.0,0.0,無,
南投市,房地(土地+建物),南投縣南投市中興路４６６巷２０號十三樓,12.28,都市：其他:住宅區,,,1100910,土地1建物1車位0,十三層,十六層,住宅大樓(11層含以上有電梯),住家用,鋼筋混凝土造,0831109,108.03,3,1,2,有,有,2700000,24993,,0.0,0,,RPWNMLNLRHGGFAM66DA,83.3,10.51,0.0,有,
草屯鎮,土地,碧峰段5-4地號,335.21,,特定農業區,甲種建築用地,1100708,土地3建物0車位0,,,其他,,,,0.0,0,0,0,有,無,14620000,43614,,0.0,0,,RPWNMLSJRHGGFBM07DA,0.0,0.0,0.0,無,
草屯鎮,土地,坪頂段112-2地號,1240.0,,一般農業區,農牧用地,1100930,土地1建物0車位0,,,其他,,,,0.0,0,0,0,有,無,3200000,2581,,0.0,0,,RPQNMLSJIIGGFBM28DA,0.0,0.0,0.0,無,010
草屯鎮,房地(土地+建物)+車位,南投縣草屯鎮民生二街４３號五樓之１,19.49,都市：其他:住宅區,,,1100909,土地1建物1車位1,五層,八層,華廈(10層含以下有電梯),住家用,鋼筋混凝土造,0830411,136.87,3,2,2,有,有,5380000,39307,坡道平面,0.0,0,,RPTRMLRJIIGGFBM88DA,84.98,14.53,0.0,有,
埔里鎮,房地(土地+建物),南投縣埔里鎮西安路二段１０９巷６號,72.63,,特定農業區,甲種建築用地,1100831,土地1建物1車位0,全,二層,透天厝,住家用,鋼筋混凝土加強磚造,0690602,107.9,3,2,2,有,無,3980000,36886,,0.0,0,土地增值稅由買方負擔,RPRNMLTLRHGGFCM96DA,107.9,0.0,0.0,無,
埔里鎮,土地,大坪頂段760地號,172.8,,鄉村區,乙種建築用地,1100911,土地1建物0車位0,,,其他,,,,0.0,5,1,1,有,無,4400000,25463,,0.0,0,親友、員工、共有人或其他特殊關係間之交易；未登記建物；,RPSNMLLJIIGGFCM87DA,0.0,0.0,0.0,無,
埔里鎮,房地(土地+建物),南投縣埔里鎮中山路二段２８９號地下二樓之１,149.08,都市：其他:商業區,,,1100928,土地1建物3車位0,地下二層,六層,華廈(10層含以下有電梯),商業用,鋼筋混凝土造,0800412,899.62,0,0,0,無,無,3200000,3557,,0.0,0,部分商場攤位。,RPPNMLMLRHGGFCM68DA,739.24,0.0,0.0,有,
埔里鎮,土地,東埔段1206地號,4207.32,,山坡地保育區,農牧用地,1100914,土地2建物0車位0,,,其他,,,,0.0,0,0,0,有,無,10500000,2496,,0.0,0,土地上有畜牧設施未登記建物；,RPRNMLNLRHGGFCM98DA,0.0,0.0,0.0,無,
草屯鎮,土地,北投埔段233-2地號,185.5,,特定農業區,甲種建築用地,1100909,土地2建物0車位0,,,其他,,,,0.0,0,0,0,有,無,3360000,18113,,0.0,0,親友、員工、共有人或其他特殊關係間之交易；,RPQNMLLKIIGGFBM67DA,0.0,0.0,0.0,無,
草屯鎮,土地,山茶段706地號,2739.08,,山坡地保育區,農牧用地,1100906,土地1建物0車位0,,,其他,,,,0.0,0,0,0,有,無,800000,292,,0.0,0,,RPTNMLLJIIGGFBM87DA,0.0,0.0,0.0,無,
埔里鎮,土地,忠信段724-6地號,369.76,,,,1100708,土地2建物0車位0,,,其他,,,,0.0,0,0,0,有,無,2796250,7562,,0.0,0,,RPQNMLSJIIGGFCM38DA,0.0,0.0,0.0,無,
仁愛鄉,土地,過坑段793地號,600.0,,一般農業區,農牧用地,1100929,土地1建物0車位0,,,其他,,,,0.0,0,0,0,有,無,700000,1167,,0.0,0,原住民保留地,RPUNMLMKIIGGFCM28DA,0.0,0.0,0.0,無,
仁愛鄉,土地,望洋段858地號,6860.0,,森林區,農牧用地,1100927,土地2建物0車位0,,,其他,,,,0.0,0,0,0,有,無,950000,138,,0.0,0,本案土地皆為住民保留地,RPUNMLNKIIGGFCM38DA,0.0,0.0,0.0,無,
竹山鎮,房地(土地+建物),南投縣竹山鎮和育一巷６６號五樓之８,22.16,都市：其他:住宅區,,,1100916,土地3建物1車位0,五層,六層,華廈(10層含以下有電梯),住家用,鋼筋混凝土造,1070820,60.980000000000004,1,1,1,有,有,2500000,41004,,0.0,0,,RPPNMLMKIIGGFDM87DA,30.59,0.28,0.0,有,011
竹山鎮,房地(土地+建物),南投縣竹山鎮大禮路１７５巷２８弄２號二樓,32.12,都市：其他:住宅區,,,1100924,土地2建物1車位0,二層,五層,華廈(10層含以下有電梯),住家用,鋼筋混凝土造,0830524,105.44,3,1,2,有,無,1770000,16787,,0.0,0,,RPQNMLNKIIGGFDM08DA,74.1,9.0,0.0,有,
草屯鎮,房地(土地+建物),南投縣草屯鎮富中路１９２號,72.22,都市：其他:住宅區,,,1100831,土地1建物1車位0,全,三層,透天厝,住家用,鋼筋混凝土造,1090921,198.12,5,2,4,有,無,11500000,58046,,0.0,0,,RPQOMLSJIIGGFBM48EA,185.08,13.04,0.0,無,
草屯鎮,房地(土地+建物),南投縣草屯鎮碧山路１１７３巷４弄１號,79.94,,鄉村區,乙種建築用地,1100904,土地1建物1車位0,全,二層,透天厝,住家用,加強磚造,066,101.69,3,3,3,有,無,5000000,49169,,0.0,0,頂樓加蓋；,RPPNMLMKIIGGFBM77EA,94.31,7.38,0.0,無,012
南投市,房地(土地+建物),南投縣南投市彰南路三段５３８號,145.09,都市：其他:道路用地,,,1100916,土地2建物1車位0,全,三層,透天厝,住家用,鋼筋混凝土造,1091228,308.76,6,3,7,有,有,22800000,73844,,0.0,0,包含公共設施保留地用地；,RPQNMLSJIIGGFAM28EA,267.55,16.43,0.0,有,
南投市,土地,南投段431-45地號,12.0,都市：其他:第一種商業區,,,1100930,土地1建物0車位0,,,其他,,,,0.0,0,0,0,有,無,1050000,87500,,0.0,0,,RPPNMLMKIIGGFAM67EA,0.0,0.0,0.0,無,
中寮鄉,土地,先驅段762-2地號,239.0,,山坡地保育區,丙種建築用地,1101002,土地1建物0車位0,,,其他,,,,0.0,0,0,0,有,無,580000,2427,,0.0,0,,RPQOMLMKIIGGFAM87EA,0.0,0.0,0.0,無,
集集鎮,土地,玉映段427地號,76.22,都市：其他:住宅區,,,1100820,土地3建物0車位0,,,其他,,,,0.0,0,0,0,有,無,1400000,18368,,0.0,0,,RPQNMLRKRHGGFEM76DA,0.0,0.0,0.0,無,
埔里鎮,房地(土地+建物),南投縣埔里鎮隆生路二段４２巷４８號,0.59,,特定農業區,甲種建築用地,1100930,土地1建物1車位0,全,二層,透天厝,住家用,加強磚造,0691226,0.87,3,2,2,有,無,33700,0,,0.0,0,親友、員工、共有人或其他特殊關係間之交易；,RPQNMLNKIIGGFCM08EA,0.0,0.0,0.0,無,
竹山鎮,土地,大統段272-2地號,2800.89,都市：其他:住宅區,,,1100929,土地1建物0車位0,,,其他,,,,0.0,0,0,0,有,無,101760000,36331,,0.0,0,,RPVNMLOJIIGGFDM68EA,0.0,0.0,0.0,無,013
國姓鄉,土地,北山坑段3586地號,5960.0,,山坡地保育區,農牧用地,1100930,土地2建物0車位0,,,其他,,,,0.0,0,0,0,有,無,2850000,478,,0.0,0,,RPSNMLNKIIGGFCM28EA,0.0,0.0,0.0,無,014
草屯鎮,房地(土地+建物),南投縣草屯鎮富林路一段２９巷１７號,118.83,都市：其他:住宅區,,,1100909,土地2建物1車位0,全,三層,透天厝,住家用,鋼筋混凝土造,0951018,194.92,4,3,3,有,無,9600000,49251,,0.0,0,,RPSNMLMKIIGGFBM08EA,174.62,20.3,0.0,無,015
竹山鎮,房地(土地+建物),南投縣竹山鎮鯉南路１１６之８４號四樓,32.97,都市：其他:住宅區,,,1100924,土地1建物1車位0,四層,五層,公寓(5樓含以下無電梯),住家用,鋼筋混凝土造,0820429,112.69,4,1,2,有,有,2120000,18813,,0.0,0,,RPSNMLNKIIGGFDM28DA,85.72,5.63,0.0,無,016
竹山鎮,房地(土地+建物),南投縣竹山鎮大和街２７９巷２０弄６號,112.16,都市：其他:住宅區,,,1100911,土地2建物1車位0,全,三層,透天厝,住家用,鋼筋混凝土造,1080617,150.41,5,2,3,有,無,7500000,49864,,0.0,0,,RPRNMLOKIIGGFDM28DA,141.75,8.66,0.0,無,
竹山鎮,房地(土地+建物),南投縣竹山鎮民生巷５７之５４號,78.91,,鄉村區,乙種建築用地,1100920,土地1建物1車位0,全,四層,透天厝,住家用,鋼筋混凝土造,0830707,193.36,4,3,3,有,無,3700000,19135,,0.0,0,頂樓加蓋；,RPRNMLMKIIGGFDM08DA,168.02,25.34,0.0,無,
鹿谷鄉,房地(土地+建物),南投縣鹿谷鄉仁義路４１之１５號,454.78,都市：其他:道路用地,,,1100924,土地8建物1車位0,全,二層,透天厝,住家用,鋼筋混凝土造,1000913,288.82,5,1,5,有,無,25000000,86559,,0.0,0,,RPPNMLNKIIGGFDM97DA,288.82,0.0,0.0,無,
埔里鎮,土地,忠信段724-4地號,369.75,,,,1100708,土地2建物0車位0,,,其他,,,,0.0,0,0,0,有,無,2852175,7714,,0.0,0,,RPRNMLSJIIGGFCM48DA,0.0,0.0,0.0,無,
埔里鎮,土地,忠信段724-5地號,369.77,,,,1100708,土地2建物0車位0,,,其他,,,,0.0,0,0,0,有,無,2796500,7563,,0.0,0,,RPSNMLSJIIGGFCM58DA,0.0,0.0,0.0,無,
埔里鎮,房地(土地+建物),南投縣埔里鎮大城路８４巷１６號,74.91,都市：其他:農業區,,,1100917,土地1建物1車位0,全,二層,透天厝,住家用,鋼筋混凝土加強磚造,0640703,67.38,3,1,2,有,無,5000000,74206,,0.0,0,其他增建；,RPTNMLNKIIGGFCM28DA,67.38,0.0,0.0,無,017
國姓鄉,土地,水長流段4577地號,22464.0,,山坡地保育區,農牧用地,1100627,土地2建物0車位0,,,其他,,,,0.0,0,0,0,有,無,6250000,278,,0.0,0,未登記建物；農作物；,RPWNMLNKIIGGFCM58DA,0.0,0.0,0.0,無,
草屯鎮,房地(土地+建物),南投縣草屯鎮自由街５５號十二樓之３,3.09,都市：其他:商業區,,,1100916,土地1建物1車位0,十二層,十二層,住宅大樓(11層含以上有電梯),住家用,鋼筋混凝土造,0840927,37.72,1,0,1,有,有,1480000,39236,,0.0,0,,RPUNMLMKIIGGFBM18DA,25.06,2.65,0.0,有,018
國姓鄉,土地,北山坑段311-10地號,47.0,都市：其他:,山坡地保育區,農牧用地,1100922,土地1建物0車位0,,,其他,,,,0.0,0,0,0,有,無,150000,3191,,0.0,0,袋地無路通行 購買路權通行使用.,RPQNMLQJIIGGFCM18DA,0.0,0.0,0.0,無,
草屯鎮,房地(土地+建物),南投縣草屯鎮富德街１１巷２２弄１１號,144.36,都市：其他:住宅區,,,1100909,土地1建物1車位0,全,四層,透天厝,住家用,鋼筋混凝土造,1090917,275.56,4,3,5,有,無,15000000,54435,,0.0,0,,RPURMLRJIIGGFBM98DA,259.58,15.98,0.0,無,
草屯鎮,房地(土地+建物),南投縣草屯鎮富中路６１號四樓,29.72,都市：其他:住宅區,,,1100920,土地1建物1車位0,四層,七層,華廈(10層含以下有電梯),住家用,鋼筋混凝土造,1040825,149.64000000000001,4,0,4,有,有,4800000,32077,,0.0,0,,RPPNMLLKIIGGFBM57DA,84.63,10.3,0.0,有,019
草屯鎮,房地(土地+建物),南投縣草屯鎮碧峰路２３２巷８９弄３９號,205.0,,特定農業區,甲種建築用地,1100912,土地2建物1車位0,全,三層,透天厝,住家用,鋼筋混凝土造,1021129,246.22,4,3,5,有,無,15000000,60921,,0.0,0,,RPRPMLQJIIGGFBM38DA,228.14,18.08,0.0,有,020
中寮鄉,土地,後寮段1004-115地號,1280.0,,山坡地保育區,農牧用地,1100918,土地1建物0車位0,,,其他,,,,0.0,0,0,0,有,無,550000,430,,0.0,0,贈送路地同段1004-18地號持分1/100,RPPOMLMKIIGGFAM67DA,0.0,0.0,0.0,無,
南投市,房地(土地+建物)+車位,南投縣南投市南新路２９３巷２弄３號,85.95,都市：其他:住宅區,,,1100815,土地2建物1車位1,全,三層,透天厝,住家用,鋼筋混凝土造,1090422,198.24,4,3,3,有,無,10680000,53874,坡道平面,13.77,0,,RPUNMLNKIIGGFAM18DA,142.66,4.83,0.0,無,
中寮鄉,土地,愛鄉段877-4地號,135.68,都市：其他:第一種住宅區,,,1100802,土地1建物0車位0,,,其他,,,,0.0,0,0,0,有,無,1850000,13635,,0.0,0,,RPRNMLMKIIGGFAM77DA,0.0,0.0,0.0,無,021
中寮鄉,土地,分水寮段506-152地號,704.0,,山坡地保育區,農牧用地,1100519,土地1建物0車位0,,,其他,,,,0.0,0,0,0,有,無,275836,392,,0.0,0,,RPVNMLRJIIGGFAM58DA,0.0,0.0,0.0,無,
中寮鄉,土地,分水寮段506-150地號,698.0,,山坡地保育區,農牧用地,1100519,土地3建物0車位0,,,其他,,,,0.0,0,0,0,有,無,273486,392,,0.0,0,,RPTNMLRJIIGGFAM38DA,0.0,0.0,0.0,無,
名間鄉,土地,吳厝段499地號,201.15,都市：其他:道路用地,,,1100806,土地3建物0車位0,,,其他,,,,0.0,0,0,0,有,無,880000,4375,,0.0,0,包含公共設施保留地用地；,RPXOMLOJIIGGFAM58DA,0.0,0.0,0.0,無,
南投市,房地(土地+建物),南投縣南投市同源路七街１２巷３１號,90.0,,工業區,丁種建築用地,1100820,土地1建物1車位0,全,三層,透天厝,住家用,鋼筋混凝土造,1100331,177.07,5,2,3,有,無,9380000,52973,,0.0,0,,RPQNMLQKRHGGFAM88DA,177.07,0.0,0.0,無,
名間鄉,土地,新弓鞋段564地號,1173.06,,一般農業區,農牧用地,1100830,土地1建物0車位0,,,其他,,,,0.0,0,0,0,有,無,2500000,2131,,0.0,0,未登記建物；,RPPNMLLKIIGGFAM47DA,0.0,0.0,0.0,無,022
南投市,土地,南投段298-11地號,131.75,都市：其他:住宅區,,,1100903,土地2建物0車位0,,,其他,,,,0.0,0,0,0,有,無,4080000,30968,,0.0,0,,RPVNMLNKIIGGFAM28DA,0.0,0.0,0.0,無,
草屯鎮,房地(土地+建物),南投縣草屯鎮信義街２８１號,74.0,都市：其他:住宅區,,,1100917,土地1建物1車位0,全,二層,透天厝,住商用,鋼筋混凝土加強磚造,0681126,98.64,3,2,2,有,無,9500000,96310,,0.0,0,,RPQNMLOJIIGGFBM87DA,98.64,0.0,0.0,無,023
草屯鎮,土地,草鞋墩段1053地號,106.28,都市：其他:住宅區,,,1100929,土地1建物0車位0,,,其他,,,,0.0,0,0,0,有,無,13500000,127023,,0.0,0,與隔壁土地可合併使用畸零地或有合併使用效益；,RPSNMLKMRHGGFBM78DA,0.0,0.0,0.0,無,
埔里鎮,土地,四角城段68地號,1617.13,,特定農業區,農牧用地,1100911,土地1建物0車位0,,,其他,,,,0.0,0,0,0,有,無,12680000,7841,,0.0,0,,RPWNMLQJIIGGFCM78DA,0.0,0.0,0.0,無,024
草屯鎮,土地,頂茄荖段304-4地號,181.8,,特定農業區,甲種建築用地,1100930,土地2建物0車位0,,,其他,,,,0.0,0,0,0,有,無,4800000,26403,,0.0,0,,RPSNMLNKIIGGFBM08DA,0.0,0.0,0.0,無,
草屯鎮,房地(土地+建物),南投縣草屯鎮太平路二段１２０號,266.16,都市：其他:住宅區,,,1100818,土地3建物2車位0,全,四層,透天厝,住商用,鋼筋混凝土造,0700930,652.13,8,2,5,有,無,29800000,45696,,0.0,0,,RPTNMLMKIIGGFBM08DA,652.13,0.0,0.0,無,025
國姓鄉,土地,北港溪段58-374地號,11592.0,,特定農業區,農牧用地,1100814,土地3建物0車位0,,,其他,,,,0.0,0,0,0,有,無,39260000,3387,,0.0,0,,RPSNMLOKRHGGFCM09DA,0.0,0.0,0.0,無,
仁愛鄉,土地,過坑段384地號,2390.0,,一般農業區,農牧用地,1100922,土地2建物0車位0,,,其他,,,,0.0,0,0,0,有,無,950000,397,,0.0,0,原住民保留地農作物；,RPRNMLOKIIGGFCM18DA,0.0,0.0,0.0,無,
埔里鎮,土地,慈恩段488地號,601.87,,特定農業區,農牧用地,1100908,土地8建物0車位0,,,其他,,,,0.0,0,0,0,有,無,2500000,4154,,0.0,0,1.慈恩段487、534地號供道路使用。2.增值稅由買方負擔。未登記建物；,RPUNMLOKIIGGFCM48DA,0.0,0.0,0.0,無,
埔里鎮,房地(土地+建物),南投縣埔里鎮九成街１１８巷４號,96.8,,鄉村區,乙種建築用地,1101001,土地1建物1車位0,全,一層,透天厝,住家用,鋼筋混凝土加強磚造,0680911,51.2,1,1,1,有,無,3000000,58594,,0.0,0,其他增建；,RPRNMLNKIIGGFCM08DA,51.2,0.0,0.0,無,026
埔里鎮,土地,水尾段1588地號,510.0,,森林區,農牧用地,1100929,土地1建物0車位0,,,其他,,,,0.0,0,0,0,有,無,300000,588,,0.0,0,農作物；,RPPNMLMKIIGGFCM77DA,0.0,0.0,0.0,無,
埔里鎮,房地(土地+建物),南投縣埔里鎮河南路２７１巷１１號,110.93,都市：其他:住宅區,,,1100826,土地2建物1車位0,全,三層,透天厝,住商用,鋼筋混凝土造,0700312,182.18,5,3,3,有,無,4000000,21956,,0.0,0,頂樓加蓋；,RPOOMLRJIIGGFCM18DA,167.68,14.5,0.0,無,027
埔里鎮,土地,牛眠段265地號,833.48,,特定農業區,農牧用地,1100907,土地1建物0車位0,,,其他,,,,0.0,0,0,0,有,無,3025000,3629,,0.0,0,,RPVNMLNKIIGGFCM48DA,0.0,0.0,0.0,無,
竹山鎮,土地,延正段462-1地號,658.33,,一般農業區,農牧用地,1100906,土地1建物0車位0,,,其他,,,,0.0,0,0,0,有,無,300000,456,,0.0,0,,RPPNMLTLRHGGFDM86DA,0.0,0.0,0.0,無,
竹山鎮,土地,新福興段1179地號,169.62,,鄉村區,乙種建築用地,1101005,土地1建物0車位0,,,其他,,,,0.0,0,0,0,有,無,1000000,5896,,0.0,0,未登記建物；,RPSNMLOKIIGGFDM38DA,0.0,0.0,0.0,無,028
水里鄉,土地,鉅工段797地號,142.0,都市：其他:住宅區,,,1100903,土地3建物0車位0,,,其他,,,,0.0,0,0,0,有,無,5200000,36620,,0.0,0,,RPRNMLNKIIGGFEM28DA,0.0,0.0,0.0,無,
南投市,土地,草尾嶺段428-1地號,2863.6,,山坡地保育區,農牧用地,1101005,土地2建物0車位0,,,其他,,,,0.0,0,0,0,有,無,3000000,1048,,0.0,0,,RPPNMLOKIIGGFAM87EA,0.0,0.0,0.0,無,
南投市,土地,茄苳腳段529-5地號,2606.0,,一般農業區,農牧用地,1100826,土地1建物0車位0,,,其他,,,,0.0,0,0,0,有,無,5500000,2111,,0.0,0,,RPQNMLOKIIGGFAM97EA,0.0,0.0,0.0,無,
南投市,土地,牛運堀段510-23地號,376.0,都市：其他:住宅區,,,1100915,土地1建物0車位0,,,其他,,,,0.0,0,0,0,有,無,18200000,48404,,0.0,0,政府機關標讓售；,RPVNMLOKIIGGFAM48EA,0.0,0.0,0.0,無,
鹿谷鄉,土地,鹿彰段752地號,331.28,都市：其他:住宅區,,,1101008,土地2建物0車位0,,,其他,,,,0.0,0,0,0,有,無,11023100,33274,,0.0,0,,RPRNMLPKIIGGFDM48EA,0.0,0.0,0.0,無,
集集鎮,土地,柴橋頭段洞角小段892地號,2100.0,,山坡地保育區,農牧用地,1101001,土地1建物0車位0,,,其他,,,,0.0,0,0,0,有,無,3000000,1429,,0.0,0,,RPPNMLLKIIGGFEM87DA,0.0,0.0,0.0,無,029
水里鄉,土地,永豐段330-3地號,119.0,,鄉村區,乙種建築用地,1101001,土地1建物0車位0,,,其他,,,,0.0,0,0,0,有,無,1728000,14521,,0.0,0,,RPPNMLMKIIGGFEM97DA,0.0,0.0,0.0,無,
名間鄉,土地,新光段1041地號,204.3,,鄉村區,水利用地,1101006,土地2建物0車位0,,,其他,,,,0.0,0,0,0,有,無,618000,3025,,0.0,0,,RPXNMLOKIIGGFAM68EA,0.0,0.0,0.0,無,
水里鄉,土地,郡坑段13-695地號,2500.0,,山坡地保育區,農牧用地,1100924,土地1建物0車位0,,,其他,,,,0.0,0,0,0,有,無,10000000,4000,,0.0,0,未登記建物；,RPPNMLPKIIGGFEM28DA,0.0,0.0,0.0,無,
鹿谷鄉,土地,新內湖段1076地號,4701.27,都市：其他:農業區,,,1101007,土地3建物0車位0,,,其他,,,,0.0,0,0,0,有,無,11500000,2446,,0.0,0,,RPVNMLOKIIGGFDM68DA,0.0,0.0,0.0,無,
鹿谷鄉,土地,文昌段1240地號,2659.03,,一般農業區,農牧用地,1101005,土地3建物0車位0,,,其他,,,,0.0,0,0,0,有,無,4579041,1722,,0.0,0,含土地增值稅或其他稅費79041元；,RPSNMLSKIIGGFDM78DA,0.0,0.0,0.0,無,
竹山鎮,房地(土地+建物),南投縣竹山鎮集山路三段１５２巷１號,83.24,都市：其他:住宅區,,,1100922,土地2建物1車位0,全,二層,透天厝,住家用,鋼筋混凝土加強磚造,0680601,119.8,2,2,2,有,無,2100000,17529,,0.0,0,頂樓加蓋；,RPQNMLOKIIGGFDM18DA,119.8,0.0,0.0,無,030
埔里鎮,土地,育英段151地號,288.44,都市：其他:道路用地,,,1100930,土地5建物0車位0,,,其他,,,,0.0,0,0,0,有,無,3000000,10401,,0.0,0,親友、員工、共有人或其他特殊關係間之交易；,RPRNMLPKIIGGFCM28DA,0.0,0.0,0.0,無,
埔里鎮,土地,新福興68-1地號,45.1,,特定專用區,遊憩用地,1100929,土地1建物0車位0,,,其他,,,,0.0,0,0,0,有,無,1230000,27273,,0.0,0,親友、員工、共有人或其他特殊關係間之交易；,RPSNMLPKIIGGFCM38DA,0.0,0.0,0.0,無,
埔里鎮,房地(土地+建物),南投縣埔里鎮桃米巷１１之６號,562.25,,特定農業區,農牧用地,1100923,土地1建物1車位0,全,三層,透天厝,農業用,鋼骨鋼筋混凝土造,0951128,128.38,4,3,4,有,無,2100000,16358,,0.0,0,親友、員工、共有人或其他特殊關係間之交易；,RPROMLLJIIGGFCM87DA,121.16,7.22,0.0,無,
國姓鄉,土地,福龜段900-2地號,846.35,,山坡地保育區,農牧用地,1100904,土地1建物0車位0,,,其他,,,,0.0,0,0,0,有,無,2600000,3072,,0.0,0,,RPUNMLPJIIGGFCM48DA,0.0,0.0,0.0,無,
南投市,土地,新草尾嶺段91地號,1387.52,,山坡地保育區,農牧用地,1100929,土地3建物0車位0,,,其他,,,,0.0,0,0,0,有,無,1062018,765,,0.0,0,,RPWNMLNKIIGGFAM38DA,0.0,0.0,0.0,無,
南投市,土地,三塊厝段213-4地號,301.5,都市：其他:道路用地,,,1100917,土地1建物0車位0,,,其他,,,,0.0,0,0,0,有,無,3397800,11270,,0.0,0,包含公共設施保留地用地；,RPUNMLOKIIGGFAM28DA,0.0,0.0,0.0,無,031
南投市,房地(土地+建物),南投縣南投市仁和路１１６巷５５號,77.0,,工業區,丁種建築用地,1100930,土地1建物1車位0,全,四層,透天厝,住家用,鋼筋混凝土造,1090206,214.28,8,0,8,有,無,12000000,56001,,0.0,0,,RPVNMLMKIIGGFAM18DA,208.4,5.88,0.0,無,032
名間鄉,土地,南田子段956地號,2966.39,,一般農業區,農牧用地,1100521,土地1建物0車位0,,,其他,,,,0.0,0,0,0,有,無,6450000,2174,,0.0,0,,RPQOMLOKIIGGFAM97DA,0.0,0.0,0.0,無,
中寮鄉,土地,分水寮段480-100地號,968.0,,山坡地保育區,林業用地,1100914,土地1建物0車位0,,,其他,,,,0.0,0,0,0,有,無,800000,826,,0.0,0,,RPPNMLRKIIGGFAM08DA,0.0,0.0,0.0,無,033
名間鄉,土地,南田子段1050地號,567.7,,鄉村區,乙種建築用地,1101001,土地4建物0車位0,,,其他,,,,0.0,0,0,0,有,無,8600000,15149,,0.0,0,,RPQNMLLKIIGGFAM57DA,0.0,0.0,0.0,無,034
南投市,房地(土地+建物),南投縣南投市力行五街２號,116.0,都市：其他:住宅區,,,1100916,土地1建物1車位0,全,四層,透天厝,住家用,鋼筋混凝土造,0830627,206.13,5,2,5,有,無,13000000,63067,,0.0,0,,RPSNMLQKRHGGFAM09DA,197.85,8.28,0.0,無,
南投市,房地(土地+建物),南投縣南投市中學西路１１３巷３號,61.67,都市：其他:住宅區,,,1100903,土地1建物1車位0,全,三層,透天厝,住商用,鋼筋混凝土加強磚造,0680612,143.64,7,2,3,有,無,6500000,45252,,0.0,0,,RPOOMLOJIIGGFAM67DA,143.64,0.0,0.0,無,
南投市,土地,首區段116地號,122.32,都市：其他:第四種住宅區,,,1100910,土地1建物0車位0,,,其他,,,,0.0,0,0,0,有,無,9620000,78646,,0.0,0,,RPTNMLMLRHGGFAM88DA,0.0,0.0,0.0,無,
中寮鄉,土地,樟平段322地號,1796.8,,山坡地保育區,農牧用地,1100909,土地1建物0車位0,,,其他,,,,0.0,0,0,0,有,無,1580000,879,,0.0,0,,RPRNMLLJIIGGFAM57DA,0.0,0.0,0.0,無,
南投市,房地(土地+建物),南投縣南投市彰南路一段２９０巷１４１之２號,103.0,,特定農業區,甲種建築用地,1100824,土地1建物1車位0,全,四層,透天厝,住家用,鋼筋混凝土造,1080515,226.6,4,3,3,有,無,12000000,52957,,0.0,0,,RPPNMLSKIIGGFAM18DA,211.12,15.48,0.0,無,
南投市,房地(土地+建物),南投縣南投市東閔路６８６巷５９號,967.0,,特定農業區,農牧用地,1100908,土地1建物1車位0,全,三層,透天厝,農業用,鋼鐵造有牆、鋼筋混凝土造,0960810,266.01,5,3,5,有,無,25900000,97365,,0.0,0,毛胚屋；,RPOOMLOKIIGGFAM77DA,264.93,1.08,0.0,無,
埔里鎮,土地,珠格段925-6地號,4837.31,,特定農業區,農牧用地,1100901,土地2建物0車位0,,,其他,,,,0.0,0,0,0,有,無,19800000,4093,,0.0,0,親友、員工、共有人或其他特殊關係間之交易；,RPTNMLQJIIGGFCM48DA,0.0,0.0,0.0,無,
埔里鎮,房地(土地+建物),南投縣埔里鎮桃源一街３６號,103.0,,山坡地保育區,丙種建築用地,1100906,土地1建物1車位0,全,二層,透天厝,住商用,ＲＣ加強磚造、加強磚木造,0700116,73.13,2,2,2,有,無,3000000,41023,,0.0,0,其他增建；,RPOOMLQKRHGGFCM98DA,73.13,0.0,0.0,無,
草屯鎮,房地(土地+建物)+車位,南投縣草屯鎮明賢街１１０號十二樓之５,27.87,都市：其他:商業區,,,1100915,土地1建物1車位1,十二層,十五層,住宅大樓(11層含以上有電梯),住家用,鋼筋混凝土造,1070607,151.55,2,2,2,有,有,9650000,63675,坡道平面,0.0,0,,RPSNMLPJIIGGFBM18DA,71.33,7.73,0.0,有,
草屯鎮,土地,富頂段45地號,2846.96,,山坡地保育區,農牧用地,1100831,土地2建物0車位0,,,其他,,,,0.0,0,0,0,有,無,7800000,2740,,0.0,0,,RPTNMLSLRHGGFBM96DA,0.0,0.0,0.0,無,
埔里鎮,房地(土地+建物),南投縣埔里鎮青田四街６號,92.88,都市：其他:住宅區,,,1100910,土地1建物1車位0,全,四層,透天厝,住商用,ＲＣ造,1100319,210.15,4,2,4,有,無,14380000,68427,,0.0,0,,RPUNMLPKIIGGFCM58DA,188.27,21.88,0.0,無,
埔里鎮,土地,大雁頂段902地號,272.27,,山坡地保育區,農牧用地,1100927,土地2建物0車位0,,,其他,,,,0.0,0,0,0,有,無,380000,1396,,0.0,0,,RPPNMLSKIIGGFCM38DA,0.0,0.0,0.0,無,
埔里鎮,房地(土地+建物),南投縣埔里鎮育英街２１０號,115.32,,特定農業區,甲種建築用地,1100917,土地1建物1車位0,全,二層,透天厝,住家用,鋼筋混凝土造,0690501,88.02,6,2,2,有,無,5800000,65894,,0.0,0,,RPTNMLSKIIGGFCM78DA,88.02,0.0,0.0,無,
埔里鎮,房地(土地+建物)+車位,南投縣埔里鎮中山路三段５６３之１號十樓,29.07,,特定農業區,甲種建築用地,1080529,土地1建物1車位1,十層,十二層,住宅大樓(11層含以上有電梯),住家用,ＲＣ造,1100608,142.78,3,2,2,有,有,7600000,53229,坡道平面,21.12,0,預售屋、或土地及建物分件登記案件；,RPVNMLSKIIGGFCM98DA,73.28,7.74,0.0,有,
埔里鎮,房地(土地+建物)+車位,南投縣埔里鎮中山路三段５６３之７號五樓,22.28,,特定農業區,甲種建築用地,1070705,土地1建物1車位1,五層,十二層,住宅大樓(11層含以上有電梯),住家用,ＲＣ造,1100608,114.82,2,2,2,有,有,6000000,52256,坡道平面,21.12,0,預售屋、或土地及建物分件登記案件；,RPWNMLSKIIGGFCM09DA,57.6,4.61,0.0,有,
仁愛鄉,土地,幼獅段212地號,1468.0,,山坡地保育區,農牧用地,1100912,土地1建物0車位0,,,其他,,,,0.0,0,0,0,有,無,5500000,3747,,0.0,0,,RPTNMLTKIIGGFCM88DA,0.0,0.0,0.0,無,
埔里鎮,房地(土地+建物)+車位,南投縣埔里鎮西安路一段８８號四樓之２,23.36,都市：其他:商業區,,,1101005,土地1建物1車位1,四層,八層,華廈(10層含以下有電梯),住家用,鋼筋混凝土造,0930616,134.95999999999998,3,1,2,有,有,4900000,36307,升降機械,0.0,0,,RPWNMLTKIIGGFCM56DA,84.61,13.74,0.0,有,
鹿谷鄉,土地,廣興段398地號,1.07,都市：其他:兒童遊戲場用地,,,1100818,土地1建物0車位0,,,其他,,,,0.0,0,0,0,有,無,27242,25460,,0.0,0,協議價購；,RPTNMLSKQHGGFDM96DA,0.0,0.0,0.0,無,
埔里鎮,房地(土地+建物),南投縣埔里鎮漢陽四街１５號,76.19,都市：其他:住宅區,,,1100915,土地2建物1車位0,全,三層,透天厝,住家用,鋼筋混凝土造,0821104,132.73,6,2,3,有,無,5700000,42944,,0.0,0,其他增建；,RPVNMLOKIIGGFCM58DA,132.73,0.0,0.0,無,
埔里鎮,房地(土地+建物),南投縣埔里鎮梅子路１２巷１９號,101.6,都市：其他:住宅區,,,1100924,土地2建物1車位0,全,三層,透天厝,住家用,鋼筋混凝土造,0870520,148.53,4,3,3,有,無,7800000,52515,,0.0,0,,RPROMLMKIIGGFCM08DA,130.3,18.23,0.0,無,
國姓鄉,土地,五棚坑段584-1地號,3910.0,,山坡地保育區,農牧用地,1100825,土地1建物0車位0,,,其他,,,,0.0,0,0,0,有,無,850000,217,,0.0,0,親友、員工、共有人或其他特殊關係間之交易；未登記建物；,RPWNMLRJIIGGFCM88DA,0.0,0.0,0.0,無,
鹿谷鄉,土地,廣興段231地號,8.64,都市：其他:住宅區,,,1101013,土地1建物0車位0,,,其他,,,,0.0,0,0,0,有,無,574200,66458,,0.0,0,,RPRNMLNKIIGGFDM18DA,0.0,0.0,0.0,無,
鹿谷鄉,土地,興產段170地號,124.45,都市：其他:住宅區,,,1100513,土地1建物0車位0,,,其他,,,,0.0,0,0,0,有,無,4500000,36159,,0.0,0,,RPTNMLSKIIGGFDM88DA,0.0,0.0,0.0,無,
竹山鎮,土地,鯉魚尾段320-1392地號,2500.0,,山坡地保育區,林業用地,1101014,土地1建物0車位0,,,其他,,,,0.0,0,0,0,有,無,330000,132,,0.0,0,,RPSNMLTKIIGGFDM88DA,0.0,0.0,0.0,無,
水里鄉,房地(土地+建物),南投縣水里鄉水信路三段２２８號,89.0,,山坡地保育區,丙種建築用地,1101003,土地1建物1車位0,全,三層,透天厝,住家用,鋼筋混凝土造,0570315,236.19,6,3,3,有,無,1700000,7198,,0.0,0,,RPQNMLPKIIGGFEM38DA,236.19,0.0,0.0,無,
中寮鄉,土地,龍眼林段905-7地號,4174.0,,山坡地保育區,農牧用地,1101008,土地2建物0車位0,,,其他,,,,0.0,0,0,0,有,無,300000,72,,0.0,0,親友、員工、共有人或其他特殊關係間之交易；,RPRNMLPKIIGGFAM18EA,0.0,0.0,0.0,無,
南投市,房地(土地+建物),南投縣南投市猴探井街１７巷１６號,108.47,都市：其他:住宅區,,,1100804,土地2建物1車位0,全,三層,透天厝,住家用,鋼筋混凝土造,0860930,139.81,3,2,3,有,無,5500000,39339,,0.0,0,,RPSNMLSKIIGGFAM58EA,128.55,11.26,0.0,無,
