﻿鄉鎮市區,交易標的,土地位置建物門牌,土地面積平方公尺,都市土地使用分區,非都市土地使用分區,非都市土地使用編定,租賃年月日,租賃筆棟數,租賃層次,總樓層數,建物型態,主要用途,主要建材,建築完成年月,建物總面積平方公尺,建物現況格局-房,建物現況格局-廳,建物現況格局-衛,建物現況格局-隔間,有無管理組織,有無附傢俱,總額元,單價元平方公尺,車位類別,車位面積平方公尺,車位總額元,備註,編號
The villages and towns urban district,transaction sign,land sector position building sector house number plate,land shifting total area square meter,the use zoning or compiles and checks,the non-metropolis land use district,non-metropolis land use,transaction year month and day,transaction pen number,shifting level,total floor number,building state,main use,main building materials,construction to complete the years,building shifting total area,Building present situation pattern - room,building present situation pattern - hall,building present situation pattern - health,building present situation pattern - compartmented,Whether there is manages the organization,Whether there is attaches the furniture,total price NTD,the unit price (NTD / square meter),the berth category,berth shifting total area square meter,the berth total price NTD,the note,serial number
南投市,房地(土地+建物),南投縣南投市文化南路４１巷１８號,68.78,住,,,1100910,土地1建物1車位0,全,4,透天厝,住家用,鋼筋混凝土造,0840109,170.63,4,3,3,有,無,無,13000,76,,0.0,0,,RPQOMLOKRHGGFAM88CC
南投市,房地(土地+建物)+車位,南投縣南投市中興路１８２巷２６號,33.22,住,,,1100831,土地1建物1車位1,二層,9,華廈(10層含以下有電梯),住家用,鋼筋混凝土造,0921023,132.44,3,3,2,有,無,無,18000,136,坡道平面,0.0,0,,RPTNMLRKRHGGFAM76CC
埔里鎮,房地(土地+建物),南投縣埔里鎮西康路７４號,184.38,商,,,1100827,土地3建物2車位0,見其他登記事項,3,店面(店鋪),住商用,鋼筋混凝土加強磚造,0580123,364.85,0,0,0,無,無,無,33000,90,,0.0,0,疫情完全穩定結束時，租金調整為參萬伍仟元正，（以政府公告為準）,RPTNMLRKRHGGFCM96CC
草屯鎮,房地(土地+建物),南投縣草屯鎮碧山路１１８９號,80.48,,鄉村區,乙種建築用地,1100908,土地1建物1車位0,全,2,透天厝,住商用,鋼筋混凝土造,0670401,111.6,5,3,2,有,無,無,15000,134,,0.0,0,,RPPNMLKLRHGGFBM48CC
