﻿編號,土地位置,土地移轉面積(平方公尺),使用分區或編定,權利人持分分母,權利人持分分子,移轉情形,地號
The serial number, land position,land shifting area square meter,the use zoning or compiles and checks,,,,land parcel
RPSNMLNLRHGGFBM98DA,平東段,478.72,非都市：風景區 ; 非都市編定：農牧用地,1,1,全筆移轉,00900003
RPVNMLOLRHGGFAM66DA,茄苳腳段,170.00,非都市：特定農業區 ; 非都市編定：甲種建築用地,1,1,全筆移轉,00990011
RPWNMLPKRHGGFAM76DA,茄苳腳段,6113.00,非都市：工業區 ; 非都市編定：丁種建築用地,1,1,全筆移轉,08070011
RPWNMLPKRHGGFAM76DA,茄苳腳段,7369.00,非都市：工業區 ; 非都市編定：丁種建築用地,1,1,全筆移轉,08070015
RPQNMLQJIIGGFAM97DA,成功段,67.96,都市：其他:住宅區,1,1,全筆移轉,08200000
RPUNMLKMRHGGFAM88DA,茄苳腳段,107.00,非都市：特定農業區 ; 非都市編定：甲種建築用地,1,1,全筆移轉,00990010
RPWNMLRJIIGGFAM68DA,營南段,8.26,非都市：一般農業區 ; 非都市編定：農牧用地,990,76,持分移轉,03140000
RPWNMLRJIIGGFAM68DA,營南段,164.57,非都市：一般農業區 ; 非都市編定：農牧用地,990,76,持分移轉,03150000
RPVNMLPJIIGGFAM38DA,光興段,122.20,都市：其他:住宅區,1,1,全筆移轉,08920007
RPVNMLPJIIGGFAM38DA,光興段,15.76,都市：其他:住宅區,1000,37,持分移轉,08920015
RPXNMLRJIIGGFAM78DA,新豐段新豐小段,85.10,都市：其他:住宅區,1,1,全筆移轉,00020040
RPRNMLTLRHGGFBM86DA,中興段,1606.00,都市：其他:農業區,1,1,全筆移轉,03820001
RPPNMLRJIIGGFBM08DA,新興段,21.50,非都市：鄉村區 ; 非都市編定：乙種建築用地,100000,549,持分移轉,10870000
RPVNMLSJIIGGFCM88DA,北港溪段,3169.00,非都市：特定農業區 ; 非都市編定：農牧用地,1,1,全筆移轉,00580408
RPPOMLRJIIGGFCM28DA,忠義段,104.33,非都市： ; 非都市編定：,1,1,全筆移轉,05230004
RPQNMLRJIIGGFCM28DA,忠信段,288.33,非都市： ; 非都市編定：,1,1,全筆移轉,07240003
RPQNMLRJIIGGFCM28DA,忠信段,81.42,非都市： ; 非都市編定：,9,1,持分移轉,07240009
RPVNMLQJIIGGFCM68DA,水尾段,113.00,非都市：山坡地保育區 ; 非都市編定：丙種建築用地,1,1,全筆移轉,02411567
RPVNMLQJIIGGFCM68DA,水尾段,6.38,非都市：山坡地保育區 ; 非都市編定：丙種建築用地,8,1,持分移轉,02412055
RPVNMLQJIIGGFCM68DA,水尾段,1.50,非都市：山坡地保育區 ; 非都市編定：丙種建築用地,8,1,持分移轉,02412057
RPXNMLRJIIGGFCM98DA,內埔段,172.19,非都市：鄉村區 ; 非都市編定：乙種建築用地,2,1,持分移轉,03250000
RPVNMLPJIIGGFCM58DA,竹圍段,71.41,都市：其他:住宅區,1,1,全筆移轉,01510004
RPQOMLRJIIGGFCM38DA,忠義段,92.75,非都市： ; 非都市編定：,1,1,全筆移轉,05230003
RPVNMLKMQHGGFCM09DA,埔里段北門小段,162.00,都市：其他:住宅區,1,1,全筆移轉,01170001
RPPNMLSJIIGGFDM38DA,新內湖段,1196.49,都市：其他:農業區,1,1,全筆移轉,10010000
RPPNMLNKIIGGFEM08DA,鉅工段,1.00,都市：其他:商業區,1,1,全筆移轉,07760000
RPPNMLNKIIGGFEM08DA,鉅工段,87.00,都市：其他:商業區,1,1,全筆移轉,07770000
RPPNMLNKIIGGFEM08DA,鉅工段,48.00,都市：其他:住宅區,1,1,全筆移轉,07780000
RPPNMLOJIIGGFEM08DA,社子段,315.00,非都市：鄉村區 ; 非都市編定：乙種建築用地,1,1,全筆移轉,00090087
RPPNMLOJIIGGFEM08DA,社子段,112.00,非都市：鄉村區 ; 非都市編定：乙種建築用地,1,1,全筆移轉,00090096
RPQNMLRLRHGGFCM66DA,新福興,2616.67,非都市：特定專用區 ; 非都市編定：遊憩用地,1,1,全筆移轉,00250000
RPPNMLRLRHGGFCM56DA,新福興,2970.92,非都市：特定專用區 ; 非都市編定：遊憩用地,1,1,全筆移轉,00260000
RPOOMLMKIIGGFCM87EA,南光段,109.00,都市：其他:住宅區,1,1,全筆移轉,00310008
RPQNMLMKIIGGFCM87DA,埔里段信義小段,46.00,都市：其他:住宅區,2,1,持分移轉,03060003
RPTNMLMKIIGGFCM18DA,曲冰段,2000.00,非都市：森林區 ; 非都市編定：農牧用地,1,1,全筆移轉,05550000
RPVNMLMKIIGGFCM38DA,光榮段,63.53,都市：其他:住宅區,1,1,全筆移轉,09140000
RPPNMLSJIIGGFCM28DA,水頭段,1025.00,非都市：山坡地保育區 ; 非都市編定：農牧用地,30,15,持分移轉,10110004
RPPNMLSJIIGGFCM28DA,水頭段,198.50,非都市：山坡地保育區 ; 非都市編定：丙種建築用地,30,15,持分移轉,10110016
RPPOMLMKIIGGFCM87DA,過坑段,1110.00,非都市：一般農業區 ; 非都市編定：農牧用地,1,1,全筆移轉,09540000
RPRNMLRJIIGGFCM38DA,忠信段,288.33,非都市： ; 非都市編定：,1,1,全筆移轉,07240002
RPRNMLRJIIGGFCM38DA,忠信段,81.42,非都市： ; 非都市編定：,9,1,持分移轉,07240009
RPWOMLRJIIGGFBM88DA,日新段,40.00,非都市：特定農業區 ; 非都市編定：甲種建築用地,1,1,全筆移轉,05210000
RPWOMLRJIIGGFBM88DA,日新段,24.00,非都市：特定農業區 ; 非都市編定：甲種建築用地,1,1,全筆移轉,05330000
RPWOMLRJIIGGFBM88DA,日新段,62.00,非都市：特定農業區 ; 非都市編定：農牧用地,100000,11589,持分移轉,07040000
RPVNMLPJIIGGFBM48DA,新豐段,410.08,非都市：特定農業區 ; 非都市編定：農牧用地,1,1,全筆移轉,01950003
RPPNMLNKIIGGFCM87DA,中峰段湳興小段,151.84,非都市：鄉村區 ; 非都市編定：乙種建築用地,1,1,全筆移轉,00090012
RPQPMLQJIIGGFBM28DA,新永安段,469.52,都市：其他:農業區,1,1,全筆移轉,01790000
RPQPMLQJIIGGFBM28DA,新永安段,61.56,都市：其他:農業區,7,1,持分移轉,01790005
RPQNMLKMRHGGFBM58DA,南埔段,83.00,非都市：鄉村區 ; 非都市編定：乙種建築用地,1,1,全筆移轉,07870000
RPVNMLRJIIGGFDM88DA,桂林段,110.85,都市：其他:住宅區,1,1,全筆移轉,01350000
RPRNMLQJIIGGFAM08DA,包尾段,7.35,都市：其他:住宅區,10000,32,持分移轉,07350045
RPPNMLOJIIGGFBM77DA,新虎山段,32.49,非都市： ; 非都市編定：,1,1,全筆移轉,05550001
RPPNMLOJIIGGFBM77DA,新虎山段,14.66,非都市： ; 非都市編定：,1,1,全筆移轉,05560001
RPSNMLRJIIGGFAM28DA,福興段,90.96,都市：其他:農業區,3,1,持分移轉,13380003
RPSNMLRJIIGGFAM28DA,福興段,1575.59,都市：其他:農業區,1,1,全筆移轉,13380004
RPSNMLRJIIGGFAM28DA,福興段,46.67,都市：其他:農業區,3,1,持分移轉,13380005
RPSNMLRJIIGGFAM28DA,福興段,49.66,都市：其他:農業區,1,1,全筆移轉,13380006
RPXNMLRLRHGGFAM17DA,半山段,2.50,都市：其他:住宅區,9216,15,持分移轉,03900000
RPXNMLRLRHGGFAM17DA,半山段,12.88,都市：其他:住宅區,576,9,持分移轉,03900002
RPXNMLRLRHGGFAM17DA,半山段,6.72,都市：其他:住宅區,9216,15,持分移轉,03900010
RPXNMLRLRHGGFAM17DA,半山段,.02,都市：其他:住宅區,9216,15,持分移轉,03900011
RPXNMLRLRHGGFAM17DA,半山段,5.15,都市：其他:住宅區,9216,15,持分移轉,03900012
RPXNMLRLRHGGFAM17DA,半山段,.49,都市：其他:住宅區,9216,15,持分移轉,03900013
RPXNMLRLRHGGFAM17DA,半山段,.38,都市：其他:道路用地,9216,15,持分移轉,03900014
RPXNMLRLRHGGFAM17DA,半山段,.63,都市：其他:道路用地,9216,15,持分移轉,03900015
RPXNMLRLRHGGFAM17DA,半山段,1.88,都市：其他:住宅區,9216,15,持分移轉,03900016
RPXNMLRLRHGGFAM17DA,半山段,.01,都市：其他:人行步道用地,9216,15,持分移轉,03900017
RPXNMLRLRHGGFAM17DA,半山段,3.22,都市：其他:道路用地,9216,15,持分移轉,03900018
RPTOMLOJIIGGFAM18DA,永新段,133.84,都市：其他:住宅區,1,1,全筆移轉,02140001
RPOOMLKMRHGGFAM38DA,龍眼林段,445.00,非都市：山坡地保育區 ; 非都市編定：農牧用地,1,1,全筆移轉,07940000
RPOOMLKMRHGGFAM38DA,龍眼林段,1572.00,非都市：山坡地保育區 ; 非都市編定：農牧用地,1,1,全筆移轉,07940003
RPOOMLKMRHGGFAM38DA,龍眼林段,160.00,非都市：山坡地保育區 ; 非都市編定：農牧用地,1,1,全筆移轉,07940004
RPOOMLKMRHGGFAM38DA,龍眼林段,1808.00,非都市：山坡地保育區 ; 非都市編定：農牧用地,1,1,全筆移轉,07950000
RPOOMLKMRHGGFAM38DA,龍眼林段,3795.00,非都市：山坡地保育區 ; 非都市編定：農牧用地,1,1,全筆移轉,07960000
RPOOMLKMRHGGFAM38DA,龍眼林段,9918.00,非都市：山坡地保育區 ; 非都市編定：農牧用地,1,1,全筆移轉,07960008
RPUNMLRJIIGGFAM48DA,分水寮段,402.00,非都市：山坡地保育區 ; 非都市編定：農牧用地,1,1,全筆移轉,05060147
RPXNMLOJIIGGFAM48DA,大埤段,2619.00,都市：其他:農業區,1,1,全筆移轉,01900000
RPOOMLMKIIGGFAM57DA,愛鄉段,238.66,都市：其他:第一種住宅區,1,1,全筆移轉,08770000
RPQNMLMKIIGGFAM67DA,愛鄉段,215.84,都市：其他:第一種住宅區,1,1,全筆移轉,08770001
RPQNMLMKIIGGFAM67DA,愛鄉段,186.17,都市：其他:第一種住宅區,1,1,全筆移轉,08770002
RPTNMLMKIIGGFAM97DA,愛鄉段,99.62,都市：其他:第一種住宅區,1,1,全筆移轉,08770005
RPPNMLSLRHGGFBM56DA,新虎山段,108.72,都市：其他:住宅區,1,1,全筆移轉,10570000
RPWNMLNLRHGGFAM66DA,包尾段,12.28,都市：其他:住宅區,10000,31,持分移轉,07350054
RPPNMLSLRHGGFBM56DA,新虎山段,18.82,都市：其他:住宅區,576,33,持分移轉,10600000
RPPNMLSLRHGGFBM56DA,新虎山段,2.53,都市：其他:住宅區,24,2,持分移轉,10730000
RPQNMLSJIIGGFBM28DA,坪頂段,1240.00,非都市：一般農業區 ; 非都市編定：農牧用地,1,1,全筆移轉,01120002
RPTRMLRJIIGGFBM88DA,中興段,19.49,都市：其他:住宅區,10000,102,持分移轉,17410000
RPQNMLRJIIGGFAM18EA,新赤水段,4774.00,非都市：一般農業區 ; 非都市編定：農牧用地,1,1,全筆移轉,00110000
RPQNMLMKIIGGFEM18EA,南光段,38.00,都市：其他:住宅區,1,1,全筆移轉,04350000
RPRNMLNLRHGGFCM98DA,東埔段,1921.99,非都市：山坡地保育區 ; 非都市編定：農牧用地,1,1,全筆移轉,12040000
RPRNMLNLRHGGFCM98DA,東埔段,2285.33,非都市：山坡地保育區 ; 非都市編定：農牧用地,1,1,全筆移轉,12060000
RPTNMLLJIIGGFBM87DA,山茶段,2739.08,非都市：山坡地保育區 ; 非都市編定：農牧用地,1,1,全筆移轉,07060000
RPQNMLSJIIGGFCM38DA,忠信段,288.34,非都市： ; 非都市編定：,1,1,全筆移轉,07240006
RPQNMLSJIIGGFCM38DA,忠信段,81.42,非都市： ; 非都市編定：,9,1,持分移轉,07240009
RPQNMLLKIIGGFBM67DA,北投埔段,106.00,非都市：特定農業區 ; 非都市編定：甲種建築用地,4,1,持分移轉,02330002
RPQNMLLKIIGGFBM67DA,北投埔段,79.50,非都市：特定農業區 ; 非都市編定：甲種建築用地,4,1,持分移轉,02330003
RPUNMLMKIIGGFCM28DA,過坑段,600.00,非都市：一般農業區 ; 非都市編定：農牧用地,1,1,全筆移轉,07930000
RPSNMLLJIIGGFCM87DA,大坪頂段,172.80,非都市：鄉村區 ; 非都市編定：乙種建築用地,2,1,持分移轉,07600000
RPPNMLMLRHGGFCM68DA,和平段,149.08,都市：其他:商業區,100000,6440,持分移轉,08250000
RPPNMLMKIIGGFDM87DA,延和段,2.13,都市：其他:住宅區,100000,3079,持分移轉,03100007
RPPNMLMKIIGGFDM87DA,延和段,.51,都市：其他:住宅區,100000,3079,持分移轉,03110003
RPPNMLMKIIGGFDM87DA,鹿山段,19.52,都市：其他:住宅區,100000,3079,持分移轉,10610000
RPRNMLTLRHGGFCM96DA,四角城段,72.63,非都市：特定農業區 ; 非都市編定：甲種建築用地,1,1,全筆移轉,08920000
RPUNMLNKIIGGFCM38DA,望洋段,6620.00,非都市：森林區 ; 非都市編定：農牧用地,1,1,全筆移轉,08580000
RPUNMLNKIIGGFCM38DA,望洋段,240.00,非都市：森林區 ; 非都市編定：丙種建築用地,1,1,全筆移轉,08590000
RPQNMLNKIIGGFDM08DA,菩提段,27.71,都市：其他:住宅區,40000,780,持分移轉,15230000
RPQNMLNKIIGGFDM08DA,菩提段,4.41,都市：其他:住宅區,360000,7020,持分移轉,15250000
RPPNMLMKIIGGFBM77EA,龍德段,79.94,非都市：鄉村區 ; 非都市編定：乙種建築用地,1,1,全筆移轉,09860000
RPQOMLSJIIGGFBM48EA,新富寮段,8.99,都市：其他:住宅區,100000,12444,持分移轉,05880015
RPQOMLSJIIGGFBM48EA,新富寮段,63.23,都市：其他:住宅區,100000,87556,持分移轉,05880015
RPPNMLPJIIGGFBM97EA,龍德段,72.96,非都市：鄉村區 ; 非都市編定：乙種建築用地,1,1,全筆移轉,06390002
RPPNMLPJIIGGFBM97EA,龍德段,.90,非都市：鄉村區 ; 非都市編定：乙種建築用地,12,2,持分移轉,06390009
RPPNMLPJIIGGFBM97EA,龍德段,.90,非都市：鄉村區 ; 非都市編定：乙種建築用地,12,2,持分移轉,06390010
RPPNMLPJIIGGFBM97EA,龍德段,.90,非都市：鄉村區 ; 非都市編定：乙種建築用地,12,2,持分移轉,06390011
RPPNMLPJIIGGFBM97EA,龍德段,.90,非都市：鄉村區 ; 非都市編定：乙種建築用地,12,2,持分移轉,06390012
RPPNMLPJIIGGFBM97EA,龍德段,.90,非都市：鄉村區 ; 非都市編定：乙種建築用地,12,2,持分移轉,06390013
RPPNMLPJIIGGFBM97EA,龍德段,.90,非都市：鄉村區 ; 非都市編定：乙種建築用地,12,2,持分移轉,06390014
RPPNMLPJIIGGFBM97EA,龍德段,27.27,非都市：鄉村區 ; 非都市編定：乙種建築用地,14,2,持分移轉,06390015
RPQNMLPJIIGGFBM08EA,龍德段,72.96,非都市：鄉村區 ; 非都市編定：乙種建築用地,1,1,全筆移轉,06390007
RPQNMLPJIIGGFBM08EA,龍德段,.90,非都市：鄉村區 ; 非都市編定：乙種建築用地,6,1,持分移轉,06390009
RPQNMLPJIIGGFBM08EA,龍德段,.90,非都市：鄉村區 ; 非都市編定：乙種建築用地,6,1,持分移轉,06390010
RPQNMLPJIIGGFBM08EA,龍德段,.90,非都市：鄉村區 ; 非都市編定：乙種建築用地,6,1,持分移轉,06390011
RPQNMLPJIIGGFBM08EA,龍德段,.90,非都市：鄉村區 ; 非都市編定：乙種建築用地,6,1,持分移轉,06390012
RPQNMLPJIIGGFBM08EA,龍德段,.90,非都市：鄉村區 ; 非都市編定：乙種建築用地,6,1,持分移轉,06390013
RPQNMLPJIIGGFBM08EA,龍德段,.90,非都市：鄉村區 ; 非都市編定：乙種建築用地,6,1,持分移轉,06390014
RPQNMLPJIIGGFBM08EA,龍德段,27.27,非都市：鄉村區 ; 非都市編定：乙種建築用地,7,1,持分移轉,06390015
RPQNMLNKIIGGFCM08EA,溪南段,.59,非都市：特定農業區 ; 非都市編定：甲種建築用地,100,1,持分移轉,09380000
RPSNMLNKIIGGFCM28EA,北山坑段,3460.00,非都市：山坡地保育區 ; 非都市編定：農牧用地,1,1,全筆移轉,35860000
RPSNMLNKIIGGFCM28EA,北山坑段,2500.00,非都市：山坡地保育區 ; 非都市編定：農牧用地,1,1,全筆移轉,35860001
RPQNMLRKRHGGFEM76DA,玉映段,40.96,都市：其他:住宅區,100,5,持分移轉,04270000
RPQNMLRKRHGGFEM76DA,玉映段,30.26,都市：其他:住宅區,100,5,持分移轉,04280000
RPQNMLRKRHGGFEM76DA,玉映段,5.00,都市：其他:住宅區,100,5,持分移轉,04290000
RPSNMLMKIIGGFBM08EA,新富寮段,30.87,都市：其他:住宅區,10000,85,持分移轉,02670000
RPSNMLMKIIGGFBM08EA,新富寮段,87.96,都市：其他:住宅區,1,1,全筆移轉,02670010
RPSNMLNKIIGGFDM28DA,仁德段,32.97,都市：其他:住宅區,60,1,持分移轉,04410026
RPPNMLNKIIGGFDM97DA,隆鳳段,94.49,都市：其他:住宅區,1,1,全筆移轉,04400000
RPPNMLNKIIGGFDM97DA,隆鳳段,93.70,都市：其他:住宅區,1,1,全筆移轉,04410000
RPPNMLNKIIGGFDM97DA,隆鳳段,92.85,都市：其他:住宅區,1,1,全筆移轉,04420000
RPPNMLNKIIGGFDM97DA,隆鳳段,99.67,都市：其他:住宅區,1,1,全筆移轉,04430000
RPPNMLNKIIGGFDM97DA,隆鳳段,20.22,都市：其他:道路用地,1,1,全筆移轉,04540000
RPPNMLNKIIGGFDM97DA,隆鳳段,18.05,都市：其他:道路用地,1,1,全筆移轉,04550000
RPPNMLNKIIGGFDM97DA,隆鳳段,17.95,都市：其他:道路用地,1,1,全筆移轉,04560000
RPPNMLNKIIGGFDM97DA,隆鳳段,17.85,都市：其他:道路用地,1,1,全筆移轉,04570000
RPRNMLMKIIGGFDM08DA,前山段,78.91,非都市：鄉村區 ; 非都市編定：乙種建築用地,1,1,全筆移轉,12550000
RPRNMLOKIIGGFDM28DA,吉祥段,90.09,都市：其他:住宅區,1,1,全筆移轉,01510012
RPRNMLOKIIGGFDM28DA,吉祥段,22.07,都市：其他:住宅區,10,1,持分移轉,01510015
RPRNMLSJIIGGFCM48DA,忠信段,288.33,非都市： ; 非都市編定：,1,1,全筆移轉,07240004
RPRNMLSJIIGGFCM48DA,忠信段,81.42,非都市： ; 非都市編定：,9,1,持分移轉,07240009
RPSNMLSJIIGGFCM58DA,忠信段,288.35,非都市： ; 非都市編定：,1,1,全筆移轉,07240005
RPSNMLSJIIGGFCM58DA,忠信段,81.42,非都市： ; 非都市編定：,9,1,持分移轉,07240009
RPWNMLSJRHGGFBM07DA,碧峰段,33.94,非都市：特定農業區 ; 非都市編定：交通用地,48,22,持分移轉,00040000
RPWNMLSJRHGGFBM07DA,碧峰段,298.26,非都市：特定農業區 ; 非都市編定：甲種建築用地,1,1,全筆移轉,00050004
RPWNMLSJRHGGFBM07DA,碧峰段,3.01,非都市：特定農業區 ; 非都市編定：交通用地,3,2,持分移轉,00060000
RPTNMLNKIIGGFCM28DA,忠信段,74.91,都市：其他:農業區,1,1,全筆移轉,07640000
RPWNMLNKIIGGFCM58DA,水長流段,21943.00,非都市：山坡地保育區 ; 非都市編定：農牧用地,1,1,全筆移轉,45770000
RPWNMLNKIIGGFCM58DA,水長流段,521.00,非都市：山坡地保育區 ; 非都市編定：丙種建築用地,1,1,全筆移轉,45830000
RPQNMLQJIIGGFCM18DA,北山坑段,47.00,都市：其他:,1,1,全筆移轉,03110010
RPURMLRJIIGGFBM98DA,隘寮段,144.36,都市：其他:住宅區,1,1,全筆移轉,01290000
RPPNMLLKIIGGFBM57DA,新富寮段,29.72,都市：其他:住宅區,100000,1192,持分移轉,00910052
RPRPMLQJIIGGFBM38DA,北投埔段,31.00,非都市：特定農業區 ; 非都市編定：甲種建築用地,4,1,持分移轉,06690000
RPRPMLQJIIGGFBM38DA,北投埔段,174.00,非都市：特定農業區 ; 非都市編定：甲種建築用地,1,1,全筆移轉,06690011
RPPOMLMKIIGGFAM67DA,後寮段,1280.00,非都市：山坡地保育區 ; 非都市編定：農牧用地,1,1,全筆移轉,10040115
RPRNMLMKIIGGFAM77DA,愛鄉段,135.68,都市：其他:第一種住宅區,1,1,全筆移轉,08770004
RPVNMLRJIIGGFAM58DA,分水寮段,704.00,非都市：山坡地保育區 ; 非都市編定：農牧用地,1,1,全筆移轉,05060152
RPTNMLRJIIGGFAM38DA,分水寮段,20.00,非都市：山坡地保育區 ; 非都市編定：農牧用地,1,1,全筆移轉,05060148
RPTNMLRJIIGGFAM38DA,分水寮段,220.00,非都市：山坡地保育區 ; 非都市編定：農牧用地,1,1,全筆移轉,05060149
RPTNMLRJIIGGFAM38DA,分水寮段,458.00,非都市：山坡地保育區 ; 非都市編定：農牧用地,1,1,全筆移轉,05060150
RPQNMLQKRHGGFAM88DA,大崗段,90.00,非都市：工業區 ; 非都市編定：丁種建築用地,1,1,全筆移轉,00130019
RPXOMLOJIIGGFAM58DA,吳厝段,19.50,都市：其他:道路用地,7633,1505,持分移轉,04940000
RPXOMLOJIIGGFAM58DA,吳厝段,144.58,都市：其他:道路用地,7633,1505,持分移轉,04990000
RPXOMLOJIIGGFAM58DA,吳厝段,37.06,都市：其他:道路用地,7633,1505,持分移轉,05000000
RPPNMLLKIIGGFAM47DA,新弓鞋段,1173.06,非都市：一般農業區 ; 非都市編定：農牧用地,1,1,全筆移轉,05640000
RPQNMLOJIIGGFBM87DA,草屯段,74.00,都市：其他:住宅區,1,1,全筆移轉,01410048
RPSNMLKMRHGGFBM78DA,草鞋墩段,106.28,都市：其他:住宅區,1,1,全筆移轉,10530000
RPUNMLMKIIGGFBM18DA,玉峰段,3.09,都市：其他:商業區,100000,256,持分移轉,07620000
RPWNMLQJIIGGFCM78DA,四角城段,1617.13,非都市：特定農業區 ; 非都市編定：農牧用地,1,1,全筆移轉,00680000
RPSNMLNKIIGGFBM08DA,頂茄荖段,31.80,非都市：特定農業區 ; 非都市編定：甲種建築用地,15,1,持分移轉,03040000
RPSNMLNKIIGGFBM08DA,頂茄荖段,150.00,非都市：特定農業區 ; 非都市編定：甲種建築用地,1,1,全筆移轉,03040004
RPTNMLMKIIGGFBM08DA,建興段,71.78,都市：其他:住宅區,1,1,全筆移轉,05160000
RPTNMLMKIIGGFBM08DA,建興段,103.48,都市：其他:住宅區,1,1,全筆移轉,05160001
RPTNMLMKIIGGFBM08DA,建興段,90.90,都市：其他:住宅區,1,1,全筆移轉,05160002
RPRNMLOKIIGGFCM18DA,過坑段,1450.00,非都市：一般農業區 ; 非都市編定：農牧用地,1,1,全筆移轉,03840000
RPRNMLOKIIGGFCM18DA,過坑段,940.00,非都市：一般農業區 ; 非都市編定：農牧用地,1,1,全筆移轉,03850000
RPUNMLOKIIGGFCM48DA,慈恩段,114.15,非都市：特定農業區 ; 非都市編定：農牧用地,9480,2370,持分移轉,04860000
RPUNMLOKIIGGFCM48DA,慈恩段,67.65,非都市：特定農業區 ; 非都市編定：農牧用地,9480,2370,持分移轉,04870000
RPUNMLOKIIGGFCM48DA,慈恩段,157.31,非都市：特定農業區 ; 非都市編定：農牧用地,9480,2370,持分移轉,04880000
RPUNMLOKIIGGFCM48DA,慈恩段,37.87,非都市：特定農業區 ; 非都市編定：甲種建築用地,4,1,持分移轉,04970000
RPUNMLOKIIGGFCM48DA,慈恩段,37.97,非都市：特定農業區 ; 非都市編定：甲種建築用地,4,1,持分移轉,04980000
RPUNMLOKIIGGFCM48DA,慈恩段,144.05,非都市：特定農業區 ; 非都市編定：農牧用地,9480,2370,持分移轉,04990000
RPUNMLOKIIGGFCM48DA,慈恩段,27.00,非都市：特定農業區 ; 非都市編定：甲種建築用地,4,1,持分移轉,05000000
RPUNMLOKIIGGFCM48DA,慈恩段,15.88,非都市：特定農業區 ; 非都市編定：交通用地,9480,2370,持分移轉,05340000
RPRNMLNKIIGGFCM08DA,慈恩段,96.80,非都市：鄉村區 ; 非都市編定：乙種建築用地,1,1,全筆移轉,10010000
RPPNMLMKIIGGFCM77DA,水尾段,510.00,非都市：森林區 ; 非都市編定：農牧用地,1,1,全筆移轉,15880000
RPVNMLNKIIGGFAM28DA,南投段,27.75,都市：其他:住宅區,1920,120,持分移轉,02980001
RPVNMLNKIIGGFAM28DA,南投段,104.00,都市：其他:住宅區,1,1,全筆移轉,02980011
RPQOMLMKIIGGFAM87EA,先驅段,239.00,非都市：山坡地保育區 ; 非都市編定：丙種建築用地,1,1,全筆移轉,07620002
RPUNMLNKIIGGFAM18DA,新?段,30.75,都市：其他:住宅區,100000,2858,持分移轉,09630000
RPUNMLNKIIGGFAM18DA,新?段,55.20,都市：其他:住宅區,1,1,全筆移轉,09630030
RPQNMLSJIIGGFAM28EA,永新段,119.86,都市：其他:住宅區,1,1,全筆移轉,02140002
RPQNMLSJIIGGFAM28EA,永新段,25.23,都市：其他:道路用地,1,1,全筆移轉,02150001
RPPNMLMKIIGGFAM67EA,南投段,12.00,都市：其他:第一種商業區,1,1,全筆移轉,04310045
RPOOMLRJIIGGFCM18DA,育英段,72.62,都市：其他:住宅區,1,1,全筆移轉,06570000
RPOOMLRJIIGGFCM18DA,育英段,38.31,都市：其他:住宅區,1,1,全筆移轉,06670000
RPVNMLNKIIGGFCM48DA,牛眠段,833.48,非都市：特定農業區 ; 非都市編定：農牧用地,1,1,全筆移轉,02650000
RPRNMLNKIIGGFEM28DA,鉅工段,16.00,都市：其他:商業區,1,1,全筆移轉,07950000
RPRNMLNKIIGGFEM28DA,鉅工段,71.00,都市：其他:商業區,1,1,全筆移轉,07970000
RPRNMLNKIIGGFEM28DA,鉅工段,55.00,都市：其他:住宅區,1,1,全筆移轉,07980000
RPPNMLOKIIGGFAM87EA,草尾嶺段,514.00,非都市：山坡地保育區 ; 非都市編定：農牧用地,2,1,持分移轉,00720000
RPPNMLOKIIGGFAM87EA,草尾嶺段,2349.60,非都市：山坡地保育區 ; 非都市編定：農牧用地,30,11,持分移轉,04280001
RPQNMLOKIIGGFAM97EA,茄苳腳段,2606.00,非都市：一般農業區 ; 非都市編定：農牧用地,2,1,持分移轉,05290005
RPSNMLOKIIGGFDM38DA,新福興段,169.62,非都市：鄉村區 ; 非都市編定：乙種建築用地,12,1,持分移轉,11790000
RPPNMLMKIIGGFEM97DA,永豐段,119.00,非都市：鄉村區 ; 非都市編定：乙種建築用地,1,1,全筆移轉,03300003
RPPNMLLKIIGGFEM87DA,柴橋頭段洞角小段,2100.00,非都市：山坡地保育區 ; 非都市編定：農牧用地,1,1,全筆移轉,08920000
RPVNMLOKIIGGFAM48EA,牛運堀段,376.00,都市：其他:住宅區,1,1,全筆移轉,05100023
RPVNMLOKIIGGFDM68DA,新內湖段,2536.01,都市：其他:農業區,1,1,全筆移轉,10760000
RPVNMLOKIIGGFDM68DA,新內湖段,1057.68,都市：其他:農業區,1,1,全筆移轉,10770000
RPVNMLOKIIGGFDM68DA,新內湖段,1107.58,都市：其他:農業區,1,1,全筆移轉,10780000
RPPNMLPKIIGGFEM28DA,郡坑段,2500.00,非都市：山坡地保育區 ; 非都市編定：農牧用地,1,1,全筆移轉,00130695
RPSNMLSKIIGGFDM78DA,文昌段,917.01,非都市：一般農業區 ; 非都市編定：農牧用地,1,1,全筆移轉,12350000
RPSNMLSKIIGGFDM78DA,文昌段,777.01,非都市：一般農業區 ; 非都市編定：農牧用地,1,1,全筆移轉,12380000
RPSNMLSKIIGGFDM78DA,文昌段,965.01,非都市：一般農業區 ; 非都市編定：農牧用地,1,1,全筆移轉,12400000
RPQNMLOKIIGGFDM18DA,延祥段,76.33,都市：其他:住宅區,1,1,全筆移轉,06420000
RPQNMLOKIIGGFDM18DA,延祥段,6.91,都市：其他:住宅區,1,1,全筆移轉,06430000
RPRNMLPKIIGGFCM28DA,育英段,66.41,都市：其他:道路用地,7,4,持分移轉,01500000
RPRNMLPKIIGGFCM28DA,育英段,91.27,都市：其他:住宅區,7,4,持分移轉,01510000
RPRNMLPKIIGGFCM28DA,育英段,10.83,都市：其他:住宅區,7,4,持分移轉,01770000
RPRNMLPKIIGGFCM28DA,育英段,70.42,都市：其他:住宅區,7,4,持分移轉,01780000
RPRNMLPKIIGGFCM28DA,仁愛段,49.51,都市：其他:道路用地,7,4,持分移轉,10770000
RPXNMLOKIIGGFAM68EA,新光段,166.50,非都市：鄉村區 ; 非都市編定：水利用地,72,12,持分移轉,10410000
RPXNMLOKIIGGFAM68EA,新光段,37.80,非都市：鄉村區 ; 非都市編定：乙種建築用地,72,12,持分移轉,10570000
RPPNMLTLRHGGFDM86DA,延正段,658.33,非都市：一般農業區 ; 非都市編定：農牧用地,1,1,全筆移轉,04620001
RPSNMLPKIIGGFCM38DA,新福興,45.10,非都市：特定專用區 ; 非都市編定：遊憩用地,1,1,全筆移轉,00680001
RPROMLLJIIGGFCM87DA,桃米坑段,562.25,非都市：特定農業區 ; 非都市編定：農牧用地,4,1,持分移轉,00790022
RPSNMLOKRHGGFCM09DA,北港溪段,9210.00,非都市：特定農業區 ; 非都市編定：農牧用地,1,1,全筆移轉,00580374
RPSNMLOKRHGGFCM09DA,北港溪段,1782.00,非都市：特定農業區 ; 非都市編定：農牧用地,1,1,全筆移轉,00580375
RPSNMLOKRHGGFCM09DA,北港溪段,600.00,非都市：特定農業區 ; 非都市編定：甲種建築用地,1,1,全筆移轉,00580632
RPWNMLNKIIGGFAM38DA,新草尾嶺段,274.26,非都市：山坡地保育區 ; 非都市編定：農牧用地,128,27,持分移轉,00870000
RPWNMLNKIIGGFAM38DA,新草尾嶺段,431.88,非都市：山坡地保育區 ; 非都市編定：農牧用地,128,27,持分移轉,00880000
RPWNMLNKIIGGFAM38DA,新草尾嶺段,681.38,非都市：山坡地保育區 ; 非都市編定：農牧用地,128,27,持分移轉,00910000
RPUNMLOKIIGGFAM28DA,三塊厝段,301.50,都市：其他:道路用地,2,1,持分移轉,02130004
RPUNMLPJIIGGFCM48DA,福龜段,846.35,非都市：山坡地保育區 ; 非都市編定：農牧用地,1,1,全筆移轉,09000002
RPQOMLOKIIGGFAM97DA,南田子段,2966.39,非都市：一般農業區 ; 非都市編定：農牧用地,1,1,全筆移轉,09560000
RPSNMLQKRHGGFAM09DA,內新段,116.00,都市：其他:住宅區,1,1,全筆移轉,10680017
RPOOMLOJIIGGFAM67DA,光榮段,61.67,都市：其他:住宅區,1,1,全筆移轉,04330000
RPVNMLMKIIGGFAM18DA,大崗段,77.00,非都市：工業區 ; 非都市編定：丁種建築用地,1,1,全筆移轉,00180012
RPTNMLMLRHGGFAM88DA,首區段,122.32,都市：其他:第四種住宅區,1,1,全筆移轉,01160000
RPPNMLRKIIGGFAM08DA,分水寮段,968.00,非都市：山坡地保育區 ; 非都市編定：林業用地,1,1,全筆移轉,04800100
RPQNMLLKIIGGFAM57DA,南田子段,141.00,非都市：鄉村區 ; 非都市編定：乙種建築用地,1,1,全筆移轉,10480000
RPQNMLLKIIGGFAM57DA,南田子段,141.00,非都市：鄉村區 ; 非都市編定：乙種建築用地,1,1,全筆移轉,10490000
RPQNMLLKIIGGFAM57DA,南田子段,143.29,非都市：鄉村區 ; 非都市編定：乙種建築用地,1,1,全筆移轉,10500000
RPQNMLLKIIGGFAM57DA,南田子段,142.41,非都市：鄉村區 ; 非都市編定：乙種建築用地,1,1,全筆移轉,10510000
RPRNMLLJIIGGFAM57DA,樟平段,1796.80,非都市：山坡地保育區 ; 非都市編定：農牧用地,1,1,全筆移轉,03220000
RPTNMLQJIIGGFCM48DA,珠格段,2237.31,非都市：特定農業區 ; 非都市編定：農牧用地,1,1,全筆移轉,09250002
RPTNMLQJIIGGFCM48DA,珠格段,2600.00,非都市：特定農業區 ; 非都市編定：農牧用地,1,1,全筆移轉,09250006
RPOOMLOKIIGGFAM77DA,光復段,967.00,非都市：特定農業區 ; 非都市編定：農牧用地,1,1,全筆移轉,03600003
RPTNMLSLRHGGFBM96DA,富頂段,296.56,非都市：山坡地保育區 ; 非都市編定：農牧用地,100000,11751,持分移轉,00430000
RPTNMLSLRHGGFBM96DA,富頂段,2550.40,非都市：山坡地保育區 ; 非都市編定：農牧用地,1,1,全筆移轉,00450000
RPPNMLSKIIGGFAM18DA,茄苳腳段,103.00,非都市：特定農業區 ; 非都市編定：甲種建築用地,1,1,全筆移轉,00990009
RPUNMLPKIIGGFCM58DA,忠孝段,92.88,都市：其他:住宅區,1,1,全筆移轉,07030002
RPPNMLSKIIGGFCM38DA,大雁頂段,65.66,非都市：山坡地保育區 ; 非都市編定：農牧用地,1,1,全筆移轉,07710000
RPPNMLSKIIGGFCM38DA,大雁頂段,206.61,非都市：山坡地保育區 ; 非都市編定：農牧用地,1,1,全筆移轉,09020000
RPSNMLPJIIGGFBM18DA,草屯段,27.87,都市：其他:商業區,20000,178,持分移轉,07550000
RPVNMLSKIIGGFCM98DA,忠實段,29.07,非都市：特定農業區 ; 非都市編定：甲種建築用地,10000,137,持分移轉,01050000
RPTNMLSKIIGGFCM78DA,新生段,115.32,非都市：特定農業區 ; 非都市編定：甲種建築用地,1,1,全筆移轉,02510000
RPVNMLOKIIGGFCM58DA,八德段,41.52,都市：其他:住宅區,1,1,全筆移轉,07880000
RPVNMLOKIIGGFCM58DA,八德段,34.67,都市：其他:住宅區,1,1,全筆移轉,07890000
RPROMLMKIIGGFCM08DA,梅林段,4.15,都市：其他:住宅區,12,1,持分移轉,05780000
RPROMLMKIIGGFCM08DA,梅林段,97.45,都市：其他:住宅區,1,1,全筆移轉,05900000
RPOOMLQKRHGGFCM98DA,桃米坑段,103.00,非都市：山坡地保育區 ; 非都市編定：丙種建築用地,1,1,全筆移轉,00240068
RPWNMLRJIIGGFCM88DA,五棚坑段,3910.00,非都市：山坡地保育區 ; 非都市編定：農牧用地,1,1,全筆移轉,05840001
RPRNMLNKIIGGFDM18DA,廣興段,8.64,都市：其他:住宅區,1000,545,持分移轉,02310000
RPTNMLSKIIGGFDM88DA,興產段,124.45,都市：其他:住宅區,1,1,全筆移轉,01700000
RPSNMLTKIIGGFDM88DA,鯉魚尾段,2500.00,非都市：山坡地保育區 ; 非都市編定：林業用地,1,1,全筆移轉,03201392
RPQNMLPKIIGGFEM38DA,郡坑段,89.00,非都市：山坡地保育區 ; 非都市編定：丙種建築用地,1,1,全筆移轉,00130225
RPRNMLPKIIGGFAM18EA,龍眼林段,648.00,非都市：山坡地保育區 ; 非都市編定：農牧用地,1,1,全筆移轉,09040005
RPRNMLPKIIGGFAM18EA,龍眼林段,3526.00,非都市：山坡地保育區 ; 非都市編定：農牧用地,1,1,全筆移轉,09050007
RPSNMLSKIIGGFAM58EA,西施厝坪段西施厝坪小段,29.47,都市：其他:住宅區,380,20,持分移轉,01260015
RPSNMLSKIIGGFAM58EA,西施厝坪段西施厝坪小段,79.00,都市：其他:住宅區,1,1,全筆移轉,01260021
RPVNMLOJIIGGFDM68EA,大統段,2800.89,都市：其他:住宅區,1,1,全筆移轉,02720002
RPRNMLPKIIGGFDM48EA,鹿彰段,23.27,都市：其他:住宅區,19680,3410,持分移轉,07510000
RPRNMLPKIIGGFDM48EA,鹿彰段,308.01,都市：其他:住宅區,19680,3410,持分移轉,07520000
RPUNMLOJIIGGFDM58EA,大坪段,6718.03,非都市：山坡地保育區 ; 非都市編定：農牧用地,1,1,全筆移轉,07550000
RPTNMLOJIIGGFDM48EA,安定段,72.79,都市：其他:住宅區,1,1,全筆移轉,03920000
RPWNMLSKIIGGFCM09DA,忠實段,22.28,非都市：特定農業區 ; 非都市編定：甲種建築用地,10000,105,持分移轉,01050000
RPTNMLTKIIGGFCM88DA,幼獅段,1468.00,非都市：山坡地保育區 ; 非都市編定：農牧用地,1,1,全筆移轉,02120000
RPWNMLTKIIGGFCM56DA,光榮段,23.36,都市：其他:商業區,10000,310,持分移轉,10170000
RPTNMLSKQHGGFDM96DA,廣興段,1.07,都市：其他:兒童遊戲場用地,8,1,持分移轉,03980000
