﻿編號,土地位置,土地移轉面積(平方公尺),使用分區或編定,權利人持分分母,權利人持分分子,移轉情形,地號
The serial number, land position,land shifting area square meter,the use zoning or compiles and checks,,,,land parcel
RPOOMLLKRHGGFBM38CB,新富寮段,87.12,都市：住,100000,2171,持分移轉,05540000
RPVNMLLKRHGGFBM98CB,新富寮段,85.55,都市：住,100000,2132,持分移轉,05540000
RPPOMLLKRHGGFBM48CB,新富寮段,85.87,都市：住,100000,2140,持分移轉,05540000
RPQOMLLKRHGGFBM58CB,新富寮段,62.32,都市：住,100000,1553,持分移轉,05540000
RPXNMLLKRHGGFBM56CB,新富寮段,87.12,都市：住,100000,2171,持分移轉,05540000
RPROMLLKRHGGFBM68CB,新富寮段,74.76,都市：住,100000,1863,持分移轉,05540000
RPWNMLLKRHGGFBM09CB,新富寮段,85.87,都市：住,100000,2140,持分移轉,05540000
RPPNMLLKRHGGFAM48EB,牛運堀段,31.95,都市：住,100000,5726,持分移轉,05090000
RPPNMLLKRHGGFAM48EB,牛運堀段,53.00,都市：住,1,1,全筆移轉,05090005
RPPNMLLKRHGGFAM48EB,牛運堀段,.46,都市：住,100000,5726,持分移轉,05090027
RPQNMLLKRHGGFAM58EB,牛運堀段,31.95,都市：住,100000,5726,持分移轉,05090000
RPQNMLLKRHGGFAM58EB,牛運堀段,54.00,都市：住,1,1,全筆移轉,05090007
RPQNMLLKRHGGFAM58EB,牛運堀段,.46,都市：住,100000,5726,持分移轉,05090027
RPQNMLLKRHGGFAM58EB,牛運堀段,2.00,都市：住,1,1,全筆移轉,05090034
RPRNMLLKRHGGFAM68EB,牛運堀段,31.95,都市：住,100000,5726,持分移轉,05090000
RPRNMLLKRHGGFAM68EB,牛運堀段,54.00,都市：住,1,1,全筆移轉,05090013
RPRNMLLKRHGGFAM68EB,牛運堀段,.46,都市：住,100000,5726,持分移轉,05090027
RPRNMLLKRHGGFAM68EB,牛運堀段,10.00,都市：住,1,1,全筆移轉,05090028
RPPNMLLKRHGGFAM28CB,牛運堀段,27.25,都市：住,100000,635,持分移轉,01670000
RPQNMLLKRHGGFAM38CB,牛運堀段,27.25,都市：住,100000,635,持分移轉,01670000
RPPNMLLKRHGGFBM38CB,新富寮段,85.87,都市：住,100000,2140,持分移轉,05540000
RPTNMLLKRHGGFBM78CB,新富寮段,81.38,都市：住,100000,2028,持分移轉,05540000
RPRNMLLKRHGGFBM58CB,新富寮段,81.82,都市：住,100000,2039,持分移轉,05540000
RPUNMLLKRHGGFBM88CB,新富寮段,82.58,都市：住,100000,2058,持分移轉,05540000
RPRNMLLKRHGGFAM48CB,牛運堀段,22.78,都市：住,100000,531,持分移轉,01670000
RPSNMLLKRHGGFBM68CB,新富寮段,81.74,都市：住,100000,2037,持分移轉,05540000
RPPNMLOKRHGGFAM58CB,茄苳腳段,29.99,非都市：鄉村區 ; 非都市編定：乙種建築用地,100000,2293,持分移轉,02990010
RPQNMLLKRHGGFBM48CB,新富寮段,85.87,都市：住,100000,2140,持分移轉,05540000
RPPNMLOKRHGGFBM68CB,新光段,10.45,非都市：鄉村區 ; 非都市編定：乙種建築用地,100000,2548,持分移轉,00210000
RPPNMLOKRHGGFBM68CB,新光段,3.67,非都市： ; 非都市編定：,100000,2548,持分移轉,00210001
RPPNMLOKRHGGFBM68CB,新光段,7.06,非都市： ; 非都市編定：,100000,2548,持分移轉,00210002
RPPNMLOKRHGGFBM68CB,新光段,7.06,非都市： ; 非都市編定：,100000,2548,持分移轉,00210003
RPPNMLOKRHGGFBM68CB,新光段,4.13,非都市： ; 非都市編定：,100000,2548,持分移轉,00220002
RPPNMLOKRHGGFBM68CB,新光段,1.04,非都市： ; 非都市編定：,100000,2548,持分移轉,00240001
RPQNMLOKRHGGFBM78CB,新光段,7.62,非都市：鄉村區 ; 非都市編定：乙種建築用地,100000,1858,持分移轉,00210000
RPQNMLOKRHGGFBM78CB,新光段,2.68,非都市： ; 非都市編定：,100000,1858,持分移轉,00210001
RPQNMLOKRHGGFBM78CB,新光段,5.15,非都市： ; 非都市編定：,100000,1858,持分移轉,00210002
RPQNMLOKRHGGFBM78CB,新光段,5.15,非都市： ; 非都市編定：,100000,1858,持分移轉,00210003
RPQNMLOKRHGGFBM78CB,新光段,3.01,非都市： ; 非都市編定：,100000,1858,持分移轉,00220002
RPQNMLOKRHGGFBM78CB,新光段,.76,非都市： ; 非都市編定：,100000,1858,持分移轉,00240001
RPPNMLQKRHGGFAM78CB,茄苳腳段,29.99,非都市：鄉村區 ; 非都市編定：乙種建築用地,100000,2293,持分移轉,02990010
RPPNMLRKRHGGFBM98CB,碧峰段,101.11,非都市：鄉村區 ; 非都市編定：乙種建築用地,1,1,全筆移轉,15370012
RPQNMLRKRHGGFBM09CB,草屯段,15.21,都市：商,100000,346,持分移轉,07370001
RPRNMLNLRHGGFAM78CB,牛運堀段,19.22,都市：住,100000,512,持分移轉,01670000
RPRNMLNLRHGGFAM78CB,牛運堀段,.49,都市：住,100000,512,持分移轉,01670015
RPRNMLNLRHGGFAM78CB,牛運堀段,2.27,都市：住,100000,512,持分移轉,01970000
RPSNMLNLRHGGFAM88CB,牛運堀段,25.41,都市：住,100000,677,持分移轉,01670000
RPSNMLNLRHGGFAM88CB,牛運堀段,.64,都市：住,100000,677,持分移轉,01670015
RPSNMLNLRHGGFAM88CB,牛運堀段,3.01,都市：住,100000,677,持分移轉,01970000
RPPNMLSKRHGGFBM09CB,玉峰段,19.69,都市：住,100000,587,持分移轉,01960000
RPPNMLNLRHGGFAM58CB,牛運堀段,19.22,都市：住,100000,512,持分移轉,01670000
RPPNMLNLRHGGFAM58CB,牛運堀段,.49,都市：住,100000,512,持分移轉,01670015
RPPNMLNLRHGGFAM58CB,牛運堀段,2.27,都市：住,100000,512,持分移轉,01970000
RPRNMLNLRHGGFCM98CB,fa40吉段,105.00,非都市：特定農業區 ; 非都市編定：甲種建築用地,1,1,全筆移轉,09430013
RPRNMLNLRHGGFCM98CB,fa40吉段,43.00,非都市：特定農業區 ; 非都市編定：甲種建築用地,17,1,持分移轉,09430018
RPRNMLNLRHGGFCM98CB,fa40吉段,61.22,非都市：特定農業區 ; 非都市編定：農牧用地,17,1,持分移轉,09440000
RPUNMLNLRHGGFAM09CB,牛運堀段,25.41,都市：住,100000,677,持分移轉,01670000
RPUNMLNLRHGGFAM09CB,牛運堀段,.64,都市：住,100000,677,持分移轉,01670015
RPUNMLNLRHGGFAM09CB,牛運堀段,3.01,都市：住,100000,677,持分移轉,01970000
RPPNMLLJIIGGFAM37CB,茄苳腳段,29.99,非都市：鄉村區 ; 非都市編定：乙種建築用地,100000,2293,持分移轉,02990010
RPPNMLOLRHGGFCM88CB,fa40吉段,102.80,非都市：特定農業區 ; 非都市編定：甲種建築用地,1,1,全筆移轉,09430012
RPPNMLOLRHGGFCM88CB,fa40吉段,43.00,非都市：特定農業區 ; 非都市編定：甲種建築用地,17,1,持分移轉,09430018
RPPNMLOLRHGGFCM88CB,fa40吉段,61.22,非都市：特定農業區 ; 非都市編定：農牧用地,17,1,持分移轉,09440000
RPPNMLOJIIGGFBM87DB,新富功段,5.50,都市：住,10000,249,持分移轉,00490020
RPPNMLOJIIGGFBM87DB,新富功段,6.18,都市：住,10000,249,持分移轉,00490001
RPTNMLOJIIGGFBM28DB,新富功段,12.27,都市：住,10000,709,持分移轉,00490021
RPTNMLOJIIGGFBM28DB,新富功段,4.97,都市：住,10000,709,持分移轉,00490000
RPTNMLOJIIGGFBM28DB,新富功段,89.04,都市：住,1,1,全筆移轉,00490017
RPUNMLOJIIGGFBM38DB,新富功段,14.59,都市：住,10000,843,持分移轉,00490021
RPUNMLOJIIGGFBM38DB,新富功段,5.91,都市：住,10000,843,持分移轉,00490000
RPUNMLOJIIGGFBM38DB,新富功段,86.36,都市：住,1,1,全筆移轉,00490003
RPPNMLRJIIGGFAM97CB,三塊厝段,132.00,都市：住,1,1,全筆移轉,01450022
RPPNMLRJIIGGFAM97CB,三塊厝段,25.00,都市：住,26,1,持分移轉,01450004
RPVNMLSJIIGGFBM78CB,新富功段,26.24,都市：住,100000,311,持分移轉,00650000
RPVNMLSJIIGGFBM78CB,新富功段,.57,都市：住,100000,311,持分移轉,01110000
RPPNMLTJIIGGFBM28CB,玉峰段,19.69,都市：住,100000,587,持分移轉,01960000
RPQNMLKKIIGGFBM57CB,新御史段,78.39,都市：住,1,1,全筆移轉,00540044
RPQNMLKKIIGGFBM57CB,新御史段,1.73,都市：住,100000,1401,持分移轉,00540080
RPQNMLKKIIGGFBM57CB,新御史段,4.01,都市：住,100000,1195,持分移轉,00540076
RPQNMLKKIIGGFBM57CB,新御史段,3.96,都市：住,100000,1195,持分移轉,00540069
RPQNMLKKIIGGFBM57CB,新御史段,3.93,都市：住,100000,1195,持分移轉,00540062
RPQNMLKKIIGGFBM57CB,新御史段,1.32,都市：住,100000,1401,持分移轉,00540060
RPPNMLKKIIGGFBM47CB,新御史段,60.75,都市：住,1,1,全筆移轉,00540071
RPPNMLKKIIGGFBM47CB,新御史段,1.34,都市：住,100000,1086,持分移轉,00540080
RPPNMLKKIIGGFBM47CB,新御史段,6.09,都市：住,100000,1815,持分移轉,00540076
RPPNMLKKIIGGFBM47CB,新御史段,6.02,都市：住,100000,1815,持分移轉,00540069
RPPNMLKKIIGGFBM47CB,新御史段,5.96,都市：住,100000,1815,持分移轉,00540062
RPPNMLKKIIGGFBM47CB,新御史段,1.02,都市：住,100000,1086,持分移轉,00540060
RPSNMLKKIIGGFBM77CB,新御史段,78.39,都市：住,1,1,全筆移轉,00540023
RPSNMLKKIIGGFBM77CB,新御史段,1.73,都市：住,100000,1401,持分移轉,00540080
RPSNMLKKIIGGFBM77CB,新御史段,4.01,都市：住,100000,1195,持分移轉,00540076
RPSNMLKKIIGGFBM77CB,新御史段,3.96,都市：住,100000,1195,持分移轉,00540069
RPSNMLKKIIGGFBM77CB,新御史段,3.93,都市：住,100000,1195,持分移轉,00540062
RPSNMLKKIIGGFBM77CB,新御史段,1.32,都市：住,100000,1401,持分移轉,00540060
RPPNMLLKIIGGFBM57CB,玉峰段,29.52,都市：住,100000,880,持分移轉,01960000
RPRNMLKKIIGGFBM67CB,新御史段,78.39,都市：住,1,1,全筆移轉,00540026
RPRNMLKKIIGGFBM67CB,新御史段,1.73,都市：住,100000,1401,持分移轉,00540080
RPRNMLKKIIGGFBM67CB,新御史段,4.01,都市：住,100000,1195,持分移轉,00540076
RPRNMLKKIIGGFBM67CB,新御史段,3.96,都市：住,100000,1195,持分移轉,00540069
RPRNMLKKIIGGFBM67CB,新御史段,3.93,都市：住,100000,1195,持分移轉,00540062
RPRNMLKKIIGGFBM67CB,新御史段,1.32,都市：住,100000,1401,持分移轉,00540060
RPTNMLKKIIGGFBM87CB,新御史段,60.91,都市：住,1,1,全筆移轉,00540067
RPTNMLKKIIGGFBM87CB,新御史段,1.35,都市：住,100000,1088,持分移轉,00540080
RPTNMLKKIIGGFBM87CB,新御史段,6.11,都市：住,100000,1820,持分移轉,00540076
RPTNMLKKIIGGFBM87CB,新御史段,6.03,都市：住,100000,1820,持分移轉,00540069
RPTNMLKKIIGGFBM87CB,新御史段,5.98,都市：住,100000,1820,持分移轉,00540062
RPTNMLKKIIGGFBM87CB,新御史段,1.02,都市：住,100000,1088,持分移轉,00540060
RPPNMLNKIIGGFBM77CB,玉峰段,19.69,都市：住,100000,587,持分移轉,01960000
RPQNMLNKIIGGFBM87CB,草屯段,18.28,都市：商,100000,416,持分移轉,07370001
RPRNMLNKIIGGFBM97CB,玉峰段,29.52,都市：住,100000,880,持分移轉,01960000
RPSNMLNKIIGGFBM08CB,玉峰段,22.27,都市：住,100000,664,持分移轉,01960000
RPTNMLNKIIGGFBM18CB,玉峰段,29.62,都市：住,100000,883,持分移轉,01960000
RPSNMLTKIIGGFBM68CB,新御史段,92.35,都市：住,1,1,全筆移轉,00540055
RPSNMLTKIIGGFBM68CB,新御史段,2.04,都市：住,100000,1650,持分移轉,00540080
RPSNMLTKIIGGFBM68CB,新御史段,4.73,都市：住,100000,1408,持分移轉,00540076
RPSNMLTKIIGGFBM68CB,新御史段,4.67,都市：住,100000,1408,持分移轉,00540069
RPSNMLTKIIGGFBM68CB,新御史段,4.62,都市：住,100000,1408,持分移轉,00540062
RPSNMLTKIIGGFBM68CB,新御史段,1.55,都市：住,100000,1650,持分移轉,00540060
RPTNMLSKRHGGFBM86CB,新御史段,63.31,都市：住,1,1,全筆移轉,00540049
RPVNMLSKRHGGFBM07CB,新御史段,75.38,都市：住,1,1,全筆移轉,00540016
RPVNMLSKRHGGFBM07CB,新御史段,1.67,都市：住,100000,1347,持分移轉,00540080
RPVNMLSKRHGGFBM07CB,新御史段,3.86,都市：住,100000,1149,持分移轉,00540076
RPVNMLSKRHGGFBM07CB,新御史段,3.81,都市：住,100000,1149,持分移轉,00540069
RPVNMLSKRHGGFBM07CB,新御史段,3.77,都市：住,100000,1149,持分移轉,00540062
RPVNMLSKRHGGFBM07CB,新御史段,1.27,都市：住,100000,1347,持分移轉,00540060
RPTNMLSKRHGGFBM86CB,新御史段,1.40,都市：住,100000,1131,持分移轉,00540080
RPUNMLSKRHGGFBM96CB,新御史段,78.39,都市：住,1,1,全筆移轉,00540027
RPTNMLSKRHGGFBM86CB,新御史段,3.24,都市：住,100000,965,持分移轉,00540076
RPUNMLSKRHGGFBM96CB,新御史段,1.73,都市：住,100000,1401,持分移轉,00540080
RPTNMLSKRHGGFBM86CB,新御史段,3.20,都市：住,100000,965,持分移轉,00540069
RPUNMLSKRHGGFBM96CB,新御史段,4.01,都市：住,100000,1195,持分移轉,00540076
RPTNMLSKRHGGFBM86CB,新御史段,3.17,都市：住,100000,965,持分移轉,00540062
RPUNMLSKRHGGFBM96CB,新御史段,3.96,都市：住,100000,1195,持分移轉,00540069
RPTNMLSKRHGGFBM86CB,新御史段,1.07,都市：住,100000,1131,持分移轉,00540060
RPUNMLSKRHGGFBM96CB,新御史段,3.93,都市：住,100000,1195,持分移轉,00540062
RPUNMLSKRHGGFBM96CB,新御史段,1.32,都市：住,100000,1401,持分移轉,00540060
RPRNMLSKRHGGFBM66CB,新御史段,60.23,都市：住,1,1,全筆移轉,00540005
RPRNMLSKRHGGFBM66CB,新御史段,1.33,都市：住,100000,1076,持分移轉,00540080
RPRNMLSKRHGGFBM66CB,新御史段,3.08,都市：住,100000,918,持分移轉,00540076
RPRNMLSKRHGGFBM66CB,新御史段,3.04,都市：住,100000,918,持分移轉,00540069
RPRNMLSKRHGGFBM66CB,新御史段,3.02,都市：住,100000,918,持分移轉,00540062
RPRNMLSKRHGGFBM66CB,新御史段,1.01,都市：住,100000,1076,持分移轉,00540060
RPSNMLSKRHGGFBM76CB,新御史段,59.03,都市：住,1,1,全筆移轉,00540004
RPSNMLSKRHGGFBM76CB,新御史段,1.31,都市：住,100000,1055,持分移轉,00540080
RPSNMLSKRHGGFBM76CB,新御史段,3.02,都市：住,100000,900,持分移轉,00540076
RPSNMLSKRHGGFBM76CB,新御史段,2.98,都市：住,100000,900,持分移轉,00540069
RPSNMLSKRHGGFBM76CB,新御史段,2.96,都市：住,100000,900,持分移轉,00540062
RPSNMLSKRHGGFBM76CB,新御史段,.99,都市：住,100000,1055,持分移轉,00540060
RPQNMLSKRHGGFBM56CB,新御史段,59.42,都市：住,1,1,全筆移轉,00540006
RPQNMLSKRHGGFBM56CB,新御史段,1.31,都市：住,100000,1062,持分移轉,00540080
RPQNMLSKRHGGFBM56CB,新御史段,3.04,都市：住,100000,906,持分移轉,00540076
RPQNMLSKRHGGFBM56CB,新御史段,3.00,都市：住,100000,906,持分移轉,00540069
RPQNMLSKRHGGFBM56CB,新御史段,2.98,都市：住,100000,906,持分移轉,00540062
RPQNMLSKRHGGFBM56CB,新御史段,1.00,都市：住,100000,1062,持分移轉,00540060
