﻿編號,土地位置,土地移轉面積(平方公尺),使用分區或編定,權利人持分分母,權利人持分分子,移轉情形,地號
The serial number, land position,land shifting area square meter,the use zoning or compiles and checks,,,,land parcel
RPTNMLRKRHGGFAM76CC,內新段,33.22,都市：住,,,,01260000
RPQOMLOKRHGGFAM88CC,茄苳腳段,60.00,都市：住,,,,04370071
RPQOMLOKRHGGFAM88CC,茄苳腳段,8.78,都市：住,,,,04370023
RPPNMLKLRHGGFBM48CC,龍德段,80.48,非都市：鄉村區 ; 非都市編定：乙種建築用地,,,,07330000
RPTNMLRKRHGGFCM96CC,光榮段,72.52,都市：商,,,,01790000
RPTNMLRKRHGGFCM96CC,光榮段,40.85,都市：商,,,,01800000
RPTNMLRKRHGGFCM96CC,光榮段,71.01,都市：商,,,,01810000
