﻿編號,土地位置,土地移轉面積(平方公尺),使用分區或編定,權利人持分分母,權利人持分分子,移轉情形,地號
The serial number, land position,land shifting area square meter,the use zoning or compiles and checks,,,,land parcel
RPPNMLLKRHGGFGN98CB,儒興段,95.27,都市：住,1,1,全筆移轉,03030000
RPPNMLLKRHGGFGN98CB,儒興段,39.57,都市：住,15,1,持分移轉,03030000
RPRNMLLKRHGGFGN56CB,儒興段,87.36,都市：住,1,1,全筆移轉,03030000
RPSNMLLKRHGGFGN66CB,儒興段,100.95,都市：住,1,1,全筆移轉,03030000
RPQNMLLKRHGGFGN09CB,儒興段,105.30,都市：住,1,1,全筆移轉,03030000
RPQNMLLKRHGGFGN09CB,儒興段,39.57,都市：住,15,1,持分移轉,03030000
RPPNMLNKRHGGFGN56CB,儒興段,89.54,都市：住,1,1,全筆移轉,03030000
RPRNMLNKRHGGFDN09CB,和平段,17.83,都市：住,10000,86,持分移轉,11880000
RPPNMLNKRHGGFDN88CB,鎮安段,21.78,非都市：鄉村區 ; 非都市編定：乙種建築用地,100000,1440,持分移轉,16030000
RPSNMLNKRHGGFDN56CB,和平段,25.30,都市：住,10000,122,持分移轉,11880000
RPPNMLNKRHGGFEN09DB,新興段,99.19,非都市：一般農業區 ; 非都市編定：甲種建築用地,1,1,全筆移轉,01860031
RPPNMLNKRHGGFEN09DB,新興段,28.64,非都市：一般農業區 ; 非都市編定：甲種建築用地,39,1,持分移轉,01860000
RPQNMLNKRHGGFDN98CB,和平段,17.83,都市：住,10000,86,持分移轉,11880000
RPPNMLOKRHGGFDN98CB,和平段,17.83,都市：住,10000,86,持分移轉,11880000
RPROMLNKRHGGFFN76CB,大安段,23.24,都市：住,53903,2324,持分移轉,13090000
RPQNMLNKRHGGFFN56CB,光復段,31.84,都市：住,145700,3184,持分移轉,07160000
RPPNMLNKRHGGFAN58CB,西門口段,62.24,都市：住,78,1,持分移轉,04280000
RPPNMLNKRHGGFAN58CB,西門口段,11.57,都市：住,78,1,持分移轉,04280150
RPPNMLNKRHGGFAN58CB,西門口段,7.01,都市：住,78,1,持分移轉,04280151
RPPNMLNKRHGGFAN58CB,西門口段,11.53,都市：住,78,1,持分移轉,04280152
RPPNMLOKRHGGFCN88CB,永安段,69.00,非都市：特定農業區 ; 非都市編定：甲種建築用地,1,1,全筆移轉,08190008
RPPNMLOKRHGGFHN76CB,中東段,58.42,非都市：鄉村區 ; 非都市編定：乙種建築用地,1,1,全筆移轉,08750011
RPPNMLOKRHGGFHN76CB,中東段,15.69,非都市：鄉村區 ; 非都市編定：乙種建築用地,22,1,持分移轉,08750013
RPQNMLOKRHGGFCN98CB,永安段,16.42,非都市：特定農業區 ; 非都市編定：甲種建築用地,100000,880,持分移轉,19790000
RPPNMLPKRHGGFHN86CB,大庭段,66.00,都市：住,1,1,全筆移轉,01300038
RPPNMLPKRHGGFHN86CB,大庭段,19.27,都市：住,26,1,持分移轉,01300053
RPPNMLPKRHGGFHN86CB,大庭段,6.00,都市：住,1,1,全筆移轉,01290008
RPPNMLOKRHGGFGN66CB,儒田段,29.56,都市：住,66,1,持分移轉,02720000
RPRNMLPKRHGGFHN07CB,中東段,58.42,非都市：鄉村區 ; 非都市編定：乙種建築用地,1,1,全筆移轉,08750009
RPRNMLPKRHGGFHN07CB,中東段,15.69,非都市：鄉村區 ; 非都市編定：乙種建築用地,22,1,持分移轉,08750013
RPRNMLPKRHGGFEN76CB,湳西段,80.00,非都市：鄉村區 ; 非都市編定：乙種建築用地,1,1,全筆移轉,02490024
RPRNMLPKRHGGFEN76CB,湳西段,4.28,非都市：鄉村區 ; 非都市編定：乙種建築用地,25,1,持分移轉,02490002
RPRNMLPKRHGGFEN76CB,湳西段,13.84,非都市：鄉村區 ; 非都市編定：乙種建築用地,25,1,持分移轉,02490018
RPPNMLPKRHGGFCN98CB,永安段,15.75,非都市：特定農業區 ; 非都市編定：甲種建築用地,100000,844,持分移轉,19790000
RPPNMLPKRHGGFEN56CB,湳西段,82.00,非都市：鄉村區 ; 非都市編定：乙種建築用地,1,1,全筆移轉,02490013
RPPNMLPKRHGGFEN56CB,湳西段,4.28,非都市：鄉村區 ; 非都市編定：乙種建築用地,25,1,持分移轉,02490002
RPPNMLPKRHGGFEN56CB,湳西段,13.84,非都市：鄉村區 ; 非都市編定：乙種建築用地,25,1,持分移轉,02490018
RPQNMLPKRHGGFEN66CB,湳西段,84.00,非都市：鄉村區 ; 非都市編定：乙種建築用地,1,1,全筆移轉,02490011
RPQNMLPKRHGGFEN66CB,湳西段,4.28,非都市：鄉村區 ; 非都市編定：乙種建築用地,25,1,持分移轉,02490002
RPQNMLPKRHGGFEN66CB,湳西段,13.84,非都市：鄉村區 ; 非都市編定：乙種建築用地,25,1,持分移轉,02490018
RPSNMLPKRHGGFCN66CB,永安段,21.07,非都市：特定農業區 ; 非都市編定：甲種建築用地,100000,1129,持分移轉,19790000
RPRNMLPKRHGGFCN56CB,永安段,15.75,非都市：特定農業區 ; 非都市編定：甲種建築用地,100000,844,持分移轉,19790000
RPTNMLPKRHGGFCN76CB,永安段,21.07,非都市：特定農業區 ; 非都市編定：甲種建築用地,100000,1129,持分移轉,19790000
RPQNMLPKRHGGFCN09CB,永安段,15.75,非都市：特定農業區 ; 非都市編定：甲種建築用地,100000,844,持分移轉,19790000
RPVNMLPKRHGGFCN96CB,永安段,21.07,非都市：特定農業區 ; 非都市編定：甲種建築用地,100000,1129,持分移轉,19790000
RPUNMLPKRHGGFCN86CB,永安段,15.75,非都市：特定農業區 ; 非都市編定：甲種建築用地,100000,844,持分移轉,19790000
RPQNMLPKRHGGFAN88CB,南郭段南郭小段,6.68,都市：住,71300,668,持分移轉,03860001
RPQNMLPKRHGGFAN88CB,南郭段南郭小段,5.82,都市：商,62200,582,持分移轉,03860016
RPWNMLPKRHGGFCN07CB,永安段,15.75,非都市：特定農業區 ; 非都市編定：甲種建築用地,100000,844,持分移轉,19790000
RPPNMLPKRHGGFBN88CB,和群段,35.92,非都市：鄉村區 ; 非都市編定：乙種建築用地,100000,537,持分移轉,12130000
RPPNMLPKRHGGFBN88CB,和群段,.17,非都市：鄉村區 ; 非都市編定：乙種建築用地,100000,537,持分移轉,12130027
RPPOMLPKRHGGFCN09CB,永安段,26.59,非都市：特定農業區 ; 非都市編定：甲種建築用地,100000,1425,持分移轉,19790000
RPQNMLNKRHGGFBN78CB,和群段,33.65,非都市：鄉村區 ; 非都市編定：乙種建築用地,100000,503,持分移轉,12130000
RPQNMLNKRHGGFBN78CB,和群段,.16,非都市：鄉村區 ; 非都市編定：乙種建築用地,100000,503,持分移轉,12130027
RPPNMLNKRHGGFBN68CB,和群段,33.92,非都市：鄉村區 ; 非都市編定：乙種建築用地,100000,507,持分移轉,12130000
RPPNMLNKRHGGFBN68CB,和群段,.16,非都市：鄉村區 ; 非都市編定：乙種建築用地,100000,507,持分移轉,12130027
RPQOMLPKRHGGFCN56CB,永安段,21.27,非都市：特定農業區 ; 非都市編定：甲種建築用地,100000,1140,持分移轉,19790000
RPOOMLPKRHGGFCN98CB,永安段,26.59,非都市：特定農業區 ; 非都市編定：甲種建築用地,100000,1425,持分移轉,19790000
RPRNMLLKRHGGFBN68CB,和群段,33.92,非都市：鄉村區 ; 非都市編定：乙種建築用地,100000,507,持分移轉,12130000
RPRNMLLKRHGGFBN68CB,和群段,.16,非都市：鄉村區 ; 非都市編定：乙種建築用地,100000,507,持分移轉,12130027
RPXNMLPKRHGGFCN17CB,永安段,21.27,非都市：特定農業區 ; 非都市編定：甲種建築用地,100000,1140,持分移轉,19790000
RPQNMLLKRHGGFBN58CB,和西段,37.37,都市：住,100000,2446,持分移轉,08540001
RPSNMLPKRHGGFBN56CB,和群段,33.38,非都市：鄉村區 ; 非都市編定：乙種建築用地,100000,499,持分移轉,12130000
RPSNMLPKRHGGFBN56CB,和群段,.16,非都市：鄉村區 ; 非都市編定：乙種建築用地,100000,499,持分移轉,12130027
RPPNMLPKRHGGFFN66CB,光復段,39.51,都市：住,145700,3951,持分移轉,07160000
RPOOMLPKRHGGFBN88CB,和群段,35.92,非都市：鄉村區 ; 非都市編定：乙種建築用地,100000,537,持分移轉,12130000
RPOOMLPKRHGGFBN88CB,和群段,.17,非都市：鄉村區 ; 非都市編定：乙種建築用地,100000,537,持分移轉,12130027
RPQNMLPKRHGGFFN76CB,大安段,29.14,都市：住,10000,123,持分移轉,08920000
RPSNMLPKRHGGFFN96CB,大安段,36.96,都市：住,10000,156,持分移轉,08920000
RPUNMLPKRHGGFFN17CB,大安段,36.96,都市：住,10000,156,持分移轉,08920000
RPTNMLPKRHGGFFN07CB,大安段,29.14,都市：住,10000,123,持分移轉,08920000
RPWNMLPKRHGGFBN96CB,和群段,34.32,非都市：鄉村區 ; 非都市編定：乙種建築用地,100000,513,持分移轉,12130000
RPWNMLPKRHGGFBN96CB,和群段,.16,非都市：鄉村區 ; 非都市編定：乙種建築用地,100000,513,持分移轉,12130027
RPVNMLPKRHGGFFN27CB,大安段,36.96,都市：住,10000,156,持分移轉,08920000
RPWNMLPKRHGGFFN37CB,大安段,29.14,都市：住,10000,123,持分移轉,08920000
RPXNMLPKRHGGFBN07CB,和群段,34.32,非都市：鄉村區 ; 非都市編定：乙種建築用地,100000,513,持分移轉,12130000
RPXNMLPKRHGGFBN07CB,和群段,.16,非都市：鄉村區 ; 非都市編定：乙種建築用地,100000,513,持分移轉,12130027
RPPNMLQKRHGGFFN76CB,光復段,31.84,都市：住,145700,3184,持分移轉,07160000
RPRNMLQKRHGGFFN96CB,光復段,39.98,都市：住,80100,3998,持分移轉,07130000
RPVNMLQKRHGGFFN37CB,光復段,31.84,都市：住,145700,3184,持分移轉,07160000
RPQNMLQKRHGGFFN86CB,光復段,39.98,都市：住,80100,3998,持分移轉,07130000
RPUNMLQKRHGGFFN27CB,光復段,39.93,都市：住,80000,3993,持分移轉,07130005
RPWNMLQKRHGGFFN47CB,光復段,39.51,都市：住,145700,3951,持分移轉,07160000
RPSNMLQKRHGGFFN07CB,光復段,31.84,都市：住,145700,3184,持分移轉,07160000
RPTNMLQKRHGGFFN17CB,光復段,40.33,都市：住,80100,4033,持分移轉,07130000
RPXNMLQKRHGGFFN57CB,光復段,39.93,都市：住,80000,3993,持分移轉,07130005
RPOOMLQKRHGGFFN76CB,光復段,31.84,都市：住,145700,3184,持分移轉,07160000
RPWOMLQKRHGGFFN57CB,光復段,31.84,都市：住,145700,3184,持分移轉,07160000
RPUOMLQKRHGGFFN37CB,光復段,39.51,都市：住,145700,3951,持分移轉,07160000
RPTOMLQKRHGGFFN27CB,光復段,31.84,都市：住,145700,3184,持分移轉,07160000
RPROMLQKRHGGFFN07CB,光復段,31.84,都市：住,145700,3184,持分移轉,07160000
RPQOMLQKRHGGFFN96CB,光復段,39.93,都市：住,80000,3993,持分移轉,07130005
RPPPMLQKRHGGFFN96CB,光復段,39.43,都市：住,145700,3943,持分移轉,07160000
RPXOMLQKRHGGFFN67CB,光復段,39.93,都市：住,80000,3993,持分移轉,07130005
RPOPMLQKRHGGFFN86CB,光復段,39.93,都市：住,145700,3993,持分移轉,07160000
RPVOMLQKRHGGFFN47CB,光復段,39.43,都市：住,145700,3943,持分移轉,07160000
RPPOMLQKRHGGFFN86CB,光復段,39.93,都市：住,80000,3993,持分移轉,07130005
RPTPMLQKRHGGFFN37CB,光復段,39.43,都市：住,145700,3943,持分移轉,07160000
RPSPMLQKRHGGFFN27CB,光復段,39.98,都市：住,80100,3998,持分移轉,07160000
RPUPMLQKRHGGFFN47CB,光復段,31.84,都市：住,145700,3184,持分移轉,07160000
RPRPMLQKRHGGFFN17CB,光復段,31.84,都市：住,145700,3184,持分移轉,07160000
RPXPMLQKRHGGFFN77CB,光復段,39.93,都市：住,80000,3993,持分移轉,07130005
RPQPMLQKRHGGFFN07CB,光復段,31.84,都市：住,145700,3184,持分移轉,07160000
RPVPMLQKRHGGFFN57CB,光復段,39.51,都市：住,145700,3951,持分移轉,07160000
RPWPMLQKRHGGFFN67CB,光復段,39.43,都市：住,145700,3943,持分移轉,07160000
RPQQMLQKRHGGFFN17CB,光復段,39.93,都市：住,80000,3993,持分移轉,07130005
RPPNMLQKRHGGFDN56CB,鎮安段,35.85,非都市：鄉村區 ; 非都市編定：乙種建築用地,100000,2370,持分移轉,16030000
RPOQMLQKRHGGFFN96CB,光復段,40.28,都市：住,80000,4028,持分移轉,07130005
RPPQMLQKRHGGFFN07CB,光復段,39.93,都市：住,80000,3993,持分移轉,07130005
RPQNMLQKRHGGFBN09CB,和西段,36.63,都市：住,100000,2397,持分移轉,08540001
RPQNMLQKRHGGFDN66CB,鎮安段,32.76,非都市：鄉村區 ; 非都市編定：乙種建築用地,100000,2166,持分移轉,16030000
RPPNMLQKRHGGFCN09CB,永安段,21.27,非都市：特定農業區 ; 非都市編定：甲種建築用地,100000,1140,持分移轉,19790000
RPQNMLQKRHGGFCN56CB,永安段,26.59,非都市：特定農業區 ; 非都市編定：甲種建築用地,100000,1425,持分移轉,19790000
RPRNMLQKRHGGFBN56CB,和西段,37.37,都市：住,100000,2446,持分移轉,08540001
RPRNMLQKRHGGFCN66CB,永安段,26.59,非都市：特定農業區 ; 非都市編定：甲種建築用地,100000,1425,持分移轉,19790000
RPTNMLQKRHGGFCN86CB,永安段,26.59,非都市：特定農業區 ; 非都市編定：甲種建築用地,100000,1425,持分移轉,19790000
RPUNMLQKRHGGFCN96CB,永安段,21.27,非都市：特定農業區 ; 非都市編定：甲種建築用地,100000,1140,持分移轉,19790000
RPWNMLQKRHGGFCN17CB,永安段,21.27,非都市：特定農業區 ; 非都市編定：甲種建築用地,100000,1140,持分移轉,19790000
RPSNMLQKRHGGFCN76CB,永安段,26.59,非都市：特定農業區 ; 非都市編定：甲種建築用地,100000,1425,持分移轉,19790000
RPVNMLQKRHGGFCN07CB,永安段,21.27,非都市：特定農業區 ; 非都市編定：甲種建築用地,100000,1140,持分移轉,19790000
RPXNMLQKRHGGFCN27CB,永安段,21.27,非都市：特定農業區 ; 非都市編定：甲種建築用地,100000,1140,持分移轉,19790000
RPQOMLQKRHGGFCN66CB,永安段,21.27,非都市：特定農業區 ; 非都市編定：甲種建築用地,100000,1140,持分移轉,19790000
RPSOMLQKRHGGFCN86CB,永安段,26.59,非都市：特定農業區 ; 非都市編定：甲種建築用地,100000,1425,持分移轉,19790000
RPOOMLQKRHGGFCN09CB,永安段,26.59,非都市：特定農業區 ; 非都市編定：甲種建築用地,100000,1425,持分移轉,19790000
RPTOMLQKRHGGFCN96CB,永安段,21.27,非都市：特定農業區 ; 非都市編定：甲種建築用地,100000,1140,持分移轉,19790000
RPUOMLQKRHGGFCN07CB,永安段,26.59,非都市：特定農業區 ; 非都市編定：甲種建築用地,100000,1425,持分移轉,19790000
RPPOMLQKRHGGFCN56CB,永安段,26.59,非都市：特定農業區 ; 非都市編定：甲種建築用地,100000,1425,持分移轉,19790000
RPRNMLRKRHGGFDN86CB,豐年段,40.26,都市：住,100000,2796,持分移轉,08300000
RPROMLQKRHGGFCN76CB,永安段,26.59,非都市：特定農業區 ; 非都市編定：甲種建築用地,100000,1425,持分移轉,19790000
RPQNMLRKRHGGFDN76CB,豐年段,39.07,都市：住,100000,2713,持分移轉,08300000
RPPNMLRKRHGGFGN96CB,竹圍子段,107.00,非都市：鄉村區 ; 非都市編定：乙種建築用地,1,1,全筆移轉,00610041
RPPNMLRKRHGGFGN96CB,竹圍子段,15.50,非都市：鄉村區 ; 非都市編定：乙種建築用地,34,1,持分移轉,00610026
RPPNMLRKRHGGFGN96CB,竹圍子段,10.32,非都市：鄉村區 ; 非都市編定：乙種建築用地,34,1,持分移轉,00610031
RPPNMLRKRHGGFGN96CB,竹圍子段,26.17,非都市：鄉村區 ; 非都市編定：乙種建築用地,6,1,持分移轉,00610030
RPQNMLRKRHGGFBN56CB,和群段,33.92,非都市：鄉村區 ; 非都市編定：乙種建築用地,100000,507,持分移轉,12130000
RPQNMLRKRHGGFBN56CB,和群段,.16,非都市：鄉村區 ; 非都市編定：乙種建築用地,100000,507,持分移轉,12130027
RPQNMLRKRHGGFHN17CB,成功段,51.00,都市：住,1,1,全筆移轉,16230044
RPQNMLRKRHGGFHN17CB,成功段,18.38,都市：住,8,1,持分移轉,16230046
RPQNMLRKRHGGFHN17CB,成功段,7.32,都市：住,10000,305,持分移轉,16240002
RPPNMLKLRHGGFDN68CB,鎮安段,29.80,非都市：鄉村區 ; 非都市編定：乙種建築用地,10000,372,持分移轉,15910000
RPPNMLRKRHGGFHN07CB,中東段,58.42,非都市：鄉村區 ; 非都市編定：乙種建築用地,1,1,全筆移轉,08750005
RPPNMLRKRHGGFHN07CB,中東段,15.69,非都市：鄉村區 ; 非都市編定：乙種建築用地,22,1,持分移轉,08750013
RPSNMLKLRHGGFCN88CB,永安段,21.09,非都市：特定農業區 ; 非都市編定：甲種建築用地,100000,1130,持分移轉,19790000
RPPNMLTKRHGGFEN96CB,中山段,16.84,都市：住,1,1,全筆移轉,13060020
RPPNMLTKRHGGFEN96CB,中山段,57.90,都市：住,1,1,全筆移轉,13060021
RPPNMLTKRHGGFEN96CB,中山段,30.06,都市：住,7,1,持分移轉,13060000
RPRNMLKLRHGGFCN78CB,永安段,15.77,非都市：特定農業區 ; 非都市編定：甲種建築用地,100000,845,持分移轉,19790000
RPRNMLRKRHGGFHN27CB,梧鳳段,72.78,非都市：鄉村區 ; 非都市編定：乙種建築用地,1,1,全筆移轉,01220027
RPRNMLRKRHGGFHN27CB,梧鳳段,.49,非都市：鄉村區 ; 非都市編定：乙種建築用地,10,1,持分移轉,01220022
RPRNMLRKRHGGFHN27CB,梧鳳段,12.72,非都市：鄉村區 ; 非都市編定：乙種建築用地,10,1,持分移轉,01220023
RPQNMLKLRHGGFCN68CB,永安段,15.77,非都市：特定農業區 ; 非都市編定：甲種建築用地,100000,845,持分移轉,19790000
RPPNMLKLRHGGFCN58CB,永安段,15.77,非都市：特定農業區 ; 非都市編定：甲種建築用地,100000,845,持分移轉,19790000
RPWNMLKLRHGGFCN66CB,永安段,15.77,非都市：特定農業區 ; 非都市編定：甲種建築用地,100000,845,持分移轉,19790000
RPXNMLKLRHGGFCN76CB,永安段,15.71,非都市：特定農業區 ; 非都市編定：甲種建築用地,100000,842,持分移轉,19790000
RPROMLKLRHGGFCN88CB,永安段,15.75,非都市：特定農業區 ; 非都市編定：甲種建築用地,100000,844,持分移轉,19790000
RPOOMLKLRHGGFCN58CB,永安段,15.75,非都市：特定農業區 ; 非都市編定：甲種建築用地,100000,844,持分移轉,19790000
RPTNMLKLRHGGFCN98CB,永安段,15.77,非都市：特定農業區 ; 非都市編定：甲種建築用地,100000,845,持分移轉,19790000
RPPOMLKLRHGGFCN68CB,永安段,21.07,非都市：特定農業區 ; 非都市編定：甲種建築用地,100000,1129,持分移轉,19790000
RPUOMLKLRHGGFCN56CB,永安段,21.07,非都市：特定農業區 ; 非都市編定：甲種建築用地,100000,1129,持分移轉,19790000
RPVOMLKLRHGGFCN66CB,永安段,15.75,非都市：特定農業區 ; 非都市編定：甲種建築用地,100000,844,持分移轉,19790000
RPQOMLKLRHGGFCN78CB,永安段,15.75,非都市：特定農業區 ; 非都市編定：甲種建築用地,100000,844,持分移轉,19790000
RPPNMLMLRHGGFGN56CB,儒興段,105.53,都市：住,1,1,全筆移轉,03030000
RPPNMLMLRHGGFGN56CB,儒興段,39.57,都市：住,15,1,持分移轉,03030000
RPTOMLKLRHGGFCN09CB,永安段,21.07,非都市：特定農業區 ; 非都市編定：甲種建築用地,100000,1129,持分移轉,19790000
RPWOMLKLRHGGFCN76CB,永安段,15.75,非都市：特定農業區 ; 非都市編定：甲種建築用地,100000,844,持分移轉,19790000
RPTNMLNLRHGGFDN86DB,明倫段,91.31,都市：住,1,1,全筆移轉,04070000
RPPNMLMLRHGGFDN88CB,鎮安段,32.76,非都市：鄉村區 ; 非都市編定：乙種建築用地,100000,2166,持分移轉,16030000
RPQNMLNLRHGGFHN86CB,梧鳳段,72.78,非都市：鄉村區 ; 非都市編定：乙種建築用地,1,1,全筆移轉,01220026
RPQNMLNLRHGGFHN86CB,梧鳳段,.49,非都市：鄉村區 ; 非都市編定：乙種建築用地,10,1,持分移轉,01220022
RPQNMLNLRHGGFHN86CB,梧鳳段,12.72,非都市：鄉村區 ; 非都市編定：乙種建築用地,10,1,持分移轉,01220023
RPPNMLOLRHGGFBN88CB,和西段,41.59,都市：住,100000,2722,持分移轉,08540001
RPPNMLNLRHGGFDN98CB,竹子段,67.98,非都市：鄉村區 ; 非都市編定：乙種建築用地,1,1,全筆移轉,03900018
RPPNMLNLRHGGFDN98CB,竹子段,16.82,非都市：鄉村區 ; 非都市編定：乙種建築用地,14,1,持分移轉,03900004
RPPNMLNLRHGGFDN98CB,竹子段,.78,非都市：鄉村區 ; 非都市編定：乙種建築用地,14,1,持分移轉,03900023
RPSNMLNLRHGGFDN76DB,明倫段,125.84,都市：住,1,1,全筆移轉,04070003
RPSNMLNLRHGGFHN07CB,梧鳳段,79.60,非都市：鄉村區 ; 非都市編定：乙種建築用地,1,1,全筆移轉,01220017
RPSNMLNLRHGGFHN07CB,梧鳳段,24.84,非都市：鄉村區 ; 非都市編定：乙種建築用地,8,1,持分移轉,01220000
RPRNMLNLRHGGFHN96CB,梧鳳段,85.31,非都市：鄉村區 ; 非都市編定：乙種建築用地,1,1,全筆移轉,01220014
RPRNMLNLRHGGFHN96CB,梧鳳段,24.84,非都市：鄉村區 ; 非都市編定：乙種建築用地,8,1,持分移轉,01220000
RPPOMLSLRHGGFAN66CB,阿夷段柴坑子小段,20.36,非都市：特定農業區 ; 非都市編定：甲種建築用地,100000,430,持分移轉,05730000
RPWNMLSLRHGGFAN27CB,阿夷段柴坑子小段,29.69,非都市：特定農業區 ; 非都市編定：甲種建築用地,100000,627,持分移轉,05730000
RPVNMLTLRHGGFFN77CB,光復段,39.51,都市：住,145700,3951,持分移轉,07160000
RPUNMLSLRHGGFAN07CB,阿夷段柴坑子小段,20.36,非都市：特定農業區 ; 非都市編定：甲種建築用地,100000,430,持分移轉,05730000
RPWNMLTLRHGGFFN87CB,光復段,40.33,都市：住,80100,4033,持分移轉,07130000
RPSNMLTLRHGGFBN07CB,和群段,35.86,非都市：鄉村區 ; 非都市編定：乙種建築用地,100000,536,持分移轉,12130000
RPSNMLTLRHGGFBN07CB,和群段,.17,非都市：鄉村區 ; 非都市編定：乙種建築用地,100000,536,持分移轉,12130027
RPXNMLTLRHGGFFN97CB,光復段,31.84,都市：住,145700,3184,持分移轉,07160000
RPSOMLTLRHGGFFN57CB,光復段,39.51,都市：住,145700,3951,持分移轉,07160000
RPUNMLTLRHGGFBN27CB,和群段,34.25,非都市：鄉村區 ; 非都市編定：乙種建築用地,100000,512,持分移轉,12130000
RPUNMLTLRHGGFBN27CB,和群段,.16,非都市：鄉村區 ; 非都市編定：乙種建築用地,100000,512,持分移轉,12130027
RPTNMLKMRHGGFAN88CB,曾厝段,77.78,非都市：特定農業區 ; 非都市編定：甲種建築用地,1,1,全筆移轉,06680000
RPPOMLKMRHGGFAN58CB,曾厝段,90.81,非都市：特定農業區 ; 非都市編定：甲種建築用地,1,1,全筆移轉,06680000
RPOOMLKMRHGGFAN48CB,曾厝段,90.28,非都市：特定農業區 ; 非都市編定：甲種建築用地,1,1,全筆移轉,06680000
RPOOMLKMRHGGFFN98CB,大安段,36.96,都市：住,10000,156,持分移轉,08920000
RPPOMLKMRHGGFFN09CB,大安段,36.96,都市：住,10000,156,持分移轉,08920000
RPQOMLKMRHGGFFN56CB,大安段,36.96,都市：住,10000,156,持分移轉,08920000
RPROMLKMRHGGFFN66CB,大安段,36.96,都市：住,10000,156,持分移轉,08920000
RPQNMLKMRHGGFHN66CB,大發段,79.12,非都市：鄉村區 ; 非都市編定：乙種建築用地,1,1,全筆移轉,09230010
RPRNMLKMRHGGFDN98CB,橋愛段,73.39,都市：住,1,1,全筆移轉,11530007
RPQNMLKMRHGGFHN66CB,大發段,14.85,非都市：鄉村區 ; 非都市編定：乙種建築用地,57,1,持分移轉,09230000
RPQNMLKMRHGGFHN66CB,大發段,5.65,非都市：鄉村區 ; 非都市編定：乙種建築用地,57,1,持分移轉,09230001
RPQNMLKMRHGGFHN66CB,大發段,1.42,非都市：鄉村區 ; 非都市編定：乙種建築用地,57,1,持分移轉,09230019
RPQNMLKMRHGGFHN66CB,大發段,1.57,非都市：鄉村區 ; 非都市編定：乙種建築用地,57,1,持分移轉,09230067
RPQNMLKMRHGGFHN66CB,大發段,.23,非都市：鄉村區 ; 非都市編定：乙種建築用地,57,1,持分移轉,09230044
RPPNMLKMRHGGFHN56CB,大發段,83.66,非都市：鄉村區 ; 非都市編定：乙種建築用地,1,1,全筆移轉,09230052
RPPNMLKMRHGGFHN56CB,大發段,14.85,非都市：鄉村區 ; 非都市編定：乙種建築用地,57,1,持分移轉,09230000
RPPNMLKMRHGGFHN56CB,大發段,5.65,非都市：鄉村區 ; 非都市編定：乙種建築用地,57,1,持分移轉,09230001
RPPNMLKMRHGGFHN56CB,大發段,1.42,非都市：鄉村區 ; 非都市編定：乙種建築用地,57,1,持分移轉,09230019
RPPNMLKMRHGGFHN56CB,大發段,1.57,非都市：鄉村區 ; 非都市編定：乙種建築用地,57,1,持分移轉,09230067
RPPNMLKMRHGGFHN56CB,大發段,.23,非都市：鄉村區 ; 非都市編定：乙種建築用地,57,1,持分移轉,09230044
RPQNMLKMRHGGFEN09DB,高鐵社頭段,89.46,都市：住,1,1,全筆移轉,01230011
RPQNMLKMRHGGFEN09DB,高鐵社頭段,6.86,都市：住,1,1,全筆移轉,01230012
RPQNMLKMRHGGFEN09DB,高鐵社頭段,22.79,都市：住,1,1,全筆移轉,01230013
RPQNMLOJIIGGFDN28DB,三義段,26.72,都市：住,10000,128,持分移轉,05190000
RPRNMLOJIIGGFDN38DB,三義段,26.72,都市：住,10000,128,持分移轉,05190000
RPSNMLKMRHGGFEN66DB,高鐵社頭段,92.19,都市：住,1,1,全筆移轉,01230028
RPSNMLOJIIGGFDN48DB,三義段,26.72,都市：住,10000,128,持分移轉,05190000
RPTNMLOJIIGGFDN58DB,三義段,28.18,都市：住,10000,135,持分移轉,05190000
RPQNMLOJIIGGFAN87CB,南興段,13.45,都市：住,100000,1185,持分移轉,00130002
RPQNMLOJIIGGFAN87CB,南興段,4.46,都市：住,100000,1185,持分移轉,00130006
RPQNMLOJIIGGFAN87CB,南興段,.39,都市：住,100000,1185,持分移轉,00130010
RPPNMLOJIIGGFAN77CB,南興段,13.48,都市：住,100000,1188,持分移轉,00130002
RPPNMLOJIIGGFAN77CB,南興段,4.47,都市：住,100000,1188,持分移轉,00130006
RPPNMLOJIIGGFAN77CB,南興段,.39,都市：住,100000,1188,持分移轉,00130010
RPUNMLOJIIGGFBN38CB,和西段,37.89,都市：住,100000,2480,持分移轉,08540001
RPRNMLOJIIGGFAN97CB,南興段,13.45,都市：住,100000,1185,持分移轉,00130002
RPRNMLOJIIGGFAN97CB,南興段,4.46,都市：住,100000,1185,持分移轉,00130006
RPRNMLOJIIGGFAN97CB,南興段,.39,都市：住,100000,1185,持分移轉,00130010
RPVNMLPJIIGGFHN56CB,北勢段,81.71,都市：住,1,1,全筆移轉,14350018
RPWNMLPJIIGGFHN66CB,北勢段,68.83,都市：住,1,1,全筆移轉,14350010
RPWNMLPJIIGGFHN66CB,北勢段,18.41,都市：住,16,1,持分移轉,14350014
RPPNMLPJIIGGFAN87CB,南興段,13.46,都市：住,100000,1186,持分移轉,00130002
RPPNMLPJIIGGFAN87CB,南興段,4.46,都市：住,100000,1186,持分移轉,00130006
RPPNMLPJIIGGFAN87CB,南興段,.39,都市：住,100000,1186,持分移轉,00130010
RPROMLPJIIGGFHN88CB,北勢段,67.61,都市：住,1,1,全筆移轉,14350006
RPROMLPJIIGGFHN88CB,北勢段,18.41,都市：住,16,1,持分移轉,14350014
RPUOMLPJIIGGFHN56CB,北勢段,50.82,都市：住,1,1,全筆移轉,14350021
RPUOMLPJIIGGFHN56CB,北勢段,18.41,都市：住,16,1,持分移轉,14350014
RPVOMLPJIIGGFHN66CB,北勢段,50.82,都市：住,1,1,全筆移轉,14350026
RPVOMLPJIIGGFHN66CB,北勢段,18.41,都市：住,16,1,持分移轉,14350014
RPXOMLPJIIGGFHN86CB,北勢段,55.02,都市：住,1,1,全筆移轉,14350002
RPXOMLPJIIGGFHN86CB,北勢段,18.41,都市：住,16,1,持分移轉,14350014
RPXOMLPJIIGGFHN86CB,北勢段,12.60,都市：住,1,1,全筆移轉,14350003
RPPNMLQJIIGGFHN68CB,北勢段,56.06,都市：住,1,1,全筆移轉,14350000
RPPNMLQJIIGGFHN68CB,北勢段,18.41,都市：住,16,1,持分移轉,14350014
RPPNMLQJIIGGFHN68CB,北勢段,12.85,都市：住,1,1,全筆移轉,14350001
RPSNMLQJIIGGFDN58CB,和平段,17.83,都市：住,10000,86,持分移轉,11880000
RPTNMLQJIIGGFDN68CB,和平段,24.88,都市：住,10000,120,持分移轉,11880000
RPUNMLQJIIGGFDN78CB,和平段,18.87,都市：住,10000,91,持分移轉,11880000
RPVNMLQJIIGGFDN88CB,和平段,18.87,都市：住,10000,91,持分移轉,11880000
RPSNMLQJIIGGFFN78CB,光復段,39.98,都市：住,80100,3998,持分移轉,07130000
RPQNMLQJIIGGFFN58CB,光復段,39.98,都市：住,80100,3998,持分移轉,07130000
RPRNMLQJIIGGFFN68CB,光復段,39.98,都市：住,80100,3998,持分移轉,07130000
RPTNMLQJIIGGFFN88CB,光復段,39.51,都市：住,145700,3951,持分移轉,07160000
RPQNMLRJIIGGFDN48CB,和平段,25.30,都市：住,10000,122,持分移轉,11880000
RPRNMLRJIIGGFDN58CB,和平段,25.30,都市：住,10000,122,持分移轉,11880000
RPPNMLTJIIGGFDN58CB,橋愛段,14.39,都市：住,10000,37,持分移轉,12270000
RPTNMLRJIIGGFDN78CB,橋愛段,16.34,都市：住,10000,42,持分移轉,12270000
RPPNMLTJIIGGFDN58CB,橋愛段,14.78,都市：住,10000,37,持分移轉,12280000
RPTNMLRJIIGGFDN78CB,橋愛段,16.78,都市：住,10000,42,持分移轉,12280000
RPSNMLRJIIGGFDN68CB,橋愛段,14.00,都市：住,10000,36,持分移轉,12270000
RPSNMLRJIIGGFDN68CB,橋愛段,14.38,都市：住,10000,36,持分移轉,12280000
RPQNMLTJIIGGFDN68CB,橋愛段,13.22,都市：住,10000,34,持分移轉,12270000
RPQNMLTJIIGGFDN68CB,橋愛段,13.58,都市：住,10000,34,持分移轉,12280000
RPRNMLTJIIGGFDN78CB,橋愛段,10.50,都市：住,10000,27,持分移轉,12270000
RPRNMLTJIIGGFDN78CB,橋愛段,10.78,都市：住,10000,27,持分移轉,12280000
RPRPMLTLRHGGFDN37CB,橋愛段,13.22,都市：住,10000,34,持分移轉,12270000
RPRPMLTLRHGGFDN37CB,橋愛段,13.58,都市：住,10000,34,持分移轉,12280000
RPSNMLSLRHGGFDN17CB,橋愛段,73.39,都市：住,1,1,全筆移轉,11530005
RPQPMLTLRHGGFDN27CB,豐年段,40.68,都市：住,100000,2825,持分移轉,08300000
RPTOMLTJIIGGFDN09CB,地政段,25.85,都市：住,146000,2585,持分移轉,03740000
RPUOMLTJIIGGFDN56CB,橋愛段,9.72,都市：住,10000,25,持分移轉,12270000
RPUOMLTJIIGGFDN56CB,橋愛段,9.99,都市：住,10000,25,持分移轉,12280000
RPSNMLSLRHGGFAN86CB,古夷段,8.73,都市：住,31,1,持分移轉,02400000
RPSNMLSLRHGGFAN86CB,古夷段,60.36,都市：住,1,1,全筆移轉,02400002
RPSNMLSLRHGGFAN86CB,古夷段,1.07,都市：住,31,1,持分移轉,02410001
RPSNMLSLRHGGFAN86CB,古夷段,.75,都市：住,31,1,持分移轉,02410002
RPSNMLSLRHGGFAN86CB,牛稠子段下?小段,1.35,都市：住,31,1,持分移轉,00130007
RPSNMLSLRHGGFAN86CB,牛稠子段下?小段,5.82,都市：住,31,1,持分移轉,00130012
RPSNMLSLRHGGFAN86CB,牛稠子段下?小段,4.58,都市：住,31,1,持分移轉,00130013
RPSNMLSLRHGGFAN86CB,牛稠子段下?小段,.48,都市：住,31,1,持分移轉,00140003
RPSNMLSLRHGGFAN86CB,牛稠子段下?小段,4.87,都市：住,31,1,持分移轉,00140008
RPSNMLSLRHGGFAN86CB,牛稠子段下?小段,.77,都市：住,31,1,持分移轉,00140020
RPSNMLSLRHGGFAN86CB,牛稠子段下?小段,6.65,都市：住,31,1,持分移轉,00140021
RPSNMLSLRHGGFAN86CB,牛稠子段下?小段,.06,都市：住,31,1,持分移轉,00140022
RPPNMLQKRHGGFAN88CB,溪南段,16.23,非都市：鄉村區 ; 非都市編定：乙種建築用地,1,1,全筆移轉,09040008
RPPNMLQKRHGGFAN88CB,溪南段,95.89,非都市：鄉村區 ; 非都市編定：乙種建築用地,1,1,全筆移轉,09040009
RPWOMLTJIIGGFDN76CB,地政段,26.16,都市：住,146000,2616,持分移轉,03740000
RPVOMLTJIIGGFDN66CB,地政段,30.77,都市：住,146000,3077,持分移轉,03740000
RPVNMLTJIIGGFCN09CB,大興段,109.00,非都市：特定農業區 ; 非都市編定：甲種建築用地,28140,1090,持分移轉,13550001
RPRNMLTJIIGGFCN68CB,大興段,80.00,非都市：特定農業區 ; 非都市編定：甲種建築用地,28140,800,持分移轉,13550001
RPQNMLTJIIGGFCN58CB,大興段,92.50,非都市：特定農業區 ; 非都市編定：甲種建築用地,28140,925,持分移轉,13550001
RPPNMLMKIIGGFBN77CB,湖潭段,90.85,非都市：特定農業區 ; 非都市編定：甲種建築用地,1,1,全筆移轉,01870006
RPPNMLTJIIGGFCN48CB,大興段,60.00,非都市：特定農業區 ; 非都市編定：甲種建築用地,28140,600,持分移轉,13550001
RPQNMLMKIIGGFDN08CB,三義段,26.72,都市：住,10000,128,持分移轉,05190000
RPQNMLMKIIGGFBN87CB,湖潭段,70.23,非都市：特定農業區 ; 非都市編定：甲種建築用地,1,1,全筆移轉,01870001
RPPNMLMKIIGGFGN28CB,芳草段,89.28,非都市：鄉村區 ; 非都市編定：乙種建築用地,10000,533,持分移轉,09970000
RPPNMLMKIIGGFGN28CB,芳草段,18.90,非都市：鄉村區 ; 非都市編定：乙種建築用地,10000,555,持分移轉,09980000
RPQNMLMKIIGGFGN38CB,芳草段,88.10,非都市：鄉村區 ; 非都市編定：乙種建築用地,10000,526,持分移轉,09970000
RPQNMLMKIIGGFGN38CB,芳草段,18.90,非都市：鄉村區 ; 非都市編定：乙種建築用地,10000,555,持分移轉,09980000
RPQNMLNKIIGGFHN58CB,瓦窯中段,30.51,非都市：特定農業區 ; 非都市編定：甲種建築用地,100000,655,持分移轉,06950000
RPPNMLOKIIGGFAN87CB,西門口段,62.24,都市：住,78,1,持分移轉,04280000
RPPNMLOKIIGGFAN87CB,西門口段,11.57,都市：住,78,1,持分移轉,04280150
RPPNMLOKIIGGFAN87CB,西門口段,7.01,都市：住,78,1,持分移轉,04280151
RPPNMLOKIIGGFAN87CB,西門口段,11.53,都市：住,78,1,持分移轉,04280152
RPSNMLNKIIGGFHN78CB,瓦窯中段,30.41,非都市：特定農業區 ; 非都市編定：甲種建築用地,100000,653,持分移轉,06950000
RPRNMLNKIIGGFHN68CB,瓦窯中段,30.41,非都市：特定農業區 ; 非都市編定：甲種建築用地,100000,653,持分移轉,06950000
RPQNMLOKIIGGFAN97CB,西門口段,62.24,都市：住,78,1,持分移轉,04280000
RPQNMLOKIIGGFAN97CB,西門口段,11.57,都市：住,78,1,持分移轉,04280150
RPQNMLOKIIGGFAN97CB,西門口段,7.01,都市：住,78,1,持分移轉,04280151
RPQNMLOKIIGGFAN97CB,西門口段,11.57,都市：住,78,1,持分移轉,04280152
RPPNMLPKIIGGFDN28CB,南勢段,122.81,都市：住,1,1,全筆移轉,02470000
RPPNMLPKIIGGFDN28CB,南勢段,5.39,都市：其他:道路用地,28,1,持分移轉,02860000
RPPNMLPKIIGGFDN28CB,南勢段,20.67,都市：其他:道路用地,5,1,持分移轉,02850000
RPPNMLRKIIGGFCN38CB,大興段,80.00,非都市：特定農業區 ; 非都市編定：甲種建築用地,28140,800,持分移轉,13550001
RPPNMLSKIIGGFHN98CB,湖北段,53.31,非都市：特定農業區 ; 非都市編定：甲種建築用地,1,1,全筆移轉,11920003
RPPNMLSKIIGGFHN98CB,湖北段,22.11,非都市：特定農業區 ; 非都市編定：甲種建築用地,18,1,持分移轉,11920009
RPWOMLKLIIGGFAN48DB,竹中段,23.47,非都市：鄉村區 ; 非都市編定：乙種建築用地,10000,404,持分移轉,07010000
RPXOMLKLIIGGFAN58DB,竹中段,23.65,非都市：鄉村區 ; 非都市編定：乙種建築用地,10000,407,持分移轉,07010000
RPOPMLKLIIGGFAN77DB,竹中段,30.62,非都市：鄉村區 ; 非都市編定：乙種建築用地,10000,527,持分移轉,07010000
RPQNMLMJIIGGFBN87DB,重振段,62.00,都市：住,1,1,全筆移轉,01070011
RPQNMLMJIIGGFBN87DB,重振段,23.15,都市：住,13,1,持分移轉,01070000
