﻿編號,屋齡,建物移轉面積平方公尺,主要用途,主要建材,建築完成日期,總層數,建物分層
The serial number,room age,building shifting area square meter,the main use,main building materials,construction completes the date,total layer,building lamination
RPQNMLRJIIGGFAN18DA,21,176.40,農舍,有牆鋼架造,89年7月25日,一層,一層
RPRNMLQJIIGGFAN18DA,13,212.68,店舖、辦公室、停車空間,鋼筋混凝土造,97年7月10日,四層,一層 二層 三層 四層 陽台 地下一層
RPRNMLQJIIGGFAN18DA,13,31.34,停車空間、辦公室,鋼筋混凝土造,97年7月10日,二層,一層 二層 地下一層
RPSOMLRJIIGGFAN48DA,44,85.49,住家用,鋼筋混凝土加強磚造,66年8月31日,二層,一層 二層
RPUNMLLLPHGGFBN88DA,,185.49,騎樓、住宅、樓梯間,鋼筋混凝土造,110年5月24日,四層,一層 二層 三層 四層 騎樓
RPTNMLRJIIGGFAN48DA,40,106.97,住家用,鋼筋混凝土造,70年12月8日,八層,五層
RPVNMLRJIIGGFAN68DA,1,84.52,集合住宅,鋼筋混凝土造,110年3月2日,七層,四層 陽台
RPVNMLRJIIGGFAN68DA,1,61.53,防空避難室兼停車空間、機電設備空間、台電配電室、管委會空間、停車空間、梯廳、安全梯、戶外安全梯、升降機、樓梯間、水箱、電梯機房等１２項,鋼筋混凝土造,110年3月2日,七層,
RPSOMLRJRHGGFAN66DA,31,131.44,住家用,鋼筋混凝土造,79年6月26日,十一層,二層 陽台
RPSOMLRJRHGGFAN66DA,31,6.99,停車空間,鋼筋混凝土造,79年6月26日,十一層,地下層
RPSOMLRJRHGGFAN66DA,31,44.59,梯間、避難室、開放空間,鋼筋混凝土造,79年6月26日,十一層,
RPTNMLLJIIGGFAN87DA,24,5.62,停車空間、機械室、水箱,鋼筋混凝土造,86年10月20日,十三層,
RPTNMLLJIIGGFAN87DA,24,.20,管理員室,鋼筋混凝土造,86年10月20日,十三層,一層 平台 花台
RPTNMLLJIIGGFAN87DA,24,11.02,停車空間、機械室、水箱,鋼筋混凝土造,86年10月20日,十三層,
RPOQMLRJRHGGFBN56DA,,144.46,騎樓、住宅、停車空間、樓梯間,鋼筋混凝土造,110年5月24日,三層,一層 二層 三層 見其他登記事項
RPWPMLRJRHGGFBN27DA,,158.36,騎樓、住宅、停車空間、樓梯間,鋼筋混凝土造,110年5月24日,三層,一層 二層 三層 見其他登記事項
RPRQMLRJRHGGFBN86DA,,176.57,騎樓、住宅、停車空間、樓梯間,鋼筋混凝土造,110年5月24日,四層,一層 二層 三層 四層 騎樓
RPSQMLRJRHGGFBN96DA,,171.15,騎樓、住宅、樓梯間,鋼筋混凝土造,110年5月24日,三層,一層 二層 三層 騎樓 見其他登記事項
RPSNMLOJIIGGFBN18DA,,171.73,住宅、樓梯間,鋼筋混凝土造,110年7月9日,三層,一層 二層 三層 見其他登記事項
RPSNMLPJIIGGFCN38DA,28,2.84,見其他登記事項,鋼筋混凝土造,82年8月4日,五層,
RPSNMLPJIIGGFCN38DA,28,24.85,住家用,鋼筋混凝土造,82年8月4日,五層,四層
RPPNMLQJIIGGFCN18DA,37,100.80,住商用,加強磚造,73年10月5日,二層,一層 二層 騎樓
RPOPMLRJRHGGFBN09DA,,61.12,集合住宅,鋼筋混凝土造,110年7月29日,九層,七層 陽台
RPOPMLRJRHGGFBN09DA,,37.70,樓電梯間、消防機房、停車空間、排風機房、發電機房,鋼筋混凝土造,110年7月29日,九層,
RPPPMLRJRHGGFBN56DA,,59.85,集合住宅,鋼筋混凝土造,110年7月29日,九層,八層 陽台
RPPPMLRJRHGGFBN56DA,,37.01,樓電梯間、消防機房、停車空間、排風機房、發電機房,鋼筋混凝土造,110年7月29日,九層,
RPSNMLMJRHGGFDN98DA,4,191.77,住宅,鋼筋混凝土造,107年1月25日,三層,一層 二層 三層 陽台 屋頂突出物
RPRNMLMJRHGGFDN88DA,4,186.79,住宅,鋼筋混凝土造,106年7月14日,三層,一層 二層 三層 陽台 屋頂突出物
RPVPMLOJIIGGFDN88DA,25,156.56,住家用,鋼筋混凝土造,85年7月29日,三層,一層 二層 三層 陽台 騎樓 電梯樓梯間
RPSPMLOJIIGGFDN58DA,21,78.28,住家用,鋼筋混凝土造,89年7月12日,十層,二層 陽台
RPSPMLOJIIGGFDN58DA,21,28.25,防空避難室、停車空間、機械室、水箱、梯間、受電室,鋼筋混凝土造,89年7月12日,十層,
RPVNMLQJIIGGFFN09DA,,184.86,住宅,鋼筋混凝土造,110年5月18日,三層,一層 二層 三層 陽台
RPWNMLQJIIGGFFN56DA,,184.86,住宅,鋼筋混凝土造,110年5月18日,三層,一層 二層 三層 陽台
RPVNMLPJIIGGFHN56DA,,180.73,住家用,鋼筋混凝土造,110年7月8日,四層,一層 二層 三層 四層 陽台
RPWNMLPJIIGGFHN66DA,,180.73,住家用,鋼筋混凝土造,110年7月8日,四層,一層 二層 三層 四層 陽台
RPXNMLPJIIGGFHN76DA,,187.53,住家用,鋼筋混凝土造,110年7月8日,四層,一層 二層 三層 四層 陽台
RPQNMLQJIIGGFHN78DA,,141.70,住家用,鋼筋混凝土造,110年7月27日,三層,一層 二層 三層 屋頂突出物
RPPOMLPJIIGGFHN68DA,,187.53,住家用,鋼筋混凝土造,110年7月8日,四層,一層 二層 三層 四層 陽台
RPQOMLPJIIGGFHN78DA,,184.80,住家用,鋼筋混凝土造,110年7月8日,四層,一層 二層 三層 四層 陽台
RPRNMLQJIIGGFHN88DA,,128.62,住家用,鋼筋混凝土造,110年7月27日,三層,一層 二層 三層
RPSNMLQJIIGGFHN98DA,,140.12,住家用,鋼筋混凝土造,110年7月27日,三層,一層 二層 三層 屋頂突出物
RPUNMLQJIIGGFHN56DA,,127.50,住家用,鋼筋混凝土造,110年7月27日,三層,一層 二層 三層
RPVNMLQJIIGGFHN66DA,,127.50,住家用,鋼筋混凝土造,110年7月27日,三層,一層 二層 三層
RPTNMLQJIIGGFHN09DA,,127.50,住家用,鋼筋混凝土造,110年7月27日,三層,一層 二層 三層
RPQNMLLJIIGGFFN08DA,39,213.72,住家用,加強磚造,71年12月14日,二層,一層 二層
RPTNMLOJIIGGFFN68DA,9,142.94,住宅、停車空間,鋼筋混凝土造,101年6月19日,三層,一層 二層 三層
RPWNMLQJIIGGFHN76DA,,140.12,住家用,鋼筋混凝土造,110年7月27日,三層,一層 二層 三層 屋頂突出物
RPUOMLQJIIGGFHN66DA,,140.12,住家用,鋼筋混凝土造,110年7月27日,三層,一層 二層 三層 屋頂突出物
RPOOMLQJIIGGFHN68DA,,395.77,停車空間、住宅,鋼筋混凝土造,110年2月8日,四層,一層 二層 三層 四層 陽台
RPQOMLQJIIGGFHN88DA,,173.13,住宅、樓梯間,鋼筋混凝土造,110年4月14日,三層,一層 二層 三層 陽台 屋頂突出物
RPROMLQJIIGGFHN98DA,2,157.17,住宅、樓梯間,鋼筋混凝土造,109年1月15日,三層,一層 二層 三層 陽台 屋頂突出物
RPUNMLPJIIGGFHN09DA,13,191.14,店舖、辦公室,鋼筋混凝土造,97年6月20日,四層,一層 二層 三層 四層
RPPNMLRJIIGGFAN18EA,28,91.20,住家用,鋼筋混凝土造,82年8月9日,七層,五層 陽台 花台
RPPNMLRJIIGGFAN18EA,28,27.96,避難室．停車,鋼筋混凝土造,82年8月9日,七層,
RPWOMLQJIIGGFHN86DA,,160.09,住宅、樓梯間,鋼筋混凝土造,110年4月14日,三層,一層 二層 三層 陽台 屋頂突出物
RPOPMLQJIIGGFHN78DA,,140.12,住家用,鋼筋混凝土造,110年7月27日,三層,一層 二層 三層 屋頂突出物
RPPNMLOJIIGGFGN38DA,1,185.44,住宅、樓梯間,鋼筋混凝土造,110年2月5日,三層,一層 二層 三層 陽台 屋頂突出物
RPQPMLQJIIGGFHN98DA,,160.09,住宅、樓梯間,鋼筋混凝土造,110年4月14日,三層,一層 二層 三層 陽台 屋頂突出物
RPTPMLQJIIGGFHN66DA,,140.12,住家用,鋼筋混凝土造,110年7月27日,三層,一層 二層 三層 屋頂突出物
RPUPMLQJIIGGFHN76DA,,144.50,住家用,鋼筋混凝土造,110年7月27日,三層,一層 二層 三層 屋頂突出物
RPVPMLQJIIGGFHN86DA,,127.50,住家用,鋼筋混凝土造,110年7月27日,三層,一層 二層 三層
RPXPMLQJIIGGFHN07DA,,140.12,住家用,鋼筋混凝土造,110年7月27日,三層,一層 二層 三層 屋頂突出物
RPWPMLQJIIGGFHN96DA,,127.50,住家用,鋼筋混凝土造,110年7月27日,三層,一層 二層 三層
RPPQMLQJIIGGFHN98DA,,127.50,住家用,鋼筋混凝土造,110年7月27日,三層,一層 二層 三層
RPOQMLQJIIGGFHN88DA,,140.12,住家用,鋼筋混凝土造,110年7月27日,三層,一層 二層 三層 屋頂突出物
RPQNMLRJIIGGFHN88DA,41,128.96,住家用,加強磚造,69年3月13日,二層,一層 二層 騎樓
RPQNMLRJIIGGFHN88DA,41,125.20,住家用,加強磚造,69年3月13日,二層,一層 二層 騎樓
RPPNMLRJIIGGFHN78DA,25,126.77,住家用,鋼筋混凝土造,85年12月14日,三層,一層 二層 三層 陽台
RPTOMLQJIIGGFHN56DA,,153.50,停車空間、住宅、樓梯間,鋼筋混凝土造,110年4月14日,三層,一層 二層 三層 陽台 屋頂突出物
RPSNMLRJIIGGFFN88DA,,209.03,住宅,鋼筋混凝土造,110年4月6日,四層,一層 二層 三層 四層 陽台
RPSNMLKKRHGGFFN09DA,1,144.52,停車空間、住宅,鋼筋混凝土造,110年2月1日,四層,一層 二層 三層 四層 陽台
RPWNMLLJRHGGFHN07DA,,181.58,住宅、樓梯間,鋼筋混凝土造,110年5月3日,四層,一層 二層 三層 四層 陽台
RPQNMLQJIIGGFDN38DA,36,77.64,住家用,鋼筋混凝土造,75年1月11日,五層,四層
RPSNMLRJIIGGFDN68DA,29,23.40,住家用,鋼筋混凝土造,81年6月13日,八層,六層 陽台
RPSNMLRJIIGGFDN68DA,29,9.81,防空避難室、停車場、樓梯、電梯、梯間、機械室、水塔,鋼筋混凝土造,81年6月13日,八層,
RPTNMLRJIIGGFDN78DA,53,254.90,住家用,加強磚造,57年5月1日,三層,一層 二層 三層 騎樓
RPWNMLQJIIGGFBN88EA,35,109.68,住商用,鋼筋混凝土造,75年9月20日,二層,一層 二層 騎樓
RPPNMLSJIIGGFEN58DA,22,132.47,住家用,鋼筋混凝土造,88年8月24日,三層,一層 二層 三層 電梯樓梯間
RPPQMLKMRHGGFDN09DA,30,128.59,住家用,鋼筋混凝土造,80年4月13日,五層,一層 平台 儲藏室
RPPQMLKMRHGGFDN09DA,30,21.68,住家用,鋼筋混凝土造,80年4月13日,五層,一層 平台
RPPQMLKMRHGGFDN09DA,30,7.16,走廊，梯間，電梯,鋼筋混凝土造,80年4月13日,五層,
RPXNMLQJRHGGFDN27DA,14,145.71,住家用,鋼筋混凝土造,96年7月25日,三層,一層 二層 三層 陽台 屋頂突出物
RPRNMLSJIIGGFDN68DA,7,3042.40,農作產銷設施－菇類栽培場,鋼骨造,103年6月17日,二層,一層 二層
RPVNMLRJIIGGFDN98DA,9,150.33,廠房,鋼筋混凝土造,101年5月30日,一層,一層
RPVNMLRJIIGGFDN98DA,9,518.15,住家用,鋼筋混凝土造,101年5月30日,四層,一層 二層 三層 四層 陽台
RPQNMLPJIIGGFCN18DA,23,58.02,避難室兼停車空間，雨遮，梯間，機械室，水箱,鋼筋混凝土造,88年1月14日,八層,
RPQNMLPJIIGGFCN18DA,23,101.06,住家用,鋼筋混凝土造,88年1月14日,八層,一層 陽台
RPUNMLSJIIGGFFN56DA,1,173.59,住宅,鋼筋混凝土造,109年6月22日,三層,一層 二層 三層 陽台 見其他登記事項
RPVNMLTLRHGGFCN47DA,2,243.49,騎樓、住宅、停車空間,鋼筋混凝土造,109年2月10日,四層,一層 二層 三層 四層 騎樓 見其他登記事項
RPPNMLOJIIGGFBN87DA,29,153.27,農舍,鋼架造有牆,81年6月11日,一層,一層
RPSOMLOJIIGGFBN28DA,27,139.43,住家，儲藏室,鋼筋混凝土造,83年6月10日,三層,一層 二層 三層 陽台 平台 屋頂突出物 地下層
RPUNMLKMRHGGFBN09DA,2,286.92,住宅、停車空間,鋼筋混凝土造,108年10月18日,四層,一層 二層 三層 四層 陽台
RPOOMLQJIIGGFBN08DA,16,166.04,店舖，住宅，人行道,鋼筋混凝土造,94年5月27日,三層,一層 二層 三層 陽台 屋頂突出物 騎樓
RPWNMLQJIIGGFAN68DA,28,48.67,住家用,鋼筋混凝土造,82年3月9日,七層,二層 陽台
RPWNMLQJIIGGFAN68DA,28,4.42,梯間,鋼筋混凝土造,82年3月9日,七層,
RPWNMLQJIIGGFAN68DA,28,9.51,防空避難室,鋼筋混凝土造,82年3月9日,七層,
RPUNMLRLRHGGFBN07DA,1,167.16,住家用,鋼筋混凝土造,109年2月27日,四層,一層 二層 三層 四層 陽台
RPUNMLRJIIGGFAN58DA,20,99.35,集合住宅,鋼筋混凝土造,90年11月9日,十四層,五層 陽台
RPUNMLRJIIGGFAN58DA,20,.07,守衛室,鋼筋混凝土造,90年11月9日,十四層,一層
RPUNMLRJIIGGFAN58DA,20,11.27,梯間,鋼筋混凝土造,90年11月9日,十四層,
RPUNMLRJIIGGFAN58DA,20,.01,梯間,鋼筋混凝土造,90年11月9日,十四層,
RPUNMLRJIIGGFAN58DA,20,19.32,停車空間、防空避難室,鋼筋混凝土造,90年11月9日,十四層,
RPUNMLRJIIGGFAN58DA,20,22.36,停車空間、防空避難室,鋼筋混凝土造,90年11月9日,十四層,
RPPOMLSJIIGGFAN28DA,26,1.35,社區活動中心,鋼筋混凝土造,84年7月15日,十六層,一層 平台
RPPOMLSJIIGGFAN28DA,26,100.94,住家用,鋼筋混凝土造,84年7月15日,十六層,四層 陽台 花台
RPPOMLSJIIGGFAN28DA,26,8.89,防空避難室、停車空間,鋼筋混凝土造,84年7月15日,十六層,
RPPOMLSJIIGGFAN28DA,26,16.66,梯間,鋼筋混凝土造,84年7月15日,十六層,
RPTOMLPJIIGGFAN38DA,8,220.63,住宅、停車空間,鋼筋混凝土造,102年10月8日,四層,一層 二層 三層 四層 陽台
RPRNMLMKIIGGFAN87DA,,223.14,住家用,鋼筋混凝土造,110年7月15日,四層,一層 二層 三層 四層 陽台
RPOPMLRJIIGGFAN18DA,27,245.91,住家用,鋼筋混凝土造,83年11月30日,四層,一層 二層 三層 四層 見其他登記事項
RPTNMLSJIIGGFAN58DA,27,97.67,住家、梯間,鋼筋混凝土造,83年8月31日,十二層,十一層 陽台 花台
RPTNMLSJIIGGFAN58DA,27,10.77,停車場、避難室、梯間、門廳、車道,鋼筋混凝土造,83年8月31日,十二層,
RPRNMLSJIIGGFBN48DA,62,168.94,住家用,磚造,49年1月16日,一層,一層
RPTPMLKMRHGGFDN76DA,2,208.25,住宅,鋼筋混凝土造,108年9月24日,四層,一層 二層 三層 四層 陽台
RPSNMLSJIIGGFGN09DA,1,156.28,住家用,鋼筋混凝土造,109年11月30日,三層,一層 二層 三層 陽台
RPSNMLRJIIGGFHN09DA,,162.50,住家用,鋼筋混凝土造,110年7月27日,三層,一層 二層 三層 屋頂突出物
RPTNMLRJIIGGFHN56DA,,147.50,住家用,鋼筋混凝土造,110年7月27日,三層,一層 二層 三層
RPVNMLRJIIGGFHN76DA,,140.12,住家用,鋼筋混凝土造,110年7月27日,三層,一層 二層 三層 屋頂突出物
RPUNMLRJIIGGFHN66DA,,140.12,住家用,鋼筋混凝土造,110年7月27日,三層,一層 二層 三層 屋頂突出物
RPXNMLRJIIGGFHN96DA,,167.50,住家用,鋼筋混凝土造,110年7月27日,三層,一層 二層 三層 屋頂突出物
RPPNMLSJIIGGFHN88DA,1,169.66,住宅、樓梯間,鋼筋混凝土造,109年12月11日,三層,一層 二層 三層 陽台 屋頂突出物
RPRNMLSJIIGGFHN09DA,28,133.10,住家用,鋼筋混凝土造,83年2月4日,三層,一層 二層 三層
RPQNMLMKIIGGFHN48DA,,168.26,住宅、樓梯間,鋼筋混凝土造,110年6月30日,三層,一層 二層 三層 屋頂突出物
RPPOMLMKIIGGFAN87EA,21,71.94,農舍,磚造,89年3月21日,一層,一層
RPQOMLNKIIGGFAN08EA,43,123.36,住商用,鋼筋混凝土造,68年1月25日,三層,一層 二層 三層
RPTNMLQJIIGGFBN58EA,,76.93,集合住宅,鋼筋混凝土造,110年7月12日,六層,三層 陽台
RPTNMLQJIIGGFBN58EA,,25.53,本共有部分之項目有門廳、梯廳、梯間、資源回收室、電梯機械室、水箱、台電配電室、消防機械室兼發電機室、電梯機坑、電信室等１０項,鋼筋混凝土造,110年7月12日,六層,
RPUNMLQJIIGGFBN68EA,,62.05,集合住宅,鋼筋混凝土造,110年7月12日,六層,五層 陽台
RPUNMLQJIIGGFBN68EA,,20.60,本共有部分之項目有門廳、梯廳、梯間、資源回收室、電梯機械室、水箱、台電配電室、消防機械室兼發電機室、電梯機坑、電信室等１０項,鋼筋混凝土造,110年7月12日,六層,
RPVNMLOJIIGGFCN58DA,,187.73,住宅,鋼筋混凝土造,110年6月22日,四層,一層 二層 三層 四層 陽台
RPRNMLRJIIGGFHN98DA,,211.75,住宅、樓梯間,鋼筋混凝土造,110年4月12日,三層,一層 二層 三層 陽台 屋頂突出物
RPSNMLNKIIGGFGN68DA,36,248.47,農舍,加強磚造,75年1月22日,二層,一層 二層 屋頂突出物 騎樓
RPTNMLSJIIGGFGN56DA,25,178.58,住商用,鋼筋混凝土造,85年8月8日,四層,一層 二層 三層 四層 騎樓
RPQNMLMKIIGGFGN38DA,1,191.19,住宅、停車空間、梯廳,鋼筋混凝土造,109年8月4日,四層,一層 二層 三層 四層 陽台
RPOOMLQJIIGGFFN48DA,,285.35,停車空間、住宅,鋼筋混凝土造,109年1月2日,四層,一層 二層 三層 四層 陽台
RPOOMLRJIIGGFFN58DA,,186.19,住宅,鋼筋混凝土造,110年5月18日,三層,一層 二層 三層 陽台
RPQNMLPKRHGGFGN86DA,1,214.45,住宅、停車空間,鋼筋混凝土造,110年2月5日,四層,一層 二層 三層 四層 陽台
RPPOMLRJIIGGFFN68DA,,186.19,住宅,鋼筋混凝土造,110年5月18日,三層,一層 二層 三層 陽台
RPSNMLQJIIGGFEN68DA,27,26.13,地下室,鋼筋混凝土造,83年7月8日,三層,
RPSNMLQJIIGGFEN68DA,27,174.90,住家用,鋼筋混凝土造,83年7月8日,三層,一層 二層 三層 陽台 騎樓 電梯樓梯間
RPQNMLMKIIGGFFN28DA,42,106.74,住家用,加強磚造,68年7月20日,二層,一層 二層 騎樓
RPQNMLLKRHGGFAN48DA,41,166.93,工業用,磚造,69年5月12日,一層,一層
RPQNMLLKRHGGFAN48DA,41,166.93,工業用,磚造,69年5月12日,一層,一層
RPWNMLNKIIGGFFN98DA,1,182.65,住宅,鋼筋混凝土造,109年6月23日,三層,一層 二層 三層 陽台 見其他登記事項
RPVNMLMKIIGGFFN78DA,,157.83,住宅,鋼筋混凝土造,110年4月6日,四層,一層 二層 三層 四層 陽台
RPVNMLMKIIGGFEN68DA,1,313.71,住家用,鋼筋混凝土造,109年4月6日,五層,一層 二層 三層 四層 五層 陽台 騎樓
RPWNMLSJIIGGFDN56DA,47,156.84,住商用,鋼筋混凝土加強磚造,63年7月4日,三層,一層 二層 三層 騎樓
RPSNMLPKOHGGFHN86DA,,157.39,住宅、樓梯間,鋼筋混凝土造,110年2月1日,三層,一層 二層 三層 陽台 屋頂突出物
RPXNMLSJIIGGFDN66DA,6,155.61,農舍,磚造、鋼骨造,104年12月10日,一層,一層
RPPNMLLKIIGGFDN87DA,41,98.77,住家用,加強磚造,69年12月31日,四層,一層 二層 陽台 騎樓
RPSNMLMKIIGGFBN08DA,26,84.28,住家用,鋼筋混凝土造,85年1月19日,五層,二層 陽台
RPSNMLMKIIGGFBN08DA,26,26.51,避難室，停車空間，梯間，門廳，車道,鋼筋混凝土造,85年1月19日,八層,
RPTNMLSJIIGGFDN88DA,1,198.42,住宅、停車空間,鋼筋混凝土造,109年6月17日,四層,一層 二層 三層 四層 陽台 屋頂突出物
RPOOMLMKIIGGFDN97DA,39,81.18,農舍,加強磚造,71年6月11日,二層,一層 二層
RPVNMLNKIIGGFDN68DA,31,112.38,住家用,鋼筋混凝土造,79年7月6日,七層,六層 陽台
RPVNMLNKIIGGFDN68DA,31,15.61,樓電梯,鋼筋混凝土造,79年7月6日,七層,
RPVNMLNKIIGGFDN68DA,31,11.14,停車空間,鋼筋混凝土造,79年7月6日,七層,地下層
RPVNMLNKIIGGFDN68DA,31,20.97,門廳、交誼廳、走道,鋼筋混凝土造,79年7月6日,七層,
RPRNMLSJIIGGFCN58DA,26,112.57,住商用,鋼筋混凝土造,84年3月27日,三層,一層 二層 三層
RPPNMLPJRHGGFAN68DA,24,111.52,住家用,鋼筋混凝土造,86年5月26日,十七層,七層 陽台
RPPNMLPJRHGGFAN68DA,24,56.89,避難室、停車空間、梯間、機械室、水箱,鋼筋混凝土造,86年5月26日,十七層,
RPUNMLOLRHGGFCN86DA,8,5204.49,工廠、工廠附屬辦公室、附屬單身宿舍、機械室、儲藏室、樓梯間、消防機械室,鋼骨造,102年11月5日,二層,一層 二層 陽台 屋頂突出物 見其他登記事項
RPUNMLOLRHGGFCN86DA,8,163.30,車棚,鋼骨造,102年11月5日,一層,一層
RPUOMLSJIIGGFAN78DA,27,187.07,住商用,鋼筋混凝土造,83年6月21日,十四層,一層 二層 陽台 騎樓
RPUOMLSJIIGGFAN78DA,27,154.52,停車空間、梯間、避難室、門廳,鋼筋混凝土造,83年6月21日,十四層,
RPOOMLMKIIGGFAN67DA,42,128.20,住家用,鋼筋混凝土加強磚造,68年4月18日,三層,一層 二層 三層
RPSNMLMKIIGGFAN97DA,26,119.34,住家用,鋼筋混凝土造,84年4月15日,六層,二層 陽台
RPSNMLMKIIGGFAN97DA,26,43.55,避難室、停車空間、梯間,鋼筋混凝土造,84年4月15日,六層,
RPPNMLTJRHGGFCN66DA,45,6.93,住家用,鋼筋混凝土造,65年12月20日,三層,一層 二層 三層 騎樓
RPSNMLNJRHGGFBN88DA,,68.85,集合住宅,鋼筋混凝土造,110年7月29日,九層,二層 陽台
RPSNMLNJRHGGFBN88DA,,41.63,樓電梯間、消防機房、停車空間、排風機房、發電機房,鋼筋混凝土造,110年7月29日,九層,
RPRNMLQJRHGGFBN09DA,,68.85,集合住宅,鋼筋混凝土造,110年7月29日,九層,四層 陽台
RPRNMLQJRHGGFBN09DA,,41.63,樓電梯間、消防機房、停車空間、排風機房、發電機房,鋼筋混凝土造,110年7月29日,九層,
RPUOMLMKIIGGFAN28DA,21,95.15,住家用,鋼筋混凝土造,89年10月20日,十四層,八層 陽台 雨遮
RPUOMLMKIIGGFAN28DA,21,25.27,停車空間、梯間、防空避難室兼停車場、開放空間、游泳池、梯間機械室、水箱,鋼筋混凝土造,89年10月20日,十四層,
RPPOMLNKIIGGFAN87DA,39,100.00,住商用,鋼筋混凝土造,71年6月22日,四層,一層 二層 三層 四層
RPPNMLNJIIGGFBN77DA,,76.93,集合住宅,鋼筋混凝土造,110年7月12日,六層,一層 陽台
RPPNMLNJIIGGFBN77DA,,25.53,本共有部分之項目有門廳、梯廳、梯間、資源回收室、電梯機械室、水箱、台電配電室、消防機械室兼發電機室、電梯機坑、電信室等１０項,鋼筋混凝土造,110年7月12日,六層,
RPSNMLQJRHGGFBN56DA,,61.12,集合住宅,鋼筋混凝土造,110年7月29日,九層,四層 陽台
RPSNMLQJRHGGFBN56DA,,37.70,樓電梯間、消防機房、停車空間、排風機房、發電機房,鋼筋混凝土造,110年7月29日,九層,
RPRNMLKMRHGGFBN78DA,28,110.37,住家用,鋼筋混凝土造,82年4月2日,三層,一層 二層 三層
RPPOMLNJRHGGFBN68DA,,68.85,集合住宅,鋼筋混凝土造,110年7月29日,九層,三層 陽台
RPPOMLNJRHGGFBN68DA,,41.63,樓電梯間、消防機房、停車空間、排風機房、發電機房,鋼筋混凝土造,110年7月29日,九層,
RPTNMLQJRHGGFBN66DA,,61.12,集合住宅,鋼筋混凝土造,110年7月29日,九層,五層 陽台
RPTNMLQJRHGGFBN66DA,,37.70,樓電梯間、消防機房、停車空間、排風機房、發電機房,鋼筋混凝土造,110年7月29日,九層,
RPSOMLNJRHGGFBN98DA,,61.12,集合住宅,鋼筋混凝土造,110年7月29日,九層,三層 陽台
RPSOMLNJRHGGFBN98DA,,37.70,樓電梯間、消防機房、停車空間、排風機房、發電機房,鋼筋混凝土造,110年7月29日,九層,
RPWNMLNJRHGGFBN66DA,,68.85,集合住宅,鋼筋混凝土造,110年7月29日,九層,二層 陽台
RPWNMLNJRHGGFBN66DA,,41.63,樓電梯間、消防機房、停車空間、排風機房、發電機房,鋼筋混凝土造,110年7月29日,九層,
RPWNMLPJIIGGFBN68DA,,62.05,集合住宅,鋼筋混凝土造,110年7月12日,六層,三層 陽台
RPWNMLPJIIGGFBN68DA,,20.60,本共有部分之項目有門廳、梯廳、梯間、資源回收室、電梯機械室、水箱、台電配電室、消防機械室兼發電機室、電梯機坑、電信室等１０項,鋼筋混凝土造,110年7月12日,六層,
RPPNMLPJIIGGFBN97DA,,62.05,集合住宅,鋼筋混凝土造,110年7月12日,六層,二層 陽台
RPPNMLPJIIGGFBN97DA,,20.60,本共有部分之項目有門廳、梯廳、梯間、資源回收室、電梯機械室、水箱、台電配電室、消防機械室兼發電機室、電梯機坑、電信室等１０項,鋼筋混凝土造,110年7月12日,六層,
RPPOMLPJIIGGFBN08DA,,76.82,集合住宅,鋼筋混凝土造,110年7月12日,六層,二層 陽台
RPPOMLPJIIGGFBN08DA,,25.50,本共有部分之項目有門廳、梯廳、梯間、資源回收室、電梯機械室、水箱、台電配電室、消防機械室兼發電機室、電梯機坑、電信室等１０項,鋼筋混凝土造,110年7月12日,六層,
RPOOMLPJIIGGFBN97DA,,62.05,集合住宅,鋼筋混凝土造,110年7月12日,六層,二層 陽台
RPOOMLPJIIGGFBN97DA,,20.60,本共有部分之項目有門廳、梯廳、梯間、資源回收室、電梯機械室、水箱、台電配電室、消防機械室兼發電機室、電梯機坑、電信室等１０項,鋼筋混凝土造,110年7月12日,六層,
RPQOMLPKRHGGFAN98DA,,636.08,停車空間、住宅、樓梯間,鋼筋混凝土造,110年7月2日,五層,一層 二層 三層 四層 五層 陽台 屋頂突出物
RPQOMLPJIIGGFBN18DA,,62.05,集合住宅,鋼筋混凝土造,110年7月12日,六層,六層 陽台
RPQOMLPJIIGGFBN18DA,,20.60,本共有部分之項目有門廳、梯廳、梯間、資源回收室、電梯機械室、水箱、台電配電室、消防機械室兼發電機室、電梯機坑、電信室等１０項,鋼筋混凝土造,110年7月12日,六層,
RPOOMLPKRHGGFAN78DA,,229.48,騎樓、停車空間、住宅、樓梯間,鋼筋混凝土造,110年7月2日,四層,一層 二層 三層 四層 陽台 屋頂突出物 騎樓
RPUNMLPJIIGGFBN48DA,,62.05,集合住宅,鋼筋混凝土造,110年7月12日,六層,六層 陽台
RPUNMLPJIIGGFBN48DA,,20.60,本共有部分之項目有門廳、梯廳、梯間、資源回收室、電梯機械室、水箱、台電配電室、消防機械室兼發電機室、電梯機坑、電信室等１０項,鋼筋混凝土造,110年7月12日,六層,
RPXNMLNKIIGGFAN58DA,48,85.60,住家用,鋼筋混凝土加強磚造,63年2月31日,二層,一層 二層
RPOOMLNKIIGGFAN77DA,26,1720.80,豬舍,磚造,84年4月6日,一層,一層
RPWNMLSJRHGGFBN17DA,,57.06,集合住宅,鋼筋混凝土造,110年7月29日,九層,五層 陽台
RPWNMLSJRHGGFBN17DA,,32.46,樓電梯間、消防機房、停車空間、排風機房、發電機房,鋼筋混凝土造,110年7月29日,九層,
RPRNMLOKPHGGFBN78DA,11,.21,機房,鋼筋混凝土造,99年1月28日,一層,一層 陽台
RPRNMLOKPHGGFBN78DA,11,180.72,住家用,鋼筋混凝土造,99年8月31日,三層,一層 二層 三層 陽台 屋頂突出物
RPUNMLQJRHGGFBN76DA,,68.85,集合住宅,鋼筋混凝土造,110年7月29日,九層,五層 陽台
RPUNMLQJRHGGFBN76DA,,41.63,樓電梯間、消防機房、停車空間、排風機房、發電機房,鋼筋混凝土造,110年7月29日,九層,
RPPOMLPKIIGGFAN08DA,48,38.11,住家用,鋼筋混凝土加強磚造,63年1月10日,一層,一層
RPPOMLPKIIGGFAN08DA,48,38.11,住家用,鋼筋混凝土加強磚造,63年1月10日,一層,一層
RPPOMLPKIIGGFAN08DA,48,40.17,住家用,鋼筋混凝土加強磚造,63年1月10日,一層,一層
RPOOMLRKQHGGFAN88DA,58,66.00,住家用,加強磚造,53年1月1日,二層,一層 二層
RPPOMLLJIIGGFAN57DA,23,7.34,兒童遊戲球池、閱讀室、娛樂室,鋼筋混凝土造,88年2月5日,三層,
RPPOMLLJIIGGFAN57DA,23,68.26,停車空間,鋼筋混凝土造,88年2月5日,四層,
RPPOMLLJIIGGFAN57DA,23,194.72,住家用,鋼筋混凝土造,88年2月5日,三層,一層 二層 三層 陽台 屋頂突出物
RPUNMLMKIIGGFAN18DA,42,171.24,住商用,加強磚造,68年5月11日,三層,一層 二層 三層 騎樓
RPTNMLNKIIGGFCN38DA,44,102.51,住家用,加強磚造,67年2月5日,二層,一層 二層 騎樓
RPPNMLNKIIGGFCN97DA,19,166.08,住家用,鋼筋混凝土造,91年8月16日,四層,一層 二層 三層 四層 陽台 雨遮
RPXNMLOLRHGGFCN17DA,5,146.98,住宅,鋼筋混凝土造,105年11月21日,三層,一層 二層 三層 屋頂突出物
RPPNMLMKRHGGFAN48DA,27,180.11,住家用,鋼筋混凝土造,83年7月29日,十四層,十二層 陽台 花台
RPPNMLMKRHGGFAN48DA,27,85.51,停車空間、管理員辦公室、避難室、停車場、梯間,鋼筋混凝土造,83年7月29日,十四層,
RPTNMLSLRHGGFCN17DA,,200.18,住家用、停車空間,鋼筋混凝土造,110年6月15日,四層,一層 二層 三層 四層 陽台
RPQNMLOKIIGGFBN08DA,42,104.28,住家用,鋼筋混凝土加強磚造,69年2月1日,二層,一層 二層 騎樓
RPOOMLTLRHGGFCN86DA,41,113.10,住商用,鋼筋混凝土加強磚造,69年7月1日,二層,一層 二層
RPPNMLNKIIGGFDN08DA,2,228.25,住宅、停車空間,鋼筋混凝土造,108年6月27日,四層,一層 二層 三層 四層 屋頂突出物
RPQNMLNKIIGGFDN18DA,2,223.87,住宅、停車空間、樓梯間,鋼筋混凝土造,108年8月26日,四層,一層 二層 三層 四層 陽台 屋頂突出物
RPTNMLMKIIGGFDN38DA,28,115.20,員工單身宿舍、廠房、辦公室,鋼筋混凝土造,82年12月1日,九層,三層 陽台
RPTNMLMKIIGGFDN38DA,28,14.00,避難室、倉庫、停車場,鋼筋混凝土造,82年12月1日,九層,
RPTNMLMKIIGGFDN38DA,28,16.95,樓梯、電梯,鋼筋混凝土造,82年12月1日,九層,
RPOOMLNKIIGGFDN08DA,,356.72,住宅、停車空間,鋼筋混凝土造,110年2月2日,五層,一層 二層 三層 四層 五層 陽台
RPWNMLMKIIGGFEN78DA,33,156.75,住家用,鋼筋混凝土造,77年7月5日,三層,一層 二層 三層 騎樓
RPPOMLNKIIGGFDN18DA,,179.03,住宅、停車空間,鋼筋混凝土造,110年2月2日,三層,一層 二層 三層 屋頂突出物
RPWNMLMKIIGGFFN88DA,,165.19,住宅,鋼筋混凝土造,110年4月6日,四層,一層 二層 三層 四層 陽台
RPPNMLOKIIGGFEN28DA,25,261.10,農舍,鋼筋混凝土造,86年1月4日,二層,一層 二層 電梯樓梯間
RPXNMLMKIIGGFFN98DA,,165.19,住宅,鋼筋混凝土造,110年4月6日,四層,一層 二層 三層 四層 陽台
RPROMLRJIIGGFFN88DA,31,169.83,住家用,鋼筋混凝土造,79年4月9日,三層,一層 二層 三層
RPPNMLTJIIGGFGN88DA,1,216.52,住宅、停車空間,鋼筋混凝土造,110年2月5日,四層,一層 二層 三層 四層 陽台
RPOOMLRJIIGGFHN78DA,,146.25,住家用,鋼筋混凝土造,110年7月27日,三層,一層 二層 三層 屋頂突出物
RPVNMLQJIIGGFBN78EA,,61.86,集合住宅,鋼筋混凝土造,110年7月12日,六層,一層 陽台
RPVNMLQJIIGGFBN78EA,,20.53,本共有部分之項目有門廳、梯廳、梯間、資源回收室、電梯機械室、水箱、台電配電室、消防機械室兼發電機室、電梯機坑、電信室等１０項,鋼筋混凝土造,110年7月12日,六層,
RPXNMLMKIIGGFHN56DA,1,169.66,住宅、樓梯間,鋼筋混凝土造,109年12月11日,三層,一層 二層 三層 陽台 屋頂突出物
RPQNMLNLRHGGFCN98DA,,181.35,住家用、門廊,鋼筋混凝土造,110年6月15日,四層,一層 二層 三層 四層
RPPOMLOKIIGGFAN08EA,40,163.24,住商用,鋼筋混凝土造,70年6月8日,三層,一層 二層 三層 騎樓
RPQNMLSJIIGGFHN98DA,41,93.20,住家用,加強磚造,69年5月19日,二層,一層 二層
RPRNMLOKIIGGFEN48DA,1,160.59,住宅、樓梯間,鋼筋混凝土造,110年2月3日,三層,一層 二層 三層 見其他登記事項
RPSNMLOKIIGGFEN58DA,,195.18,住宅.樓梯間,鋼筋混凝土造,110年2月2日,三層,一層 二層 三層 陽台 見其他登記事項
RPTNMLOKIIGGFEN68DA,,188.57,住宅.樓梯間,鋼筋混凝土造,110年2月2日,三層,一層 二層 三層 陽台 見其他登記事項
RPQNMLNKIIGGFHN58DA,1,247.78,住宅、停車空間,鋼筋混凝土造,109年9月23日,四層,一層 二層 三層 四層 陽台
RPSNMLNKIIGGFHN78DA,1,253.15,住宅、停車空間、機電設備空間,鋼筋混凝土造,109年9月23日,四層,一層 二層 三層 四層 陽台
RPROMLMKIIGGFHN68DA,,145.60,住家用,鋼筋混凝土造,110年7月27日,三層,一層 二層 三層 屋頂突出物
RPRNMLNKIIGGFHN68DA,1,247.71,住宅、停車空間、機電設備空間,鋼筋混凝土造,109年9月23日,四層,一層 二層 三層 四層 陽台
RPSNMLOKIIGGFBN28DA,35,112.32,住家用,鋼筋混凝土造,76年2月28日,二層,一層 二層 騎樓
RPWNMLOKIIGGFCN78DA,28,11.35,見其他登記事項,鋼筋混凝土造,82年8月4日,五層,
RPWNMLOKIIGGFCN78DA,28,99.39,住家用,鋼筋混凝土造,82年8月4日,五層,五層
RPWNMLMKIIGGFAN38DA,12,126.52,集合住宅,鋼筋混凝土造,98年8月21日,七層,二層 陽台
RPWNMLMKIIGGFAN38DA,12,79.35,防空避難室、停車空間、機電設備空間、守衛室、樓電梯間、機房、水箱、社區遊憩空間、社區川廊、管委會辦公室等等,鋼筋混凝土造,98年8月21日,七層,
RPTOMLSJIIGGFAN68DA,28,1068.79,店舖、住家、倉庫,鋼造,82年6月25日,二層,一層 二層
RPTNMLNKRHGGFAN98DA,45,149.10,住家用,加強磚造,65年12月20日,三層,一層 二層 三層 騎樓
RPRNMLSKIIGGFAN48DA,44,82.80,住家用,鋼筋混凝土加強磚造,66年8月15日,二層,一層 二層
RPRNMLRJRHGGFBN56DA,,61.12,集合住宅,鋼筋混凝土造,110年7月29日,九層,六層 陽台
RPRNMLRJRHGGFBN56DA,,37.70,樓電梯間、消防機房、停車空間、排風機房、發電機房,鋼筋混凝土造,110年7月29日,九層,
RPROMLOKIIGGFAN18DA,8,274.92,住宅、停車空間、騎樓,鋼筋混凝土造,102年6月18日,四層,一層 二層 三層 四層 屋頂突出物 騎樓
RPVNMLNKIIGGFAN38DA,29,89.65,住家用,鋼筋混凝土造,82年1月21日,七層,七層 陽台
RPVNMLNKIIGGFAN38DA,29,28.60,社區活動中心、通道、康樂室、避難室、停車空間、梯間,鋼筋混凝土造,82年1月21日,七層,
RPSNMLQJIIGGFBN38DA,,62.05,集合住宅,鋼筋混凝土造,110年7月12日,六層,四層 陽台
RPSNMLQJIIGGFBN38DA,,20.60,本共有部分之項目有門廳、梯廳、梯間、資源回收室、電梯機械室、水箱、台電配電室、消防機械室兼發電機室、電梯機坑、電信室等１０項,鋼筋混凝土造,110年7月12日,六層,
RPXNMLRJRHGGFBN17DA,,61.12,集合住宅,鋼筋混凝土造,110年7月29日,九層,七層 陽台
RPXNMLRJRHGGFBN17DA,,37.70,樓電梯間、消防機房、停車空間、排風機房、發電機房,鋼筋混凝土造,110年7月29日,九層,
RPVNMLPJIIGGFBN58DA,,182.23,住家用,鋼筋混凝土造,110年6月16日,四層,一層 二層 三層 四層 陽台
RPXNMLPJIIGGFBN78DA,,182.23,住家用,鋼筋混凝土造,110年6月16日,四層,一層 二層 三層 四層 陽台
RPRNMLSLRHGGFBN86DA,,161.07,住宅、樓梯間,鋼筋混凝土造,110年6月4日,三層,一層 二層 三層 陽台 見其他登記事項
RPUNMLOKIIGGFAN38DA,27,190.54,住家、停車空間,鋼筋混凝土造,83年8月10日,三層,一層 二層 三層 騎樓 見其他登記事項
RPTNMLPJIIGGFBN38DA,,184.56,住家用,鋼筋混凝土造,110年6月16日,四層,一層 二層 三層 四層 陽台
RPUOMLRJRHGGFBN96DA,,68.85,集合住宅,鋼筋混凝土造,110年7月29日,九層,七層 陽台
RPUOMLRJRHGGFBN96DA,,41.63,樓電梯間、消防機房、停車空間、排風機房、發電機房,鋼筋混凝土造,110年7月29日,九層,
RPWOMLMKIIGGFAN48DA,20,200.58,店舖、住宅、停車空間,鋼筋混凝土造,90年3月9日,四層,一層 二層 三層 四層 陽台 騎樓
RPQNMLSKIIGGFAN38DA,1,161.10,住家用,鋼筋混凝土造,109年7月27日,四層,一層 二層 三層 四層 陽台
RPQNMLSKIIGGFAN38DA,1,.12,電信室,鋼筋混凝土造,109年7月27日,一層,一層
RPVNMLOLRHGGFAN76DA,34,136.81,住商用,鋼筋混凝土造,76年6月29日,三層,一層 二層 三層 騎樓 見其他登記事項
RPSNMLNKIIGGFAN08DA,26,97.41,住家用,鋼筋混凝土造,84年8月25日,八層,八層 陽台
RPSNMLNKIIGGFAN08DA,26,.03,辦公室,鋼筋混凝土造,84年8月25日,八層,一層
RPSNMLNKIIGGFAN08DA,26,31.89,屋頂突出物、平台、停車空間、避難室、車道,鋼筋混凝土造,84年8月25日,八層,
RPSNMLNKIIGGFAN08DA,26,7.47,屋頂突出物、平台、停車空間、避難室、車道,鋼筋混凝土造,84年8月25日,八層,
RPQNMLMKIIGGFAN77DA,54,102.48,住商用,鋼筋混凝土加強磚造,56年7月15日,二層,一層 二層 騎樓
RPXNMLOKIIGGFCN88DA,,156.79,住宅、停車空間,鋼筋混凝土造,110年1月29日,四層,一層 二層 三層 四層 陽台
RPSNMLSKIIGGFCN78DA,51,104.20,住家用,加強磚造,60年3月6日,二層,一層 二層
RPQOMLNKIIGGFCN18DA,43,111.51,住家用,加強磚造,68年2月5日,二層,一層 二層
RPPNMLOKIIGGFCN08DA,27,152.47,住家用,鋼筋混凝土造,83年11月14日,三層,一層 二層 三層 陽台 平台 水箱 露台 花台 雨遮
RPRNMLOKIIGGFBN18DA,30,103.52,住家用,鋼筋混凝土造,80年4月16日,二層,一層 二層 電梯樓梯間
RPOOMLPJIIGGFDN18DA,1,237.89,住宅、停車空間,鋼筋混凝土造,109年11月17日,四層,一層 二層 三層 四層 陽台 屋頂突出物
RPSNMLTLRHGGFFN47DA,1,166.49,店舖，住宅,鋼筋混凝土造,110年1月13日,四層,一層 二層 三層 四層 陽台
RPPNMLOLRHGGFHN86DA,1,208.20,住宅、停車空間,鋼筋混凝土造,110年2月23日,四層,一層 二層 三層 四層 陽台
RPOOMLSJRHGGFBN09DA,,57.06,集合住宅,鋼筋混凝土造,110年7月29日,九層,七層 陽台
RPOOMLSJRHGGFBN09DA,,32.46,樓電梯間、消防機房、停車空間、排風機房、發電機房,鋼筋混凝土造,110年7月29日,九層,
RPPNMLNLRHGGFAN68DA,27,111.00,住家用,鋼筋混凝土造,83年7月29日,十四層,八層 陽台 花台
RPPNMLNLRHGGFAN68DA,27,55.54,停車空間、管理員辦公室、避難室、停車場、梯間,鋼筋混凝土造,83年7月29日,十四層,
RPRNMLPKIIGGFCN38DA,5,191.99,住家用、人行道、梯間,鋼筋混凝土造,105年7月20日,三層,一層 二層 三層 陽台 屋頂突出物 騎樓
RPXNMLTLRHGGFHN18DA,1,197.85,住宅、停車空間,鋼筋混凝土造,110年2月23日,四層,一層 二層 三層 四層 陽台
RPTNMLPKIIGGFFN88DA,28,125.00,住家用,鋼筋混凝土造,82年12月13日,三層,一層 二層 三層
RPUNMLQJIIGGFFN98DA,1,147.06,停車空間、住宅,鋼筋混凝土造,110年2月1日,四層,一層 二層 三層 四層 陽台
RPPNMLSKIIGGFFN78DA,21,480.14,農舍,鋼筋混凝土造,89年6月30日,三層,一層 二層 地下層
RPPOMLPKIIGGFDN38DA,2,97.96,店舖、集合住宅,鋼筋混凝土造,108年5月7日,十三層,一層 見其他登記事項
RPPOMLPKIIGGFDN38DA,2,44.19,共有部分主要用途項目有：停車空間、防空避難室兼停車空間、台電配電場所、公共服務空間等四項,鋼筋混凝土造,108年5月7日,十三層,
RPPOMLPKIIGGFDN38DA,2,24.91,共有部分主要用途項目有：樓梯間、電梯機房、水箱等三項,鋼筋混凝土造,108年5月7日,十三層,
RPUNMLSKIIGGFGN76DA,17,488.36,住宅、補習班、停車空間,鋼筋混凝土造,93年7月29日,四層,一層 二層 三層 四層 陽台 屋頂突出物 騎樓
RPWNMLMKIIGGFHN09DA,,205.41,停車空間、住宅,鋼筋混凝土造,110年2月8日,四層,一層 二層 三層 四層 陽台
RPQNMLTKQHGGFCN76DA,6,20.00,資材室,鋼鐵造有牆,104年8月7日,一層,一層
