﻿編號,土地位置,土地移轉面積(平方公尺),使用分區或編定,權利人持分分母,權利人持分分子,移轉情形,地號
The serial number, land position,land shifting area square meter,the use zoning or compiles and checks,,,,land parcel
RPQNMLRJIIGGFAN18DA,秀水段,2420.00,非都市：特定農業區 ; 非都市編定：農牧用地,1,1,全筆移轉,12550000
RPRNMLQJIIGGFAN18DA,牛稠子段牛稠子小段,1.00,都市：其他:乙種工業區,440,1,持分移轉,00920000
RPRNMLQJIIGGFAN18DA,牛稠子段牛稠子小段,3.38,都市：其他:乙種工業區,5472,19,持分移轉,00920086
RPRNMLQJIIGGFAN18DA,牛稠子段牛稠子小段,67.00,都市：其他:乙種工業區,1,1,全筆移轉,00920101
RPRNMLQJIIGGFAN18DA,牛稠子段牛稠子小段,24.22,都市：其他:乙種工業區,2570,67,持分移轉,00920119
RPRNMLQJIIGGFAN18DA,牛稠子段牛稠子小段,.44,都市：其他:乙種工業區,2570,67,持分移轉,00920158
RPROMLPJIIGGFAN18DA,學前段,61.34,都市：其他:住宅區,2,1,持分移轉,07420011
RPPNMLPJIIGGFAN87DA,西勢子段西勢子小段,135.00,都市：其他:道路用地,1,1,全筆移轉,00980053
RPPNMLPJIIGGFAN87DA,西勢子段西勢子小段,21.00,都市：其他:道路用地,1,1,全筆移轉,00980217
RPPNMLPJIIGGFAN87DA,西勢子段西勢子小段,23.00,都市：其他:道路用地,1,1,全筆移轉,00980218
RPSOMLRJIIGGFAN48DA,延平段,91.00,都市：其他:住宅區,1,1,全筆移轉,00710000
RPRNMLSJIIGGFAN38DA,大德段,426.03,非都市：山坡地保育區 ; 非都市編定：農牧用地,1,1,全筆移轉,08980000
RPUNMLLLPHGGFBN88DA,重興段,68.00,都市：其他:住宅區,1,1,全筆移轉,04030008
RPSNMLRJIIGGFAN38DA,西興段,72.00,非都市：鄉村區 ; 非都市編定：乙種建築用地,1,1,全筆移轉,09250001
RPSNMLRJIIGGFAN38DA,西興段,9.00,非都市：鄉村區 ; 非都市編定：乙種建築用地,1,1,全筆移轉,09260000
RPSNMLRJIIGGFAN38DA,西興段,160.00,非都市：鄉村區 ; 非都市編定：乙種建築用地,1,1,全筆移轉,09270000
RPSNMLRJIIGGFAN38DA,西興段,291.00,非都市：鄉村區 ; 非都市編定：乙種建築用地,1,1,全筆移轉,09290000
RPTNMLRJIIGGFAN48DA,民生段,21.12,都市：其他:商業區,10000,171,持分移轉,08630000
RPVNMLRJIIGGFAN68DA,南郭段南郭小段,38.13,都市：其他:住宅區,1000000,16837,持分移轉,00380010
RPVNMLRJIIGGFAN68DA,南郭段南郭小段,.45,都市：其他:住宅區,1000000,16837,持分移轉,00380499
RPVNMLRJIIGGFAN68DA,南郭段南郭小段,.59,都市：其他:住宅區,1000000,16837,持分移轉,00380500
RPVNMLRJIIGGFAN68DA,南郭段南郭小段,.08,非都市： ; 非都市編定：,1000000,16837,持分移轉,00380503
RPSOMLRJRHGGFAN66DA,南郭段南郭小段,30.06,都市：其他:住宅區,10000,164,持分移轉,04390000
RPTNMLLJIIGGFAN87DA,鳳山段,.02,非都市：山坡地保育區 ; 非都市編定：丙種建築用地,10000,1,持分移轉,14230000
RPRNMLPJIIGGFBN18DA,建興段,412.50,非都市：特定農業區 ; 非都市編定：甲種建築用地,100,55,持分移轉,01940000
RPRNMLPJIIGGFBN18DA,建興段,77.00,非都市：特定農業區 ; 非都市編定：甲種建築用地,100,55,持分移轉,01950000
RPOQMLRJRHGGFBN56DA,重興段,74.00,都市：其他:住宅區,1,1,全筆移轉,04030010
RPWPMLRJRHGGFBN27DA,重興段,82.00,都市：其他:住宅區,1,1,全筆移轉,04030012
RPRQMLRJRHGGFBN86DA,重興段,62.00,都市：其他:住宅區,1,1,全筆移轉,04030006
RPSQMLRJRHGGFBN96DA,重興段,90.00,都市：其他:住宅區,1,1,全筆移轉,04030000
RPSNMLOJIIGGFBN18DA,湖潭段,28.17,非都市：特定農業區 ; 非都市編定：甲種建築用地,480000,16030,持分移轉,01670000
RPSNMLOJIIGGFBN18DA,湖潭段,98.11,非都市：特定農業區 ; 非都市編定：甲種建築用地,1,1,全筆移轉,01760000
RPSNMLPJIIGGFCN38DA,鹿盛段,9.92,都市：其他:住宅區,120,1,持分移轉,03970001
RPPNMLQJIIGGFCN18DA,福鹿段,78.08,非都市：鄉村區 ; 非都市編定：乙種建築用地,1,1,全筆移轉,07780000
RPOPMLRJRHGGFBN09DA,伸同段,23.99,都市：其他:第二種住宅區,10000000,268345,持分移轉,04670000
RPPPMLRJRHGGFBN56DA,伸同段,23.55,都市：其他:第二種住宅區,10000000,263423,持分移轉,04670000
RPSNMLMJRHGGFDN98DA,圳南段,85.75,非都市：特定農業區 ; 非都市編定：甲種建築用地,1,1,全筆移轉,07110040
RPSNMLMJRHGGFDN98DA,圳南段,17.27,非都市：特定農業區 ; 非都市編定：甲種建築用地,60,2,持分移轉,07110052
RPSNMLMJRHGGFDN98DA,圳南段,.29,非都市：特定農業區 ; 非都市編定：甲種建築用地,60,2,持分移轉,07110054
RPRNMLMJRHGGFDN88DA,圳南段,.16,非都市：特定農業區 ; 非都市編定：甲種建築用地,47578,1716,持分移轉,07110000
RPRNMLMJRHGGFDN88DA,圳南段,16.70,非都市：特定農業區 ; 非都市編定：甲種建築用地,47578,1716,持分移轉,07110016
RPRNMLMJRHGGFDN88DA,圳南段,.30,非都市：特定農業區 ; 非都市編定：甲種建築用地,47578,1716,持分移轉,07110020
RPRNMLMJRHGGFDN88DA,圳南段,85.00,非都市：特定農業區 ; 非都市編定：甲種建築用地,1,1,全筆移轉,07110029
RPVPMLOJIIGGFDN88DA,五汴段,71.39,非都市：鄉村區 ; 非都市編定：乙種建築用地,1,1,全筆移轉,03550000
RPVPMLOJIIGGFDN88DA,五汴段,14.13,非都市：鄉村區 ; 非都市編定：乙種建築用地,25,1,持分移轉,03670000
RPPNMLQJIIGGFDN28DA,竹子段,1831.07,非都市：特定農業區 ; 非都市編定：農牧用地,1,1,全筆移轉,01070000
SPPNMLQJIIGGFDN38DA,竹子段,964.06,非都市：特定農業區 ; 非都市編定：農牧用地,1,1,全筆移轉,01080000
RPSPMLOJIIGGFDN58DA,新生段,3.35,都市：其他:第二種商業區,10000,155,持分移轉,11000000
RPSPMLOJIIGGFDN58DA,新生段,.54,都市：其他:第二種住宅區,10000,155,持分移轉,11000001
RPSPMLOJIIGGFDN58DA,新生段,7.82,都市：其他:第二種商業區,10000,155,持分移轉,11010000
RPSPMLOJIIGGFDN58DA,新生段,2.18,都市：其他:第二種住宅區,10000,155,持分移轉,11430000
RPSPMLOJIIGGFDN58DA,新生段,.85,都市：其他:第二種商業區,10000,155,持分移轉,11430001
RPSNMLRJIIGGFEN78DA,新十五段,822.40,非都市：特定農業區 ; 非都市編定：農牧用地,640,121,持分移轉,13300000
RPUNMLPJIIGGFEN78DA,中央段,3.51,都市：其他:商業區,120,1,持分移轉,04790000
RPUNMLPJIIGGFEN78DA,中央段,.07,都市：其他:商業區,120,1,持分移轉,04810000
RPRNMLRJIIGGFEN68DA,新十五段,2467.20,非都市：特定農業區 ; 非都市編定：農牧用地,640,363,持分移轉,13300000
RPSOMLPJIIGGFBN38DA,建興段,112.50,非都市：特定農業區 ; 非都市編定：甲種建築用地,100,15,持分移轉,01940000
RPSOMLPJIIGGFBN38DA,建興段,21.00,非都市：特定農業區 ; 非都市編定：甲種建築用地,100,15,持分移轉,01950000
RPPNMLQJIIGGFBN08DA,建興段,75.00,非都市：特定農業區 ; 非都市編定：甲種建築用地,100,10,持分移轉,01940000
RPPNMLQJIIGGFBN08DA,建興段,14.00,非都市：特定農業區 ; 非都市編定：甲種建築用地,100,10,持分移轉,01950000
RPRNMLQJIIGGFBN28DA,福新段,7756.17,非都市：一般農業區 ; 非都市編定：養殖用地,1,1,全筆移轉,00270000
RPRNMLQJIIGGFBN28DA,福新段,221.24,非都市：一般農業區 ; 非都市編定：養殖用地,1,1,全筆移轉,00280000
RPROMLPJIIGGFBN28DA,建興段,150.00,非都市：特定農業區 ; 非都市編定：甲種建築用地,100,20,持分移轉,01940000
RPROMLPJIIGGFBN28DA,建興段,28.00,非都市：特定農業區 ; 非都市編定：甲種建築用地,100,20,持分移轉,01950000
RPVNMLQJIIGGFFN09DA,瓦厝段,133.00,都市：其他:住宅區,1,1,全筆移轉,04400017
RPVNMLQJIIGGFFN09DA,瓦厝段,21.57,都市：其他:住宅區,46,2,持分移轉,04400025
RPWNMLQJIIGGFFN56DA,瓦厝段,135.00,都市：其他:住宅區,1,1,全筆移轉,04400024
RPWNMLQJIIGGFFN56DA,瓦厝段,21.57,都市：其他:住宅區,46,2,持分移轉,04400025
RPVNMLPJIIGGFHN56DA,二重段,16.21,非都市：鄉村區 ; 非都市編定：乙種建築用地,21706,1621,持分移轉,06140001
RPVNMLPJIIGGFHN56DA,二重段,75.46,非都市：鄉村區 ; 非都市編定：乙種建築用地,1,1,全筆移轉,06140010
RPQNMLRKQHGGFCN56DA,鹿昇段,1018.91,非都市：特定農業區 ; 非都市編定：農牧用地,1,1,全筆移轉,08730000
RPWNMLPJIIGGFHN66DA,二重段,16.21,非都市：鄉村區 ; 非都市編定：乙種建築用地,21706,1621,持分移轉,06140001
RPWNMLPJIIGGFHN66DA,二重段,75.95,非都市：鄉村區 ; 非都市編定：乙種建築用地,1,1,全筆移轉,06140009
RPXNMLPJIIGGFHN76DA,二重段,16.21,非都市：鄉村區 ; 非都市編定：乙種建築用地,43412,3242,持分移轉,06140001
RPUNMLRJRHGGFDN07DA,橋愛段,142.14,都市：其他:第一種住宅區,1,1,全筆移轉,12720000
RPXNMLPJIIGGFHN76DA,二重段,72.85,非都市：鄉村區 ; 非都市編定：乙種建築用地,1,1,全筆移轉,06140005
RPQNMLQJIIGGFHN78DA,顯光段,27.88,非都市：特定農業區 ; 非都市編定：甲種建築用地,25,1,持分移轉,05410004
RPQNMLQJIIGGFHN78DA,顯光段,65.00,非都市：特定農業區 ; 非都市編定：甲種建築用地,1,1,全筆移轉,05410006
RPPOMLPJIIGGFHN68DA,二重段,16.21,非都市：鄉村區 ; 非都市編定：乙種建築用地,21706,1621,持分移轉,06140001
RPPOMLPJIIGGFHN68DA,二重段,72.85,非都市：鄉村區 ; 非都市編定：乙種建築用地,1,1,全筆移轉,06140004
RPQOMLPJIIGGFHN78DA,二重段,16.21,非都市：鄉村區 ; 非都市編定：乙種建築用地,21706,1621,持分移轉,06140001
RPQOMLPJIIGGFHN78DA,二重段,72.85,非都市：鄉村區 ; 非都市編定：乙種建築用地,1,1,全筆移轉,06140003
RPRNMLQJIIGGFHN88DA,顯光段,27.88,非都市：特定農業區 ; 非都市編定：甲種建築用地,25,1,持分移轉,05410004
RPRNMLQJIIGGFHN88DA,顯光段,67.00,非都市：特定農業區 ; 非都市編定：甲種建築用地,1,1,全筆移轉,05410008
RPSNMLQJIIGGFHN98DA,顯光段,27.88,非都市：特定農業區 ; 非都市編定：甲種建築用地,25,1,持分移轉,05410004
RPSNMLQJIIGGFHN98DA,顯光段,82.00,非都市：特定農業區 ; 非都市編定：甲種建築用地,1,1,全筆移轉,05410010
RPUNMLQJIIGGFHN56DA,顯光段,27.88,非都市：特定農業區 ; 非都市編定：甲種建築用地,25,1,持分移轉,05410004
RPUNMLQJIIGGFHN56DA,顯光段,80.00,非都市：特定農業區 ; 非都市編定：甲種建築用地,1,1,全筆移轉,05410012
RPVNMLQJIIGGFHN66DA,顯光段,27.88,非都市：特定農業區 ; 非都市編定：甲種建築用地,25,1,持分移轉,05410004
RPVNMLQJIIGGFHN66DA,顯光段,79.00,非都市：特定農業區 ; 非都市編定：甲種建築用地,1,1,全筆移轉,05410013
RPTNMLQJIIGGFHN09DA,顯光段,27.88,非都市：特定農業區 ; 非都市編定：甲種建築用地,25,1,持分移轉,05410004
RPTNMLQJIIGGFHN09DA,顯光段,81.00,非都市：特定農業區 ; 非都市編定：甲種建築用地,1,1,全筆移轉,05410011
RPPNMLRKRHGGFFN86DA,大新段,10.84,非都市：鄉村區 ; 非都市編定：水利用地,1,1,全筆移轉,09100000
RPPNMLRKRHGGFFN86DA,大新段,10.84,非都市：鄉村區 ; 非都市編定：水利用地,1,1,全筆移轉,09110000
RPPNMLRKRHGGFFN86DA,大新段,74.00,非都市：鄉村區 ; 非都市編定：乙種建築用地,1,1,全筆移轉,09130000
RPQNMLLJIIGGFFN08DA,中寮段,339.00,非都市：鄉村區 ; 非都市編定：乙種建築用地,1,1,全筆移轉,07040000
RPQNMLLJIIGGFFN08DA,中寮段,443.00,非都市：鄉村區 ; 非都市編定：乙種建築用地,1,1,全筆移轉,07050000
RPQNMLPJIIGGFFN48DA,溪底段,192.50,非都市：鄉村區 ; 非都市編定：乙種建築用地,160,5,持分移轉,09830000
RPTNMLOJIIGGFFN68DA,頂豐段,68.00,非都市：特定農業區 ; 非都市編定：甲種建築用地,1,1,全筆移轉,00110015
RPQNMLPJIIGGFFN48DA,溪底段,2.12,非都市：鄉村區 ; 非都市編定：交通用地,160,5,持分移轉,09910000
RPTNMLOJIIGGFFN68DA,頂豐段,2.00,非都市：特定農業區 ; 非都市編定：甲種建築用地,1,1,全筆移轉,00110016
RPTNMLOJIIGGFFN68DA,頂豐段,28.56,非都市：特定農業區 ; 非都市編定：甲種建築用地,16,1,持分移轉,00110022
RPWNMLQJIIGGFHN76DA,顯光段,27.88,非都市：特定農業區 ; 非都市編定：甲種建築用地,25,1,持分移轉,05410004
RPWNMLQJIIGGFHN76DA,顯光段,79.00,非都市：特定農業區 ; 非都市編定：甲種建築用地,1,1,全筆移轉,05410014
RPUOMLQJIIGGFHN66DA,顯光段,27.88,非都市：特定農業區 ; 非都市編定：甲種建築用地,50,2,持分移轉,05410004
RPOOMLQJIIGGFHN68DA,鳳山段,19.18,都市：其他:道路用地,208500,5754,持分移轉,08320000
RPUOMLQJIIGGFHN66DA,顯光段,80.00,非都市：特定農業區 ; 非都市編定：甲種建築用地,1,1,全筆移轉,05410015
RPOOMLQJIIGGFHN68DA,鳳山段,1.08,都市：其他:住宅區,105000,3255,持分移轉,08330026
RPOOMLQJIIGGFHN68DA,鳳山段,155.76,都市：其他:住宅區,1,1,全筆移轉,08380004
RPOOMLQJIIGGFHN68DA,鳳山段,11.42,都市：其他:住宅區,107982,3426,持分移轉,08380006
RPOOMLQJIIGGFHN68DA,鳳山段,1.37,都市：其他:住宅區,13200,411,持分移轉,12220000
RPOOMLQJIIGGFHN68DA,鳳山段,4.14,都市：其他:道路用地,45000,1242,持分移轉,12230000
RPOOMLQJIIGGFHN68DA,鳳山段,13.60,都市：其他:道路用地,147900,4080,持分移轉,12340000
RPOOMLQJIIGGFHN68DA,鳳山段,9.38,都市：其他:道路用地,102000,2814,持分移轉,12380000
RPQOMLQJIIGGFHN88DA,芎蕉段,1.44,都市：其他:農業區,15453,144,持分移轉,00620000
RPQOMLQJIIGGFHN88DA,芎蕉段,13.59,都市：其他:農業區,25,1,持分移轉,00620015
RPQOMLQJIIGGFHN88DA,芎蕉段,84.72,都市：其他:農業區,1,1,全筆移轉,00620017
RPROMLQJIIGGFHN98DA,石埤段,81.00,非都市：鄉村區 ; 非都市編定：乙種建築用地,1,1,全筆移轉,01430031
RPPOMLQJIIGGFHN78DA,芎蕉段,23.38,都市：其他:農業區,25,1,持分移轉,00610001
RPUNMLPJIIGGFHN09DA,西溪段,108.00,都市：其他:工業區,1,1,全筆移轉,08790010
RPPNMLRJIIGGFAN18EA,牛稠子段山腳小段,23.07,都市：其他:住宅區,1710,27,持分移轉,03520000
RPVOMLQJIIGGFHN76DA,芎蕉段,23.38,都市：其他:農業區,50,2,持分移轉,00610001
RPPNMLMKIIGGFAN77EA,西勢子段西勢子小段,4.00,都市：其他:住宅區,1,1,全筆移轉,01020148
RPWOMLQJIIGGFHN86DA,芎蕉段,1.44,都市：其他:農業區,15453,144,持分移轉,00620000
RPWOMLQJIIGGFHN86DA,芎蕉段,24.27,都市：其他:農業區,34590,4854,持分移轉,00620001
RPWOMLQJIIGGFHN86DA,芎蕉段,66.52,都市：其他:農業區,1,1,全筆移轉,00620005
RPWOMLQJIIGGFHN86DA,芎蕉段,13.59,都市：其他:農業區,50,2,持分移轉,00620015
RPOPMLQJIIGGFHN78DA,顯光段,27.88,非都市：特定農業區 ; 非都市編定：甲種建築用地,25,1,持分移轉,05410004
RPOPMLQJIIGGFHN78DA,顯光段,77.00,非都市：特定農業區 ; 非都市編定：甲種建築用地,1,1,全筆移轉,05410016
RPPPMLQJIIGGFHN88DA,芎蕉段,23.38,都市：其他:農業區,25,1,持分移轉,00610001
RPPNMLOJIIGGFGN38DA,新生段,33.83,都市：其他:住宅區,6,1,持分移轉,02090008
RPPNMLOJIIGGFGN38DA,新生段,92.00,都市：其他:住宅區,1,1,全筆移轉,02090012
RPPNMLKMRHGGFGN09DA,竹林段,1025.00,非都市：特定農業區 ; 非都市編定：農牧用地,1,1,全筆移轉,11340000
RPPNMLKMRHGGFGN09DA,永基段,2840.00,非都市：特定農業區 ; 非都市編定：農牧用地,1,1,全筆移轉,13150000
RPPNMLKMRHGGFGN09DA,永基段,2660.00,非都市：特定農業區 ; 非都市編定：農牧用地,1,1,全筆移轉,13160000
RPPNMLKMRHGGFGN09DA,永基段,2610.00,非都市：特定農業區 ; 非都市編定：農牧用地,1,1,全筆移轉,13170000
RPQPMLQJIIGGFHN98DA,芎蕉段,1.44,都市：其他:農業區,15453,144,持分移轉,00620000
RPQPMLQJIIGGFHN98DA,芎蕉段,24.63,都市：其他:農業區,17295,2463,持分移轉,00620001
RPQPMLQJIIGGFHN98DA,芎蕉段,66.65,都市：其他:農業區,1,1,全筆移轉,00620006
RPQPMLQJIIGGFHN98DA,芎蕉段,13.59,都市：其他:農業區,25,1,持分移轉,00620015
RPTPMLQJIIGGFHN66DA,顯光段,27.88,非都市：特定農業區 ; 非都市編定：甲種建築用地,25,1,持分移轉,05410004
RPTPMLQJIIGGFHN66DA,顯光段,75.00,非都市：特定農業區 ; 非都市編定：甲種建築用地,1,1,全筆移轉,05410019
RPUPMLQJIIGGFHN76DA,顯光段,27.88,非都市：特定農業區 ; 非都市編定：甲種建築用地,25,1,持分移轉,05410004
RPUPMLQJIIGGFHN76DA,顯光段,70.00,非都市：特定農業區 ; 非都市編定：甲種建築用地,1,1,全筆移轉,05410020
RPVPMLQJIIGGFHN86DA,顯光段,27.88,非都市：特定農業區 ; 非都市編定：甲種建築用地,25,1,持分移轉,05410004
RPVPMLQJIIGGFHN86DA,顯光段,51.00,非都市：特定農業區 ; 非都市編定：甲種建築用地,1,1,全筆移轉,05410021
RPXPMLQJIIGGFHN07DA,顯光段,27.88,非都市：特定農業區 ; 非都市編定：甲種建築用地,25,1,持分移轉,05410004
RPXPMLQJIIGGFHN07DA,顯光段,106.00,非都市：特定農業區 ; 非都市編定：甲種建築用地,1,1,全筆移轉,05410023
RPWPMLQJIIGGFHN96DA,顯光段,27.88,非都市：特定農業區 ; 非都市編定：甲種建築用地,25,1,持分移轉,05410004
RPWPMLQJIIGGFHN96DA,顯光段,55.00,非都市：特定農業區 ; 非都市編定：甲種建築用地,1,1,全筆移轉,05410022
RPSNMLRLQHGGFAN76EA,秀水段,10.39,都市：其他:住宅區,4752,112,持分移轉,01770022
RPSNMLRLQHGGFAN76EA,秀水段,92.00,都市：其他:住宅區,1,1,全筆移轉,01770029
RPSNMLRLQHGGFAN76EA,秀水段,6.66,都市：其他:農業區,4752,172,持分移轉,01770078
RPSNMLRLQHGGFAN76EA,秀水段,1.00,都市：其他:道路用地,1,1,全筆移轉,01770100
RPSNMLRLQHGGFAN76EA,莿桐段,20.67,都市：其他:住宅區,6,2,持分移轉,13140007
RPPQMLQJIIGGFHN98DA,顯光段,27.88,非都市：特定農業區 ; 非都市編定：甲種建築用地,50,2,持分移轉,05410004
RPPQMLQJIIGGFHN98DA,顯光段,102.00,非都市：特定農業區 ; 非都市編定：甲種建築用地,1,1,全筆移轉,05410025
RPOQMLQJIIGGFHN88DA,顯光段,27.88,非都市：特定農業區 ; 非都市編定：甲種建築用地,25,1,持分移轉,05410004
RPOQMLQJIIGGFHN88DA,顯光段,101.00,非都市：特定農業區 ; 非都市編定：甲種建築用地,1,1,全筆移轉,05410024
RPQNMLRJIIGGFHN88DA,忠覺段,2.00,都市：其他:住宅區,1,1,全筆移轉,01090000
RPQNMLRJIIGGFHN88DA,忠覺段,276.00,都市：其他:住宅區,1,1,全筆移轉,01100000
RPQNMLRJIIGGFHN88DA,忠覺段,175.00,都市：其他:住宅區,1,1,全筆移轉,01110000
RPQNMLRJIIGGFHN88DA,忠覺段,3.00,都市：其他:住宅區,1,1,全筆移轉,01120000
RPPNMLRJIIGGFHN78DA,梧鳳段,6.22,非都市：鄉村區 ; 非都市編定：乙種建築用地,1000,238,持分移轉,01290000
RPSOMLQJIIGGFHN09DA,芎蕉段,23.38,都市：其他:農業區,25,1,持分移轉,00610001
RPPNMLRJIIGGFHN78DA,梧鳳段,84.30,非都市：鄉村區 ; 非都市編定：乙種建築用地,1,1,全筆移轉,01320000
RPTNMLRJIIGGFGN09DA,芳草段,1764.86,非都市：一般農業區 ; 非都市編定：農牧用地,1,1,全筆移轉,01000000
RPRNMLRJIIGGFFN78DA,芙朝段,206.00,非都市：鄉村區 ; 非都市編定：乙種建築用地,1,1,全筆移轉,01760018
RPTOMLQJIIGGFHN56DA,芎蕉段,30.86,都市：其他:農業區,15453,3086,持分移轉,00620000
RPTOMLQJIIGGFHN56DA,芎蕉段,13.59,都市：其他:農業區,25,1,持分移轉,00620015
RPTOMLQJIIGGFHN56DA,芎蕉段,58.51,都市：其他:農業區,1,1,全筆移轉,00620025
RPSNMLRJIIGGFFN88DA,復興段,168.18,都市：其他:住宅區,1,1,全筆移轉,11510000
RPUNMLRJIIGGFFN09DA,七星段,2651.97,非都市：特定農業區 ; 非都市編定：農牧用地,1,1,全筆移轉,08570000
RPXNMLRJIIGGFFN76DA,榮光段,2070.29,非都市：一般農業區 ; 非都市編定：農牧用地,1,1,全筆移轉,04160000
RPXNMLRJIIGGFFN76DA,榮光段,3076.58,非都市：一般農業區 ; 非都市編定：農牧用地,1,1,全筆移轉,04170000
RPQNMLSJIIGGFFN78DA,元埔段,124.00,非都市：鄉村區 ; 非都市編定：乙種建築用地,1,1,全筆移轉,06350001
RPQNMLSJIIGGFFN78DA,元埔段,17.41,非都市：鄉村區 ; 非都市編定：乙種建築用地,20000,1666,持分移轉,06350007
RPSNMLSJRHGGFGN27DA,偉糖段,8909.00,非都市：特定農業區 ; 非都市編定：丁種建築用地,1,1,全筆移轉,06750000
RPQNMLLKRHGGFGN09DA,新漢寶段,3144.08,非都市：一般農業區 ; 非都市編定：農牧用地,1,1,全筆移轉,07570000
RPSNMLKKRHGGFFN09DA,福德段,43.00,非都市：鄉村區 ; 非都市編定：乙種建築用地,1,1,全筆移轉,07280008
RPSNMLKKRHGGFFN09DA,福德段,23.16,非都市：鄉村區 ; 非都市編定：乙種建築用地,200000,16140,持分移轉,07280018
RPPNMLRJIIGGFEN48DA,廣興段,56.13,都市：其他:農業區,18,2,持分移轉,13560000
RPPNMLRJIIGGFEN48DA,廣興段,167.65,都市：其他:農業區,18,2,持分移轉,13580000
RPQNMLRJIIGGFEN58DA,廣興段,247.63,都市：其他:農業區,63300,12210,持分移轉,13470000
RPWNMLLJRHGGFHN07DA,新南段,16.14,非都市：鄉村區 ; 非都市編定：乙種建築用地,12,1,持分移轉,04550006
RPWNMLLJRHGGFHN07DA,新南段,76.36,非都市：鄉村區 ; 非都市編定：乙種建築用地,1,1,全筆移轉,04550008
RPRNMLLJIIGGFGN38EA,儒香段,62.71,都市：其他:住宅區,7,1,持分移轉,12820000
RPRNMLRJIIGGFGN98EA,楓港段,1896.00,非都市：一般農業區 ; 非都市編定：農牧用地,1,1,全筆移轉,05640000
RPRNMLRJIIGGFGN98EA,楓港段,1845.00,非都市：一般農業區 ; 非都市編定：農牧用地,1,1,全筆移轉,05650000
RPQNMLQJIIGGFDN38DA,黎明段,21.65,都市：其他:第二種住宅區,75,8,持分移轉,09560000
RPPNMLRJIIGGFDN38DA,五汴段,1222.95,非都市：特定農業區 ; 非都市編定：農牧用地,1,1,全筆移轉,10990000
RPQNMLNLRHGGFEN56DA,新民段,5.00,都市：其他:住宅區,1,1,全筆移轉,06770000
RPQNMLRJIIGGFDN48DA,五汴段,1164.71,非都市：特定農業區 ; 非都市編定：農牧用地,1,1,全筆移轉,10990001
RPSNMLRJIIGGFDN68DA,三義段,4.54,都市：其他:第二種商業區,10000,50,持分移轉,07240000
RPTNMLRJIIGGFDN78DA,員林段,7.00,都市：其他:第二種住宅區,1,1,全筆移轉,00540093
RPTNMLRJIIGGFDN78DA,員林段,94.00,都市：其他:第二種住宅區,1,1,全筆移轉,00560005
RPTNMLRJIIGGFDN78DA,員林段,10.00,都市：其他:第二種住宅區,1,1,全筆移轉,00560040
RPTNMLRJIIGGFDN78DA,員林段,1.00,都市：其他:園道用地,1,1,全筆移轉,00560041
RPVPMLKMRHGGFDN96DA,新中州段,108.69,都市：其他:住宅區,1,1,全筆移轉,06460027
RPVPMLKMRHGGFDN96DA,新中州段,24.68,都市：其他:住宅區,9308,2468,持分移轉,06460031
RPWNMLQJIIGGFBN88EA,伸東段,79.00,都市：其他:住宅區,1,1,全筆移轉,09000007
RPPNMLSJIIGGFEN58DA,橋頭段,17.13,非都市：鄉村區 ; 非都市編定：乙種建築用地,128000,4606,持分移轉,06590000
RPPNMLSJIIGGFEN58DA,橋頭段,86.79,非都市：鄉村區 ; 非都市編定：乙種建築用地,1,1,全筆移轉,06740000
RPPQMLKMRHGGFDN09DA,三條圳段十七份小段,17.05,都市：其他:第二種住宅區,26800,3461,持分移轉,03740000
RPPQMLKMRHGGFDN09DA,三條圳段十七份小段,17.56,都市：其他:第二種住宅區,26800,3461,持分移轉,03740001
RPXNMLQJRHGGFDN27DA,江夏段,.68,非都市：鄉村區 ; 非都市編定：乙種建築用地,78,1,持分移轉,00740000
RPXNMLQJRHGGFDN27DA,江夏段,13.43,非都市：鄉村區 ; 非都市編定：乙種建築用地,48,1,持分移轉,00740065
RPXNMLQJRHGGFDN27DA,江夏段,52.68,非都市：鄉村區 ; 非都市編定：乙種建築用地,1,1,全筆移轉,00740073
RPRNMLSJIIGGFEN78DA,仁雅段,27.58,都市：其他:住宅區,1,1,全筆移轉,01720000
RPRNMLSJIIGGFDN68DA,江夏段,2717.83,非都市：特定農業區 ; 非都市編定：農牧用地,1,1,全筆移轉,06160000
RPSNMLSJIIGGFDN78DA,新員水段,2.95,非都市：鄉村區 ; 非都市編定：乙種建築用地,30,2,持分移轉,08220000
RPPNMLRJIIGGFCN28DA,永安段,53.46,非都市：鄉村區 ; 非都市編定：乙種建築用地,672,28,持分移轉,16710000
RPVNMLRJIIGGFDN98DA,江夏段,76.74,非都市：鄉村區 ; 非都市編定：乙種建築用地,12,2,持分移轉,03590000
RPVNMLRJIIGGFDN98DA,江夏段,161.76,非都市：鄉村區 ; 非都市編定：乙種建築用地,1,1,全筆移轉,03620000
RPVNMLRJIIGGFDN98DA,江夏段,163.78,非都市：鄉村區 ; 非都市編定：乙種建築用地,1,1,全筆移轉,03630000
RPUNMLSJIIGGFDN98DA,新興段,1325.34,非都市：特定農業區 ; 非都市編定：農牧用地,1,1,全筆移轉,10010002
RPQNMLPJIIGGFCN18DA,東昇段,48.58,非都市：特定農業區 ; 非都市編定：甲種建築用地,1000000,4336,持分移轉,10630003
RPUNMLSJIIGGFFN56DA,新埤頭段,89.42,非都市：鄉村區 ; 非都市編定：乙種建築用地,1,1,全筆移轉,06450002
RPVNMLTLRHGGFCN47DA,永福段,97.00,都市：其他:住宅區,1,1,全筆移轉,06010008
RPWNMLLLPHGGFFN86DA,八德段,31.00,非都市：鄉村區 ; 非都市編定：交通用地,1,1,全筆移轉,01480000
RPWNMLLLPHGGFFN86DA,八德段,218.00,非都市：鄉村區 ; 非都市編定：乙種建築用地,1,1,全筆移轉,01490001
RPPNMLOJIIGGFBN87DA,重光段,1580.00,非都市：特定農業區 ; 非都市編定：農牧用地,1,1,全筆移轉,07040000
RPSOMLOJIIGGFBN28DA,大霞段,16.00,非都市：鄉村區 ; 非都市編定：乙種建築用地,1,1,全筆移轉,03030004
RPSOMLOJIIGGFBN28DA,大霞段,56.00,非都市：鄉村區 ; 非都市編定：乙種建築用地,1,1,全筆移轉,03040004
RPSOMLOJIIGGFBN28DA,大霞段,6.82,非都市：鄉村區 ; 非都市編定：乙種建築用地,11,1,持分移轉,03040012
RPUNMLKMRHGGFBN09DA,和西段,110.00,都市：其他:住宅區,1,1,全筆移轉,08910008
RPSNMLTKQHGGFBN86DA,伸同段,599.20,都市：其他:第一種住宅區,1,1,全筆移轉,03590000
RPUNMLSJIIGGFAN68DA,金馬段,118.37,都市：其他:住宅區,6,2,持分移轉,09880000
RPOOMLQJIIGGFBN08DA,仁愛段,1.00,都市：其他:商業區,1,1,全筆移轉,05800017
RPOOMLQJIIGGFBN08DA,仁愛段,70.36,都市：其他:商業區,1,1,全筆移轉,13650017
RPTOMLRJIIGGFAN58DA,牛稠子段牛稠子小段,79.54,都市：其他:社教用地,24,23,持分移轉,00240050
RPWNMLQJIIGGFAN68DA,大埔段,10.62,都市：其他:住宅區,10000,212,持分移轉,03060045
RPXNMLRJIIGGFAN88DA,西門口段,51.00,都市：其他:住宅區,1,1,全筆移轉,05300013
RPOOMLRJIIGGFAN08DA,西門口段,641.00,都市：其他:住宅區,1,1,全筆移轉,05550000
RPUNMLRLRHGGFBN07DA,伸股段,38.44,都市：其他:第一種住宅區,8,2,持分移轉,04460004
RPUNMLRLRHGGFBN07DA,伸股段,64.54,都市：其他:第一種住宅區,1,1,全筆移轉,04460009
RPQOMLRJIIGGFBN38DA,大榮段,80.50,非都市：特定農業區 ; 非都市編定：交通用地,28,23,持分移轉,00040001
RPROMLRJIIGGFBN48DA,德興段,2280.00,都市：其他:農業區,1,1,全筆移轉,14840000
RPOOMLSJIIGGFAN18DA,阿夷段柴坑子小段,50.67,非都市：鄉村區 ; 非都市編定：乙種建築用地,60,19,持分移轉,08920006
RPOOMLSJIIGGFAN18DA,阿夷段柴坑子小段,50.67,非都市：鄉村區 ; 非都市編定：乙種建築用地,60,19,持分移轉,08920013
RPUNMLRJIIGGFAN58DA,三民段,12.77,都市：其他:商業區,10000,76,持分移轉,11720000
RPPOMLSJIIGGFAN28DA,南興段,15.23,都市：其他:住宅區,10000,64,持分移轉,00080000
RPQNMLQJIIGGFAN08DA,民權段,5.00,都市：其他:商業區,1,1,全筆移轉,01510000
RPTOMLPJIIGGFAN38DA,古夷段,4.56,都市：其他:住宅區,16,1,持分移轉,11810000
RPTOMLPJIIGGFAN38DA,古夷段,19.01,都市：其他:住宅區,16,1,持分移轉,11860011
RPTOMLPJIIGGFAN38DA,古夷段,65.82,都市：其他:住宅區,1,1,全筆移轉,11860017
RPTOMLPJIIGGFAN38DA,古夷段,6.75,都市：其他:住宅區,1,1,全筆移轉,11860018
RPRNMLMKIIGGFAN87DA,馬興段,104.29,非都市：鄉村區 ; 非都市編定：乙種建築用地,1,1,全筆移轉,11470042
RPRNMLMKIIGGFAN87DA,馬興段,32.30,非都市：鄉村區 ; 非都市編定：乙種建築用地,1,1,全筆移轉,11470044
RPSOMLPJIIGGFAN28DA,金興段,144.00,非都市：特定農業區 ; 非都市編定：丁種建築用地,448,144,持分移轉,04930000
RPPOMLRJIIGGFAN18DA,牛稠子段牛稠子小段,94.00,都市：其他:住宅區,1,1,全筆移轉,01020205
RPPOMLRJIIGGFAN18DA,牛稠子段牛稠子小段,54.00,都市：其他:住宅區,1,1,全筆移轉,01020206
RPOPMLRJIIGGFAN18DA,鳳山段,4.99,非都市：鄉村區 ; 非都市編定：乙種建築用地,96,1,持分移轉,08230000
RPOPMLRJIIGGFAN18DA,鳳山段,146.71,非都市：鄉村區 ; 非都市編定：乙種建築用地,1,1,全筆移轉,08990000
RPTNMLSJIIGGFAN58DA,西門口段,1.54,都市：其他:住宅區,66408,37,持分移轉,05580000
RPRNMLMKIIGGFBN97DA,嘉安段,68.08,都市：其他:農業區,1,1,全筆移轉,10530000
RPRNMLMKIIGGFBN97DA,嘉安段,4.81,都市：其他:農業區,18,1,持分移轉,10550000
RPRNMLSJIIGGFBN48DA,德興段,653.00,都市：其他:住宅區,1,1,全筆移轉,10070000
RPRNMLSJIIGGFBN48DA,德興段,27.50,都市：其他:道路用地,2,1,持分移轉,10070001
RPRNMLSJIIGGFBN48DA,德興段,163.00,都市：其他:住宅區,1,1,全筆移轉,10070002
RPRNMLSJIIGGFBN48DA,德興段,164.00,都市：其他:住宅區,1,1,全筆移轉,10070003
RPPNMLMKIIGGFDN97DA,慶安段,46.09,非都市：特定農業區 ; 非都市編定：甲種建築用地,1,1,全筆移轉,10700002
RPTPMLKMRHGGFDN76DA,惠農段,1.38,都市：其他:第三種住宅區。,348,27,持分移轉,09260000
RPTPMLKMRHGGFDN76DA,惠農段,82.94,都市：其他:第二種住宅區,1,1,全筆移轉,09360000
RPTPMLKMRHGGFDN76DA,惠農段,3.68,都市：其他:第二種住宅區,1,1,全筆移轉,09360001
RPTPMLKMRHGGFDN76DA,惠農段,2.87,都市：其他:第二種住宅區,348,27,持分移轉,09380000
RPTPMLKMRHGGFDN76DA,惠農段,.10,都市：其他:道路用地,348,27,持分移轉,09470000
RPUNMLRJIIGGFDN88DA,源聖段,27.96,非都市：鄉村區 ; 非都市編定：乙種建築用地,2000,9,持分移轉,05340000
RPUNMLRJIIGGFDN88DA,源聖段,45.29,非都市：特定農業區 ; 非都市編定：水利用地,1,1,全筆移轉,06610000
RPQNMLRJIIGGFFN68DA,崙南段,187.43,都市：其他:住宅區,1,1,全筆移轉,11040000
RPPNMLSJIIGGFFN68DA,中寮段,553.00,非都市：特定農業區 ; 非都市編定：農牧用地,1,1,全筆移轉,01630005
RPPNMLSJIIGGFFN68DA,中寮段,19.11,非都市：特定農業區 ; 非都市編定：農牧用地,64800,3200,持分移轉,01630015
RPOPMLMKIIGGFAN77DA,新舊社段,3273.68,非都市：山坡地保育區 ; 非都市編定：農牧用地,3,1,持分移轉,04930000
RPTNMLRJIIGGFFN98DA,大松段,522.00,都市：其他:商業區,1,1,全筆移轉,01780000
RPTNMLRJIIGGFFN98DA,大松段,263.00,都市：其他:商業區,1,1,全筆移轉,01780001
RPTNMLRJIIGGFFN98DA,大松段,207.70,都市：其他:商業區,1000,335,持分移轉,01780004
RPROMLQJRHGGFFN96DA,光復段,87.00,都市：其他:住宅區,1,1,全筆移轉,17240001
RPQNMLSJRHGGFHN17DA,霖興段,7.18,都市：其他:農業區,112,1,持分移轉,04860000
SPQNMLSJRHGGFHN27DA,霖興段,4.79,都市：其他:農業區,168,1,持分移轉,04860000
TPQNMLSJRHGGFHN37DA,霖興段,1.37,都市：其他:農業區,588,1,持分移轉,04860000
VPQNMLSJRHGGFHN57DA,霖興段,7.18,都市：其他:農業區,112,1,持分移轉,04860000
UPQNMLSJRHGGFHN47DA,霖興段,28.71,都市：其他:農業區,168,6,持分移轉,04860000
WPQNMLSJRHGGFHN67DA,霖興段,7.18,都市：其他:農業區,112,1,持分移轉,04860000
XPQNMLSJRHGGFHN77DA,霖興段,7.18,都市：其他:農業區,112,1,持分移轉,04860000
YPQNMLSJRHGGFHN87DA,霖興段,9.57,都市：其他:農業區,168,2,持分移轉,04860000
ZPQNMLSJRHGGFHN97DA,霖興段,1.44,都市：其他:農業區,560,1,持分移轉,04860000
QQQNMLSJRHGGFHN17DA,霖興段,1.44,都市：其他:農業區,560,1,持分移轉,04860000
RQQNMLSJRHGGFHN27DA,霖興段,1.44,都市：其他:農業區,560,1,持分移轉,04860000
SQQNMLSJRHGGFHN37DA,霖興段,1.44,都市：其他:農業區,560,1,持分移轉,04860000
RPPNMLSJIIGGFGN78DA,儒興段,191.19,非都市：特定農業區 ; 非都市編定：甲種建築用地,1000,168,持分移轉,07630000
RPSNMLSJIIGGFGN09DA,中城段,2.02,都市：其他:住宅區,29,1,持分移轉,05290012
RPSNMLSJIIGGFGN09DA,中城段,23.06,都市：其他:住宅區,24,1,持分移轉,05290013
RPSNMLSJIIGGFGN09DA,中城段,88.51,非都市： ; 非都市編定：,1,1,全筆移轉,05290020
RPUNMLRJIIGGFGN56DA,建新段,73.57,非都市：鄉村區 ; 非都市編定：乙種建築用地,1,1,全筆移轉,01050000
RPSNMLSJIIGGFFN98DA,中寮段,311.39,非都市：特定農業區 ; 非都市編定：農牧用地,685,180,持分移轉,01630011
RPSNMLSJIIGGFFN98DA,中寮段,10.75,非都市：特定農業區 ; 非都市編定：農牧用地,64800,1800,持分移轉,01630015
RPSNMLRJIIGGFHN09DA,顯光段,75.00,非都市：特定農業區 ; 非都市編定：甲種建築用地,1,1,全筆移轉,05410001
RPSNMLRJIIGGFHN09DA,顯光段,27.88,非都市：特定農業區 ; 非都市編定：甲種建築用地,25,1,持分移轉,05410004
RPTNMLRJIIGGFHN56DA,顯光段,77.00,非都市：特定農業區 ; 非都市編定：甲種建築用地,1,1,全筆移轉,05410003
RPTNMLRJIIGGFHN56DA,顯光段,27.88,非都市：特定農業區 ; 非都市編定：甲種建築用地,50,2,持分移轉,05410004
RPVNMLRJIIGGFHN76DA,顯光段,27.88,非都市：特定農業區 ; 非都市編定：甲種建築用地,25,1,持分移轉,05410004
RPVNMLRJIIGGFHN76DA,顯光段,75.00,非都市：特定農業區 ; 非都市編定：甲種建築用地,1,1,全筆移轉,05410018
RPUNMLRJIIGGFHN66DA,顯光段,27.88,非都市：特定農業區 ; 非都市編定：甲種建築用地,25,1,持分移轉,05410004
RPUNMLRJIIGGFHN66DA,顯光段,85.00,非都市：特定農業區 ; 非都市編定：甲種建築用地,1,1,全筆移轉,05410009
RPWNMLRJIIGGFHN86DA,新興段,711.00,都市：其他:農業區,1,1,全筆移轉,10010004
RPXNMLRJIIGGFHN96DA,顯光段,75.00,非都市：特定農業區 ; 非都市編定：甲種建築用地,1,1,全筆移轉,05410002
RPXNMLRJIIGGFHN96DA,顯光段,27.88,非都市：特定農業區 ; 非都市編定：甲種建築用地,25,1,持分移轉,05410004
RPPOMLRJIIGGFHN88DA,鎮安段,1186.00,非都市：特定農業區 ; 非都市編定：農牧用地,1,1,全筆移轉,06470000
RPQOMLRJIIGGFHN98DA,新興段,364.50,都市：其他:農業區,2,1,持分移轉,10010003
RPUNMLLJMHGGFCN58EA,新生段,2500.00,非都市：特定農業區 ; 非都市編定：農牧用地,1,1,全筆移轉,15220000
RPUNMLLJMHGGFCN58EA,新生段,1850.00,非都市：特定農業區 ; 非都市編定：農牧用地,1,1,全筆移轉,15230000
RPPNMLSJIIGGFHN88DA,北勢段,80.89,都市：其他:住宅區,1,1,全筆移轉,13580003
RPRNMLSJIIGGFHN09DA,瓦窯北段,93.12,非都市：鄉村區 ; 非都市編定：乙種建築用地,1,1,全筆移轉,03810000
RPPNMLMKIIGGFHN38DA,義和段,123.00,非都市：特定農業區 ; 非都市編定：農牧用地,1,1,全筆移轉,03320001
RPSNMLSJIIGGFHN56DA,仁華段,701.99,非都市：特定農業區 ; 非都市編定：農牧用地,1,1,全筆移轉,12090000
RPSNMLSJIIGGFHN56DA,仁華段,458.10,非都市：特定農業區 ; 非都市編定：農牧用地,1,1,全筆移轉,12100000
RPSNMLMKIIGGFHN68DA,太平西段,2616.67,非都市：特定農業區 ; 非都市編定：農牧用地,1,1,全筆移轉,10800000
RPQNMLMKIIGGFHN48DA,新南段,72.31,非都市：鄉村區 ; 非都市編定：乙種建築用地,1,1,全筆移轉,06420003
RPQNMLMKIIGGFHN48DA,新南段,4.01,非都市：鄉村區 ; 非都市編定：乙種建築用地,490,10,持分移轉,06420005
RPTNMLMKIIGGFHN78DA,光平段,103.00,都市：其他:商業區,1,1,全筆移轉,08330006
RPPOMLMKIIGGFAN87EA,馬鳴段,1994.00,非都市：特定農業區 ; 非都市編定：農牧用地,1,1,全筆移轉,11000000
RPQOMLNKIIGGFAN08EA,牛稠子段牛稠子小段,69.00,都市：其他:住宅區,1,1,全筆移轉,01810010
RPTNMLQJIIGGFBN58EA,大雅段,31.75,非都市：特定農業區 ; 非都市編定：甲種建築用地,200000,9338,持分移轉,11140000
RPTNMLQJIIGGFBN58EA,大雅段,2.17,非都市：特定農業區 ; 非都市編定：甲種建築用地,48,2,持分移轉,11140001
RPQNMLPJIIGGFHN68DA,大竹段,4.59,都市：其他:住宅區,450,59,持分移轉,08940000
RPPNMLSJIIGGFCN48EA,永福段,60.05,都市：其他:住宅區,21,13,持分移轉,06590000
RPUNMLQJIIGGFBN68EA,大雅段,25.61,非都市：特定農業區 ; 非都市編定：甲種建築用地,100000,3766,持分移轉,11140000
RPUNMLQJIIGGFBN68EA,大雅段,2.17,非都市：特定農業區 ; 非都市編定：甲種建築用地,24,1,持分移轉,11140001
RPSNMLMKIIGGFGN68EA,西庄段,88.24,非都市：鄉村區 ; 非都市編定：乙種建築用地,12,1,持分移轉,05620000
RPSNMLMKIIGGFGN68EA,西庄段,49.54,非都市：鄉村區 ; 非都市編定：乙種建築用地,60,5,持分移轉,06360000
RPSNMLMKIIGGFGN68EA,西庄段,56.49,非都市：鄉村區 ; 非都市編定：乙種建築用地,60,5,持分移轉,06370000
RPSNMLMKIIGGFGN68EA,西庄段,6.12,非都市：鄉村區 ; 非都市編定：乙種建築用地,12,1,持分移轉,06510000
RPPNMLLJIIGGFCN67DA,上林段,197.67,非都市：工業區 ; 非都市編定：丁種建築用地,1,1,全筆移轉,04850212
RPUNMLOJIIGGFCN48DA,海埔段,34.01,非都市：鄉村區 ; 非都市編定：乙種建築用地,1,1,全筆移轉,02360000
RPVNMLOJIIGGFCN58DA,外中段,5.42,非都市：鄉村區 ; 非都市編定：乙種建築用地,540,22,持分移轉,06830000
RPVNMLOJIIGGFCN58DA,外中段,80.00,非都市：鄉村區 ; 非都市編定：乙種建築用地,1,1,全筆移轉,06830007
RPVNMLOJIIGGFCN58DA,外中段,11.25,非都市：鄉村區 ; 非都市編定：乙種建築用地,4,1,持分移轉,06830009
RPVNMLOJIIGGFCN58DA,外中段,18.83,非都市：鄉村區 ; 非都市編定：乙種建築用地,3980,333,持分移轉,06840002
RPRNMLOJIIGGFCN18DA,秀安段,2468.00,非都市：特定農業區 ; 非都市編定：農牧用地,1,1,全筆移轉,21980000
RPRNMLRJIIGGFHN98DA,中山段,108.00,都市：其他:住宅區,1,1,全筆移轉,05690001
RPSNMLNKIIGGFGN68DA,犁頭厝段,4107.00,非都市：特定農業區 ; 非都市編定：農牧用地,1,1,全筆移轉,03330011
RPSNMLNKIIGGFGN68DA,犁頭厝段,907.00,非都市：特定農業區 ; 非都市編定：農牧用地,1,1,全筆移轉,06330016
RPTNMLSJIIGGFGN56DA,儒興段,82.64,都市：其他:住宅區,1,1,全筆移轉,03170018
RPPNMLMKIIGGFGN28DA,上興段,363.59,非都市：鄉村區 ; 非都市編定：乙種建築用地,1836,368,持分移轉,09240000
RPPNMLMKIIGGFGN28DA,上興段,118.00,非都市：鄉村區 ; 非都市編定：乙種建築用地,2118,118,持分移轉,09370000
RPUNMLSJIIGGFGN66DA,興糖段,226.00,非都市：鄉村區 ; 非都市編定：乙種建築用地,485,226,持分移轉,00910000
RPQNMLMKIIGGFGN38DA,儒田段,17.43,都市：其他:住宅區,18,1,持分移轉,04180013
RPQNMLMKIIGGFGN38DA,儒田段,58.24,都市：其他:住宅區,1,1,全筆移轉,04180019
RPOOMLQJIIGGFFN48DA,田平段,128.74,都市：其他:住宅區,1,1,全筆移轉,03030015
RPOOMLQJIIGGFFN48DA,田平段,18.70,都市：其他:住宅區,28513,1870,持分移轉,03030025
RPRNMLSJIIGGFFN88DA,大安段,133.88,都市：其他:農業區,32400,527,持分移轉,05000000
RPRNMLSJIIGGFFN88DA,大安段,11.86,都市：其他:農業區,6480,101,持分移轉,05010000
RPOOMLRJIIGGFFN58DA,瓦厝段,108.00,都市：其他:住宅區,1,1,全筆移轉,04400010
RPOOMLRJIIGGFFN58DA,瓦厝段,21.57,都市：其他:住宅區,23,1,持分移轉,04400025
RPQNMLPKRHGGFGN86DA,新生段,95.00,都市：其他:住宅區,1,1,全筆移轉,02090003
RPPOMLRJIIGGFFN68DA,瓦厝段,107.00,都市：其他:住宅區,1,1,全筆移轉,04400013
RPPOMLRJIIGGFFN68DA,瓦厝段,21.57,都市：其他:住宅區,23,1,持分移轉,04400025
RPVNMLSJIIGGFFN66DA,大安段,133.88,都市：其他:農業區,32400,527,持分移轉,05000000
RPVNMLSJIIGGFFN66DA,大安段,11.86,都市：其他:農業區,6480,101,持分移轉,05010000
RPUNMLMKIIGGFDN58EA,新生段,16.36,都市：其他:第二種住宅區,1,1,全筆移轉,03640001
RPUNMLMKIIGGFDN58EA,新生段,19.32,都市：其他:第二種商業區,1,1,全筆移轉,03640002
RPTNMLRJIIGGFEN88DA,高鐵段,381.17,都市：其他:產業服務專用區,1,1,全筆移轉,07490000
RPSNMLQJIIGGFEN68DA,新山清段,13.37,非都市：鄉村區 ; 非都市編定：乙種建築用地,46,2,持分移轉,02720000
RPSNMLQJIIGGFEN68DA,新山清段,67.53,非都市：鄉村區 ; 非都市編定：乙種建築用地,1,1,全筆移轉,02930000
RPQNMLMKIIGGFFN28DA,芳平段,91.39,非都市：鄉村區 ; 非都市編定：乙種建築用地,1,1,全筆移轉,07930000
RPRNMLMKIIGGFFN38DA,仁愛段,40.00,非都市：鄉村區 ; 非都市編定：乙種建築用地,1,1,全筆移轉,03080000
RPQNMLLKRHGGFAN48DA,福元段,637.09,非都市：山坡地保育區 ; 非都市編定：丁種建築用地,1,1,全筆移轉,03460000
RPQNMLLKRHGGFAN48DA,福元段,19.57,非都市：山坡地保育區 ; 非都市編定：丁種建築用地,1,1,全筆移轉,03470000
RPWNMLNKIIGGFFN98DA,大松段,90.00,都市：其他:住宅區,1,1,全筆移轉,08680008
RPWNMLNKIIGGFFN98DA,大松段,10.00,都市：其他:住宅區,1,1,全筆移轉,08680009
RPPNMLNKIIGGFEN18DA,新興段,1.77,非都市：一般農業區 ; 非都市編定：甲種建築用地,43077,177,持分移轉,01840033
RPVNMLMKIIGGFFN78DA,中和段,73.00,非都市：鄉村區 ; 非都市編定：乙種建築用地,1,1,全筆移轉,05820011
RPVNMLMKIIGGFFN78DA,中和段,1.44,非都市：鄉村區 ; 非都市編定：乙種建築用地,16,1,持分移轉,05820016
RPVNMLMKIIGGFFN78DA,中和段,10.00,非都市：鄉村區 ; 非都市編定：交通用地,1,1,全筆移轉,05840008
RPVNMLMKIIGGFEN68DA,仁雅段,98.57,都市：其他:住宅區,1,1,全筆移轉,01220033
RPSNMLMKIIGGFEN38DA,復興段,100.00,都市：其他:住宅區,1,1,全筆移轉,02620002
RPSNMLMKIIGGFEN38DA,復興段,101.00,都市：其他:住宅區,1,1,全筆移轉,02620004
RPPNMLMKIIGGFEN08DA,月眉段,1072.23,非都市：山坡地保育區 ; 非都市編定：農牧用地,1113,110,持分移轉,06530000
RPQNMLMKIIGGFEN18DA,新厝段,129.91,非都市：鄉村區 ; 非都市編定：乙種建築用地,3,1,持分移轉,05470000
RPQNMLNKIIGGFEN28DA,文武段,132.13,非都市：鄉村區 ; 非都市編定：乙種建築用地,3,1,持分移轉,07850000
RPRNMLPJIIGGFDN38DA,惠來段,139.00,都市：其他:第二種住宅區,1,1,全筆移轉,02920004
RPRNMLPJIIGGFDN38DA,惠來段,8.67,都市：其他:道路用地,12,1,持分移轉,03570000
RPRNMLMKIIGGFEN28DA,新社段,806.58,都市：其他:住宅區,1,1,全筆移轉,03420000
RPSNMLMKIIGGFDN28DA,新崙雅段,84.41,都市：其他:住宅區,1,1,全筆移轉,01330000
RPSNMLMKIIGGFDN28DA,新崙雅段,4.05,都市：其他:道路用地,1,1,全筆移轉,01340000
RPWNMLSJIIGGFDN56DA,至善段,78.50,都市：其他:第二種住宅區,1,1,全筆移轉,08690000
RPSNMLPKOHGGFHN86DA,三興段,90.08,非都市：鄉村區 ; 非都市編定：乙種建築用地,1,1,全筆移轉,08790002
RPXNMLSJIIGGFDN66DA,慶安段,3304.18,非都市：特定農業區 ; 非都市編定：農牧用地,1,1,全筆移轉,10970000
RPPNMLLKIIGGFDN87DA,慶安段,69.29,非都市：特定農業區 ; 非都市編定：甲種建築用地,1,1,全筆移轉,07680000
RPSOMLRJIIGGFBN58DA,和群段,72.99,非都市：鄉村區 ; 非都市編定：乙種建築用地,1200,152,持分移轉,06000000
RPPNMLSJIIGGFBN28DA,和群段,11.04,非都市：鄉村區 ; 非都市編定：乙種建築用地,3600,69,持分移轉,06000000
RPSNMLMKIIGGFBN08DA,竹營段,21.40,都市：其他:住宅區,10000,94,持分移轉,05780016
RPTNMLSJIIGGFDN88DA,復興段,14.46,都市：其他:第一種住宅區,7784,1446,持分移轉,13730005
RPTNMLSJIIGGFDN88DA,復興段,58.11,都市：其他:第一種住宅區,1,1,全筆移轉,13730010
RPTNMLSJIIGGFDN88DA,復興段,14.38,都市：其他:第一種住宅區,135000,28750,持分移轉,13730012
RPQNMLOJIIGGFCN08DA,上林段,1212.98,非都市：工業區 ; 非都市編定：丁種建築用地,1,1,全筆移轉,04850168
RPQNMLMKIIGGFBN87DA,和北段,184.00,都市：其他:道路用地,151,46,持分移轉,04400000
RPVNMLMKIIGGFDN58DA,大峰段,53.48,非都市：山坡地保育區 ; 非都市編定：農牧用地,1,1,全筆移轉,01040000
RPOOMLMKIIGGFDN97DA,復興段,77.60,非都市：特定農業區 ; 非都市編定：甲種建築用地,1,1,全筆移轉,00120000
RPPNMLRKQHGGFCN09DA,鹿昇段,1089.99,非都市：特定農業區 ; 非都市編定：農牧用地,1,1,全筆移轉,07640000
RPVNMLNKIIGGFDN68DA,三條圳段十七份小段,28.75,都市：其他:第二種住宅區,10000,133,持分移轉,03960000
RPRNMLSJIIGGFCN58DA,福龍段,64.15,都市：其他:住宅區,1,1,全筆移轉,08590003
RPPNMLPJRHGGFAN68DA,金馬段,16.59,都市：其他:住宅區,10000,52,持分移轉,08790000
RPUNMLOLRHGGFCN86DA,新生段,2312.00,非都市：特定農業區 ; 非都市編定：丁種建築用地,1,1,全筆移轉,22820004
RPUNMLOLRHGGFCN86DA,新生段,10514.00,非都市：特定農業區 ; 非都市編定：丁種建築用地,1,1,全筆移轉,22910000
RPTNMLMKIIGGFAN08DA,南郭段坑子內小段,16.00,都市：其他:住宅區,1,1,全筆移轉,01140119
RPUOMLSJIIGGFAN78DA,新莿桐段,26.51,都市：其他:住宅區,10000,122,持分移轉,00860000
RPOOMLMKIIGGFAN67DA,大埔段,85.00,都市：其他:住宅區,1,1,全筆移轉,04820033
RPSNMLMKIIGGFAN97DA,南郭段南郭小段,43.81,都市：其他:住宅區,10000,578,持分移轉,01590001
RPQOMLQKRHGGFAN09DA,莿桐段,4.22,都市：其他:乙種工業區,9,2,持分移轉,15010001
RPQOMLQKRHGGFAN09DA,莿桐段,15.56,都市：其他:乙種工業區,9,2,持分移轉,15330000
RPPNMLTLRHGGFFN17DA,沙崙段,2307.00,非都市：特定農業區 ; 非都市編定：農牧用地,1,1,全筆移轉,13460000
RPTNMLNKIIGGFFN78EA,中和段,404.00,非都市：特定農業區 ; 非都市編定：甲種建築用地,1,1,全筆移轉,12290000
RPPNMLTJRHGGFCN66DA,龍山段,2.70,都市：其他:商業區,30,1,持分移轉,11090000
RPVPMLSLNHGGFCN17DA,鹿安段,1828.10,非都市：特定農業區 ; 非都市編定：農牧用地,1,1,全筆移轉,01110000
RPVPMLMJPHGGFAN98DA,新三家春段,20.12,非都市：特定農業區 ; 非都市編定：農牧用地,3038,275,持分移轉,12410001
RPVPMLMJPHGGFAN98DA,新三家春段,28.02,非都市：特定農業區 ; 非都市編定：農牧用地,39480,2242,持分移轉,12420001
RPPQMLMJPHGGFAN48DA,新三家春段,82.37,非都市：特定農業區 ; 非都市編定：農牧用地,3384,565,持分移轉,12420001
RPOQMLMJPHGGFAN38DA,新三家春段,82.37,非都市：特定農業區 ; 非都市編定：農牧用地,3384,565,持分移轉,12420001
RPWPMLMJPHGGFAN09DA,新三家春段,20.12,非都市：特定農業區 ; 非都市編定：農牧用地,3038,275,持分移轉,12410001
RPWPMLMJPHGGFAN09DA,新三家春段,28.02,非都市：特定農業區 ; 非都市編定：農牧用地,39480,2242,持分移轉,12420001
RPUPMLMJPHGGFAN88DA,新三家春段,20.12,非都市：特定農業區 ; 非都市編定：農牧用地,3038,275,持分移轉,12410001
RPQPMLMJPHGGFAN48DA,新三家春段,20.12,非都市：特定農業區 ; 非都市編定：農牧用地,15190,1375,持分移轉,12410001
RPUPMLMJPHGGFAN88DA,新三家春段,28.02,非都市：特定農業區 ; 非都市編定：農牧用地,39480,2242,持分移轉,12420001
RPQPMLMJPHGGFAN48DA,新三家春段,28.02,非都市：特定農業區 ; 非都市編定：農牧用地,39480,2242,持分移轉,12420001
RPXPMLMJPHGGFAN56DA,新三家春段,20.12,非都市：特定農業區 ; 非都市編定：農牧用地,3038,275,持分移轉,12410001
RPXPMLMJPHGGFAN56DA,新三家春段,28.02,非都市：特定農業區 ; 非都市編定：農牧用地,39480,2242,持分移轉,12420001
RPTPMLMJPHGGFAN78DA,新三家春段,20.12,非都市：特定農業區 ; 非都市編定：農牧用地,3038,275,持分移轉,12410001
RPTPMLMJPHGGFAN78DA,新三家春段,28.02,非都市：特定農業區 ; 非都市編定：農牧用地,39480,2242,持分移轉,12420001
RPRPMLMJPHGGFAN58DA,新三家春段,20.12,非都市：特定農業區 ; 非都市編定：農牧用地,3038,275,持分移轉,12410001
RPRPMLMJPHGGFAN58DA,新三家春段,28.02,非都市：特定農業區 ; 非都市編定：農牧用地,39480,2242,持分移轉,12420001
RPPPMLMJPHGGFAN38DA,新三家春段,81.42,非都市：特定農業區 ; 非都市編定：農牧用地,2170,795,持分移轉,12410001
RPPPMLMJPHGGFAN38DA,新三家春段,50.12,非都市：特定農業區 ; 非都市編定：農牧用地,5640,573,持分移轉,12420001
RPQQMLMJPHGGFAN58DA,新三家春段,82.37,非都市：特定農業區 ; 非都市編定：農牧用地,3384,565,持分移轉,12420001
RPRNMLKMRHGGFAN68DA,聖安段,1131.08,非都市：特定農業區 ; 非都市編定：農牧用地,1,1,全筆移轉,08640000
RPSNMLNJRHGGFBN88DA,伸同段,26.49,都市：其他:第二種住宅區,10000000,296308,持分移轉,04670000
RPRNMLQJRHGGFBN09DA,伸同段,26.49,都市：其他:第二種住宅區,10000000,296308,持分移轉,04670000
RPUOMLMKIIGGFAN28DA,彰泰段,20.08,都市：其他:住宅區,10000,21,持分移轉,04630000
RPUOMLMKIIGGFAN28DA,彰泰段,.02,都市：其他:住宅區,10000,21,持分移轉,04640000
RPPOMLNKIIGGFAN87DA,民權段,52.00,都市：其他:商業區,1,1,全筆移轉,07770000
RPPNMLNJIIGGFBN77DA,大雅段,31.75,非都市：特定農業區 ; 非都市編定：甲種建築用地,100000,4669,持分移轉,11140000
RPPNMLNJIIGGFBN77DA,大雅段,2.17,非都市：特定農業區 ; 非都市編定：甲種建築用地,24,1,持分移轉,11140001
RPSNMLQJRHGGFBN56DA,伸同段,23.99,都市：其他:第二種住宅區,10000000,268345,持分移轉,04670000
RPRNMLKMRHGGFBN78DA,大嘉段,50.62,非都市：鄉村區 ; 非都市編定：乙種建築用地,192,10,持分移轉,01340000
RPRNMLKMRHGGFBN78DA,大嘉段,49.85,非都市：鄉村區 ; 非都市編定：乙種建築用地,1440,35,持分移轉,01360000
RPRNMLKMRHGGFBN78DA,大嘉段,48.65,非都市：鄉村區 ; 非都市編定：乙種建築用地,96,5,持分移轉,01430000
RPRNMLKMRHGGFBN78DA,大嘉段,40.33,非都市：特定農業區 ; 非都市編定：交通用地,9,1,持分移轉,03680000
RPPOMLNJRHGGFBN68DA,伸同段,26.49,都市：其他:第二種住宅區,10000000,296308,持分移轉,04670000
RPTNMLQJRHGGFBN66DA,伸同段,23.99,都市：其他:第二種住宅區,10000000,268345,持分移轉,04670000
RPSOMLNJRHGGFBN98DA,伸同段,23.99,都市：其他:第二種住宅區,20000000,536690,持分移轉,04670000
RPWNMLNJRHGGFBN66DA,伸同段,26.49,都市：其他:第二種住宅區,10000000,296308,持分移轉,04670000
RPSNMLNLRHGGFBN09DA,伸光段,11.98,都市：其他:住宅區,168,3,持分移轉,03790000
RPWNMLPJIIGGFBN68DA,大雅段,25.61,非都市：特定農業區 ; 非都市編定：甲種建築用地,100000,3766,持分移轉,11140000
RPWNMLPJIIGGFBN68DA,大雅段,2.17,非都市：特定農業區 ; 非都市編定：甲種建築用地,24,1,持分移轉,11140001
RPPNMLPJIIGGFBN97DA,大雅段,25.61,非都市：特定農業區 ; 非都市編定：甲種建築用地,100000,3766,持分移轉,11140000
RPPNMLPJIIGGFBN97DA,大雅段,2.17,非都市：特定農業區 ; 非都市編定：甲種建築用地,24,1,持分移轉,11140001
RPPOMLPJIIGGFBN08DA,大雅段,31.69,非都市：特定農業區 ; 非都市編定：甲種建築用地,100000,4661,持分移轉,11140000
RPPOMLPJIIGGFBN08DA,大雅段,2.17,非都市：特定農業區 ; 非都市編定：甲種建築用地,24,1,持分移轉,11140001
RPOOMLPJIIGGFBN97DA,大雅段,25.61,非都市：特定農業區 ; 非都市編定：甲種建築用地,100000,3766,持分移轉,11140000
RPOOMLPJIIGGFBN97DA,大雅段,2.17,非都市：特定農業區 ; 非都市編定：甲種建築用地,24,1,持分移轉,11140001
RPQOMLPKRHGGFAN98DA,中山段,26.67,都市：其他:住宅區,12,2,持分移轉,00100004
RPQOMLPKRHGGFAN98DA,中山段,88.00,都市：其他:住宅區,1,1,全筆移轉,00100005
RPQOMLPKRHGGFAN98DA,中山段,95.00,都市：其他:住宅區,1,1,全筆移轉,00100006
RPQOMLPJIIGGFBN18DA,大雅段,25.61,非都市：特定農業區 ; 非都市編定：甲種建築用地,100000,3766,持分移轉,11140000
RPQOMLPJIIGGFBN18DA,大雅段,2.17,非都市：特定農業區 ; 非都市編定：甲種建築用地,24,1,持分移轉,11140001
RPXNMLQJIIGGFBN88DA,嘉寶段,2599.41,非都市：一般農業區 ; 非都市編定：農牧用地,1,1,全筆移轉,14020000
RPXNMLQJIIGGFBN88DA,嘉寶段,2577.08,非都市：一般農業區 ; 非都市編定：農牧用地,1,1,全筆移轉,14030000
RPOOMLPKRHGGFAN78DA,中山段,13.33,都市：其他:住宅區,12,1,持分移轉,00100004
RPOOMLPKRHGGFAN78DA,中山段,63.00,都市：其他:住宅區,1,1,全筆移轉,00100011
RPOOMLOKIIGGFAN87DA,新縣庄段,412.23,非都市：特定農業區 ; 非都市編定：農牧用地,1,1,全筆移轉,04670002
RPUNMLPJIIGGFBN48DA,大雅段,25.61,非都市：特定農業區 ; 非都市編定：甲種建築用地,100000,3766,持分移轉,11140000
RPUNMLPJIIGGFBN48DA,大雅段,2.17,非都市：特定農業區 ; 非都市編定：甲種建築用地,48,2,持分移轉,11140001
RPXNMLNKIIGGFAN58DA,埔崙段,54.00,都市：其他:農業區,1,1,全筆移轉,05980014
RPRNMLTLRHGGFBN96DA,順天段,23.92,非都市：鄉村區 ; 非都市編定：乙種建築用地,54,1,持分移轉,02430000
RPRNMLTLRHGGFBN96DA,順天段,3.49,非都市：鄉村區 ; 非都市編定：乙種建築用地,54,1,持分移轉,02440000
RPOOMLNKIIGGFAN77DA,陝西段,2606.00,非都市：特定農業區 ; 非都市編定：農牧用地,1,1,全筆移轉,05100000
RPOOMLNKIIGGFAN77DA,陝西段,1666.00,非都市：特定農業區 ; 非都市編定：農牧用地,1,1,全筆移轉,05110000
RPWNMLSJRHGGFBN17DA,伸同段,20.65,都市：其他:第二種住宅區,10000000,230984,持分移轉,04670000
RPRNMLOKPHGGFBN78DA,和群段,22.93,非都市：鄉村區 ; 非都市編定：乙種建築用地,100000,868,持分移轉,11140000
RPRNMLOKPHGGFBN78DA,和群段,112.12,非都市：鄉村區 ; 非都市編定：乙種建築用地,1,1,全筆移轉,11140016
RPUNMLQJRHGGFBN76DA,伸同段,26.49,都市：其他:第二種住宅區,10000000,296308,持分移轉,04670000
RPUNMLQLQHGGFBN86DA,順天段,430.53,非都市：鄉村區 ; 非都市編定：乙種建築用地,6,2,持分移轉,02430000
RPUNMLQLQHGGFBN86DA,順天段,62.91,非都市：鄉村區 ; 非都市編定：乙種建築用地,6,2,持分移轉,02440000
RPPOMLPKIIGGFAN08DA,大埔段,74.00,都市：其他:住宅區,1,1,全筆移轉,05690048
RPPOMLPKIIGGFAN08DA,大埔段,74.00,都市：其他:住宅區,1,1,全筆移轉,05690067
RPPOMLPKIIGGFAN08DA,大埔段,71.00,都市：其他:住宅區,1,1,全筆移轉,05690068
RPVNMLQJIIGGFAN58DA,新金墩段,7588.71,非都市：特定農業區 ; 非都市編定：農牧用地,1,1,全筆移轉,01460000
RPOOMLRKQHGGFAN88DA,彰化段西門小段,89.00,都市：其他:住宅區,1,1,全筆移轉,03910005
RPPOMLLJIIGGFAN57DA,福山段,4.18,非都市：山坡地保育區 ; 非都市編定：丙種建築用地,46,1,持分移轉,06350000
RPPOMLLJIIGGFAN57DA,福山段,2.22,非都市：山坡地保育區 ; 非都市編定：交通用地,72,1,持分移轉,06360000
RPPOMLLJIIGGFAN57DA,福山段,2.08,非都市：山坡地保育區 ; 非都市編定：丙種建築用地,133,1,持分移轉,06470000
RPPOMLLJIIGGFAN57DA,福山段,.19,非都市：山坡地保育區 ; 非都市編定：丙種建築用地,133,1,持分移轉,06480000
RPPOMLLJIIGGFAN57DA,福山段,.23,非都市：山坡地保育區 ; 非都市編定：丙種建築用地,46,1,持分移轉,06520000
RPPOMLLJIIGGFAN57DA,福山段,1.94,非都市：山坡地保育區 ; 非都市編定：丙種建築用地,46,1,持分移轉,06730000
RPPOMLLJIIGGFAN57DA,福山段,4.88,非都市：山坡地保育區 ; 非都市編定：丙種建築用地,46,1,持分移轉,06750000
RPPOMLLJIIGGFAN57DA,福山段,140.16,非都市：山坡地保育區 ; 非都市編定：丙種建築用地,1,1,全筆移轉,06990000
RPPOMLLJIIGGFAN57DA,福山段,2.15,非都市：山坡地保育區 ; 非都市編定：丙種建築用地,133,1,持分移轉,07050000
RPUNMLMKIIGGFAN18DA,南郭段南郭小段,73.00,都市：其他:住宅區,1,1,全筆移轉,01650000
RPQNMLNKIIGGFAN87DA,竹中段,4.31,非都市：鄉村區 ; 非都市編定：乙種建築用地,1680,26,持分移轉,09450000
RPQNMLNKIIGGFAN87DA,竹中段,14.18,非都市：鄉村區 ; 非都市編定：乙種建築用地,1680,26,持分移轉,09490000
RPQNMLNKIIGGFAN87DA,竹中段,2.10,非都市：鄉村區 ; 非都市編定：乙種建築用地,1680,26,持分移轉,09630000
RPQNMLNKIIGGFAN87DA,竹中段,142.04,非都市：鄉村區 ; 非都市編定：乙種建築用地,1,1,全筆移轉,10290000
RPTNMLMLIIGGFAN18DA,西興段,1568.00,都市：其他:農業區,1,1,全筆移轉,17860000
RPTNMLLJRHGGFAN68DA,新中庄段,8.17,非都市：鄉村區 ; 非都市編定：乙種建築用地,10800,50,持分移轉,10750000
RPTNMLNKIIGGFCN38DA,大興段,73.00,非都市：特定農業區 ; 非都市編定：甲種建築用地,1,1,全筆移轉,00220013
RPUNMLOKIIGGFCN58DA,上林段,197.85,非都市：工業區 ; 非都市編定：丁種建築用地,1,1,全筆移轉,04850196
RPPNMLNKIIGGFCN97DA,永安段,75.00,非都市：鄉村區 ; 非都市編定：乙種建築用地,1,1,全筆移轉,07320019
RPXNMLNKIIGGFCN78DA,上林段,475.75,非都市：工業區 ; 非都市編定：丁種建築用地,1,1,全筆移轉,04850241
RPXNMLOLRHGGFCN17DA,秀安段,16.73,非都市：鄉村區 ; 非都市編定：乙種建築用地,11,1,持分移轉,23970010
RPXNMLOLRHGGFCN17DA,秀安段,73.00,非都市：鄉村區 ; 非都市編定：乙種建築用地,1,1,全筆移轉,23970017
RPXNMLOLRHGGFCN17DA,秀安段,5.00,非都市：鄉村區 ; 非都市編定：乙種建築用地,1,1,全筆移轉,23970025
RPPNMLMKRHGGFAN48DA,西勢子段西勢子小段,27.73,都市：其他:住宅區,10000,88,持分移轉,00040002
RPTNMLSLRHGGFCN17DA,永安段,39.17,非都市：特定農業區 ; 非都市編定：交通用地,12,1,持分移轉,28910000
RPTNMLSLRHGGFCN17DA,永安段,102.00,非都市：特定農業區 ; 非都市編定：甲種建築用地,1,1,全筆移轉,28920036
RPQNMLOKIIGGFBN08DA,柑竹段,74.51,非都市：鄉村區 ; 非都市編定：乙種建築用地,1,1,全筆移轉,09280000
RPOOMLTLRHGGFCN86DA,海埔段,184.04,非都市：鄉村區 ; 非都市編定：乙種建築用地,1,1,全筆移轉,03290000
RPPNMLNKIIGGFDN08DA,民生段,27.71,都市：其他:第二種住宅區,6000,980,持分移轉,01260024
RPPNMLNKIIGGFDN08DA,民生段,4.02,都市：其他:第二種住宅區,1,1,全筆移轉,01260025
RPPNMLNKIIGGFDN08DA,民生段,58.00,都市：其他:第二種住宅區,1,1,全筆移轉,01260026
RPQNMLNKIIGGFDN18DA,民生段,26.04,都市：其他:第二種住宅區,10000,570,持分移轉,01260008
RPQNMLNKIIGGFDN18DA,民生段,60.80,都市：其他:第二種住宅區,1,1,全筆移轉,01260015
RPTNMLMKIIGGFDN38DA,豐年段,24.00,都市：其他:乙種工業區,1782,48,持分移轉,00990000
RPOOMLNKIIGGFDN08DA,溝皂段,43.03,都市：其他:第一種住宅區,11,2,持分移轉,08640004
RPOOMLNKIIGGFDN08DA,溝皂段,79.83,都市：其他:第一種住宅區,1,1,全筆移轉,08640012
RPOOMLNKIIGGFDN08DA,溝皂段,94.55,都市：其他:第一種住宅區,1,1,全筆移轉,08640013
RPRNMLMKIIGGFDN18DA,三條段,24.91,都市：其他:乙種工業區,720,5,持分移轉,03660000
RPRNMLMKIIGGFDN18DA,三條段,.05,都市：其他:第一種住宅區,100000,6,持分移轉,09490000
RPWNMLMKIIGGFEN78DA,東興段,78.04,都市：其他:住宅區,1,1,全筆移轉,08310011
RPPOMLNKIIGGFDN18DA,溝皂段,100.90,都市：其他:第一種住宅區,1,1,全筆移轉,08640001
RPPOMLNKIIGGFDN18DA,溝皂段,21.52,都市：其他:第一種住宅區,11,1,持分移轉,08640004
RPWNMLMKIIGGFFN88DA,中和段,82.00,非都市：鄉村區 ; 非都市編定：乙種建築用地,1,1,全筆移轉,05820013
RPWNMLMKIIGGFFN88DA,中和段,1.44,非都市：鄉村區 ; 非都市編定：乙種建築用地,32,2,持分移轉,05820016
RPWNMLMKIIGGFFN88DA,中和段,14.00,非都市：鄉村區 ; 非都市編定：交通用地,1,1,全筆移轉,05840010
RPPNMLOKIIGGFEN28DA,新厝段,1775.98,非都市：特定農業區 ; 非都市編定：農牧用地,1,1,全筆移轉,01810000
RPOOMLMKIIGGFFN18DA,舜耕段,1606.40,非都市：特定農業區 ; 非都市編定：農牧用地,1,1,全筆移轉,02250001
RPXNMLMKIIGGFFN98DA,中和段,88.00,非都市：鄉村區 ; 非都市編定：乙種建築用地,1,1,全筆移轉,05820014
RPXNMLMKIIGGFFN98DA,中和段,1.44,非都市：鄉村區 ; 非都市編定：乙種建築用地,16,1,持分移轉,05820016
RPXNMLMKIIGGFFN98DA,中和段,15.00,非都市：鄉村區 ; 非都市編定：交通用地,1,1,全筆移轉,05840011
RPPOMLMKIIGGFFN28DA,舜民段,42.56,都市：其他:農業區,1,1,全筆移轉,08520001
RPPOMLMKIIGGFFN28DA,舜民段,532.31,都市：其他:農業區,1,1,全筆移轉,08550000
RPPOMLMKIIGGFFN28DA,舜民段,36.17,都市：其他:農業區,56000,17920,持分移轉,08560000
RPPOMLMKIIGGFFN28DA,舜民段,74.03,都市：其他:農業區,1,1,全筆移轉,08580000
RPPOMLMKIIGGFFN28DA,舜民段,91.04,都市：其他:農業區,1,1,全筆移轉,08590000
RPQOMLRJIIGGFFN78DA,嘉和段,29.00,非都市：特定農業區 ; 非都市編定：甲種建築用地,1,1,全筆移轉,06050002
RPQOMLRJIIGGFFN78DA,嘉和段,426.00,非都市：特定農業區 ; 非都市編定：農牧用地,1,1,全筆移轉,06060000
RPROMLRJIIGGFFN88DA,大安段,131.00,都市：其他:住宅區,1,1,全筆移轉,09060008
RPVNMLTLRHGGFGN87DA,五庄子段,656.12,非都市：特定農業區 ; 非都市編定：丁種建築用地,8,5,持分移轉,03700001
RPVNMLTLRHGGFGN87DA,五庄子段,439.72,非都市：特定農業區 ; 非都市編定：丁種建築用地,8,5,持分移轉,03700002
RPVNMLTLRHGGFGN87DA,五庄子段,1809.25,非都市：特定農業區 ; 非都市編定：丁種建築用地,1,1,全筆移轉,03700003
RPVNMLTLRHGGFGN87DA,五庄子段,52.62,非都市：特定農業區 ; 非都市編定：國土保安用地,8,5,持分移轉,03700022
RPVNMLTLRHGGFGN87DA,五庄子段,50.28,非都市：特定農業區 ; 非都市編定：國土保安用地,8,5,持分移轉,03700023
RPVNMLTLRHGGFGN87DA,五庄子段,181.75,非都市：特定農業區 ; 非都市編定：國土保安用地,1,1,全筆移轉,03700024
RPVNMLTLRHGGFGN87DA,五庄子段,62.00,非都市：特定農業區 ; 非都市編定：丁種建築用地,1,1,全筆移轉,03830014
RPVNMLTLRHGGFGN87DA,五庄子段,594.00,非都市：特定農業區 ; 非都市編定：丁種建築用地,1,1,全筆移轉,04010014
RPPNMLTJIIGGFGN88DA,新生段,97.00,都市：其他:住宅區,1,1,全筆移轉,02090000
RPPNMLTJIIGGFGN88DA,新生段,3.00,非都市： ; 非都市編定：,1,1,全筆移轉,02090015
RPOOMLRJIIGGFHN78DA,顯光段,74.00,非都市：特定農業區 ; 非都市編定：甲種建築用地,1,1,全筆移轉,05410000
RPOOMLRJIIGGFHN78DA,顯光段,27.88,非都市：特定農業區 ; 非都市編定：甲種建築用地,50,2,持分移轉,05410004
RPPNMLNKIIGGFGN38DA,竹塘段,5.67,都市：其他:住宅區,12,2,持分移轉,12480001
RPPNMLNKIIGGFGN38DA,竹塘段,11.50,都市：其他:住宅區,12,2,持分移轉,12490001
RPSNMLNKIIGGFFN68EA,新興段,187.62,非都市：特定農業區 ; 非都市編定：甲種建築用地,8,1,持分移轉,18530000
RPSNMLNKIIGGFFN68EA,新興段,205.00,非都市：特定農業區 ; 非都市編定：甲種建築用地,8,1,持分移轉,18550000
RPQNMLNKIIGGFGN48DA,竹塘段,88.00,都市：其他:住宅區,1,1,全筆移轉,12500012
RPQNMLNKIIGGFGN48DA,竹塘段,44.00,都市：其他:住宅區,1,1,全筆移轉,12510010
RPVNMLQJIIGGFBN78EA,大雅段,25.53,非都市：特定農業區 ; 非都市編定：甲種建築用地,100000,3755,持分移轉,11140000
RPVNMLQJIIGGFBN78EA,大雅段,2.17,非都市：特定農業區 ; 非都市編定：甲種建築用地,24,1,持分移轉,11140001
RPXNMLMKIIGGFHN56DA,北勢段,80.89,都市：其他:住宅區,1,1,全筆移轉,13580004
RPXNMLTLMHGGFBN07DA,順天段,23.92,非都市：鄉村區 ; 非都市編定：乙種建築用地,54,1,持分移轉,02430000
RPXNMLTLMHGGFBN07DA,順天段,3.49,非都市：鄉村區 ; 非都市編定：乙種建築用地,54,1,持分移轉,02440000
RPQNMLNLRHGGFCN98DA,永安段,15.47,非都市：特定農業區 ; 非都市編定：甲種建築用地,17,1,持分移轉,28920025
RPQNMLNLRHGGFCN98DA,永安段,72.00,非都市：特定農業區 ; 非都市編定：甲種建築用地,1,1,全筆移轉,28920032
RPPOMLTLMHGGFBN98DA,順天段,23.92,非都市：鄉村區 ; 非都市編定：乙種建築用地,54,1,持分移轉,02430000
RPPOMLTLMHGGFBN98DA,順天段,3.49,非都市：鄉村區 ; 非都市編定：乙種建築用地,54,1,持分移轉,02440000
RPWNMLTLMHGGFBN96DA,順天段,23.92,非都市：鄉村區 ; 非都市編定：乙種建築用地,54,1,持分移轉,02430000
RPWNMLTLMHGGFBN96DA,順天段,3.49,非都市：鄉村區 ; 非都市編定：乙種建築用地,54,1,持分移轉,02440000
RPQOMLTLMHGGFBN09DA,順天段,23.92,非都市：鄉村區 ; 非都市編定：乙種建築用地,54,1,持分移轉,02430000
RPQOMLTLMHGGFBN09DA,順天段,3.49,非都市：鄉村區 ; 非都市編定：乙種建築用地,54,1,持分移轉,02440000
RPPOMLOKIIGGFAN08EA,牛稠子段山腳小段,1.00,都市：其他:住宅區,1,1,全筆移轉,03580003
RPPOMLOKIIGGFAN08EA,牛稠子段山腳小段,98.00,都市：其他:住宅區,1,1,全筆移轉,03600005
RPQNMLSJIIGGFHN98DA,中山段,83.00,非都市：鄉村區 ; 非都市編定：乙種建築用地,1,1,全筆移轉,01070000
RPXNMLKMRHGGFCN96EA,山崙段,465.08,非都市：一般農業區 ; 非都市編定：農牧用地,1,1,全筆移轉,03630004
RPXNMLKMRHGGFCN96EA,鹿崙段,20.96,非都市：鄉村區 ; 非都市編定：乙種建築用地,7071999,20964,持分移轉,17070000
RPXNMLKMRHGGFCN96EA,鹿崙段,6.38,非都市：鄉村區 ; 非都市編定：乙種建築用地,2151998,6379,持分移轉,17080000
RPRPMLSLRHGGFGN57DA,草湖段,1641.00,非都市：一般農業區 ; 非都市編定：農牧用地,1,1,全筆移轉,00054816
RPSNMLPKIIGGFBN48EA,忠孝段,524.00,非都市：特定農業區 ; 非都市編定：農牧用地,1,1,全筆移轉,07140000
RPRNMLOKIIGGFEN48DA,崁頂段,86.80,非都市：鄉村區 ; 非都市編定：乙種建築用地,1,1,全筆移轉,11030005
RPSNMLOKIIGGFEN58DA,里仁段,97.47,都市：其他:住宅區,1,1,全筆移轉,02030000
RPSNMLOKIIGGFEN58DA,里仁段,3.34,都市：其他:道路用地,800,6,持分移轉,02040000
RPTNMLOKIIGGFEN68DA,里仁段,85.84,都市：其他:住宅區,1,1,全筆移轉,02030001
RPTNMLOKIIGGFEN68DA,里仁段,1.67,都市：其他:道路用地,800,3,持分移轉,02040000
RPPNMLOKIIGGFDN18DA,五汴段,40.97,非都市：特定農業區 ; 非都市編定：農牧用地,195125,9087,持分移轉,00620000
RPSNMLOKIIGGFFN68DA,海豐段,1907.73,非都市：一般農業區 ; 非都市編定：農牧用地,1,1,全筆移轉,13770000
RPQNMLNKIIGGFHN58DA,成功段,14.71,都市：其他:道路用地,6300,1471,持分移轉,14160002
RPSNMLOKIIGGFDN48DA,橋愛段,192.43,都市：其他:第一種住宅區,1,1,全筆移轉,14700002
RPQNMLNKIIGGFHN58DA,成功段,141.00,都市：其他:住宅區,1,1,全筆移轉,14160021
RPPNMLNKIIGGFHN48DA,西安段,885.00,非都市：鄉村區 ; 非都市編定：乙種建築用地,1,1,全筆移轉,08630001
RPRNMLRJIIGGFDN58DA,員林段,424.00,都市：其他:第二種商業區,1,1,全筆移轉,01610035
RPRNMLRJIIGGFDN58DA,員林段,87.00,都市：其他:第二種商業區,1,1,全筆移轉,04320002
RPSNMLNKIIGGFHN78DA,成功段,146.00,都市：其他:住宅區,1,1,全筆移轉,14160015
RPPOMLQJIIGGFBN18DA,福安段,57.73,非都市：特定農業區 ; 非都市編定：水利用地,1,1,全筆移轉,08900000
RPROMLMKIIGGFHN68DA,顯光段,27.88,非都市：特定農業區 ; 非都市編定：甲種建築用地,50,2,持分移轉,05410004
RPRNMLNKIIGGFHN68DA,成功段,144.00,都市：其他:住宅區,1,1,全筆移轉,14160018
RPROMLMKIIGGFHN68DA,顯光段,68.00,非都市：特定農業區 ; 非都市編定：甲種建築用地,1,1,全筆移轉,05410005
RPOOMLMKIIGGFBN77DA,伸新段,198.24,非都市：鄉村區 ; 非都市編定：乙種建築用地,1,1,全筆移轉,06950000
RPVNMLMKIIGGFBN38DA,嘉慶段,15.36,都市：其他:農業區,1640,23,持分移轉,07420001
RPVNMLMKIIGGFBN38DA,嘉慶段,3.13,都市：其他:農業區,54256,1252,持分移轉,07430001
RPVNMLMKIIGGFBN38DA,嘉慶段,342.78,都市：其他:農業區,1,1,全筆移轉,07430006
RPVNMLMKIIGGFBN38DA,嘉慶段,2.08,都市：其他:農業區,115116,2490,持分移轉,07440001
RPSNMLOKIIGGFBN28DA,重興段,89.00,都市：其他:住宅區,1,1,全筆移轉,04370002
RPPNMLPKIIGGFBN08DA,伸股段,123.23,都市：其他:第二種住宅區,1,1,全筆移轉,02130000
RPPNMLPKIIGGFBN08DA,伸股段,123.23,都市：其他:第二種住宅區,1,1,全筆移轉,02130001
RPPNMLPKIIGGFBN08DA,伸股段,123.23,都市：其他:第二種住宅區,1,1,全筆移轉,02130002
RPQNMLPKIIGGFBN18DA,重光段,1.15,非都市：鄉村區 ; 非都市編定：乙種建築用地,21600,18,持分移轉,02010000
RPQNMLPKIIGGFBN18DA,重光段,1.27,非都市：鄉村區 ; 非都市編定：乙種建築用地,21600,18,持分移轉,02030000
RPWNMLPKIIGGFBN78DA,新發段,38.52,都市：其他:道路用地,15,5,持分移轉,08280000
RPWNMLOKIIGGFCN78DA,鹿盛段,39.70,都市：其他:住宅區,60,2,持分移轉,03970001
RPQNMLRJIIGGFCN38DA,元興段,354.00,非都市：鄉村區 ; 非都市編定：乙種建築用地,2,1,持分移轉,17460000
RPWNMLMKIIGGFAN38DA,桃源段,64.60,都市：其他:住宅區,100000,444,持分移轉,08020000
RPWNMLMKIIGGFAN38DA,桃源段,.00,都市：其他:住宅區,100000,444,持分移轉,08020001
RPWNMLMKIIGGFAN38DA,桃源段,.00,都市：其他:道路用地,100000,444,持分移轉,08020002
RPWNMLMKIIGGFAN38DA,桃源段,1.39,都市：其他:道路用地,100000,444,持分移轉,08020003
RPUNMLKMRHGGFAN98DA,牛稠子段山腳小段,599.00,都市：其他:住宅區,1,1,全筆移轉,02780001
RPUNMLKMRHGGFAN98DA,牛稠子段山腳小段,334.00,都市：其他:住宅區,1,1,全筆移轉,02830000
RPQNMLLLMHGGFBN18DA,順天段,143.51,非都市：鄉村區 ; 非都市編定：乙種建築用地,54,6,持分移轉,02430000
RPQNMLLLMHGGFBN18DA,順天段,20.97,非都市：鄉村區 ; 非都市編定：乙種建築用地,54,6,持分移轉,02440000
RPTOMLSJIIGGFAN68DA,新莿桐段,16.28,都市：其他:道路用地,1,1,全筆移轉,00070000
RPTOMLSJIIGGFAN68DA,新莿桐段,580.13,都市：其他:道路用地,1,1,全筆移轉,00120000
RPTOMLSJIIGGFAN68DA,新莿桐段,142.32,都市：其他:道路用地,1,1,全筆移轉,00130000
RPTOMLSJIIGGFAN68DA,新莿桐段,131.88,都市：其他:住宅區,1,1,全筆移轉,00140000
RPTOMLSJIIGGFAN68DA,新莿桐段,32.59,都市：其他:住宅區,1,1,全筆移轉,00150000
RPTOMLSJIIGGFAN68DA,新莿桐段,15.91,都市：其他:道路用地,1,1,全筆移轉,00160000
RPTOMLSJIIGGFAN68DA,新莿桐段,7.99,都市：其他:道路用地,1,1,全筆移轉,00200000
RPTOMLSJIIGGFAN68DA,新莿桐段,8.23,都市：其他:住宅區,1,1,全筆移轉,00270000
RPTOMLSJIIGGFAN68DA,新莿桐段,98.39,都市：其他:住宅區,1,1,全筆移轉,00280000
RPTOMLSJIIGGFAN68DA,新莿桐段,1506.15,都市：其他:住宅區,100000,88019,持分移轉,00330000
RPTOMLSJIIGGFAN68DA,新莿桐段,205.02,都市：其他:住宅區,100000,11981,持分移轉,00330000
RPWNMLSJIIGGFAN88DA,彰崙段,225.14,非都市：山坡地保育區 ; 非都市編定：農牧用地,15,1,持分移轉,10610000
RPTNMLNKRHGGFAN98DA,莿桐段,17.00,都市：其他:農業區,1,1,全筆移轉,15650029
RPTNMLNKRHGGFAN98DA,莿桐段,53.00,都市：其他:農業區,1,1,全筆移轉,19450001
RPTNMLNKRHGGFAN98DA,莿桐段,12.00,都市：其他:農業區,1,1,全筆移轉,19450002
RPUOMLPKIIGGFAN58DA,民族段,.01,都市：其他:園道用地,48,4,持分移轉,07100000
RPUOMLPKIIGGFAN58DA,民族段,2.36,都市：其他:住宅區,48,4,持分移轉,07160000
RPUOMLPKIIGGFAN58DA,民族段,.95,都市：其他:住宅區,162,6,持分移轉,07170000
RPUOMLPKIIGGFAN58DA,民族段,79.77,都市：其他:住宅區,14194,7762,持分移轉,08900000
RPRNMLSKIIGGFAN48DA,牛稠子段山腳小段,77.00,非都市：鄉村區 ; 非都市編定：乙種建築用地,1,1,全筆移轉,00170063
RPRNMLRJRHGGFBN56DA,伸同段,23.99,都市：其他:第二種住宅區,10000000,268345,持分移轉,04670000
RPROMLOKIIGGFAN18DA,延平段,65.00,都市：其他:住宅區,1,1,全筆移轉,09250019
RPROMLOKIIGGFAN18DA,延平段,.61,都市：其他:住宅區,18,1,持分移轉,09250020
RPQNMLOKIIGGFAN97DA,新灣子口段,294.72,非都市：鄉村區 ; 非都市編定：乙種建築用地,1,1,全筆移轉,09730000
RPVNMLNKIIGGFAN38DA,南興段,19.00,都市：其他:住宅區,2236,19,持分移轉,03780000
RPSNMLQJIIGGFBN38DA,大雅段,25.61,非都市：特定農業區 ; 非都市編定：甲種建築用地,100000,3766,持分移轉,11140000
RPSNMLQJIIGGFBN38DA,大雅段,2.17,非都市：特定農業區 ; 非都市編定：甲種建築用地,24,1,持分移轉,11140001
RPXNMLRJRHGGFBN17DA,伸同段,23.99,都市：其他:第二種住宅區,10000000,268345,持分移轉,04670000
RPVNMLPJIIGGFBN58DA,伸股段,75.29,都市：其他:第一種住宅區,2,1,持分移轉,03190000
RPVNMLPJIIGGFBN58DA,伸股段,120.46,都市：其他:第一種住宅區,1,1,全筆移轉,03190007
RPXNMLNKRHGGFHN47DA,鳳山段,2.40,都市：其他:住宅區,5,4,持分移轉,11930000
RPXNMLNKRHGGFHN47DA,鳳山段,516.80,都市：其他:機關用地,5,4,持分移轉,11960000
RPXNMLPJIIGGFBN78DA,伸股段,75.29,都市：其他:第一種住宅區,2,1,持分移轉,03190000
RPXNMLPJIIGGFBN78DA,伸股段,126.62,都市：其他:第一種住宅區,1,1,全筆移轉,03190006
RPRNMLSLRHGGFBN86DA,全興段,82.46,非都市：工業區 ; 非都市編定：丁種建築用地,1,1,全筆移轉,04490002
RPQNMLTLRHGGFDN07DA,香山段,141.15,非都市：特定農業區 ; 非都市編定：農牧用地,1,1,全筆移轉,01040000
RPQNMLTLRHGGFDN07DA,香山段,57.68,非都市：特定農業區 ; 非都市編定：農牧用地,4650,576,持分移轉,01050000
RPUNMLOKIIGGFAN38DA,民族段,4.88,都市：其他:住宅區,1,1,全筆移轉,10820000
RPUNMLOKIIGGFAN38DA,民族段,66.10,都市：其他:住宅區,1,1,全筆移轉,10830000
RPTNMLPJIIGGFBN38DA,伸股段,97.20,都市：其他:第一種住宅區,1,1,全筆移轉,03190004
RPUOMLRJRHGGFBN96DA,伸同段,26.49,都市：其他:第二種住宅區,20000000,592618,持分移轉,04670000
RPWOMLMKIIGGFAN48DA,南口段,66.88,都市：其他:住宅區,1,1,全筆移轉,09900010
RPPNMLSKIIGGFAN28DA,新灣子口段,26.18,非都市：鄉村區 ; 非都市編定：乙種建築用地,72,4,持分移轉,06020000
RPPNMLSKIIGGFAN28DA,新灣子口段,266.05,非都市：鄉村區 ; 非都市編定：乙種建築用地,1,1,全筆移轉,06080000
RPSOMLSKIIGGFAN68DA,茄荖段,15.00,非都市：鄉村區 ; 非都市編定：乙種建築用地,1,1,全筆移轉,03750003
RPQNMLSKIIGGFAN38DA,西門口段,.61,都市：其他:農業區,101,1,持分移轉,04280027
RPQNMLSKIIGGFAN38DA,西門口段,.88,都市：其他:住宅區,101,1,持分移轉,04280060
RPQNMLSKIIGGFAN38DA,西門口段,22.42,都市：其他:住宅區,24,1,持分移轉,04280131
RPQNMLSKIIGGFAN38DA,西門口段,72.00,都市：其他:住宅區,1,1,全筆移轉,04280141
RPQNMLSKIIGGFAN38DA,西門口段,.73,都市：其他:住宅區,101,1,持分移轉,04280148
RPQNMLSKIIGGFAN38DA,西門口段,.28,都市：其他:住宅區,101,1,持分移轉,04280149
RPTOMLSKIIGGFAN78DA,金馬段,236.74,都市：其他:住宅區,6,4,持分移轉,09880000
RPVNMLOLRHGGFAN76DA,彰化段西門小段,80.62,都市：其他:住宅區,10000,488,持分移轉,03940008
RPTOMLPKIIGGFAN48DA,南口段,4.39,都市：其他:住宅區,13476,880,持分移轉,06030000
RPSNMLNKIIGGFAN08DA,大埔段,23.14,都市：其他:住宅區,10000,101,持分移轉,05190000
RPQOMLMKIIGGFAN87DA,新中庄段,39.22,非都市：鄉村區 ; 非都市編定：乙種建築用地,32400,720,持分移轉,10750000
RPOOMLOKIIGGFCN08DA,上林段,383.73,非都市：工業區 ; 非都市編定：丁種建築用地,1,1,全筆移轉,04850173
RPROMLMKIIGGFAN97DA,新中庄段,39.22,非都市：鄉村區 ; 非都市編定：乙種建築用地,32400,720,持分移轉,10750000
RPQNMLMKIIGGFAN77DA,西勢子段過溝子小段,80.00,都市：其他:住宅區,1,1,全筆移轉,02100044
RPXNMLOKIIGGFCN88DA,東昇段,44.00,都市：其他:住宅區,1,1,全筆移轉,01500009
RPXNMLOKIIGGFCN88DA,東昇段,21.62,都市：其他:住宅區,8,1,持分移轉,01500014
RPXNMLOKIIGGFCN88DA,東昇段,10.75,都市：其他:人行步道用地,8,1,持分移轉,01510005
RPSNMLSKIIGGFCN78DA,洛津段,76.42,都市：其他:住宅區,1,1,全筆移轉,08280000
RPVNMLSKIIGGFCN09DA,福龍段,42.46,都市：其他:乙種工業區,600000,109735,持分移轉,08770003
RPVNMLSKIIGGFCN09DA,福龍段,408.61,都市：其他:乙種工業區,1,1,全筆移轉,08770005
RPWNMLSKIIGGFCN56DA,福龍段,5.51,都市：其他:農業區,6,1,持分移轉,08760001
RPSOMLMJRHGGFDN09DA,溝皂段,82.78,非都市：鄉村區 ; 非都市編定：乙種建築用地,72,4,持分移轉,03290000
RPVNMLOKIIGGFCN68DA,上林段,197.85,非都市：工業區 ; 非都市編定：丁種建築用地,1,1,全筆移轉,04850197
RPQOMLNKIIGGFCN18DA,福新段,77.94,非都市：鄉村區 ; 非都市編定：乙種建築用地,1,1,全筆移轉,01280000
RPPNMLOKIIGGFCN08DA,鹿鳳段,18.83,非都市：鄉村區 ; 非都市編定：乙種建築用地,6660,392,持分移轉,04310000
RPPNMLOKIIGGFCN08DA,鹿鳳段,69.00,非都市：鄉村區 ; 非都市編定：乙種建築用地,1,1,全筆移轉,04400000
RPQNMLMKIIGGFCN97DA,東昇段,266.00,非都市：特定農業區 ; 非都市編定：甲種建築用地,1,1,全筆移轉,06910005
RPQNMLMKIIGGFCN97DA,東昇段,80.75,非都市：特定農業區 ; 非都市編定：甲種建築用地,16,4,持分移轉,06910006
RPQNMLMKIIGGFCN97DA,東昇段,282.00,非都市：特定農業區 ; 非都市編定：甲種建築用地,1,1,全筆移轉,06910010
RPUNMLNKIIGGFCN48DA,福南段,71.94,非都市：一般農業區 ; 非都市編定：交通用地,6,2,持分移轉,11520000
RPUNMLNKIIGGFCN48DA,福南段,3236.38,非都市：一般農業區 ; 非都市編定：農牧用地,1,1,全筆移轉,11530000
RPPOMLNKIIGGFCN08DA,鹿東段,69.89,都市：其他:住宅區,2,1,持分移轉,02060000
RPPNMLMKIIGGFBN77DA,嘉慶段,14.69,都市：其他:農業區,1640,22,持分移轉,07420001
RPPNMLMKIIGGFBN77DA,嘉慶段,2.99,都市：其他:農業區,54256,1195,持分移轉,07430001
RPPNMLMKIIGGFBN77DA,嘉慶段,329.02,都市：其他:農業區,1,1,全筆移轉,07430007
RPPNMLMKIIGGFBN77DA,嘉慶段,1.98,都市：其他:農業區,115116,2374,持分移轉,07440001
RPVNMLNKIIGGFCN58DA,福南段,22.88,非都市：鄉村區 ; 非都市編定：乙種建築用地,3549000,42900,持分移轉,01780000
RPVNMLNKIIGGFCN58DA,福南段,2.65,非都市：鄉村區 ; 非都市編定：乙種建築用地,71680,320,持分移轉,01790000
RPVNMLNKIIGGFCN58DA,福南段,16.46,非都市：鄉村區 ; 非都市編定：乙種建築用地,4480,80,持分移轉,01810000
RPVNMLNKIIGGFCN58DA,福南段,30.22,非都市：鄉村區 ; 非都市編定：乙種建築用地,112,3,持分移轉,01820000
RPVNMLPKRHGGFCN96DA,東昇段,230.00,都市：其他:道路用地,1,1,全筆移轉,00790001
RPRNMLOKIIGGFBN18DA,糖友段,86.06,非都市：特定專用區 ; 非都市編定：特定目的事業用地,1,1,全筆移轉,04970000
RPWNMLPJIIGGFDN88DA,新中州段,16.21,都市：其他:道路用地,184,77,持分移轉,02690000
RPWNMLPJIIGGFDN88DA,新中州段,21.09,都市：其他:道路用地,184,77,持分移轉,03030000
RPOOMLPJIIGGFDN18DA,三條段,74.54,都市：其他:第一種住宅區,1,1,全筆移轉,08950000
RPOOMLPJIIGGFDN18DA,三條段,22.83,都市：其他:第一種住宅區,7,1,持分移轉,08950004
RPTNMLNKIIGGFDN48DA,南勢段,1300.19,都市：其他:農業區,3,1,持分移轉,01840000
RPSNMLTLRHGGFFN47DA,新豐段,69.00,非都市：特定農業區 ; 非都市編定：甲種建築用地,1,1,全筆移轉,08470010
RPSNMLTLRHGGFFN47DA,新豐段,30.56,非都市：特定農業區 ; 非都市編定：甲種建築用地,9,1,持分移轉,08470016
RPPNMLOLRHGGFHN86DA,富貴段,96.60,都市：其他:住宅區,1,1,全筆移轉,00780024
RPOOMLSJRHGGFBN09DA,伸同段,20.65,都市：其他:第二種住宅區,10000000,230984,持分移轉,04670000
RPPNMLNLRHGGFAN68DA,西勢子段西勢子小段,17.33,都市：其他:住宅區,10000,55,持分移轉,00040002
RPRNMLPKIIGGFCN38DA,福龍段,82.90,都市：其他:住宅區,1,1,全筆移轉,06760045
RPTNMLNKRHGGFGN96DA,華崙段,129.19,非都市：鄉村區 ; 非都市編定：乙種建築用地,1,1,全筆移轉,02130000
RPPNMLPKIIGGFFN48DA,大同段,1065.81,非都市：一般農業區 ; 非都市編定：農牧用地,1,1,全筆移轉,04030000
RPXNMLTLRHGGFHN18DA,富貴段,89.84,都市：其他:住宅區,1,1,全筆移轉,00780000
RPSNMLPKIIGGFFN78DA,合興段,49.21,都市：其他:道路用地,1,1,全筆移轉,01860002
RPTNMLPKIIGGFFN88DA,埔尾段,93.33,非都市：鄉村區 ; 非都市編定：乙種建築用地,1,1,全筆移轉,03870000
RPPNMLMLIIGGFCN97DA,福安段,715.80,非都市：一般農業區 ; 非都市編定：農牧用地,1,1,全筆移轉,02280000
RPUNMLQJIIGGFFN98DA,福德段,47.00,非都市：鄉村區 ; 非都市編定：乙種建築用地,1,1,全筆移轉,07280006
RPUNMLQJIIGGFFN98DA,福德段,19.11,非都市：鄉村區 ; 非都市編定：乙種建築用地,100000,6660,持分移轉,07280018
RPPNMLSKIIGGFFN78DA,福德段,3054.00,非都市：特定農業區 ; 非都市編定：農牧用地,1,1,全筆移轉,04010000
RPUNMLPKIIGGFGN09DA,建新段,188.73,非都市：鄉村區 ; 非都市編定：乙種建築用地,1,1,全筆移轉,01320000
RPTNMLPKIIGGFGN98DA,建新段,157.00,非都市：鄉村區 ; 非都市編定：乙種建築用地,1,1,全筆移轉,01600000
RPPNMLPKIIGGFGN58DA,五庄子段,1087.00,非都市：特定農業區 ; 非都市編定：農牧用地,1,1,全筆移轉,03610013
RPPOMLPKIIGGFDN38DA,橋愛段,30.90,都市：其他:第一種住宅區,10000,52,持分移轉,11170000
RPQOMLSKIIGGFDN78DA,溝皂段,195.97,都市：其他:第一種住宅區,1,1,全筆移轉,08190001
RPSNMLPKIIGGFDN58DA,永社段,283.49,非都市：特定農業區 ; 非都市編定：甲種建築用地,21,14,持分移轉,00720000
RPSNMLPKIIGGFDN58DA,永社段,169.35,非都市：特定農業區 ; 非都市編定：甲種建築用地,21,14,持分移轉,00730000
RPQNMLSKIIGGFGN98DA,芳寮段,85.73,非都市：鄉村區 ; 非都市編定：乙種建築用地,283500,4667,持分移轉,03800000
RPPNMLQKIIGGFGN68DA,芳墘段,3991.26,非都市：一般農業區 ; 非都市編定：農牧用地,1,1,全筆移轉,11770001
RPRNMLPKIIGGFDN48DA,豐年段,204.30,都市：其他:第一種住宅區,1,1,全筆移轉,09750000
RPUNMLSKIIGGFGN76DA,竹政段,183.98,都市：其他:住宅區,1,1,全筆移轉,02180000
RPPNMLRJIIGGFGN68DA,儒生段,195.85,都市：其他:商業區,739200,88080,持分移轉,07690000
RPPNMLRJIIGGFGN68DA,儒生段,.51,都市：其他:住宅區,739200,88080,持分移轉,07770000
RPWNMLMKIIGGFGN98DA,儒香段,4145.56,非都市：特定農業區 ; 非都市編定：農牧用地,1,1,全筆移轉,11720000
RPWNMLTLRHGGFGN97DA,五庄子段,393.67,非都市：特定農業區 ; 非都市編定：丁種建築用地,8,3,持分移轉,03700001
RPWNMLTLRHGGFGN97DA,五庄子段,263.83,非都市：特定農業區 ; 非都市編定：丁種建築用地,8,3,持分移轉,03700002
RPWNMLTLRHGGFGN97DA,五庄子段,31.58,非都市：特定農業區 ; 非都市編定：國土保安用地,8,3,持分移轉,03700022
RPWNMLTLRHGGFGN97DA,五庄子段,30.17,非都市：特定農業區 ; 非都市編定：國土保安用地,8,3,持分移轉,03700023
RPRNMLQJIIGGFGN78DA,芳寶段,274.00,非都市：鄉村區 ; 非都市編定：乙種建築用地,1,1,全筆移轉,00370000
RPWNMLSKIIGGFGN96DA,文津北段,4655.05,非都市：一般農業區 ; 非都市編定：農牧用地,1,1,全筆移轉,05360000
RPSNMLOJIIGGFGN68DA,建山段,1927.00,非都市：一般農業區 ; 非都市編定：農牧用地,1,1,全筆移轉,06260000
RPWNMLMKIIGGFHN09DA,鳳山段,9.89,都市：其他:道路用地,69500,989,持分移轉,08320000
RPWNMLMKIIGGFHN09DA,鳳山段,.71,都市：其他:住宅區,35000,710,持分移轉,08330026
RPWNMLMKIIGGFHN09DA,鳳山段,5.94,都市：其他:住宅區,35994,594,持分移轉,08380006
RPWNMLMKIIGGFHN09DA,鳳山段,85.27,都市：其他:住宅區,1,1,全筆移轉,08380027
RPWNMLMKIIGGFHN09DA,鳳山段,.89,都市：其他:住宅區,4400,89,持分移轉,12220000
RPWNMLMKIIGGFHN09DA,鳳山段,2.13,都市：其他:道路用地,15000,213,持分移轉,12230000
RPWNMLMKIIGGFHN09DA,鳳山段,7.01,都市：其他:道路用地,49300,701,持分移轉,12340000
RPWNMLMKIIGGFHN09DA,鳳山段,4.84,都市：其他:道路用地,34000,484,持分移轉,12380000
RPPNMLTKIIGGFGN98DA,新光段,2380.00,非都市：一般農業區 ; 非都市編定：農牧用地,1,1,全筆移轉,10950000
RPQNMLTKQHGGFCN76DA,振興段,1433.00,非都市：特定農業區 ; 非都市編定：農牧用地,1,1,全筆移轉,13290000
RPQNMLTKQHGGFCN76DA,振興段,717.00,非都市：特定農業區 ; 非都市編定：農牧用地,1,1,全筆移轉,13290001
