﻿編號,土地位置,土地移轉面積(平方公尺),使用分區或編定,權利人持分分母,權利人持分分子,移轉情形,地號
The serial number, land position,land shifting area square meter,the use zoning or compiles and checks,,,,land parcel
RPVQMLPKRHGGFAO27CC,南門段一小段,.00,都市：商,,,,00430000
RPVQMLPKRHGGFAO27CC,南門段一小段,.00,都市：商,,,,00430001
RPVQMLPKRHGGFAO27CC,南門段一小段,.00,都市：商,,,,00430002
RPOQMLPKRHGGFAO56CC,東山段二小段,.00,都市：其他:第一種住宅區、道路用地,,,,09720000
RPRQMLPKRHGGFAO86CC,竹港段,.00,都市：其他:道路用地、第一之一種商業用地,,,,07050000
RPQRMLPKRHGGFAO86CC,茄苳段,.00,非都市：山坡地保育區 ; 非都市編定：丙種建築用地,,,,03050000
RPORMLPKRHGGFAO66CC,武陵段,.00,都市：住,,,,00720000
RPPOMLQKRHGGFAO56CC,仙水段,.00,都市：住,,,,04250000
RPSOMLPKRHGGFAO76CC,延壽段,.00,非都市：山坡地保育區 ; 非都市編定：丙種建築用地,,,,04200000
RPTPMLLKRHGGFAO56CC,新興段,.00,都市：其他:住，道,,,,15080002
RPOPMLPKRHGGFAO09CC,民主段一小段,.00,都市：商,,,,00270002
RPUPMLLKRHGGFAO66CC,光武段,.00,都市：住,,,,06030000
