﻿鄉鎮市區,交易標的,土地位置建物門牌,土地移轉總面積平方公尺,都市土地使用分區,非都市土地使用分區,非都市土地使用編定,交易年月日,交易筆棟數,移轉層次,總樓層數,建物型態,主要用途,主要建材,建築完成年月,建物移轉總面積平方公尺,建物現況格局-房,建物現況格局-廳,建物現況格局-衛,建物現況格局-隔間,有無管理組織,總價元,單價元平方公尺,車位類別,車位移轉總面積(平方公尺),車位總價元,備註,編號,主建物面積,附屬建物面積,陽台面積,電梯,移轉編號
The villages and towns urban district,transaction sign,land sector position building sector house number plate,land shifting total area square meter,the use zoning or compiles and checks,the non-metropolis land use district,non-metropolis land use,transaction year month and day,transaction pen number,shifting level,total floor number,building state,main use,main building materials,construction to complete the years,building shifting total area,Building present situation pattern - room,building present situation pattern - hall,building present situation pattern - health,building present situation pattern - compartmented,Whether there is manages the organization,total price NTD,the unit price (NTD / square meter),the berth category,berth shifting total area square meter,the berth total price NTD,the note,serial number,,,,,
新竹市,房地(土地+建物),新竹市新竹市延平路３段６６７巷２０－１號３Ｆ,8.8,都市：其他:第一之一種住宅區,,,1100813,土地1建物1車位0,三層,七層,華廈(10層含以下有電梯),住家用,鋼筋混凝土造,0831128,49.459999999999994,1,1,1,有,有,1650000,33360,,0.0,0,,RPVRMLKLQHGGFAO76DA,34.3,0.0,0.0,有,
新竹市,土地,南寮段48-1地號,12.06,都市：其他:道路用地,,,1100827,土地1建物0車位0,,,其他,,,,0.0,0,0,0,有,無,127750,10593,,0.0,0,包含公共設施保留地用地；,RPRQMLQLQHGGFAO86DA,0.0,0.0,0.0,無,
新竹市,房地(土地+建物)+車位,新竹市新竹市新莊街９２號四樓,23.07,都市：其他:乙種工業區,,,1100826,土地2建物1車位1,四層,七層,華廈(10層含以下有電梯),住家用,鋼筋混凝土造,0830305,123.88,3,2,2,有,有,9360000,75557,坡道機械,0.0,0,陽台加窗陽台外推；,RPQNMLPJRHGGFAO88DA,84.1,11.14,0.0,有,
新竹市,土地,東濱段16-1地號,717.61,都市：其他:第一之一種住宅區,,,1100819,土地2建物0車位0,,,其他,,,,0.0,0,0,0,有,無,56440800,78651,,0.0,0,,RPSPMLKKRHGGFAO88DA,0.0,0.0,0.0,無,
新竹市,房地(土地+建物),新竹市新竹市延平路１段２１４巷１５０號,46.0,,鄉村區,乙種建築用地,1100831,土地1建物1車位0,全,二層,透天厝,住家用,加強磚造,0640110,56.25,5,3,3,有,無,5000000,88889,,0.0,0,親友、員工、共有人或其他特殊關係間之交易；其他增建；,RPXPMLMLRHGGFAO07DA,56.25,0.0,0.0,無,001
新竹市,房地(土地+建物)+車位,新竹市新竹市天府路一段５３３號九樓,9.84,都市：其他:第一之一種住宅區,,,1100915,土地1建物1車位1,九層,十四層,住宅大樓(11層含以上有電梯),住家用,鋼筋混凝土造,0970520,112.91,3,2,2,有,有,5300000,46940,坡道機械,11.12,0,,RPQOMLPLRHGGFAO56DA,62.1,11.66,0.0,有,002
新竹市,房地(土地+建物),新竹市新竹市高翠路２２１巷２弄１３號,80.24,都市：其他:第一種住宅區,,,1100904,土地1建物1車位0,全,三層,透天厝,住家用,鋼筋混凝土造,0811117,187.34,3,2,3,有,無,13000000,69393,,0.0,0,,RPTOMLKMRHGGFAO09DA,159.13,28.21,0.0,無,
新竹市,房地(土地+建物)+車位,新竹市新竹市北新街１３１號八樓之８,6.13,都市：其他:第二種住宅區,,,1100827,土地2建物1車位1,八層,十層,華廈(10層含以下有電梯),辦公用,鋼筋混凝土造,0980319,48.16,2,2,1,有,有,4710000,97799,坡道機械,0.0,0,夾層；,RPRPMLKMRHGGFAO98DA,21.78,5.34,0.0,有,003
新竹市,房地(土地+建物),新竹市新竹市林森路１７５號６樓之２,7.56,都市：其他:第二種商業區,,,1100930,土地1建物2車位0,六層,十二層,住宅大樓(11層含以上有電梯),其他,鋼筋混凝土造,0790207,82.0,2,2,2,有,有,4080000,49756,,0.0,0,,RPVQMLKMRHGGFAO86DA,49.28,8.58,0.0,有,
新竹市,房地(土地+建物),新竹市新竹市長春街４０巷２４號,63.0,都市：其他:第一種住宅區,,,1100827,土地1建物1車位0,全,二層,透天厝,住商用,加強磚造,0740424,109.53,11,0,11,有,無,13150000,120058,,0.0,0,增建部分為一樓空地、3~5樓增建其他增建；,RPTNMLNJIIGGFAO18DA,83.74,25.79,0.0,無,004
新竹市,房地(土地+建物),新竹市新竹市北大路４０巷１０號,460.0,都市：其他:第二種住宅區,,,1100726,土地1建物2車位0,全,一層,透天厝,住家用,加強磚造,,230.96,5,2,3,有,無,81550000,353091,,0.0,0,285建號成交金額：3262萬元整，1297地號及284建號成交金額：4893萬元整,RPXNMLPJIIGGFAO78DA,230.96,0.0,0.0,無,
新竹市,房地(土地+建物),新竹市新竹市民權路５６巷１９號六樓之６,4.96,都市：其他:第二種商業區,,,1100830,土地1建物1車位0,六層,十二層,住宅大樓(11層含以上有電梯),住家用,鋼筋混凝土造,1030830,46.11,1,0,1,有,有,4000000,86749,,0.0,0,陽台外推；,RPUOMLPJIIGGFAO58DA,22.65,3.38,0.0,有,005
新竹市,房地(土地+建物)+車位,新竹市新竹市金竹路８６巷２６號九樓之１,20.04,都市：其他:第一種住宅區,,,1100905,土地1建物1車位1,九層,十三層,住宅大樓(11層含以上有電梯),住家用,鋼筋混凝土造,1000307,134.61,2,2,1,有,有,8000000,59431,坡道平面,40.2,0,,RPWOMLPJIIGGFAO78DA,56.74,8.09,0.0,有,
新竹市,房地(土地+建物)+車位,新竹市新竹市和平路８６巷１０號１１樓,17.3,都市：其他:第一種住宅區,,,1100825,土地1建物1車位1,十一層,十三層,住宅大樓(11層含以上有電梯),住家用,鋼筋混凝土造,0860710,159.74,4,2,1,有,有,8300000,51959,坡道平面,0.0,0,其他增建；,RPOPMLPJIIGGFAO08DA,92.59,14.54,0.0,有,006
新竹市,房地(土地+建物)+車位,新竹市新竹市慈雲路１３７號十八樓之１,20.9,都市：其他:第二種商業區,,,1100625,土地1建物1車位2,十八層,二十八層,住宅大樓(11層含以上有電梯),住家用,鋼筋混凝土造,1031208,262.5,4,2,2,有,有,24800000,94476,坡道平面,0.0,0,,RPQPMLPJIIGGFAO28DA,119.12,18.02,0.0,有,007
新竹市,房地(土地+建物)+車位,新竹市新竹市東門街３４巷２０號十六樓,14.64,都市：其他:第二種商業區,,,1100828,土地1建物1車位1,十六層,二十層,住宅大樓(11層含以上有電梯),住家用,鋼筋混凝土造,1011015,185.35000000000002,2,2,2,有,有,19700000,106285,坡道平面,29.47,0,,RPPNMLQJIIGGFAO08DA,89.64,16.65,0.0,有,008
新竹市,房地(土地+建物)+車位,新竹市新竹市慈濟路２１２號十樓,22.99,都市：其他:第二種住宅區,,,1100826,土地1建物1車位2,十層,二十三層,住宅大樓(11層含以上有電梯),住家用,鋼筋混凝土造,1040114,220.45,3,2,2,有,有,20000000,90724,坡道平面,0.0,1500000,車位編號B1-591單獨計價150萬元車位編號B3-34含入總價。,RPTPMLQJIIGGFAO68DA,102.91,23.17,0.0,有,009
新竹市,房地(土地+建物),新竹市新竹市金雅六街７３號,64.08,,鄉村區,乙種建築用地,1100905,土地1建物1車位0,全,五層,透天厝,住家用,鋼筋混凝土造,1080709,223.03,5,2,5,有,無,19680000,88239,,0.0,0,土地、建物價格各984萬元陽台外推；,RPSNMLOJIIGGFAO28EA,185.35,37.68,0.0,無,
新竹市,房地(土地+建物),新竹市新竹市光復路一段５３１巷８２之１號９樓,14.44,都市：其他:第一種商業區,,,1100907,土地1建物1車位0,九層,十三層,住宅大樓(11層含以上有電梯),住家用,鋼筋混凝土造,0830512,110.3,3,2,1,有,有,8300000,75249,,0.0,0,,RPUNMLPJIIGGFAO58EA,73.87,9.57,0.0,有,
新竹市,土地,科學段一小段625地號,82.97,都市：其他:第一種住宅區,,,1100827,土地1建物0車位0,,,其他,,,,0.0,0,0,0,無,無,10080000,121490,,0.0,0,,RPPPMLPJIIGGFAO28EA,0.0,0.0,0.0,無,
新竹市,土地,港南段1018-6地號,160.86,,鄉村區,乙種建築用地,1100831,土地1建物0車位0,,,其他,,,,0.0,0,0,0,有,無,9148000,56869,,0.0,0,,RPQNMLQJIIGGFAO28EA,0.0,0.0,0.0,無,
新竹市,房地(土地+建物),新竹市新竹市光華街９３號３樓之２,9.83,都市：其他:第一種住宅區,,,1100726,土地1建物1車位0,三層,七層,華廈(10層含以下有電梯),住家用,鋼筋混凝土造,,76.0,2,2,1,有,有,3900000,51316,,0.0,0,,RPRNMLQJIIGGFAO38EA,59.83,0.0,0.0,有,010
新竹市,房地(土地+建物),新竹市新竹市建中一路５６號６樓之１,28.94,都市：其他:第一種住宅區,,,1100915,土地1建物1車位0,六層,十二層,住宅大樓(11層含以上有電梯),住家用,鋼筋混凝土造,0870410,140.46,3,2,2,有,有,12250000,87213,,0.0,0,,RPSNMLQJIIGGFAO48EA,86.2,11.06,0.0,有,
新竹市,房地(土地+建物)+車位,新竹市新竹市竹蓮街１０１巷２６號十一樓之６,11.22,都市：其他:第二種商業區,,,1100812,土地1建物1車位1,十一層,十四層,住宅大樓(11層含以上有電梯),住家用,鋼筋混凝土造,1100512,97.69,2,2,1,有,有,8600000,88034,升降機械,19.22,0,,RPTNMLQJIIGGFAO58EA,44.17,4.48,0.0,有,011
新竹市,房地(土地+建物)+車位,新竹市新竹市光復路一段３０巷１３號６Ｆ,27.58,都市：其他:第一種住宅區,,,1100821,土地1建物1車位1,六層,六層,華廈(10層含以下有電梯),住家用,鋼筋混凝土造,0830621,136.5,4,2,2,有,無,8200000,60073,坡道機械,0.0,0,,RPUNMLQJIIGGFAO68EA,89.06,13.43,0.0,有,012
新竹市,房地(土地+建物),新竹市新竹市東大路三段３７７巷５８號,85.83,都市：其他:第一之一種住宅區,,,1100820,土地2建物1車位0,全,四層,透天厝,住家用,鋼筋混凝土造,1001213,262.61,5,2,3,有,無,16880000,64278,,0.0,0,頂樓加蓋；,RPPNMLRJIIGGFAO28EA,221.84,40.77,0.0,無,
新竹市,房地(土地+建物)+車位,新竹市新竹市大學路８１巷２弄１號３樓之３,21.95,都市：其他:道路用地,,,1100905,土地2建物1車位1,三層,五層,華廈(10層含以下有電梯),其他,鋼筋混凝土造,0801216,107.61,2,2,1,有,有,6200000,57615,坡道平面,0.0,0,,RPSNMLRJIIGGFAO58EA,93.3,5.73,0.0,有,
新竹市,房地(土地+建物)+車位,新竹市新竹市公道五路二段３７５號十二樓之２,51.91,都市：其他:第一種住宅區,,,1100904,土地1建物1車位2,十二層,十三層,住宅大樓(11層含以上有電梯),住家用,鋼筋混凝土造,0961206,310.63,4,2,2,有,有,36680000,118083,坡道平面,0.0,2400000,陽台外推；,RPUNMLRJIIGGFAO78EA,172.08,17.07,0.0,有,
新竹市,房地(土地+建物)+車位,新竹市新竹市東華路７號三樓之８,18.66,都市：其他:第二種住宅區,,,1100904,土地1建物1車位1,三層,十五層,住宅大樓(11層含以上有電梯),住家用,鋼筋混凝土造,1030829,164.60000000000002,3,2,2,有,有,11500000,81780,坡道平面,37.43,1100000,,RPXOMLRJIIGGFAO56EA,78.23,7.69,0.0,有,013
新竹市,房地(土地+建物),新竹市新竹市境福街１４１巷６弄５６號,139.0,,鄉村區,乙種建築用地,1100913,土地1建物1車位0,全,五層,透天厝,住家用,鋼筋混凝土造,0881230,276.45,6,2,4,有,無,25500000,92241,,0.0,0,頂樓增建其他增建；,RPOOMLRJIIGGFAO18DA,256.94,19.51,0.0,無,
新竹市,房地(土地+建物)+車位,新竹市志平路１１１號十一樓之２,103.56,,山坡地保育區,丙種建築用地,1100914,土地1建物1車位1,十一層,十四層,住宅大樓(11層含以上有電梯),住家用,鋼骨造,0960716,279.18,5,2,2,有,有,17500000,62684,坡道平面,30.59,0,,RPORMLOJIIGGFAO18DA,174.74,23.06,0.0,有,
新竹市,房地(土地+建物),新竹市新竹市林森路７３號９樓之５,2.67,都市：其他:第二種商業區,,,1100917,土地1建物1車位0,九層,十二層,住宅大樓(11層含以上有電梯),住家用,鋼筋混凝土造,0780107,29.39,1,0,1,有,有,1560000,53079,,0.0,0,,RPWNMLQJIIGGFAO78DA,23.13,0.0,0.0,有,
新竹市,土地,南門段三小段151地號,66.0,都市：其他:道路用地,,,1100909,土地1建物0車位0,,,其他,,,,0.0,0,0,0,有,無,7814400,118400,,0.0,0,包含公共設施保留地用地；,RPROMLQJIIGGFAO38DA,0.0,0.0,0.0,無,
新竹市,土地,西濱段93地號,118.78,都市：其他:道路用地,,,1100903,土地2建物0車位0,,,其他,,,,0.0,0,0,0,有,無,5048202,42500,,0.0,0,包含公共設施保留地用地；,RPTPMLPJIIGGFAO58DA,0.0,0.0,0.0,無,014
新竹市,土地,西濱段93地號,118.78,都市：其他:道路用地,,,1100903,土地2建物0車位0,,,其他,,,,0.0,0,0,0,有,無,5048202,42500,,0.0,0,包含公共設施保留地用地；,RPUPMLPJIIGGFAO68DA,0.0,0.0,0.0,無,014
新竹市,房地(土地+建物),新竹市新竹市國華街６６巷４號４樓,28.33,都市：其他:第一種住宅區,,,1100901,土地1建物1車位0,四層,五層,公寓(5樓含以下無電梯),住家用,鋼筋混凝土造,0730718,105.67,3,2,2,有,有,4800000,45424,,0.0,0,,RPTOMLQJIIGGFAO58DA,77.7,13.72,0.0,無,
新竹市,房地(土地+建物),新竹市新竹市經國路二段１１１號６樓之１４,4.7,都市：其他:第二種住宅區,,,1100925,土地2建物1車位0,六層,十二層,住宅大樓(11層含以上有電梯),辦公用,鋼筋混凝土造,0860715,43.25,1,0,1,有,有,1570000,36301,,0.0,0,,RPXOMLQJIIGGFAO98DA,27.75,0.0,0.0,有,
新竹市,土地,醫專段8-224地號,232.33,,山坡地保育區,丙種建築用地,1100621,土地1建物0車位0,,,其他,,,,0.0,0,0,0,有,無,7028000,30250,,0.0,0,親友、員工、共有人或其他特殊關係間之交易；,RPQPMLQJIIGGFAO38DA,0.0,0.0,0.0,無,
新竹市,房地(土地+建物),新竹市新竹市民權路２００巷１３號,90.0,都市：其他:第二種住宅區,,,1100804,土地1建物1車位0,全,二層,透天厝,住家用,加強磚造,0611109,72.0,4,2,4,有,無,19300000,268056,,0.0,0,壹樓空地防火巷頂樓加蓋；其他增建；,RPWQMLQJIIGGFAO09DA,72.0,0.0,0.0,無,016
新竹市,土地,東香段891地號,1085.53,,山坡地保育區,農牧用地,1100304,土地2建物0車位0,,,其他,,,,0.0,0,0,0,有,無,9500000,8751,,0.0,0,未登記建物；,RPOQMLOJIIGGFAO08DA,0.0,0.0,0.0,無,017
新竹市,房地(土地+建物),新竹市新竹市東華路１６號７Ｆ,7.78,都市：其他:第二種住宅區,,,1100825,土地1建物1車位0,七層,十二層,住宅大樓(11層含以上有電梯),住家用,鋼筋混凝土造,0830713,68.68,2,2,1,有,有,3600000,52417,,0.0,0,,RPWOMLOJIIGGFAO68DA,48.28,6.96,0.0,有,018
新竹市,房地(土地+建物),新竹市新竹市石坊街２２號四樓之５,10.56,都市：其他:第二種商業區,,,1100905,土地1建物1車位0,四層,十一層,住宅大樓(11層含以上有電梯),住家用,鋼筋混凝土造,1010730,71.42,2,2,1,有,有,7500000,105013,,0.0,0,,RPTPMLOJIIGGFAO48DA,47.44,6.97,0.0,有,019
新竹市,房地(土地+建物),新竹市新竹市安康街９巷３號二樓,18.2,都市：其他:第二種住宅區,,,1100904,土地2建物1車位0,二層,五層,華廈(10層含以下有電梯),住家用,鋼筋混凝土造,1091224,55.8,2,0,2,有,無,5860000,105018,,0.0,0,陽台外推；,RPSNMLNJIIGGFAO08DA,37.37,3.75,0.0,有,020
新竹市,房地(土地+建物),新竹市新竹市光華東街２２巷３號,30.8,都市：其他:第一種住宅區,,,1100911,土地1建物1車位0,一層,五層,公寓(5樓含以下無電梯),住家用,鋼筋混凝土造,0710225,101.1,3,2,2,有,無,6020000,59545,,0.0,0,,RPPRMLKMRHGGFAO98DA,86.66,0.0,0.0,無,
新竹市,房地(土地+建物)+車位,新竹市新竹市東華路７號十三樓之１,16.57,都市：其他:第二種住宅區,,,1100823,土地1建物1車位1,十三層,十五層,住宅大樓(11層含以上有電梯),住家用,鋼筋混凝土造,1030829,145.63,3,2,1,有,有,9380000,64410,坡道平面,35.44,0,含土地增值稅或其他稅費；含仲介費；,RPRQMLKMRHGGFAO09DA,71.12,4.88,0.0,有,021
新竹市,房地(土地+建物)+車位,新竹市新竹市光復路一段４５９巷１６號二樓之２,28.02,都市：其他:人行步道用地,,,1100801,土地2建物1車位1,二層,七層,華廈(10層含以下有電梯),住家用,鋼筋混凝土造,1040422,108.6,2,2,2,有,有,9800000,90239,坡道機械,0.0,0,建商有二次施工其他增建；,RPUOMLKMRHGGFAO56DA,51.87,11.07,0.0,有,022
新竹市,土地,高翠段834地號,50.87,都市：其他:道路用地,,,1100820,土地1建物0車位0,,,其他,,,,0.0,0,0,0,有,無,2600000,51111,,0.0,0,,RPWOMLKMRHGGFAO76DA,0.0,0.0,0.0,無,023
新竹市,房地(土地+建物),新竹市新竹市經國路二段２０１號十樓之５,10.09,都市：其他:第二種住宅區,,,1100924,土地2建物1車位0,十層,十二層,住宅大樓(11層含以上有電梯),住家用,鋼筋混凝土造,1090120,77.11,1,1,1,有,有,6850000,88834,,0.0,0,含裝潢費580000元；,RPTQMLOLRHGGFAO96DA,47.55,3.57,0.0,有,
新竹市,房地(土地+建物),新竹市新竹市勝利路２０９號,150.0,都市：其他:第二種商業區,,,1100924,土地4建物3車位0,全,三層,透天厝,住商用,加強磚造,0640613,416.01,5,2,7,有,無,25000000,60095,,0.0,0,親友、員工、共有人或其他特殊關係間之交易；,RPPOMLOLRHGGFAO98DA,416.01,0.0,0.0,無,
新竹市,房地(土地+建物)+車位,新竹市新竹市經國路二段２０１號九樓之５,10.09,都市：其他:第二種住宅區,,,1100913,土地2建物1車位1,九層,十二層,住宅大樓(11層含以上有電梯),住家用,鋼筋混凝土造,1090120,103.39,1,1,1,有,有,7650000,90131,升降機械,26.28,700000,含裝潢費580000元；,RPVPMLSLRHGGFAO47DA,47.55,3.57,0.0,有,
新竹市,房地(土地+建物)+車位,新竹市新竹市經國路二段２０１號十樓之３,10.53,都市：其他:第二種住宅區,,,1100917,土地2建物1車位1,十層,十二層,住宅大樓(11層含以上有電梯),住家用,鋼筋混凝土造,1090120,107.27000000000001,1,1,1,有,有,8300000,92604,升降機械,26.28,800000,含裝潢費880000元；,RPPQMLSLRHGGFAO96DA,50.15,3.7,0.0,有,
新竹市,房地(土地+建物),新竹市新竹市延平路１段２１４巷１５０號,46.0,,鄉村區,乙種建築用地,1100831,土地1建物1車位0,全,二層,透天厝,住家用,加強磚造,0640110,56.25,5,3,3,有,無,5000000,88889,,0.0,0,其他增建；,RPOQMLMLRHGGFAO88DA,56.25,0.0,0.0,無,001
新竹市,房地(土地+建物)+車位,新竹市新竹市中華路六段７９９巷８弄１８號６樓,28.71,,山坡地保育區,丙種建築用地,1100906,土地7建物1車位1,六層,十一層,住宅大樓(11層含以上有電梯),住家用,鋼筋混凝土造,0841016,150.09,2,2,2,有,有,3500000,23319,坡道平面,0.0,0,,RPTQMLPKRHGGFAO96DA,70.39,7.2,0.0,有,025
新竹市,土地,聚吉段55-9地號,117.0,都市：其他:第二種商業區,,,1100623,土地1建物0車位0,,,其他,,,,0.0,0,0,0,有,無,27000000,230769,,0.0,0,,RPXOMLKLPHGGFAO56DA,0.0,0.0,0.0,無,
新竹市,房地(土地+建物)+車位,新竹市明湖路１０５０巷５０號４樓,47.35,,山坡地保育區,丙種建築用地,1100726,土地3建物1車位1,四層,五層,公寓(5樓含以下無電梯),住家用,鋼筋混凝土造,,135.76,3,2,2,有,有,3880000,28580,坡道平面,0.0,0,,RPTNMLSLPHGGFAO86DA,75.3,10.25,0.0,無,
新竹市,土地,光鎮段552地號,820.15,都市：其他:道路用地,,,1100817,土地3建物0車位0,,,其他,,,,0.0,0,0,0,有,無,42765425,52143,,0.0,0,包含公共設施保留地用地；,RPOPMLQKQHGGFAO98DA,0.0,0.0,0.0,無,026
新竹市,土地,光鎮段240地號,1240.87,都市：其他:道路用地,,,1100817,土地6建物0車位0,,,其他,,,,0.0,0,0,0,有,無,47464212,38251,,0.0,0,包含公共設施保留地用地；,RPPPMLQKQHGGFAO09DA,0.0,0.0,0.0,無,027
新竹市,土地,和平段716-1地號,426.5,都市：其他:道路用地,,,1100817,土地2建物0車位0,,,其他,,,,0.0,0,0,0,有,無,30452100,71400,,0.0,0,包含公共設施保留地用地；,RPQPMLQKQHGGFAO56DA,0.0,0.0,0.0,無,
新竹市,土地,新興段224地號,1398.98,都市：其他:道路用地,,,1100817,土地11建物0車位0,,,其他,,,,0.0,0,0,0,有,無,87963148,62877,,0.0,0,包含公共設施保留地用地；,RPRPMLQKQHGGFAO66DA,0.0,0.0,0.0,無,
新竹市,房地(土地+建物),新竹市新竹市牛埔路１６８號地下室,36.42,都市：其他:第一種住宅區,,,1100724,土地1建物1車位0,地下層,十一層,住宅大樓(11層含以上有電梯),商業用,鋼筋混凝土造,0830205,282.71999999999997,4,1,2,有,有,3660000,12946,,0.0,0,其他增建為一樓空地鐵皮屋其他增建；,RPQNMLLJQHGGFAO38DA,269.14,0.0,0.0,有,
新竹市,土地,東門段二小段166-3地號,34.45,都市：其他:道路用地,,,1100817,土地2建物0車位0,,,其他,,,,0.0,0,0,0,有,無,7075519,205385,,0.0,0,包含公共設施保留地用地；,RPUOMLQKQHGGFAO86DA,0.0,0.0,0.0,無,
新竹市,土地,唐高段846地號,381.0,都市：其他:道路用地,,,1100916,土地4建物0車位0,,,其他,,,,0.0,0,0,0,有,無,10600000,27822,,0.0,0,包含公共設施保留地用地；,RPOOMLLKRHGGFAO48DA,0.0,0.0,0.0,無,
新竹市,房地(土地+建物),新竹市新竹市光復路一段３０巷１２號,99.0,都市：其他:第一種住宅區,,,1100902,土地2建物1車位0,全,二層,透天厝,住家用,加強磚造,0591231,86.38,7,2,8,有,無,10800000,125029,,0.0,0,其他增建；,RPRPMLLKRHGGFAO88DA,86.38,0.0,0.0,無,028
新竹市,土地,聚吉段55-23地號,27.0,都市：其他:第二種住宅區,,,1100913,土地1建物0車位0,,,其他,,,,0.0,0,0,0,有,無,2450000,90741,,0.0,0,,RPQPMLPKRHGGFAO56DA,0.0,0.0,0.0,無,
新竹市,房地(土地+建物),新竹市新竹市光復路二段５１３號９樓之１,17.77,都市：其他:第二種商業區,,,1100910,土地3建物1車位0,九層,十層,華廈(10層含以下有電梯),住家用,鋼筋混凝土造,0871220,114.58,3,2,2,有,有,9200000,80293,,0.0,0,,RPUPMLQJRHGGFAO96DA,84.46,11.24,0.0,有,
新竹市,房地(土地+建物),新竹市新竹市境福街８５號五樓之３,6.54,都市：其他:第一種住宅區,,,1100902,土地1建物1車位0,五層,七層,華廈(10層含以下有電梯),住家用,鋼筋混凝土造,0960625,37.64,1,1,1,有,有,2500000,66419,,0.0,0,,RPSOMLNJRHGGFAO98DA,18.72,6.88,0.0,有,029
新竹市,土地,南湖段708-2地號,0.23,都市：其他:甲種風景區,,,1100928,土地1建物0車位0,,,其他,,,,0.0,0,0,0,有,無,120000,0,,0.0,0,增值稅由買方支付,RPOQMLSLRHGGFAO86DA,0.0,0.0,0.0,無,
新竹市,土地,北門段646-2地號,16.05,都市：其他:道路用地,,,1100926,土地1建物0車位0,,,其他,,,,0.0,0,0,0,有,無,876914,54636,,0.0,0,包含公共設施保留地用地；,RPQPMLTLRHGGFAO07DA,0.0,0.0,0.0,無,030
新竹市,土地,北門段646-2地號,8.6,都市：其他:道路用地,,,1100926,土地1建物0車位0,,,其他,,,,0.0,0,0,0,有,無,469776,54625,,0.0,0,包含公共設施保留地用地；,RPRPMLTLRHGGFAO17DA,0.0,0.0,0.0,無,030
新竹市,房地(土地+建物)+車位,新竹市新竹市東門街１００號七樓之５,17.97,都市：其他:第二種商業區,,,1100826,土地2建物1車位1,七層,二十八層,住宅大樓(11層含以上有電梯),住家用,鋼筋混凝土造,1080426,234.1,4,2,2,有,有,26050000,120179,坡道平面,33.15,1900000,,RPSPMLTLRHGGFAO27DA,120.08,13.96,0.0,有,
新竹市,土地,北門段646-2地號,4.01,都市：其他:道路用地,,,1100926,土地1建物0車位0,,,其他,,,,0.0,0,0,0,有,無,219228,54670,,0.0,0,包含公共設施保留地用地；,RPTPMLTLRHGGFAO37DA,0.0,0.0,0.0,無,030
新竹市,土地,北門段645-5地號,3.5,都市：其他:道路用地,,,1100926,土地3建物0車位0,,,其他,,,,0.0,0,0,0,有,無,191188,54625,,0.0,0,包含公共設施保留地用地；,RPUPMLTLRHGGFAO47DA,0.0,0.0,0.0,無,
新竹市,房地(土地+建物)+車位,新竹市新竹市關新路１９巷７９號十二樓,19.47,都市：其他:第一種住宅區,,,1100912,土地3建物1車位2,十二層,十五層,住宅大樓(11層含以上有電梯),辦公用,鋼筋混凝土造,0980601,205.07,4,2,2,有,有,21000000,102404,坡道平面,0.0,0,陽台外推；,RPUNMLNJIIGGFAO28DA,101.49,14.65,0.0,有,033
新竹市,房地(土地+建物),新竹市新竹市延平路３段３２５號５Ｆ,25.02,都市：其他:第一之一種住宅區,,,1100802,土地1建物1車位0,五層,五層,公寓(5樓含以下無電梯),住家用,鋼筋混凝土造,0830120,79.60000000000001,3,2,2,有,無,2350000,29523,,0.0,0,,RPRNMLNJIIGGFAO97DA,70.77,2.38,0.0,無,034
新竹市,車位,龍山東路２８６號等,1.24,都市：其他:第一種住宅區,,,1100917,土地1建物1車位1,,,其他,,,,31.52,0,0,0,有,有,1100000,,坡道平面,31.52,1100000,僅車位交易；,RPXOMLPJIIGGFAO88DA,0.0,0.0,0.0,有,035
新竹市,房地(土地+建物)+車位,新竹市新竹市關新路１９巷９５號五樓,19.38,都市：其他:第一種住宅區,,,1100829,土地3建物1車位2,五層,十五層,住宅大樓(11層含以上有電梯),辦公用,鋼筋混凝土造,0980601,208.95999999999998,4,2,2,有,有,25280000,120986,坡道平面,0.0,0,陽台加窗陽台外推；其他增建；,RPORMLQJIIGGFAO38DA,103.72,11.61,0.0,有,
新竹市,房地(土地+建物),新竹市新竹市延平路三段１６２之１號,82.32,都市：其他:第一之一種住宅區,,,1100717,土地1建物1車位0,全,四層,透天厝,住商用,鋼筋混凝土造,1100623,187.83,5,2,5,有,有,13500000,71874,,0.0,0,,RPWOMLQJIIGGFAO88DA,169.56,18.27,0.0,無,
新竹市,土地,西濱段93地號,118.78,都市：其他:道路用地,,,1100903,土地2建物0車位0,,,其他,,,,0.0,0,0,0,有,無,5048202,42500,,0.0,0,包含公共設施保留地用地；,RPVPMLPJIIGGFAO78DA,0.0,0.0,0.0,無,014
新竹市,房地(土地+建物),新竹市新竹市林森路２７８號１２樓之４,10.17,都市：其他:第二種商業區,,,1100828,土地3建物1車位0,十二層,十二層,住宅大樓(11層含以上有電梯),住家用,鋼筋混凝土造,0840616,110.50999999999999,3,2,2,有,有,7500000,67867,,0.0,0,,RPSOMLQJIIGGFAO48DA,77.2,14.32,0.0,有,037
新竹市,房地(土地+建物),新竹市新竹市竹蓮街１０１巷２６號十二樓之２,7.99,都市：其他:第二種商業區,,,1100825,土地1建物1車位0,十二層,十四層,住宅大樓(11層含以上有電梯),住家用,鋼筋混凝土造,1100512,58.42,1,1,1,有,有,6600000,112975,,0.0,0,,RPUPMLQJIIGGFAO78DA,33.12,3.12,0.0,有,038
新竹市,房地(土地+建物),新竹市新竹市延平路二段４０１巷１８號,353.74,,鄉村區,丁種建築用地,1100903,土地3建物1車位0,全,二層,透天厝,辦公用,鋼筋混凝土造,1080523,316.63,4,2,4,有,無,26000000,82115,,0.0,0,,RPVNMLRJIIGGFAO78DA,316.63,0.0,0.0,有,
新竹市,房地(土地+建物)+車位,新竹市新竹市金竹路１２６號７樓之１,45.92,都市：其他:第一種住宅區,,,1100830,土地1建物2車位2,七層,八層,華廈(10層含以下有電梯),住家用,鋼筋混凝土造,0871015,339.19,4,3,3,有,有,16560000,48822,坡道平面,0.0,0,,RPVOMLRJIIGGFAO88DA,196.03,25.87,0.0,有,
新竹市,房地(土地+建物),新竹市新竹市湳雅街１５０巷１２號,129.0,都市：其他:第一種住宅區,,,1100525,土地2建物1車位0,全,三層,透天厝,住家用,鋼筋混凝土造,,183.6,5,3,3,有,無,12000000,65359,,0.0,0,親友、員工、共有人或其他特殊關係間之交易；,RPWOMLRJIIGGFAO98DA,183.6,0.0,0.0,無,
新竹市,房地(土地+建物),新竹市新竹市榮濱路１９巷２７號三樓之２,16.73,都市：其他:第一種商業區,,,1100910,土地1建物1車位0,三層,十層,華廈(10層含以下有電梯),住家用,鋼筋混凝土造,1070522,84.91,2,2,1,有,有,5450000,64186,,0.0,0,,RPXOMLRJIIGGFAO09DA,46.89,9.54,0.0,有,039
新竹市,車位,新竹市新竹市湳雅街３５７號　　,0.04,都市：其他:第一種住宅區,,,1100914,土地1建物1車位1,一層,八層,其他,店舖、住宅,鋼筋混凝土造,0870720,28.569999999999997,0,0,0,有,有,920000,,坡道平面,0.0,920000,僅車位交易；,RPOOMLSJIIGGFAO28DA,0.0,0.0,0.0,有,
新竹市,房地(土地+建物),新竹市新竹市光復路二段２９８巷９弄８號１樓,59.37,都市：其他:第一種住宅區,,,1100928,土地6建物1車位0,一層,七層,華廈(10層含以下有電梯),住家用,鋼筋混凝土造,0840713,183.09,4,2,2,有,有,12700000,69365,,0.0,0,,RPTOMLSJIIGGFAO78DA,115.68,15.41,0.0,有,040
新竹市,房地(土地+建物)+車位,新竹市新竹市新莊街１８５巷５６號,35.58,都市：其他:第一種住宅區,,,1100813,土地2建物1車位1,全,三層,透天厝,住家用,鋼筋混凝土造,0980909,241.12,4,2,3,有,有,26000000,107830,坡道平面,25.24,0,,RPOPMLRJIIGGFAO38EA,146.68,21.9,0.0,無,
新竹市,房地(土地+建物)+車位,新竹市志平路１１２號七樓之５,103.4,,山坡地保育區,丙種建築用地,1100907,土地1建物1車位2,七層,十四層,住宅大樓(11層含以上有電梯),住家用,鋼骨造,0960716,279.09000000000003,3,2,3,有,有,15880000,56899,坡道機械,30.59,0,,RPQNMLSJIIGGFAO48EA,174.74,23.06,0.0,有,
新竹市,房地(土地+建物)+車位,新竹市新竹市高翠路６７號四樓之１０,20.39,都市：其他:第一種住宅區,,,1100905,土地1建物1車位1,四層,六層,華廈(10層含以下有電梯),辦公用,鋼筋混凝土造,0960331,85.22,1,1,1,有,有,6850000,80380,坡道平面,0.0,0,,RPRNMLSJIIGGFAO58EA,30.72,0.0,0.0,有,
新竹市,房地(土地+建物),新竹市新竹市明湖路７５１號地下二層之７,14.1,都市：其他:甲之三種風景區,,,1100912,土地1建物1車位0,地下二層,四層,華廈(10層含以下有電梯),住家用,鋼筋混凝土造,0940220,50.46000000000001,1,0,1,有,有,2680000,53111,,0.0,0,,RPUNMLSJIIGGFAO88EA,32.59,0.0,0.0,有,
新竹市,房地(土地+建物),新竹市新竹市中華路四段７０５之４１號四樓,6.81,都市：其他:乙種工業區,,,1100925,土地2建物1車位0,四層,六層,華廈(10層含以下有電梯),住家用,鋼筋混凝土造,0960630,28.9,1,0,1,有,有,1234000,42699,,0.0,0,,RPTNMLRJIIGGFAO68EA,15.64,3.0,0.0,有,
新竹市,房地(土地+建物)+車位,新竹市新竹市埔頂二路４６號十三樓,15.32,都市：其他:第二種商業區,,,1100927,土地1建物1車位1,十三層,二十四層,住宅大樓(11層含以上有電梯),住家用,鋼筋混凝土造,1100104,150.68,3,1,2,有,有,19000000,126095,坡道平面,25.41,0,,RPRNMLRJIIGGFAO48EA,69.92,11.8,0.0,有,041
新竹市,房地(土地+建物),新竹市新竹市柯湳一街８０巷１２號三樓,63.07,,山坡地保育區,丙種建築用地,1100913,土地2建物1車位0,三層,五層,公寓(5樓含以下無電梯),住家用,鋼筋混凝土造,0900510,82.17999999999999,4,0,4,有,有,2200000,26771,,0.0,0,,RPUOMLRJIIGGFAO78DA,68.15,5.9,0.0,無,042
新竹市,房地(土地+建物),新竹市新竹市頂埔路１９巷１９號四樓,9.97,都市：其他:第二種住宅區,,,1100920,土地1建物1車位0,四層,七層,華廈(10層含以下有電梯),辦公用,鋼筋混凝土造,0971230,61.58,3,1,2,有,有,4400000,71452,,0.0,0,夾層；,RPQNMLRJIIGGFAO38EA,29.31,5.03,0.0,有,
新竹市,房地(土地+建物)+車位,新竹市新竹市埔頂路１２５號４樓,16.83,都市：其他:第一種住宅區,,,1100828,土地4建物1車位1,四層,七層,華廈(10層含以下有電梯),住家用,鋼筋混凝土造,0841208,124.5,3,2,2,有,有,9800000,78715,坡道平面,0.0,0,陽台外推；,RPSNMLMKIIGGFAO18EA,64.06,9.62,0.0,有,043
新竹市,房地(土地+建物),新竹市新竹市中華路一段１０５巷３弄３９號,64.69,,鄉村區,乙種建築用地,1100727,土地1建物1車位0,全,二層,透天厝,住家用,加強磚造,0660506,83.25,4,4,3,有,無,8860000,106426,,0.0,0,三樓、四樓為未登記增建。,RPSNMLSJIIGGFAO68EA,83.25,0.0,0.0,無,044
新竹市,房地(土地+建物),新竹市新竹市光華二街７２巷２８弄１０號,115.0,都市：其他:第一種住宅區,,,1100917,土地1建物1車位0,全,二層,透天厝,住家用,鋼筋混凝土造,0771215,163.16,5,4,2,有,無,25000000,153224,,0.0,0,頂樓加蓋；其他增建；,RPQOMLSJIIGGFAO58EA,137.6,25.56,0.0,無,
新竹市,房地(土地+建物),新竹市新竹市世界街１８６巷７號２樓,21.61,都市：其他:第二種商業區,,,1100824,土地3建物1車位0,二層,五層,公寓(5樓含以下無電梯),住家用,鋼筋混凝土造,0721219,76.1,5,0,5,有,無,5500000,72273,,0.0,0,陽台外推；,RPOPMLSJIIGGFAO48EA,72.4,3.7,0.0,無,
新竹市,房地(土地+建物),新竹市新竹市延平路三段４９０巷３２號,79.17,都市：其他:第一之一種住宅區,,,1100909,土地1建物1車位0,全,四層,透天厝,住家用,鋼筋混凝土造,0851202,205.84,5,2,3,有,無,10200000,49553,,0.0,0,頂樓加蓋；其他增建；,RPPNMLMKIIGGFAO87EA,179.91,25.93,0.0,無,
新竹市,房地(土地+建物),新竹市明湖路６５０巷２２號４樓,18.11,,鄉村區,乙種建築用地,1100917,土地2建物1車位0,四層,五層,公寓(5樓含以下無電梯),住家用,鋼筋混凝土造,0000000,68.13000000000001,3,2,1,有,無,2800000,41098,,0.0,0,陽台外推；,RPRPMLMKIIGGFAO28EA,59.86,6.62,0.0,無,
新竹市,房地(土地+建物),新竹市新竹市世界街１８６巷９號４樓,25.75,都市：其他:第二種商業區,,,1100911,土地3建物1車位0,四層,五層,公寓(5樓含以下無電梯),住家用,鋼筋混凝土造,0721219,90.77,3,2,2,有,無,4050000,44618,,0.0,0,,RPSPMLMKIIGGFAO38EA,83.17,7.6,0.0,無,
新竹市,房地(土地+建物)+車位,新竹市新竹市關新一街６號七樓,26.34,都市：其他:第一種住宅區,,,1100829,土地1建物1車位1,七層,九層,華廈(10層含以下有電梯),住家用,鋼筋混凝土造,1100205,136.03,2,2,1,有,有,14300000,105124,升降平面,47.94,0,,RPUOMLSJIIGGFAO88DA,49.77,4.63,0.0,有,045
新竹市,房地(土地+建物),新竹市明湖路４８６巷１３０號,299.8,,山坡地保育區,丙種建築用地,1100820,土地3建物1車位0,全,三層,透天厝,其他,鋼筋混凝土造,0780201,333.53,4,3,3,有,有,16680000,50010,,0.0,0,,RPRNMLKKIIGGFAO77DA,228.95,104.58,0.0,無,
新竹市,房地(土地+建物)+車位,新竹市新竹市武陵路２７１巷５７弄１２號,29.07,都市：其他:第一種住宅區,,,1100908,土地1建物1車位1,一層,六層,華廈(10層含以下有電梯),住家用,鋼筋混凝土造,0820807,140.9,4,1,2,有,有,8650000,61391,坡道平面,0.0,0,,RPROMLSJIIGGFAO58DA,94.91,10.23,0.0,有,
新竹市,土地,港南段1018-5地號,76.07,,鄉村區,乙種建築用地,1100913,土地1建物0車位0,,,其他,,,,0.0,0,0,0,有,無,3800000,49954,,0.0,0,,RPXPMLRJIIGGFAO56DA,0.0,0.0,0.0,無,046
新竹市,土地,唐高段484-1地號,80.67,都市：其他:綠地用地,,,1101001,土地1建物0車位0,,,其他,,,,0.0,0,0,0,有,無,1613330,19999,,0.0,0,包含公共設施保留地用地；,RPVNMLSJIIGGFAO88DA,0.0,0.0,0.0,無,
新竹市,土地,福林段542地號,2.78,都市：其他:道路用地,,,1100927,土地1建物0車位0,,,其他,,,,0.0,0,0,0,有,無,100000,35971,,0.0,0,包含公共設施保留地用地；,RPWNMLSJIIGGFAO98DA,0.0,0.0,0.0,無,
新竹市,房地(土地+建物),新竹市新竹市東南街２１０巷５６號,78.07,都市：其他:第一種住宅區,,,1100830,土地1建物1車位0,全,二層,透天厝,住家用,加強磚造,,48.52,3,2,2,有,無,5720000,117890,,0.0,0,親友、員工、共有人或其他特殊關係間之交易；,RPVPMLSJIIGGFAO09DA,48.52,0.0,0.0,無,
新竹市,房地(土地+建物)+車位,新竹市新竹市經國路二段３６號十三樓之２,13.57,都市：其他:第一種住宅區,,,1080119,土地2建物1車位1,十三層,十四層,住宅大樓(11層含以上有電梯),住家用,鋼筋混凝土造,1100611,161.78,3,2,2,有,有,11420000,94051,坡道平面,57.9,1650000,預售屋、或土地及建物分件登記案件；,RPSPMLRJIIGGFAO68DA,63.9,8.51,0.0,有,
新竹市,房地(土地+建物)+車位,新竹市新竹市經國路二段３６號六樓之６,13.58,都市：其他:第一種住宅區,,,1080217,土地2建物1車位1,六層,十四層,住宅大樓(11層含以上有電梯),住家用,鋼筋混凝土造,1100611,156.89,3,2,2,有,有,11080000,92462,坡道平面,53.28,1500000,預售屋、或土地及建物分件登記案件；,RPTPMLRJIIGGFAO78DA,63.93,8.21,0.0,有,
新竹市,房地(土地+建物),新竹市新竹市高翠路２７７巷４弄４２號,82.23,都市：其他:第一種住宅區,,,1100908,土地1建物1車位0,全,三層,透天厝,其他,鋼筋混凝土造,,188.44,4,2,3,有,無,14150000,75090,,0.0,0,其他增建:3樓及4樓增建其他增建；,RPSQMLOJIIGGFAO48DA,163.52,24.92,0.0,無,
新竹市,房地(土地+建物)+車位,新竹市新竹市明湖路４００巷８號四樓之１,35.83,都市：其他:第一之一種住宅區,,,1100715,土地1建物1車位2,四層,八層,華廈(10層含以下有電梯),住家用,鋼筋混凝土造,0940620,240.06,4,2,2,有,有,14580000,60735,坡道機械,50.11,0,陽台外推；,RPVQMLOJIIGGFAO78DA,120.7,21.13,0.0,有,047
新竹市,房地(土地+建物)+車位,新竹市新竹市光復路一段３３３號１１樓之４,10.33,都市：其他:第二種住宅區,,,1100928,土地1建物1車位1,十一層,十三層,住宅大樓(11層含以上有電梯),住家用,鋼筋混凝土造,0840116,98.49000000000001,3,2,2,有,有,6350000,64480,坡道機械,0.0,0,,RPXQMLOJIIGGFAO98DA,72.64,3.78,0.0,有,
新竹市,房地(土地+建物)+車位,新竹市新竹市龍山東路７１號二十二樓,17.1,都市：其他:第二種商業區,,,1100906,土地1建物1車位2,二十二層,二十八層,住宅大樓(11層含以上有電梯),住家用,鋼筋混凝土造,1050127,255.92,4,2,2,有,有,30000000,117224,坡道平面,50.0,0,,RPROMLTLRHGGFAO07DA,115.52,17.71,0.0,有,048
新竹市,房地(土地+建物)+車位,新竹市新竹市武陵路１７３號２１樓之４,16.09,都市：其他:第一種住宅區,,,1100816,土地2建物1車位1,二十一層,二十二層,住宅大樓(11層含以上有電梯),住家用,鋼筋混凝土造,0870718,154.20999999999998,3,2,2,有,有,9500000,61604,坡道平面,0.0,0,,RPXPMLOJIIGGFAO88DA,77.19,11.2,0.0,有,
新竹市,土地,海山段464地號,168.48,,山坡地保育區,農牧用地,1100927,土地1建物0車位0,,,其他,,,,0.0,0,0,0,有,無,800000,4748,,0.0,0,,RPPOMLOJIIGGFAO97DA,0.0,0.0,0.0,無,049
新竹市,房地(土地+建物),新竹市新竹市太原路２４１巷２號,121.89,,特定農業區,甲種建築用地,1100903,土地1建物1車位0,全,三層,透天厝,其他,加強磚造,0670916,222.72,4,3,3,有,無,13000000,58369,,0.0,0,,RPXQMLKMRHGGFAO07DA,222.72,0.0,0.0,無,050
新竹市,房地(土地+建物),新竹市新竹市明湖路７１５號三樓,13.96,都市：其他:甲之三種風景區,,,1100905,土地1建物1車位0,三層,四層,華廈(10層含以下有電梯),住家用,鋼筋混凝土造,0940220,49.11,1,1,1,有,有,3000000,61087,,0.0,0,含土地增值稅或其他稅費；,RPUQMLKMRHGGFAO76DA,31.99,0.0,0.0,有,051
新竹市,土地,北門段645-5地號,3.17,都市：其他:道路用地,,,1100926,土地3建物0車位0,,,其他,,,,0.0,0,0,0,有,無,172980,54568,,0.0,0,包含公共設施保留地用地；,RPWPMLTLRHGGFAO67DA,0.0,0.0,0.0,無,
新竹市,房地(土地+建物),新竹市新竹市學府路３９１之３號２樓,12.74,都市：其他:第一種住宅區,,,1100915,土地1建物1車位0,二層,七層,華廈(10層含以下有電梯),住家用,鋼筋混凝土造,0850829,76.9,2,2,1,有,有,3600000,46814,,0.0,0,,RPSPMLOLRHGGFAO76DA,52.79,7.53,0.0,有,
新竹市,土地,北門段491地號,4.5,都市：其他:第一種住宅區,,,1100923,土地1建物0車位0,,,其他,,,,0.0,0,0,0,有,無,1361000,302444,,0.0,0,親友、員工、共有人或其他特殊關係間之交易；,RPOQMLOLRHGGFAO09DA,0.0,0.0,0.0,無,
新竹市,房地(土地+建物)+車位,新竹市新竹市經國路二段３６號三樓之１,10.73,都市：其他:第一種住宅區,,,1100907,土地2建物1車位1,三層,十四層,住宅大樓(11層含以上有電梯),住家用,鋼筋混凝土造,1100611,138.82,2,1,1,有,有,9690000,69803,坡道平面,57.9,0,,RPRPMLMLRHGGFAO09DA,50.52,5.49,0.0,有,
新竹市,土地,民富段403地號,40.69,都市：其他:第一種住宅區,,,1100817,土地1建物0車位0,,,其他,,,,0.0,0,0,0,有,無,3690000,90686,,0.0,0,,RPUNMLPLRHGGFAO86DA,0.0,0.0,0.0,無,
新竹市,房地(土地+建物),新竹市新竹市寶山路３４號３樓,21.17,都市：其他:住宅區,,,1100820,土地1建物1車位0,三層,七層,華廈(10層含以下有電梯),住家用,鋼筋混凝土造,0820807,115.81,3,2,2,有,有,5800000,50082,,0.0,0,,RPSRMLKMQHGGFAO56DA,78.39,10.72,0.0,有,
新竹市,土地,香中段1513地號,282.23,都市：其他:第一種住宅區,,,1100827,土地1建物0車位0,,,其他,,,,0.0,0,0,0,有,無,32800000,116217,,0.0,0,,RPUPMLMJRHGGFAO56DA,0.0,0.0,0.0,無,
新竹市,房地(土地+建物),新竹市新竹市海埔路６號１樓,245.81,,特定農業區,甲種建築用地,1100820,土地2建物1車位0,全,一層,透天厝,住家用,加強磚造,,138.38,2,0,2,有,無,9970000,72048,,0.0,0,其他增建；,RPVQMLOLQHGGFAO07DA,128.38,10.0,0.0,無,052
新竹市,房地(土地+建物),新竹市新竹市西門街２５號,61.0,都市：其他:第二種商業區,,,1100708,土地1建物1車位0,全,三層,透天厝,住商用,加強磚造,,153.13,0,3,3,有,無,21000000,137138,,0.0,0,,RPSOMLPKPHGGFAO09DA,153.13,0.0,0.0,無,
新竹市,土地,國道段269地號,2471.0,都市：其他:第一種住宅區,,,1091120,土地1建物0車位0,,,其他,,,,0.0,0,0,0,有,無,358789200,145200,,0.0,0,,RPTQMLNJNHGGFAO88DA,0.0,0.0,0.0,無,053
新竹市,房地(土地+建物),新竹市新竹市中山路６４０巷１８６號,26.92,都市：其他:第一種住宅區,,,1100814,土地3建物1車位0,一層，見其他登記事項,十四層,住宅大樓(11層含以上有電梯),商業用,鋼筋混凝土造,1050930,108.38,0,0,0,無,有,6050000,55822,,0.0,0,,RPXQMLRKQHGGFAO47DA,76.95,0.0,0.0,有,
新竹市,房地(土地+建物),新竹市新竹市中華路六段６４７巷１３６弄３０７號,284.86,,山坡地保育區,丙種建築用地,1100827,土地2建物1車位0,全,三層,透天厝,住家用,鋼筋混凝土造,0980430,397.61,5,4,6,有,有,24060000,60512,,0.0,0,,RPWPMLQKRHGGFAO27DA,370.17,27.44,0.0,無,
新竹市,土地,西門段三小段111地號,163.0,都市：其他:第二種商業區,,,1100826,土地2建物0車位0,,,其他,,,,0.0,0,0,0,有,無,11000000,67485,,0.0,0,地上物拆清除費用賣方負擔新台幣貳拾萬元整，剩餘費用由買方自行負擔。,RPPNMLSKRHGGFAO56DA,0.0,0.0,0.0,無,
新竹市,房地(土地+建物),新竹市新竹市天府路一段９８之７號,69.24,都市：其他:第一之一種住宅區,,,1100826,土地2建物1車位0,全,四層,透天厝,住家用,鋼筋混凝土造,1080725,228.45,4,3,5,有,有,16000000,70037,,0.0,0,陽台外推；,RPORMLNLRHGGFAO09DA,206.84,21.33,0.0,有,054
新竹市,房地(土地+建物)+車位,新竹市新竹市慈雲路１１８號七樓之１,25.48,都市：其他:第二種商業區,,,1100916,土地1建物1車位2,七層,三十層,住宅大樓(11層含以上有電梯),辦公用,鋼筋混凝土造,1051004,317.14,0,0,0,無,有,30340000,108598,坡道平面,59.86,2400000,,RPROMLOJIIGGFAO18DA,150.92,0.0,0.0,有,
新竹市,房地(土地+建物)+車位,新竹市新竹市慈雲路１１８號七樓之２,32.1,都市：其他:第二種商業區,,,1100916,土地1建物1車位4,七層,三十層,住宅大樓(11層含以上有電梯),辦公用,鋼筋混凝土造,1051004,434.44,0,0,0,無,有,39120000,109053,坡道平面,119.72,4800000,,RPUOMLOJIIGGFAO48DA,184.68,0.0,0.0,有,
新竹市,房地(土地+建物),新竹市新竹市金雅二街３６號,102.0,,鄉村區,乙種建築用地,1090604,土地2建物1車位0,全,五層,透天厝,住家用,鋼筋混凝土造,1100302,337.71,5,2,7,有,無,26000000,76989,,0.0,0,,RPUPMLOJIIGGFAO58DA,311.45,26.26,0.0,有,
新竹市,房地(土地+建物),新竹市新竹市金雅二街３８號,80.26,,鄉村區,乙種建築用地,1091113,土地2建物1車位0,全,五層,透天厝,住商用,鋼筋混凝土造,1100302,312.26,4,2,6,有,無,28000000,89669,,0.0,0,,RPQPMLOJIIGGFAO18DA,290.67,21.59,0.0,有,
新竹市,房地(土地+建物),新竹市新竹市金雅二街２８號,95.5,,鄉村區,乙種建築用地,1100428,土地2建物1車位0,全,五層,透天厝,住家用,鋼筋混凝土造,1100302,338.57,5,2,7,有,無,28000000,82701,,0.0,0,,RPRPMLOJIIGGFAO28DA,314.15,24.42,0.0,有,
新竹市,土地,康樂段48地號,57.58,都市：其他:道路用地,,,1100720,土地4建物0車位0,,,其他,,,,0.0,0,0,0,有,無,3600000,62522,,0.0,0,親友、員工、共有人或其他特殊關係間之交易；,RPOOMLQJIIGGFAO08DA,0.0,0.0,0.0,無,
新竹市,房地(土地+建物),新竹市新竹市建中一路２３巷２１號,27.35,都市：其他:市場用地,,,1100929,土地1建物1車位0,一層，二層,五層,公寓(5樓含以下無電梯),商業用,鋼筋混凝土造,0701219,97.6,3,2,1,有,無,5400000,55328,,0.0,0,親友、員工、共有人或其他特殊關係間之交易；未登記建物；,RPVPMLRJIIGGFAO98DA,83.2,14.4,0.0,無,
新竹市,土地,介壽段38地號,0.43,都市：其他:道路用地,,,1101006,土地1建物0車位0,,,其他,,,,0.0,0,0,0,有,無,43700,0,,0.0,0,包含公共設施保留地用地；,RPWPMLRJIIGGFAO09DA,0.0,0.0,0.0,無,055
新竹市,房地(土地+建物)+車位,新竹市府後街２３號四樓,30.21,都市：其他:第二種商業區,,,1100726,土地1建物1車位1,四層,十四層,住宅大樓(11層含以上有電梯),住家用,鋼筋混凝土造,1001222,287.58000000000004,4,2,3,有,有,29080000,101120,升降機械,13.56,0,,RPOQMLSJIIGGFAO48DA,172.7,24.7,0.0,有,
新竹市,房地(土地+建物),新竹市新竹市中山路４０巷５５號,27.12,都市：其他:第二種商業區,,,1100825,土地1建物1車位0,一層,七層,華廈(10層含以下有電梯),住家用,鋼筋混凝土造,0880610,141.05,3,2,2,有,有,8350000,59199,,0.0,0,,RPSOMLSJIIGGFAO68DA,101.26,9.18,0.0,有,056
新竹市,房地(土地+建物)+車位,新竹市新竹市東門街３４巷３６號十樓,18.14,都市：其他:第二種商業區,,,1100725,土地1建物1車位1,十層,二十五層,住宅大樓(11層含以上有電梯),住家用,鋼筋混凝土造,1011015,212.13,3,2,2,有,有,19900000,93810,坡道平面,29.47,0,,RPVNMLMKIIGGFAO38DA,113.21,15.19,0.0,有,057
新竹市,房地(土地+建物)+車位,新竹市新竹市中正路２８４巷５號３樓,31.05,都市：其他:第一種住宅區,,,1100516,土地2建物1車位1,三層,七層,華廈(10層含以下有電梯),住家用,鋼筋混凝土造,0810704,165.37,4,2,2,有,有,6000000,36282,坡道平面,0.0,0,賣方應繳納之土增稅及代書費由買方繳納親友、員工、共有人或其他特殊關係間之交易；,RPPPMLSJIIGGFAO48DA,109.25,8.7,0.0,有,
新竹市,土地,關東段1492-2地號,55.13,都市：其他:道路用地,,,1100907,土地11建物0車位0,,,其他,,,,0.0,0,0,0,有,無,1957000,35498,,0.0,0,包含公共設施保留地用地；,RPTOMLMKIIGGFAO28DA,0.0,0.0,0.0,無,
新竹市,土地,信義段1218地號,2166.0,都市：其他:農業區,,,1100829,土地2建物0車位0,,,其他,,,,0.0,0,0,0,有,無,19670000,9081,,0.0,0,,RPTPMLMKIIGGFAO48EA,0.0,0.0,0.0,無,
新竹市,房地(土地+建物),新竹市新竹市公道五路三段２１３號二樓,122.5,都市：其他:道路用地,,,1100901,土地3建物2車位0,二層,二層,公寓(5樓含以下無電梯),住家用,鋼筋混凝土造,0790910,206.71,15,3,12,有,無,9600000,46442,,0.0,0,親友、員工、共有人或其他特殊關係間之交易；其他增建；未登記建物；,RPUPMLMKIIGGFAO58EA,206.71,0.0,0.0,無,
新竹市,房地(土地+建物),新竹市新竹市田美三街３２之１號７樓,19.41,都市：其他:第一種住宅區,,,1100725,土地1建物1車位0,七層,七層,華廈(10層含以下有電梯),住家用,鋼筋混凝土造,0821117,111.02000000000001,3,2,2,有,有,7280000,65574,,0.0,0,,RPPNMLNKIIGGFAO97EA,72.25,8.06,0.0,有,058
新竹市,房地(土地+建物),新竹市新竹市金雅二街２０號,97.26,,鄉村區,乙種建築用地,1100805,土地3建物1車位0,全,五層,透天厝,住商用,鋼筋混凝土造,1100302,313.69,5,2,7,有,無,28120000,89643,,0.0,0,陽台外推；,RPQNMLNKIIGGFAO08EA,292.01,21.68,0.0,有,
新竹市,房地(土地+建物)+車位,新竹市新竹市天府路一段４８７號七樓,10.36,都市：其他:第一之一種住宅區,,,1100901,土地1建物1車位1,七層,十四層,住宅大樓(11層含以上有電梯),住家用,鋼筋混凝土造,0970520,119.85,3,2,2,有,有,5700000,47559,坡道機械,10.95,0,陽台外推；,RPQPMLNKIIGGFAO28EA,68.8,9.11,0.0,有,
新竹市,房地(土地+建物),新竹市新竹市高翠路７３巷２弄４２號二樓之１等,254.92,都市：其他:第一種住宅區,,,1100904,土地1建物9車位0,二層,五層,華廈(10層含以下有電梯),住家用,鋼筋混凝土造,0950731,635.16,35,0,35,有,無,44800000,70533,,0.0,0,含傢俱設備費；其他增建；,RPRPMLNKIIGGFAO38EA,329.08,22.31,0.0,有,
新竹市,房地(土地+建物),新竹市新竹市長安街５６號　,97.0,都市：其他:第二種商業區,,,1100818,土地1建物1車位0,全,一層,透天厝,住家用,磚造,,94.0,0,0,0,無,無,16000000,170213,,0.0,0,,RPPOMLSJIIGGFAO48EA,94.0,0.0,0.0,無,
新竹市,土地,大庄段705-2地號,30.29,都市：其他:人行步道用地,,,1100930,土地1建物0車位0,,,其他,,,,0.0,0,0,0,有,無,421297,13909,,0.0,0,包含公共設施保留地用地；,RPQNMLMKIIGGFAO97EA,0.0,0.0,0.0,無,059
新竹市,房地(土地+建物)+車位,新竹市新竹市光復路一段４７６巷８６號８樓,15.31,都市：其他:第一種住宅區,,,1100620,土地4建物1車位1,八層,十三層,住宅大樓(11層含以上有電梯),住家用,鋼筋混凝土造,0840925,106.92999999999999,3,2,2,有,有,8620000,80613,坡道機械,0.0,800000,,RPTNMLMKIIGGFAO28EA,69.33,9.49,0.0,有,
新竹市,土地,中山段三小段404-1地號,2.5,都市：其他:第二種商業區,,,1100906,土地1建物0車位0,,,其他,,,,0.0,0,0,0,有,無,770000,308000,,0.0,0,,RPWPMLNLRHGGFAO17EA,0.0,0.0,0.0,無,
新竹市,房地(土地+建物),新竹市新竹市光復路一段１８巷１弄４號５Ｆ,19.25,都市：其他:第一種住宅區,,,1100904,土地1建物1車位0,五層,五層,華廈(10層含以下有電梯),住家用,鋼筋混凝土造,0820826,72.94,2,2,1,有,無,3960000,54291,,0.0,0,陽台加窗陽台外推；其他增建；,RPQPMLNKIIGGFAO18DA,46.52,13.85,0.0,有,
新竹市,房地(土地+建物)+車位,新竹市新竹市東大路四段２８８號七樓之６,24.8,都市：其他:第一之一種住宅區,,,1100829,土地1建物1車位1,七層,十三層,住宅大樓(11層含以上有電梯),住家用,鋼筋混凝土造,0990625,166.37,3,2,2,有,有,7600000,45681,坡道平面,0.0,0,陽台外推；,RPTPMLNKIIGGFAO48DA,82.69,12.97,0.0,有,
新竹市,房地(土地+建物),新竹市新竹市湳雅街３１３巷６２號,75.6,都市：其他:第一種住宅區,,,1100928,土地2建物1車位0,全,二層,透天厝,住家用,加強磚造,0690722,113.1,0,0,0,無,無,8500000,75155,,0.0,0,,RPUPMLNKIIGGFAO58DA,113.1,0.0,0.0,無,060
新竹市,土地,民富段1497地號,95.0,都市：其他:第二種住宅區,,,1100916,土地3建物0車位0,,,其他,,,,0.0,0,0,0,無,無,10000000,105263,,0.0,0,親友、員工、共有人或其他特殊關係間之交易；未登記建物；,RPWPMLNKIIGGFAO78DA,0.0,0.0,0.0,無,
新竹市,房地(土地+建物),新竹市新竹市湳雅街１２６巷３１弄１號４樓,23.75,都市：其他:第一種住宅區,,,1100924,土地4建物1車位0,四層,五層,公寓(5樓含以下無電梯),住家用,鋼筋混凝土造,,74.82,3,2,2,有,無,4360000,58273,,0.0,0,,RPQPMLMKIIGGFAO08DA,71.07,3.75,0.0,無,061
新竹市,房地(土地+建物),新竹市新竹市明湖路１０５０巷７９號４樓,13.15,,鄉村區,乙種建築用地,1101005,土地6建物1車位0,四層,七層,華廈(10層含以下有電梯),住家用,鋼筋混凝土造,0830323,39.37,0,0,0,無,有,1100000,27940,,0.0,0,,RPSOMLNKIIGGFAO28DA,22.61,3.07,0.0,有,
新竹市,房地(土地+建物),新竹市新竹市武陵路１７９巷６號２１樓之２,8.22,都市：其他:第一種住宅區,,,1100903,土地2建物1車位0,二十一層,二十一層,住宅大樓(11層含以上有電梯),住家用,鋼筋混凝土造,0890501,68.96,1,1,1,有,有,5300000,76867,,0.0,0,,RPOPMLNKIIGGFAO97DA,45.51,8.03,0.0,有,
新竹市,房地(土地+建物),新竹市新竹市延平路一段３１７巷８５弄３９號,63.8,,鄉村區,乙種建築用地,1100829,土地1建物1車位0,全,二層,透天厝,住家用,加強磚造,0690703,107.1,4,3,4,有,無,8300000,77498,,0.0,0,壹樓空地防火巷三四樓增建其他增建；,RPPPMLNKIIGGFAO08DA,107.1,0.0,0.0,無,062
新竹市,房地(土地+建物)+車位,新竹市新竹市天府路二段１０２號二樓之１,31.29,都市：其他:第一種住宅區,,,1100930,土地1建物1車位1,二層,五層,華廈(10層含以下有電梯),住家用,鋼筋混凝土造,1080729,104.21000000000001,3,2,2,有,有,6800000,65253,升降機械,0.0,0,,RPOQMLNKIIGGFAO08DA,57.65,5.73,0.0,有,
新竹市,房地(土地+建物)+車位,新竹市新竹市天府路二段１０２號四樓之２,29.34,都市：其他:第一種住宅區,,,1100927,土地1建物1車位1,四層,五層,華廈(10層含以下有電梯),住家用,鋼筋混凝土造,1080729,97.99,3,2,2,有,有,6200000,63272,升降機械,0.0,0,,RPPQMLNKIIGGFAO18DA,54.57,5.73,0.0,有,
新竹市,房地(土地+建物)+車位,新竹市明湖路１０５０巷４１０號４樓,51.81,,山坡地保育區,丙種建築用地,1100918,土地2建物1車位1,四層,五層,公寓(5樓含以下無電梯),住家用,鋼筋混凝土造,0870826,136.62,3,2,2,有,無,3220000,23569,坡道平面,38.96,0,,RPQQMLNKIIGGFAO28DA,74.66,10.18,0.0,無,
新竹市,房地(土地+建物),新竹市新竹市境福街７４巷２號７樓,14.64,都市：其他:第一種住宅區,,,1100918,土地2建物1車位0,七層,七層,華廈(10層含以下有電梯),住家用,鋼筋混凝土造,0840925,108.14999999999999,3,2,2,有,無,5800000,53629,,0.0,0,,RPRQMLNKIIGGFAO38DA,75.56,6.93,0.0,有,063
新竹市,房地(土地+建物)+車位,新竹市新竹市大庄路２１６之１號四樓之２,22.19,都市：其他:第一種住宅區,,,1100419,土地1建物1車位1,四層,十層,華廈(10層含以下有電梯),住家用,鋼筋混凝土造,1050413,115.89999999999999,2,2,2,有,有,7290000,62899,坡道機械,15.65,0,,RPTRMLNKIIGGFAO68DA,58.21,10.25,0.0,有,064
新竹市,房地(土地+建物)+車位,新竹市新竹市南勢二街２９號二樓之１,43.73,,鄉村區,乙種建築用地,1101008,土地1建物1車位1,二層,五層,華廈(10層含以下有電梯),住家用,鋼筋混凝土造,1090831,125.53999999999999,3,2,2,有,無,11080000,88259,其他,13.22,0,本案管理組織申請程序中尚未成立,RPURMLNKIIGGFAO78DA,80.56,7.69,0.0,有,065
新竹市,房地(土地+建物),新竹市新竹市柯湳一街８０巷２６號,44.79,,山坡地保育區,丙種建築用地,1100904,土地2建物1車位0,一層,五層,公寓(5樓含以下無電梯),住家用,鋼筋混凝土造,0900510,58.22,3,0,3,有,有,2150000,36935,,0.0,0,,RPXOMLOKIIGGFAO88DA,47.43,4.88,0.0,無,066
新竹市,房地(土地+建物)+車位,新竹市新竹市田美三街６２號７樓,18.57,都市：其他:第一種住宅區,,,1100905,土地1建物1車位1,七層,八層,華廈(10層含以下有電梯),住家用,鋼筋混凝土造,,128.65,3,2,2,有,有,7800000,60630,坡道機械,0.0,0,,RPQPMLOKIIGGFAO28DA,85.93,5.71,0.0,有,
新竹市,房地(土地+建物),新竹市瑞光街２５巷５６號,109.5,都市：其他:第一種住宅區,,,1100922,土地1建物1車位0,全,四層,透天厝,住商用,鋼筋混凝土造,1100514,266.65,5,2,5,有,無,23800000,89256,,0.0,0,,RPUOMLOKIIGGFAO58DA,245.22,21.43,0.0,無,
新竹市,房地(土地+建物)+車位,新竹市新竹市經國路二段２１８巷１８號十四樓之２,53.18,都市：其他:第一種住宅區,,,1100902,土地2建物1車位2,十四層,十五層,住宅大樓(11層含以上有電梯),住家用,鋼筋混凝土造,1030510,246.76,3,2,2,有,有,23300000,109634,坡道平面,57.95,2600000,含租約；,RPUNMLMKIIGGFAO38EA,106.76,17.54,0.0,有,067
新竹市,房地(土地+建物),新竹市新竹市中華路一段２巷１０９弄１號,83.66,,特定農業區,甲種建築用地,1100919,土地1建物1車位0,全,二層,透天厝,住家用,加強磚造,0690204,101.4,1,2,2,有,無,8600000,84813,,0.0,0,,RPOOMLSJIIGGFAO38EA,101.4,0.0,0.0,無,068
新竹市,房地(土地+建物),新竹市高峰路１９０巷７２號,95.57,都市：其他:保護區,,,1100822,土地2建物1車位0,全,三層,透天厝,住家用,鋼筋混凝土造,,283.95000000000005,4,2,4,有,無,9800000,34513,,0.0,0,陽台外推；頂樓加蓋；其他增建；,RPRNMLMKIIGGFAO08EA,223.6,38.13,0.0,無,
新竹市,房地(土地+建物),新竹市新竹市大學路８１巷１０號４樓,13.6,都市：其他:道路用地,,,1100923,土地2建物1車位0,四層,五層,華廈(10層含以下有電梯),住家用,鋼筋混凝土造,0791103,50.54,1,1,1,有,有,3250000,64306,,0.0,0,陽台外推；,RPVQMLNKIIGGFAO88EA,33.33,4.65,0.0,有,
新竹市,房地(土地+建物)+車位,新竹市新竹市光復路一段８９巷１２３之２號１１樓之３,9.28,都市：其他:第二種住宅區,,,1100829,土地3建物1車位1,十一層,十四層,住宅大樓(11層含以上有電梯),住家用,鋼筋混凝土造,0880121,95.59,2,2,1,有,有,8080000,84528,坡道平面,0.0,0,,RPWQMLNKIIGGFAO98EA,44.5,4.95,0.0,有,
新竹市,房地(土地+建物)+車位,新竹市新竹市新莊街１８５巷１００號二樓,19.97,都市：其他:第一種住宅區,,,1100905,土地2建物1車位1,二層,十五層,住宅大樓(11層含以上有電梯),住家用,鋼筋混凝土造,0980909,160.13,3,2,2,有,有,15560000,97165,坡道平面,23.38,0,陽台外推；,RPORMLNKIIGGFAO28EA,68.12,26.0,0.0,有,
新竹市,房地(土地+建物)+車位,新竹市新竹市建中一路２５號６樓之３,13.8,都市：其他:第一種商業區,,,1100803,土地1建物1車位1,六層,十九層,住宅大樓(11層含以上有電梯),住家用,鋼筋混凝土造,0860730,171.15,4,2,2,有,有,15050000,87935,坡道平面,0.0,0,,RPSNMLOKIIGGFAO38EA,99.91,11.45,0.0,有,
新竹市,土地,東濱段248地號,36.26,都市：其他:第一之一種住宅區,,,1100924,土地3建物0車位0,,,其他,,,,0.0,0,0,0,有,無,1330900,36704,,0.0,0,,RPSPMLNKIIGGFAO48EA,0.0,0.0,0.0,無,
新竹市,房地(土地+建物)+車位,新竹市新竹市東大路三段３９１號４樓,20.0,都市：其他:第一之一種住宅區,,,1100825,土地1建物1車位1,四層,八層,華廈(10層含以下有電梯),住家用,鋼筋混凝土造,0841002,130.34,4,2,2,有,有,6000000,46033,坡道機械,0.0,0,陽台外推；,RPUNMLNKIIGGFAO48EA,79.86,15.9,0.0,有,069
新竹市,房地(土地+建物)+車位,新竹市新竹市牛埔南路１４２巷４９號,19.18,都市：其他:第一種住宅區,,,1100913,土地1建物1車位1,一層,七層,華廈(10層含以下有電梯),住家用,鋼筋混凝土造,0830112,105.35000000000001,2,2,2,有,有,6260000,59421,坡道機械,0.0,0,,RPQOMLNKIIGGFAO18EA,69.27,8.1,0.0,有,
新竹市,房地(土地+建物)+車位,新竹市新竹市牛埔路１３５之８號十五樓,13.45,都市：其他:第二種住宅區,,,1100911,土地1建物1車位1,十五層,十五層,住宅大樓(11層含以上有電梯),住家用,鋼筋混凝土造,0970131,117.72,2,1,1,有,有,7000000,59463,坡道平面,34.82,0,,RPROMLNKIIGGFAO28EA,50.0,9.66,0.0,有,070
新竹市,房地(土地+建物),新竹市新竹市西大路１０２巷２號３樓之２,10.8,都市：其他:第二種商業區,,,1100914,土地1建物1車位0,三層,八層,華廈(10層含以下有電梯),住家用,鋼筋混凝土造,,75.49,2,1,2,有,有,5000000,66234,,0.0,0,陽台外推；,RPPPMLNKIIGGFAO18EA,52.21,4.4,0.0,有,071
新竹市,土地,仙水段71地號,653.95,都市：其他:公園用地,,,1100903,土地1建物0車位0,,,其他,,,,0.0,0,0,0,有,無,11800000,18044,,0.0,0,包含公共設施保留地用地；,RPWNMLMKIIGGFAO48DA,0.0,0.0,0.0,無,
新竹市,房地(土地+建物),新竹市新竹市武陵路３１號,83.03,都市：其他:第一種住宅區,,,1100820,土地3建物1車位0,全,四層,透天厝,住商用,鋼筋混凝土造,0921110,414.06,4,3,3,有,有,19600000,47336,,0.0,0,增建部份為二樓陽台外推其他增建；,RPXNMLMKIIGGFAO58DA,293.87,96.43,0.0,無,
新竹市,土地,國道段265地號,2.28,都市：其他:第一種住宅區,,,1101009,土地7建物0車位0,,,其他,,,,0.0,0,0,0,有,無,331200,145263,,0.0,0,,RPQNMLTJIIGGFAO48DA,0.0,0.0,0.0,無,
新竹市,房地(土地+建物)+車位,新竹市新竹市北新街１３１號二樓之２,7.22,都市：其他:第二種住宅區,,,1100827,土地2建物1車位1,二層,十層,華廈(10層含以下有電梯),辦公用,鋼筋混凝土造,0980319,55.93,2,1,1,有,有,5000000,89397,坡道平面,0.0,0,,RPRNMLTJIIGGFAO58DA,21.34,5.26,0.0,有,072
新竹市,房地(土地+建物)+車位,新竹市新竹市中山路７００之８號,100.97,都市：其他:道路用地,,,1100913,土地2建物1車位2,全,四層,透天厝,住家用,鋼筋混凝土造,1091223,281.86,3,3,5,有,無,20000000,70957,一樓平面,0.0,0,目前尚未成立管委會，但將來會成立。,RPTOMLRJIIGGFAO68DA,259.73,22.13,0.0,有,
新竹市,房地(土地+建物)+車位,新竹市新竹市榮濱路９０號二樓之２,18.32,都市：其他:第一之一種商業區,,,1100921,土地1建物1車位1,二層,十五層,住宅大樓(11層含以上有電梯),住家用,鋼筋混凝土造,1040520,164.01999999999998,3,2,2,有,有,8820000,53774,坡道平面,26.13,0,陽台外推；,RPRPMLQJIIGGFAO48DA,83.64,13.38,0.0,有,073
新竹市,房地(土地+建物)+車位,新竹市新竹市公道五路二段４１９之２號八樓之２,42.64,都市：其他:第一種住宅區,,,1100905,土地1建物1車位2,八層,十三層,住宅大樓(11層含以上有電梯),住家用,鋼筋混凝土造,0951127,238.20000000000002,3,2,2,有,有,26800000,112510,坡道平面,0.0,0,陽台加窗陽台外推；其他增建；,RPPRMLQJIIGGFAO48DA,114.36,15.97,0.0,有,
新竹市,土地,福林段1049地號,1051.81,,特定農業區,農牧用地,1100802,土地2建物0車位0,,,其他,,,,0.0,0,0,0,有,無,10000000,9507,,0.0,0,,RPRRMLQJIIGGFAO68DA,0.0,0.0,0.0,無,
新竹市,房地(土地+建物),新竹市新竹市民權路５６巷１９號六樓之９,4.56,都市：其他:第二種商業區,,,1100905,土地1建物1車位0,六層,十二層,住宅大樓(11層含以上有電梯),住家用,鋼筋混凝土造,1030830,42.35,1,1,1,有,有,4120000,97285,,0.0,0,陽台外推；,RPVPMLOJIIGGFAO68DA,18.87,4.64,0.0,有,074
新竹市,房地(土地+建物),新竹市新竹市港南三街２２號,102.79,,鄉村區,乙種建築用地,1100826,土地1建物1車位0,全,四層,透天厝,住家用,鋼筋混凝土造,1100422,217.03,5,2,4,有,無,14980000,69023,,0.0,0,管理組織:目前無將來會成立.一樓停車空間,RPOOMLLJIIGGFAO57DA,217.03,0.0,0.0,無,
新竹市,房地(土地+建物),新竹市新竹市光復路一段４０３巷８弄６之４號５樓,25.75,都市：其他:第二種住宅區,,,1100920,土地1建物1車位0,五層,五層,公寓(5樓含以下無電梯),住家用,鋼筋混凝土造,0821110,103.35,3,2,2,有,有,6000000,58055,,0.0,0,,RPROMLLJIIGGFAO87DA,74.11,8.58,0.0,無,
新竹市,房地(土地+建物)+車位,新竹市關新路２２８號二十三樓,55.53,都市：其他:第一種商業區,,,1100911,土地1建物1車位6,二十三層,二十四層,住宅大樓(11層含以上有電梯),住家用,鋼筋混凝土造,1021115,665.89,3,2,4,有,有,50000000,75087,坡道平面,227.77,0,,RPWQMLMLRHGGFAO07DA,262.08,36.44,0.0,有,075
新竹市,土地,民富段2846地號,27.73,都市：其他:第二種住宅區,,,1100824,土地23建物0車位0,,,其他,,,,0.0,0,0,0,有,無,2300000,82943,,0.0,0,買方另支付土地增值稅306868元。,RPOPMLKKRHGGFAO48DA,0.0,0.0,0.0,無,
新竹市,房地(土地+建物),新竹市明湖路６４８巷６６弄６號,336.04,,山坡地保育區,丙種建築用地,1100809,土地2建物1車位0,全,四層,透天厝,住家用,鋼筋混凝土造,0951205,348.09,4,2,5,有,有,29200000,83886,,0.0,0,,RPSQMLKKRHGGFAO98DA,342.25,5.84,0.0,無,
新竹市,土地,中寮段497-4地號,58.89,,,,1100603,土地2建物0車位0,,,其他,,,,0.0,0,0,0,有,無,2555008,43386,,0.0,0,,RPRRMLTKPHGGFAO07DA,0.0,0.0,0.0,無,
新竹市,房地(土地+建物)+車位,新竹市新竹市中央路１２７號六樓,35.71,都市：其他:第二種住宅區,,,1100827,土地1建物1車位2,六層,二十三層,住宅大樓(11層含以上有電梯),住家用,鋼筋混凝土造,1071114,419.40999999999997,0,0,0,無,有,51900000,135695,坡道平面,69.36,4400000,,RPQSMLLMQHGGFAO56DA,198.82,33.81,0.0,有,
新竹市,房地(土地+建物),新竹市新竹市江山街３１號３樓之１,51.4,都市：其他:第二種商業區,,,1100904,土地1建物2車位0,三層,五層,公寓(5樓含以下無電梯),住家用,鋼筋混凝土造,0740726,186.57,6,6,6,有,無,18000000,96479,,0.0,0,,RPQQMLTJRHGGFAO96DA,186.57,0.0,0.0,無,
新竹市,土地,崙子段1576-3地號,15.3,都市：其他:道路用地,,,1100819,土地1建物0車位0,,,其他,,,,0.0,0,0,0,有,無,196842,12865,,0.0,0,包含公共設施保留地用地；,RPUQMLPKRHGGFAO07DA,0.0,0.0,0.0,無,
新竹市,房地(土地+建物),新竹市新竹市民權路５６巷１９號九樓之３,5.31,都市：其他:第二種商業區,,,1100910,土地1建物1車位0,九層,十二層,住宅大樓(11層含以上有電梯),住家用,鋼筋混凝土造,1030830,49.370000000000005,1,1,1,有,有,4700000,95200,,0.0,0,陽台外推；,RPPPMLKMRHGGFAO78DA,24.02,4.03,0.0,有,
新竹市,房地(土地+建物)+車位,新竹市新竹市經國路三段９２巷１０號十五樓,12.91,都市：其他:第二種住宅區,,,1100914,土地1建物1車位1,十五層,十五層,住宅大樓(11層含以上有電梯),住家用,鋼筋混凝土造,1020410,110.72,2,2,1,有,有,7800000,70448,坡道平面,27.57,0,陽台外推；,RPVNMLSLRHGGFAO27DA,51.65,6.11,0.0,有,
新竹市,房地(土地+建物)+車位,新竹市新竹市中華路三段４２號１１樓之３,10.81,都市：其他:第二種商業區,,,1100821,土地1建物1車位3,十一層,十七層,住宅大樓(11層含以上有電梯),住家用,鋼筋混凝土造,0860520,177.98000000000002,3,2,2,有,有,8320000,46747,坡道機械,0.0,0,陽台外推；,RPRQMLSLRHGGFAO17DA,71.81,12.91,0.0,有,
新竹市,房地(土地+建物),新竹市新竹市大學路１０３１號４樓之１０,6.18,都市：其他:第二種住宅區,,,1100917,土地1建物1車位0,四層,七層,華廈(10層含以下有電梯),辦公用,鋼筋混凝土造,0880713,29.23,1,0,1,有,有,2500000,85529,,0.0,0,,RPTQMLOJIIGGFAO58DA,16.5,0.0,0.0,有,
新竹市,房地(土地+建物)+車位,新竹市新竹市湳雅街２１２之１號３樓,19.54,都市：其他:道路用地,,,1100904,土地2建物1車位1,三層,七層,華廈(10層含以下有電梯),住家用,鋼筋混凝土造,0841009,125.55,3,2,1,有,有,8080000,64357,坡道平面,0.0,0,陽台外推其他增建；,RPXPMLPJIIGGFAO98DA,71.16,8.94,0.0,有,
新竹市,房地(土地+建物),新竹市新竹市孝賢路１６之２號,70.2,都市：其他:第一種住宅區,,,1100905,土地4建物1車位0,全,四層,透天厝,住家用,鋼筋混凝土造,0910820,177.51,4,2,4,有,無,9000000,50701,,0.0,0,陽台外推；,RPSOMLRJIIGGFAO58DA,146.25,31.26,0.0,無,
新竹市,土地,崙子段1643地號,738.22,都市：其他:道路用地,,,1101006,土地1建物0車位0,,,其他,,,,0.0,0,0,0,有,無,73408493,99440,,0.0,0,包含公共設施保留地用地；,RPWNMLRJIIGGFAO88DA,0.0,0.0,0.0,無,
新竹市,房地(土地+建物),新竹市新竹市中華路二段７３６號１１樓之７,4.17,都市：其他:第二種商業區,,,1100911,土地2建物1車位0,十一層,十二層,住宅大樓(11層含以上有電梯),商業用,鋼筋混凝土造,,57.35,1,1,1,有,有,3230000,56321,,0.0,0,陽台外推；,RPOPMLMKIIGGFAO87DA,32.57,7.82,0.0,有,
新竹市,房地(土地+建物),新竹市新竹市西大路５９９巷２弄１號５樓,28.0,都市：其他:第一種住宅區,,,1100831,土地1建物1車位0,五層,五層,公寓(5樓含以下無電梯),住家用,鋼筋混凝土造,0800209,90.32,3,2,1,有,無,4180000,46280,,0.0,0,,RPUQMLNKIIGGFAO78EA,58.88,5.76,0.0,無,
新竹市,房地(土地+建物),新竹市新竹市經國路二段４４０巷４號,69.0,都市：其他:第二種住宅區,,,1100830,土地1建物1車位0,全,二層,透天厝,住家用,鋼筋混凝土造,0750910,118.0,3,2,2,有,無,11000000,93220,,0.0,0,親友、員工、共有人或其他特殊關係間之交易；,RPTNMLNKIIGGFAO38EA,104.6,13.4,0.0,無,
新竹市,房地(土地+建物),新竹市新竹市竹光路３５１號１２樓之６,7.59,都市：其他:第一種住宅區,,,1100824,土地1建物1車位0,十二層,二十層,住宅大樓(11層含以上有電梯),住家用,鋼筋混凝土造,0840728,110.05000000000001,2,2,2,有,有,5500000,49977,,0.0,0,陽台外推；其他增建；,RPTNMLOKIIGGFAO48EA,64.46,18.69,0.0,有,
新竹市,房地(土地+建物)+車位,新竹市新竹市中正路２２５號六樓之１,14.49,都市：其他:道路用地,,,1100904,土地3建物1車位1,六層,十二層,住宅大樓(11層含以上有電梯),住家用,鋼筋混凝土造,0950217,130.46,3,2,2,有,有,10420000,79877,坡道機械,0.0,0,,RPRPMLOKIIGGFAO48EA,82.42,3.56,0.0,有,
新竹市,房地(土地+建物)+車位,新竹市新竹市新莊街２１１號七樓,17.54,都市：其他:第一種住宅區,,,1100905,土地2建物1車位1,七層,十四層,住宅大樓(11層含以上有電梯),住家用,鋼筋混凝土造,0990824,131.8,2,2,1,有,有,12300000,93323,坡道平面,0.0,0,陽台外推；,RPSNMLPKIIGGFAO48EA,57.1,13.3,0.0,有,
新竹市,房地(土地+建物),新竹市新竹市武陵路９８巷５號六樓,48.26,都市：其他:第一種住宅區,,,1100828,土地1建物1車位0,六層,十三層,住宅大樓(11層含以上有電梯),住家用,鋼筋混凝土造,0930915,161.04,3,2,2,有,有,11380000,70666,,0.0,0,,RPXQMLNKIIGGFAO09EA,92.56,10.9,0.0,有,
新竹市,房地(土地+建物),新竹市高峰路２２１巷１１弄１７號,218.7,都市：其他:風景區,,,1100901,土地1建物1車位0,全,三層,透天厝,住家用,鋼筋混凝土造,1041031,209.16,4,3,5,有,無,17800000,85102,,0.0,0,其他增建；,RPWOMLOKIIGGFAO78DA,185.71,23.45,0.0,無,
新竹市,房地(土地+建物),新竹市新竹市田美三街１０４號,83.0,都市：其他:第一種住宅區,,,1100913,土地1建物1車位0,全,二層,透天厝,住家用,加強磚造,0701228,117.56,3,2,2,有,無,18000000,153113,,0.0,0,交易價格包含其他買賣登記案件標的之價格親友、員工、共有人或其他特殊關係間之交易；,RPRQMLOLRHGGFAO86EA,102.0,15.56,0.0,無,
新竹市,房地(土地+建物),新竹市新竹市海濱路５５巷１４號３樓,22.75,都市：其他:第一之一種住宅區,,,1100709,土地1建物1車位0,三層,七層,華廈(10層含以下有電梯),住家用,鋼筋混凝土造,,123.12,3,2,2,有,有,3500000,28428,,0.0,0,,RPVPMLOKIIGGFAO78DA,88.5,11.12,0.0,有,
新竹市,房地(土地+建物),新竹市頂美街６１巷４號,88.0,都市：其他:第一種住宅區,,,1100918,土地1建物1車位0,全,二層,透天厝,其他,鋼筋混凝土造,0780515,139.97,3,2,2,有,無,10600000,75731,,0.0,0,頂樓加蓋；,RPWPMLOKIIGGFAO88DA,101.12,38.85,0.0,無,
新竹市,房地(土地+建物)+車位,新竹市新竹市延平路一段３５７巷１９號二樓,25.17,,鄉村區,乙種建築用地,1100925,土地1建物1車位1,二層,七層,華廈(10層含以下有電梯),住家用,鋼筋混凝土造,1070516,130.39,3,2,2,有,有,10200000,78227,坡道機械,0.0,0,陽台加窗雨遮外推其他增建；,RPQQMLOKIIGGFAO38DA,60.38,14.17,0.0,有,
新竹市,房地(土地+建物),新竹市新竹市光復路一段４５號,142.3,都市：其他:道路用地,,,1100823,土地4建物1車位0,全,二層,透天厝,住家用,加強磚造,0630715,210.86,4,2,2,有,無,25500000,120933,,0.0,0,壹樓空地增建其他增建；,RPTQMLOKIIGGFAO68DA,210.86,0.0,0.0,無,
新竹市,房地(土地+建物),新竹市新竹市民生路２１１巷１９號四樓,28.08,都市：其他:第二種住宅區,,,1100820,土地1建物1車位0,四層,七層,華廈(10層含以下有電梯),住家用,鋼筋混凝土造,0700327,115.11,5,0,5,有,有,8200000,71236,,0.0,0,,RPUQMLOKIIGGFAO78DA,105.86,0.0,0.0,有,
新竹市,房地(土地+建物)+車位,新竹市新竹市凌雲街３６號七樓之５,53.5,都市：其他:住宅區,,,1100827,土地1建物1車位1,七層,十三層,住宅大樓(11層含以上有電梯),住家用,鋼筋混凝土造,0980331,207.03000000000003,4,2,2,有,有,14000000,67623,坡道平面,0.0,0,,RPVQMLOKIIGGFAO88DA,116.63,12.67,0.0,有,
新竹市,房地(土地+建物)+車位,新竹市新竹市南大路６３７號二樓之３,23.93,都市：其他:住宅區,,,1100930,土地1建物1車位1,二層,十二層,住宅大樓(11層含以上有電梯),住家用,鋼筋混凝土造,1080904,137.87,3,2,2,有,有,13880000,100675,坡道平面,31.4,0,,RPRRMLOKIIGGFAO58DA,59.27,12.07,0.0,有,
新竹市,房地(土地+建物)+車位,新竹市新竹市光復路一段４７６巷８２號４樓,16.18,都市：其他:第一種住宅區,,,1100907,土地4建物1車位1,四層,十三層,住宅大樓(11層含以上有電梯),住家用,鋼筋混凝土造,0840925,114.77,3,2,2,有,有,9450000,82339,坡道機械,0.0,0,,RPXNMLPKIIGGFAO88DA,75.31,11.24,0.0,有,
新竹市,房地(土地+建物)+車位,新竹市新竹市慈雲路１３５號十一樓之６,14.86,都市：其他:第二種商業區,,,1100923,土地1建物1車位1,十一層,二十八層,住宅大樓(11層含以上有電梯),住家用,鋼筋混凝土造,1031208,185.18,3,2,2,有,有,23300000,125830,坡道平面,0.0,0,,RPTOMLPKIIGGFAO58DA,95.57,9.59,0.0,有,
新竹市,房地(土地+建物),新竹市新竹市牛埔路１２５號三樓,13.45,都市：其他:第二種住宅區,,,1100831,土地1建物1車位0,三層,十五層,住宅大樓(11層含以上有電梯),住家用,鋼筋混凝土造,0970131,87.05,1,1,1,有,有,5280000,60655,,0.0,0,,RPSNMLRKRHGGFAO86EA,58.67,4.09,0.0,有,
新竹市,房地(土地+建物)+車位,新竹市明湖路１０５０巷２７０號５樓,41.87,,山坡地保育區,丙種建築用地,1100807,土地2建物1車位1,五層,九層,華廈(10層含以下有電梯),住家用,鋼筋混凝土造,0860715,119.37,2,2,1,有,有,3600000,30158,坡道平面,42.5,0,,RPVRMLNKIIGGFAO88DA,57.66,6.61,0.0,有,
新竹市,房地(土地+建物),新竹市新竹市千甲路１５１巷１６號,53.33,,特定農業區,甲種建築用地,1100915,土地1建物1車位0,全,三層,透天厝,住家用,加強磚造,,117.0,4,2,3,有,無,4000000,34188,,0.0,0,親友、員工、共有人或其他特殊關係間之交易；頂樓加蓋；,RPWRMLNKIIGGFAO98DA,117.0,0.0,0.0,無,
新竹市,房地(土地+建物),新竹市新竹市浸水街３８８之５號,72.88,,鄉村區,乙種建築用地,1100821,土地2建物1車位0,全,五層,透天厝,住商用,鋼筋混凝土造,0990611,252.75,5,2,4,有,有,13550000,53610,,0.0,0,,RPOOMLOKIIGGFAO97DA,231.0,21.75,0.0,無,
新竹市,房地(土地+建物),新竹市新竹市明湖路７３１號,13.13,都市：其他:甲之三種風景區,,,1100929,土地1建物1車位0,一層,四層,華廈(10層含以下有電梯),住家用,鋼筋混凝土造,0940220,46.3,1,1,1,有,有,3080000,66508,,0.0,0,,RPPOMLOKIIGGFAO08DA,30.05,0.0,0.0,有,
新竹市,房地(土地+建物)+車位,新竹市新竹市長春街１２５號五樓之１,29.73,都市：其他:第一種住宅區,,,1100815,土地4建物1車位1,五層,七層,華廈(10層含以下有電梯),住家用,鋼筋混凝土造,1041127,112.93,2,2,2,有,有,11600000,102718,其他,0.0,0,,RPSQMLNKIIGGFAO48DA,61.96,11.97,0.0,有,
新竹市,房地(土地+建物),新竹市新竹市育英路３２巷６號,62.0,都市：其他:第二種住宅區,,,1100910,土地3建物1車位0,全,二層,透天厝,住家用,加強磚造,,101.16,5,2,4,有,無,12800000,126532,,0.0,0,其他增建物為:一樓空地增建，三、四樓增建。其他增建；,RPRRMLNKIIGGFAO48DA,101.16,0.0,0.0,無,
新竹市,房地(土地+建物)+車位,新竹市新竹市東門街３４巷２６號三樓,14.32,都市：其他:第二種商業區,,,1100911,土地1建物1車位1,三層,二十五層,住宅大樓(11層含以上有電梯),住家用,鋼筋混凝土造,1011015,181.53,3,2,2,有,有,19500000,107420,坡道平面,27.42,0,,RPQQMLMKIIGGFAO18DA,89.01,15.82,0.0,有,
新竹市,房地(土地+建物),新竹市新竹市中和路１３６巷２６號,164.0,都市：其他:第二種住宅區,,,1100821,土地1建物1車位0,全,二層,透天厝,住家用,加強磚造,0601130,126.88,5,3,2,有,無,17600000,138714,,0.0,0,其他增建；,RPTQMLMKIIGGFAO48DA,126.88,0.0,0.0,無,
新竹市,土地,新興段470地號,131.3,都市：其他:道路用地,,,1101006,土地3建物0車位0,,,其他,,,,0.0,0,0,0,有,無,4733847,36054,,0.0,0,包含公共設施保留地用地；,RPVNMLNKIIGGFAO48DA,0.0,0.0,0.0,無,
新竹市,房地(土地+建物)+車位,新竹市新竹市和平路８８之３號２樓,19.52,都市：其他:第一種住宅區,,,1100912,土地1建物1車位1,二層,十層,華廈(10層含以下有電梯),住家用,鋼筋混凝土造,0890304,155.05,3,2,2,有,有,12000000,77394,坡道平面,0.0,0,,RPXPMLNKIIGGFAO88DA,92.23,12.57,0.0,有,
