﻿編號,土地位置,土地移轉面積(平方公尺),使用分區或編定,權利人持分分母,權利人持分分子,移轉情形,地號
The serial number, land position,land shifting area square meter,the use zoning or compiles and checks,,,,land parcel
RPRNMLMKRHGGFAO78CB,中寮段,31.61,都市：住,287258,3161,持分移轉,07870000
RPQNMLMKRHGGFAO68CB,中寮段,32.34,都市：住,287258,3234,持分移轉,07870000
RPPNMLNKRHGGFAO68CB,金雅段,23.42,非都市：鄉村區 ; 非都市編定：乙種建築用地,100000,1599,持分移轉,00670000
RPQNMLNKRHGGFAO78CB,金雅段,22.68,非都市：鄉村區 ; 非都市編定：乙種建築用地,100000,1549,持分移轉,00670000
RPPNMLMKRHGGFAO58CB,中寮段,32.34,都市：住,287258,3234,持分移轉,07870000
RPTNMLMKRHGGFAO98CB,中寮段,38.47,都市：住,287258,3847,持分移轉,07870000
RPPNMLSJRHGGFAO56DB,內湖段,15.89,非都市：山坡地保育區 ; 非都市編定：丙種建築用地,100,1,持分移轉,04930000
RPPNMLSJRHGGFAO56DB,內湖段,156.11,非都市：山坡地保育區 ; 非都市編定：丙種建築用地,1,1,全筆移轉,04930078
RPRNMLNKRHGGFAO88CB,武陵段,.10,都市：住,100000,620,持分移轉,03240000
RPRNMLNKRHGGFAO88CB,武陵段,.14,都市：住,100000,620,持分移轉,03240003
RPRNMLNKRHGGFAO88CB,武陵段,.02,都市：住,100000,620,持分移轉,03240004
RPRNMLNKRHGGFAO88CB,武陵段,.01,都市：住,100000,620,持分移轉,03240005
RPRNMLNKRHGGFAO88CB,武陵段,3.04,都市：住,100000,620,持分移轉,04520000
RPRNMLNKRHGGFAO88CB,武陵段,1.72,都市：住,100000,620,持分移轉,04530000
RPRNMLNKRHGGFAO88CB,武陵段,1.69,都市：住,100000,620,持分移轉,04530001
RPRNMLNKRHGGFAO88CB,武陵段,1.29,都市：住,100000,620,持分移轉,04530002
RPRNMLNKRHGGFAO88CB,武陵段,1.28,都市：住,100000,620,持分移轉,04530003
RPRNMLNKRHGGFAO88CB,武陵段,.86,都市：住,100000,620,持分移轉,04530004
RPRNMLNKRHGGFAO88CB,武陵段,3.43,都市：住,100000,620,持分移轉,04530005
RPRNMLNKRHGGFAO88CB,武陵段,1.72,都市：住,100000,620,持分移轉,04530006
RPRNMLNKRHGGFAO88CB,武陵段,1.72,都市：住,100000,620,持分移轉,04530007
RPRNMLNKRHGGFAO88CB,武陵段,1.72,都市：住,100000,620,持分移轉,04530008
RPRNMLNKRHGGFAO88CB,武陵段,1.72,都市：住,100000,620,持分移轉,04530009
RPRNMLNKRHGGFAO88CB,武陵段,.30,都市：住,100000,620,持分移轉,04570000
RPRNMLNKRHGGFAO88CB,武陵段,.36,都市：住,100000,620,持分移轉,05550007
RPRNMLLKRHGGFAO68CB,武陵段,.11,都市：住,100000,705,持分移轉,03240000
RPRNMLLKRHGGFAO68CB,武陵段,.16,都市：住,100000,705,持分移轉,03240003
RPRNMLLKRHGGFAO68CB,武陵段,.02,都市：住,100000,705,持分移轉,03240004
RPRNMLLKRHGGFAO68CB,武陵段,.01,都市：住,100000,705,持分移轉,03240005
RPRNMLLKRHGGFAO68CB,武陵段,3.46,都市：住,100000,705,持分移轉,04520000
RPRNMLLKRHGGFAO68CB,武陵段,1.95,都市：住,100000,705,持分移轉,04530000
RPRNMLLKRHGGFAO68CB,武陵段,1.92,都市：住,100000,705,持分移轉,04530001
RPRNMLLKRHGGFAO68CB,武陵段,1.47,都市：住,100000,705,持分移轉,04530002
RPRNMLLKRHGGFAO68CB,武陵段,1.46,都市：住,100000,705,持分移轉,04530003
RPRNMLLKRHGGFAO68CB,武陵段,.98,都市：住,100000,705,持分移轉,04530004
RPRNMLLKRHGGFAO68CB,武陵段,3.91,都市：住,100000,705,持分移轉,04530005
RPRNMLLKRHGGFAO68CB,武陵段,1.95,都市：住,100000,705,持分移轉,04530006
RPRNMLLKRHGGFAO68CB,武陵段,1.95,都市：住,100000,705,持分移轉,04530007
RPRNMLLKRHGGFAO68CB,武陵段,1.95,都市：住,100000,705,持分移轉,04530008
RPRNMLLKRHGGFAO68CB,武陵段,1.95,都市：住,100000,705,持分移轉,04530009
RPRNMLLKRHGGFAO68CB,武陵段,.34,都市：住,100000,705,持分移轉,04570000
RPRNMLLKRHGGFAO68CB,武陵段,.41,都市：住,100000,705,持分移轉,05550007
RPSNMLMKRHGGFAO88CB,中寮段,38.47,都市：住,287258,3847,持分移轉,07870000
RPUNMLNKRHGGFAO56CB,介壽段,25.70,都市：住,100000,598,持分移轉,01100000
RPXNMLNKRHGGFAO86CB,介壽段,25.70,都市：住,100000,598,持分移轉,01100000
RPSNMLNKRHGGFAO98CB,介壽段,25.70,都市：住,100000,598,持分移轉,01100000
RPTNMLNKRHGGFAO09CB,介壽段,25.66,都市：住,100000,597,持分移轉,01100000
RPPOMLNKRHGGFAO78CB,東濱段,195.83,都市：住,1,1,全筆移轉,11780000
RPPOMLNKRHGGFAO78CB,東濱段,21.29,都市：住,10000,93,持分移轉,11670000
RPWNMLNKRHGGFAO76CB,介壽段,25.66,都市：住,100000,597,持分移轉,01100000
RPOOMLNKRHGGFAO68CB,東濱段,25.87,都市：住,10000,113,持分移轉,11670000
RPROMLNKRHGGFAO98CB,介壽段,25.70,都市：住,100000,598,持分移轉,01100000
RPQOMLNKRHGGFAO88CB,舊社段,25.73,非都市：特定農業區 ; 非都市編定：甲種建築用地,10000,804,持分移轉,02930004
RPTOMLNKRHGGFAO56CB,舊社段,25.73,非都市：特定農業區 ; 非都市編定：甲種建築用地,10000,804,持分移轉,02930004
RPVNMLNKRHGGFAO66CB,介壽段,25.66,都市：住,100000,597,持分移轉,01100000
RPVOMLNKRHGGFAO76CB,舊社段,29.02,非都市：特定農業區 ; 非都市編定：甲種建築用地,10000,907,持分移轉,02930004
RPXOMLNKRHGGFAO96CB,介壽段,25.70,都市：住,100000,598,持分移轉,01100000
RPSOMLNKRHGGFAO09CB,舊社段,25.73,非都市：特定農業區 ; 非都市編定：甲種建築用地,10000,804,持分移轉,02930004
RPUOMLNKRHGGFAO66CB,介壽段,25.70,都市：住,100000,598,持分移轉,01100000
RPSNMLPKRHGGFAO56CB,金雅段,25.89,非都市：鄉村區 ; 非都市編定：乙種建築用地,100000,2278,持分移轉,00560000
RPSNMLPKRHGGFAO56CB,金雅段,6.10,非都市：鄉村區 ; 非都市編定：乙種建築用地,100000,2278,持分移轉,00570001
RPUNMLPKRHGGFAO76CB,金雅段,25.89,非都市：鄉村區 ; 非都市編定：乙種建築用地,100000,2278,持分移轉,00560000
RPUNMLPKRHGGFAO76CB,金雅段,6.10,非都市：鄉村區 ; 非都市編定：乙種建築用地,100000,2278,持分移轉,00570001
RPRNMLPKRHGGFAO09CB,金雅段,26.66,非都市：鄉村區 ; 非都市編定：乙種建築用地,100000,2346,持分移轉,00560000
RPRNMLPKRHGGFAO09CB,金雅段,6.28,非都市：鄉村區 ; 非都市編定：乙種建築用地,100000,2346,持分移轉,00570001
RPWOMLNKRHGGFAO86CB,介壽段,25.70,都市：住,100000,598,持分移轉,01100000
RPPNMLPKRHGGFAO88CB,金雅段,26.66,非都市：鄉村區 ; 非都市編定：乙種建築用地,100000,2346,持分移轉,00560000
RPPNMLPKRHGGFAO88CB,金雅段,6.28,非都市：鄉村區 ; 非都市編定：乙種建築用地,100000,2346,持分移轉,00570001
RPWNMLPKRHGGFAO96CB,東光段,31.09,都市：商,100000,3176,持分移轉,04200000
RPWNMLPKRHGGFAO96CB,東光段,11.53,都市：商,100000,3176,持分移轉,04210000
RPWNMLPKRHGGFAO96CB,東光段,1.65,都市：商,100000,3176,持分移轉,04540002
RPWNMLPKRHGGFAO96CB,東光段,2.10,都市：商,100000,3176,持分移轉,04540005
RPUNMLOKRHGGFAO66CB,東門段三小段,10.84,都市：商,10000,251,持分移轉,00790000
RPTNMLPKRHGGFAO66CB,金雅段,25.89,非都市：鄉村區 ; 非都市編定：乙種建築用地,100000,2278,持分移轉,00560000
RPTNMLPKRHGGFAO66CB,金雅段,6.10,非都市：鄉村區 ; 非都市編定：乙種建築用地,100000,2278,持分移轉,00570001
RPVNMLPKRHGGFAO86CB,東光段,31.09,都市：商,100000,3176,持分移轉,04200000
RPXNMLPKRHGGFAO07CB,東光段,31.09,都市：商,100000,3176,持分移轉,04200000
RPXNMLPKRHGGFAO07CB,東光段,11.53,都市：商,100000,3176,持分移轉,04210000
RPXNMLPKRHGGFAO07CB,東光段,1.65,都市：商,100000,3176,持分移轉,04540002
RPXNMLPKRHGGFAO07CB,東光段,2.10,都市：商,100000,3176,持分移轉,04540005
RPVNMLPKRHGGFAO86CB,東光段,11.53,都市：商,100000,3176,持分移轉,04210000
RPVNMLPKRHGGFAO86CB,東光段,1.65,都市：商,100000,3176,持分移轉,04540002
RPVNMLPKRHGGFAO86CB,東光段,2.10,都市：商,100000,3176,持分移轉,04540005
RPQNMLPKRHGGFAO98CB,金雅段,26.66,非都市：鄉村區 ; 非都市編定：乙種建築用地,100000,2346,持分移轉,00560000
RPQNMLPKRHGGFAO98CB,金雅段,6.28,非都市：鄉村區 ; 非都市編定：乙種建築用地,100000,2346,持分移轉,00570001
RPQOMLPKRHGGFAO09CB,育賢段,47.02,都市：住,100000,1377,持分移轉,00040001
RPROMLPKRHGGFAO56CB,育賢段,40.71,都市：住,100000,1192,持分移轉,00040001
RPPOMLPKRHGGFAO98CB,育賢段,43.88,都市：住,100000,1285,持分移轉,00040001
RPOOMLPKRHGGFAO88CB,育賢段,47.02,都市：住,100000,1377,持分移轉,00040001
RPQPMLPKRHGGFAO56CB,育賢段,43.95,都市：住,100000,1287,持分移轉,00040001
RPXOMLPKRHGGFAO17CB,育賢段,40.71,都市：住,100000,1192,持分移轉,00040001
RPVOMLPKRHGGFAO96CB,育賢段,43.95,都市：住,100000,1287,持分移轉,00040001
RPOPMLPKRHGGFAO98CB,育賢段,53.65,都市：住,100000,1571,持分移轉,00040001
RPWOMLPKRHGGFAO07CB,育賢段,43.95,都市：住,100000,1287,持分移轉,00040001
RPPPMLPKRHGGFAO09CB,育賢段,42.69,都市：住,100000,1250,持分移轉,00040001
RPTOMLPKRHGGFAO76CB,育賢段,34.32,都市：住,100000,1005,持分移轉,00040001
RPUOMLPKRHGGFAO86CB,育賢段,43.95,都市：住,100000,1287,持分移轉,00040001
RPSOMLPKRHGGFAO66CB,育賢段,46.99,都市：住,100000,1376,持分移轉,00040001
RPPNMLPKRHGGFAO98DB,雅溪段,41.78,非都市：山坡地保育區 ; 非都市編定：丙種建築用地,100000,876,持分移轉,02930000
RPQNMLPKRHGGFAO09DB,雅溪段,41.78,非都市：山坡地保育區 ; 非都市編定：丙種建築用地,100000,876,持分移轉,02930000
RPSNMLPKRHGGFAO66DB,雅溪段,55.47,非都市：山坡地保育區 ; 非都市編定：丙種建築用地,100000,1163,持分移轉,02930000
RPRNMLPKRHGGFAO56DB,雅溪段,55.47,非都市：山坡地保育區 ; 非都市編定：丙種建築用地,100000,1163,持分移轉,02930000
RPUOMLQKRHGGFAO07DB,港北段,17.86,都市：住,100000,513,持分移轉,00360000
RPSNMLQKRHGGFAO66CB,信義段,24.04,都市：住,100000,1480,持分移轉,08500000
RPTNMLQKRHGGFAO76CB,信義段,24.04,都市：住,100000,1480,持分移轉,08500000
RPUNMLQKRHGGFAO86CB,信義段,24.04,都市：住,100000,1480,持分移轉,08500000
RPVNMLQKRHGGFAO96CB,信義段,23.87,都市：住,100000,1470,持分移轉,08500000
RPXNMLQKRHGGFAO17CB,信義段,24.04,都市：住,100000,1480,持分移轉,08500000
RPPOMLQKRHGGFAO09CB,介壽段,25.70,都市：住,100000,598,持分移轉,01100000
RPWNMLQKRHGGFAO07CB,信義段,24.04,都市：住,100000,1480,持分移轉,08500000
RPQOMLQKRHGGFAO56CB,介壽段,25.70,都市：住,100000,598,持分移轉,01100000
RPROMLQKRHGGFAO66CB,信義段,24.04,都市：住,100000,1480,持分移轉,08500000
RPSOMLQKRHGGFAO76CB,信義段,24.04,都市：住,100000,1480,持分移轉,08500000
RPTOMLQKRHGGFAO86CB,介壽段,25.70,都市：住,100000,598,持分移轉,01100000
RPUOMLQKRHGGFAO96CB,信義段,24.04,都市：住,100000,1480,持分移轉,08500000
RPVOMLQKRHGGFAO07CB,信義段,24.52,都市：住,100000,1510,持分移轉,08500000
RPWOMLQKRHGGFAO17CB,信義段,24.52,都市：住,100000,1510,持分移轉,08500000
RPOPMLQKRHGGFAO09CB,介壽段,25.70,都市：住,100000,598,持分移轉,01100000
RPXOMLQKRHGGFAO27CB,信義段,24.52,都市：住,100000,1510,持分移轉,08500000
RPPPMLQKRHGGFAO56CB,信義段,26.96,都市：住,100000,1660,持分移轉,08500000
RPWPMLPKRHGGFAO17CB,育賢段,40.71,都市：住,100000,1192,持分移轉,00040001
RPTPMLPKRHGGFAO86CB,育賢段,53.65,都市：住,100000,1571,持分移轉,00040001
RPSPMLPKRHGGFAO76CB,中央段,9.95,都市：商,100000,997,持分移轉,16070000
RPRPMLQKRHGGFAO76CB,信義段,28.26,都市：住,100000,1740,持分移轉,08500000
RPRPMLPKRHGGFAO66CB,育賢段,43.95,都市：住,100000,1287,持分移轉,00040001
RPVPMLPKRHGGFAO07CB,育賢段,43.95,都市：住,100000,1287,持分移轉,00040001
RPQPMLQKRHGGFAO66CB,信義段,26.96,都市：住,100000,1660,持分移轉,08500000
RPUPMLPKRHGGFAO96CB,育賢段,34.46,都市：住,100000,1009,持分移轉,00040001
RPTPMLQKRHGGFAO96CB,介壽段,25.70,都市：住,100000,598,持分移轉,01100000
RPSPMLQKRHGGFAO86CB,信義段,26.96,都市：住,100000,1660,持分移轉,08500000
RPUPMLQKRHGGFAO07CB,信義段,26.96,都市：住,100000,1660,持分移轉,08500000
RPOQMLQKRHGGFAO56CB,介壽段,25.70,都市：住,100000,598,持分移轉,01100000
RPQQMLQKRHGGFAO76CB,育賢段,53.65,都市：住,100000,1571,持分移轉,00040001
RPWPMLQKRHGGFAO27CB,介壽段,25.70,都市：住,100000,598,持分移轉,01100000
RPVPMLQKRHGGFAO17CB,介壽段,25.70,都市：住,100000,598,持分移轉,01100000
RPXPMLQKRHGGFAO37CB,介壽段,25.70,都市：住,100000,598,持分移轉,01100000
RPPQMLQKRHGGFAO66CB,介壽段,25.70,都市：住,100000,598,持分移轉,01100000
RPRQMLQKRHGGFAO86CB,育賢段,34.35,都市：住,100000,1006,持分移轉,00040001
RPRRMLQKRHGGFAO96CB,信義段,24.04,都市：住,100000,1480,持分移轉,08500000
RPQRMLQKRHGGFAO86CB,信義段,24.04,都市：住,100000,1480,持分移轉,08500000
RPPRMLQKRHGGFAO76CB,介壽段,25.74,都市：住,100000,599,持分移轉,01100000
RPXQMLQKRHGGFAO47CB,介壽段,25.70,都市：住,100000,598,持分移轉,01100000
RPVQMLQKRHGGFAO27CB,介壽段,25.70,都市：住,100000,598,持分移轉,01100000
RPWQMLQKRHGGFAO37CB,介壽段,25.70,都市：住,100000,598,持分移轉,01100000
RPSRMLQKRHGGFAO07CB,信義段,24.04,都市：住,100000,1480,持分移轉,08500000
RPUQMLQKRHGGFAO17CB,水源段,29.53,非都市：特定農業區 ; 非都市編定：甲種建築用地,1000000,35862,持分移轉,06690000
RPUQMLQKRHGGFAO17CB,水源段,2.12,非都市：特定農業區 ; 非都市編定：甲種建築用地,1000000,35862,持分移轉,08170000
RPUQMLQKRHGGFAO17CB,水源段,3.58,非都市：特定農業區 ; 非都市編定：交通用地,1000000,35862,持分移轉,08130003
RPORMLQKRHGGFAO66CB,水源段,29.53,非都市：特定農業區 ; 非都市編定：甲種建築用地,1000000,35862,持分移轉,06690000
RPORMLQKRHGGFAO66CB,水源段,2.12,非都市：特定農業區 ; 非都市編定：甲種建築用地,1000000,35862,持分移轉,08170000
RPORMLQKRHGGFAO66CB,水源段,3.58,非都市：特定農業區 ; 非都市編定：交通用地,1000000,35862,持分移轉,08130003
RPSQMLQKRHGGFAO96CB,水源段,29.53,非都市：特定農業區 ; 非都市編定：甲種建築用地,1000000,35862,持分移轉,06690000
RPSQMLQKRHGGFAO96CB,水源段,2.12,非都市：特定農業區 ; 非都市編定：甲種建築用地,1000000,35862,持分移轉,08170000
RPSQMLQKRHGGFAO96CB,水源段,3.58,非都市：特定農業區 ; 非都市編定：交通用地,1000000,35862,持分移轉,08130003
RPURMLQKRHGGFAO27CB,信義段,27.12,都市：住,100000,1670,持分移轉,08500000
RPTRMLQKRHGGFAO17CB,水源段,29.01,非都市：特定農業區 ; 非都市編定：甲種建築用地,1000000,35237,持分移轉,06690000
RPTRMLQKRHGGFAO17CB,水源段,2.08,非都市：特定農業區 ; 非都市編定：甲種建築用地,1000000,35237,持分移轉,08170000
RPTRMLQKRHGGFAO17CB,水源段,3.52,非都市：特定農業區 ; 非都市編定：交通用地,1000000,35237,持分移轉,08130003
RPXRMLQKRHGGFAO57CB,信義段,24.36,都市：住,100000,1500,持分移轉,08500000
RPVRMLQKRHGGFAO37CB,信義段,24.04,都市：住,100000,1480,持分移轉,08500000
RPWRMLQKRHGGFAO47CB,信義段,24.04,都市：住,100000,1480,持分移轉,08500000
RPQSMLQKRHGGFAO96CB,信義段,24.04,都市：住,100000,1480,持分移轉,08500000
RPPSMLQKRHGGFAO86CB,信義段,24.04,都市：住,100000,1480,持分移轉,08500000
RPOSMLQKRHGGFAO76CB,信義段,24.04,都市：住,100000,1480,持分移轉,08500000
RPSSMLQKRHGGFAO17CB,信義段,24.04,都市：住,100000,1480,持分移轉,08500000
RPRSMLQKRHGGFAO07CB,水源段,29.10,非都市：特定農業區 ; 非都市編定：甲種建築用地,1000000,35343,持分移轉,06690000
RPRSMLQKRHGGFAO07CB,水源段,2.08,非都市：特定農業區 ; 非都市編定：甲種建築用地,1000000,35343,持分移轉,08170000
RPRSMLQKRHGGFAO07CB,水源段,3.53,非都市：特定農業區 ; 非都市編定：交通用地,1000000,35343,持分移轉,08130003
RPTSMLQKRHGGFAO27CB,信義段,24.04,都市：住,100000,1480,持分移轉,08500000
RPPTMLQKRHGGFAO96CB,信義段,24.04,都市：住,100000,1480,持分移轉,08500000
RPRTMLQKRHGGFAO17CB,信義段,24.04,都市：住,100000,1480,持分移轉,08500000
RPUSMLQKRHGGFAO37CB,信義段,24.04,都市：住,100000,1480,持分移轉,08500000
RPVSMLQKRHGGFAO47CB,信義段,24.04,都市：住,100000,1480,持分移轉,08500000
RPXSMLQKRHGGFAO67CB,水源段,29.01,非都市：特定農業區 ; 非都市編定：甲種建築用地,1000000,35237,持分移轉,06690000
RPXSMLQKRHGGFAO67CB,水源段,2.08,非都市：特定農業區 ; 非都市編定：甲種建築用地,1000000,35237,持分移轉,08170000
RPXSMLQKRHGGFAO67CB,水源段,3.52,非都市：特定農業區 ; 非都市編定：交通用地,1000000,35237,持分移轉,08130003
RPWSMLQKRHGGFAO57CB,信義段,24.04,都市：住,100000,1480,持分移轉,08500000
RPTTMLQKRHGGFAO37CB,信義段,24.04,都市：住,100000,1480,持分移轉,08500000
RPOTMLQKRHGGFAO86CB,信義段,24.04,都市：住,100000,1480,持分移轉,08500000
RPUTMLQKRHGGFAO47CB,信義段,24.04,都市：住,100000,1480,持分移轉,08500000
RPQTMLQKRHGGFAO07CB,信義段,24.04,都市：住,100000,1480,持分移轉,08500000
RPSTMLQKRHGGFAO27CB,信義段,24.04,都市：住,100000,1480,持分移轉,08500000
RPVTMLQKRHGGFAO57CB,信義段,22.25,都市：住,100000,1370,持分移轉,08500000
RPOUMLQKRHGGFAO96CB,信義段,21.76,都市：住,100000,1340,持分移轉,08500000
RPXTMLQKRHGGFAO77CB,信義段,27.12,都市：住,100000,1670,持分移轉,08500000
RPSUMLQKRHGGFAO37CB,信義段,21.76,都市：住,100000,1340,持分移轉,08500000
RPQUMLQKRHGGFAO17CB,信義段,21.76,都市：住,100000,1340,持分移轉,08500000
RPWTMLQKRHGGFAO67CB,水源段,29.53,非都市：特定農業區 ; 非都市編定：甲種建築用地,1000000,35862,持分移轉,06690000
RPWTMLQKRHGGFAO67CB,水源段,2.12,非都市：特定農業區 ; 非都市編定：甲種建築用地,1000000,35862,持分移轉,08170000
RPWTMLQKRHGGFAO67CB,水源段,3.58,非都市：特定農業區 ; 非都市編定：交通用地,1000000,35862,持分移轉,08130003
RPPUMLQKRHGGFAO07CB,信義段,21.76,都市：住,100000,1340,持分移轉,08500000
RPRUMLQKRHGGFAO27CB,信義段,21.76,都市：住,100000,1340,持分移轉,08500000
RPTUMLQKRHGGFAO47CB,水源段,29.68,非都市：特定農業區 ; 非都市編定：甲種建築用地,1000000,36048,持分移轉,06690000
RPTUMLQKRHGGFAO47CB,水源段,2.13,非都市：特定農業區 ; 非都市編定：甲種建築用地,1000000,36048,持分移轉,08170000
RPTUMLQKRHGGFAO47CB,水源段,3.60,非都市：特定農業區 ; 非都市編定：交通用地,1000000,36048,持分移轉,08130003
RPUUMLQKRHGGFAO57CB,信義段,26.96,都市：住,100000,1660,持分移轉,08500000
RPVVMLQKRHGGFAO77CB,水源段,29.68,非都市：特定農業區 ; 非都市編定：甲種建築用地,1000000,36048,持分移轉,06690000
RPVVMLQKRHGGFAO77CB,水源段,2.13,非都市：特定農業區 ; 非都市編定：甲種建築用地,1000000,36048,持分移轉,08170000
RPVVMLQKRHGGFAO77CB,水源段,3.60,非都市：特定農業區 ; 非都市編定：交通用地,1000000,36048,持分移轉,08130003
RPPVMLQKRHGGFAO17CB,水源段,29.68,非都市：特定農業區 ; 非都市編定：甲種建築用地,1000000,36048,持分移轉,06690000
RPPVMLQKRHGGFAO17CB,水源段,2.13,非都市：特定農業區 ; 非都市編定：甲種建築用地,1000000,36048,持分移轉,08170000
RPPVMLQKRHGGFAO17CB,水源段,3.60,非都市：特定農業區 ; 非都市編定：交通用地,1000000,36048,持分移轉,08130003
RPUVMLQKRHGGFAO67CB,水源段,29.68,非都市：特定農業區 ; 非都市編定：甲種建築用地,1000000,36048,持分移轉,06690000
RPUVMLQKRHGGFAO67CB,水源段,2.13,非都市：特定農業區 ; 非都市編定：甲種建築用地,1000000,36048,持分移轉,08170000
RPUVMLQKRHGGFAO67CB,水源段,3.60,非都市：特定農業區 ; 非都市編定：交通用地,1000000,36048,持分移轉,08130003
RPTVMLQKRHGGFAO57CB,水源段,29.68,非都市：特定農業區 ; 非都市編定：甲種建築用地,1000000,36048,持分移轉,06690000
RPTVMLQKRHGGFAO57CB,水源段,2.13,非都市：特定農業區 ; 非都市編定：甲種建築用地,1000000,36048,持分移轉,08170000
RPTVMLQKRHGGFAO57CB,水源段,3.60,非都市：特定農業區 ; 非都市編定：交通用地,1000000,36048,持分移轉,08130003
RPQVMLQKRHGGFAO27CB,水源段,29.01,非都市：特定農業區 ; 非都市編定：甲種建築用地,1000000,35237,持分移轉,06690000
RPQVMLQKRHGGFAO27CB,水源段,2.08,非都市：特定農業區 ; 非都市編定：甲種建築用地,1000000,35237,持分移轉,08170000
RPQVMLQKRHGGFAO27CB,水源段,3.52,非都市：特定農業區 ; 非都市編定：交通用地,1000000,35237,持分移轉,08130003
RPRVMLQKRHGGFAO37CB,水源段,29.53,非都市：特定農業區 ; 非都市編定：甲種建築用地,1000000,35862,持分移轉,06690000
RPRVMLQKRHGGFAO37CB,水源段,2.12,非都市：特定農業區 ; 非都市編定：甲種建築用地,1000000,35862,持分移轉,08170000
RPRVMLQKRHGGFAO37CB,水源段,3.58,非都市：特定農業區 ; 非都市編定：交通用地,1000000,35862,持分移轉,08130003
RPWUMLQKRHGGFAO77CB,信義段,24.52,都市：住,100000,1510,持分移轉,08500000
RPSVMLQKRHGGFAO47CB,水源段,29.64,非都市：特定農業區 ; 非都市編定：甲種建築用地,1000000,36003,持分移轉,06690000
RPSVMLQKRHGGFAO47CB,水源段,2.12,非都市：特定農業區 ; 非都市編定：甲種建築用地,1000000,36003,持分移轉,08170000
RPSVMLQKRHGGFAO47CB,水源段,3.60,非都市：特定農業區 ; 非都市編定：交通用地,1000000,36003,持分移轉,08130003
RPOVMLQKRHGGFAO07CB,水源段,29.10,非都市：特定農業區 ; 非都市編定：甲種建築用地,1000000,35343,持分移轉,06690000
RPOVMLQKRHGGFAO07CB,水源段,2.08,非都市：特定農業區 ; 非都市編定：甲種建築用地,1000000,35343,持分移轉,08170000
RPOVMLQKRHGGFAO07CB,水源段,3.53,非都市：特定農業區 ; 非都市編定：交通用地,1000000,35343,持分移轉,08130003
RPTNMLRKRHGGFAO86CB,水源段,29.53,非都市：特定農業區 ; 非都市編定：甲種建築用地,1000000,35862,持分移轉,06690000
RPTNMLRKRHGGFAO86CB,水源段,2.12,非都市：特定農業區 ; 非都市編定：甲種建築用地,1000000,35862,持分移轉,08170000
RPTNMLRKRHGGFAO86CB,水源段,3.58,非都市：特定農業區 ; 非都市編定：交通用地,1000000,35862,持分移轉,08130003
RPVNMLRKRHGGFAO07CB,水源段,29.53,非都市：特定農業區 ; 非都市編定：甲種建築用地,1000000,35862,持分移轉,06690000
RPVNMLRKRHGGFAO07CB,水源段,2.12,非都市：特定農業區 ; 非都市編定：甲種建築用地,1000000,35862,持分移轉,08170000
RPVNMLRKRHGGFAO07CB,水源段,3.58,非都市：特定農業區 ; 非都市編定：交通用地,1000000,35862,持分移轉,08130003
RPUNMLRKRHGGFAO96CB,水源段,29.10,非都市：特定農業區 ; 非都市編定：甲種建築用地,1000000,35343,持分移轉,06690000
RPUNMLRKRHGGFAO96CB,水源段,2.08,非都市：特定農業區 ; 非都市編定：甲種建築用地,1000000,35343,持分移轉,08170000
RPUNMLRKRHGGFAO96CB,水源段,3.53,非都市：特定農業區 ; 非都市編定：交通用地,1000000,35343,持分移轉,08130003
RPRNMLRKRHGGFAO66CB,水源段,29.01,非都市：特定農業區 ; 非都市編定：甲種建築用地,1000000,35237,持分移轉,06690000
RPRNMLRKRHGGFAO66CB,水源段,2.08,非都市：特定農業區 ; 非都市編定：甲種建築用地,1000000,35237,持分移轉,08170000
RPRNMLRKRHGGFAO66CB,水源段,3.52,非都市：特定農業區 ; 非都市編定：交通用地,1000000,35237,持分移轉,08130003
RPSNMLRKRHGGFAO76CB,水源段,29.64,非都市：特定農業區 ; 非都市編定：甲種建築用地,1000000,36003,持分移轉,06690000
RPSNMLRKRHGGFAO76CB,水源段,2.12,非都市：特定農業區 ; 非都市編定：甲種建築用地,1000000,36003,持分移轉,08170000
RPSNMLRKRHGGFAO76CB,水源段,3.60,非都市：特定農業區 ; 非都市編定：交通用地,1000000,36003,持分移轉,08130003
RPPNMLRKRHGGFAO09CB,水源段,29.68,非都市：特定農業區 ; 非都市編定：甲種建築用地,1000000,36048,持分移轉,06690000
RPPNMLRKRHGGFAO09CB,水源段,2.13,非都市：特定農業區 ; 非都市編定：甲種建築用地,1000000,36048,持分移轉,08170000
RPPNMLRKRHGGFAO09CB,水源段,3.60,非都市：特定農業區 ; 非都市編定：交通用地,1000000,36048,持分移轉,08130003
RPWVMLQKRHGGFAO87CB,水源段,29.10,非都市：特定農業區 ; 非都市編定：甲種建築用地,1000000,35343,持分移轉,06690000
RPWVMLQKRHGGFAO87CB,水源段,2.08,非都市：特定農業區 ; 非都市編定：甲種建築用地,1000000,35343,持分移轉,08170000
RPWVMLQKRHGGFAO87CB,水源段,3.53,非都市：特定農業區 ; 非都市編定：交通用地,1000000,35343,持分移轉,08130003
RPQNMLRKRHGGFAO56CB,水源段,29.53,非都市：特定農業區 ; 非都市編定：甲種建築用地,1000000,35862,持分移轉,06690000
RPQNMLRKRHGGFAO56CB,水源段,2.12,非都市：特定農業區 ; 非都市編定：甲種建築用地,1000000,35862,持分移轉,08170000
RPQNMLRKRHGGFAO56CB,水源段,3.58,非都市：特定農業區 ; 非都市編定：交通用地,1000000,35862,持分移轉,08130003
RPXVMLQKRHGGFAO97CB,水源段,29.10,非都市：特定農業區 ; 非都市編定：甲種建築用地,1000000,35343,持分移轉,06690000
RPXVMLQKRHGGFAO97CB,水源段,2.08,非都市：特定農業區 ; 非都市編定：甲種建築用地,1000000,35343,持分移轉,08170000
RPXVMLQKRHGGFAO97CB,水源段,3.53,非都市：特定農業區 ; 非都市編定：交通用地,1000000,35343,持分移轉,08130003
RPSOMLRKRHGGFAO86CB,信義段,19.98,都市：住,100000,1230,持分移轉,08500000
RPXNMLRKRHGGFAO27CB,水源段,29.53,非都市：特定農業區 ; 非都市編定：甲種建築用地,1000000,35862,持分移轉,06690000
RPXNMLRKRHGGFAO27CB,水源段,2.12,非都市：特定農業區 ; 非都市編定：甲種建築用地,1000000,35862,持分移轉,08170000
RPXNMLRKRHGGFAO27CB,水源段,3.58,非都市：特定農業區 ; 非都市編定：交通用地,1000000,35862,持分移轉,08130003
RPTOMLRKRHGGFAO96CB,信義段,19.98,都市：住,100000,1230,持分移轉,08500000
RPUOMLRKRHGGFAO07CB,信義段,21.76,都市：住,100000,1340,持分移轉,08500000
RPPOMLRKRHGGFAO56CB,信義段,24.52,都市：住,100000,1510,持分移轉,08500000
RPVOMLRKRHGGFAO17CB,信義段,22.09,都市：住,100000,1360,持分移轉,08500000
RPROMLRKRHGGFAO76CB,信義段,24.04,都市：住,100000,1480,持分移轉,08500000
RPQOMLRKRHGGFAO66CB,信義段,24.04,都市：住,100000,1480,持分移轉,08500000
RPOOMLRKRHGGFAO09CB,水源段,29.01,非都市：特定農業區 ; 非都市編定：甲種建築用地,1000000,35237,持分移轉,06690000
RPOOMLRKRHGGFAO09CB,水源段,2.08,非都市：特定農業區 ; 非都市編定：甲種建築用地,1000000,35237,持分移轉,08170000
RPOOMLRKRHGGFAO09CB,水源段,3.52,非都市：特定農業區 ; 非都市編定：交通用地,1000000,35237,持分移轉,08130003
RPWNMLRKRHGGFAO17CB,水源段,29.68,非都市：特定農業區 ; 非都市編定：甲種建築用地,1000000,36048,持分移轉,06690000
RPWNMLRKRHGGFAO17CB,水源段,2.13,非都市：特定農業區 ; 非都市編定：甲種建築用地,1000000,36048,持分移轉,08170000
RPWNMLRKRHGGFAO17CB,水源段,3.60,非都市：特定農業區 ; 非都市編定：交通用地,1000000,36048,持分移轉,08130003
RPWOMLRKRHGGFAO27CB,信義段,24.04,都市：住,100000,1480,持分移轉,08500000
RPPPMLRKRHGGFAO66CB,信義段,19.98,都市：住,100000,1230,持分移轉,08500000
RPSQMLRKRHGGFAO07CB,明湖段,75.58,非都市：山坡地保育區 ; 非都市編定：丙種建築用地,10000,72,持分移轉,06440000
RPXOMLRKRHGGFAO37CB,信義段,21.60,都市：住,100000,1330,持分移轉,08500000
RPTPMLRKRHGGFAO07CB,信義段,19.98,都市：住,100000,1230,持分移轉,08500000
RPQPMLRKRHGGFAO76CB,信義段,22.25,都市：住,100000,1370,持分移轉,08500000
RPRPMLRKRHGGFAO86CB,信義段,26.15,都市：住,100000,1610,持分移轉,08500000
RPOPMLRKRHGGFAO56CB,信義段,21.76,都市：住,100000,1340,持分移轉,08500000
RPQQMLRKRHGGFAO86CB,明湖段,65.08,非都市：山坡地保育區 ; 非都市編定：丙種建築用地,10000,62,持分移轉,06440000
RPRQMLRKRHGGFAO96CB,明湖段,59.83,非都市：山坡地保育區 ; 非都市編定：丙種建築用地,10000,57,持分移轉,06440000
RPUQMLRKRHGGFAO27CB,育賢段,53.65,都市：住,100000,1571,持分移轉,00040001
RPUPMLRKRHGGFAO17CB,信義段,24.04,都市：住,100000,1480,持分移轉,08500000
RPWQMLRKRHGGFAO47CB,育賢段,46.99,都市：住,100000,1376,持分移轉,00040001
RPTQMLRKRHGGFAO17CB,明湖段,72.43,非都市：山坡地保育區 ; 非都市編定：丙種建築用地,10000,69,持分移轉,06440000
RPPRMLRKRHGGFAO86CB,育賢段,47.02,都市：住,100000,1377,持分移轉,00040001
RPRRMLRKRHGGFAO07CB,育賢段,34.32,都市：住,100000,1005,持分移轉,00040001
RPVQMLRKRHGGFAO37CB,育賢段,47.02,都市：住,100000,1377,持分移轉,00040001
RPXQMLRKRHGGFAO57CB,育賢段,34.46,都市：住,100000,1009,持分移轉,00040001
RPTRMLRKRHGGFAO27CB,育賢段,43.85,都市：住,100000,1284,持分移轉,00040001
RPSRMLRKRHGGFAO17CB,育賢段,43.95,都市：住,100000,1287,持分移轉,00040001
RPORMLRKRHGGFAO76CB,育賢段,43.88,都市：住,100000,1285,持分移轉,00040001
RPURMLRKRHGGFAO37CB,育賢段,34.35,都市：住,100000,1006,持分移轉,00040001
RPQRMLRKRHGGFAO96CB,育賢段,43.85,都市：住,100000,1284,持分移轉,00040001
RPVRMLRKRHGGFAO47CB,育賢段,34.46,都市：住,100000,1009,持分移轉,00040001
RPXRMLRKRHGGFAO67CB,育賢段,34.35,都市：住,100000,1006,持分移轉,00040001
RPOSMLRKRHGGFAO86CB,育賢段,46.99,都市：住,100000,1376,持分移轉,00040001
RPQSMLRKRHGGFAO07CB,明湖段,45.14,非都市：山坡地保育區 ; 非都市編定：丙種建築用地,10000,43,持分移轉,06440000
RPTSMLRKRHGGFAO37CB,明湖段,56.69,非都市：山坡地保育區 ; 非都市編定：丙種建築用地,10000,54,持分移轉,06440000
RPWRMLRKRHGGFAO57CB,育賢段,43.85,都市：住,100000,1284,持分移轉,00040001
RPPSMLRKRHGGFAO96CB,育賢段,46.99,都市：住,100000,1376,持分移轉,00040001
RPSSMLRKRHGGFAO27CB,明湖段,68.23,非都市：山坡地保育區 ; 非都市編定：丙種建築用地,10000,65,持分移轉,06440000
RPOTMLRKRHGGFAO96CB,介壽段,25.74,都市：住,100000,599,持分移轉,01100000
RPWSMLRKRHGGFAO67CB,介壽段,25.74,都市：住,100000,599,持分移轉,01100000
RPPTMLRKRHGGFAO07CB,介壽段,25.70,都市：住,100000,598,持分移轉,01100000
RPUSMLRKRHGGFAO47CB,介壽段,25.74,都市：住,100000,599,持分移轉,01100000
RPVSMLRKRHGGFAO57CB,介壽段,25.74,都市：住,100000,599,持分移轉,01100000
RPXSMLRKRHGGFAO77CB,介壽段,25.74,都市：住,100000,599,持分移轉,01100000
RPTNMLRKRHGGFAO96DB,港北段,17.93,都市：住,100000,515,持分移轉,00360000
RPPNMLSKRHGGFAO56CB,育賢段,53.65,都市：住,100000,1571,持分移轉,00040001
RPQNMLSKRHGGFAO76DB,竹港段,20.17,都市：住,594159,6586,持分移轉,07770000
RPRNMLSKRHGGFAO76CB,育賢段,46.99,都市：住,100000,1376,持分移轉,00040001
RPRNMLSKRHGGFAO86DB,竹港段,20.17,都市：住,594159,6586,持分移轉,07770000
RPUNMLRKRHGGFAO07DB,港北段,17.93,都市：住,100000,515,持分移轉,00360000
RPTNMLSKRHGGFAO96CB,育賢段,34.46,都市：住,100000,1009,持分移轉,00040001
RPUNMLSKRHGGFAO07CB,育賢段,43.95,都市：住,100000,1287,持分移轉,00040001
RPQNMLSKRHGGFAO66CB,育賢段,43.88,都市：住,100000,1285,持分移轉,00040001
RPVNMLSKRHGGFAO17CB,育賢段,46.99,都市：住,100000,1376,持分移轉,00040001
RPWNMLSKRHGGFAO27CB,育賢段,34.46,都市：住,100000,1009,持分移轉,00040001
RPXNMLSKRHGGFAO37CB,育賢段,47.02,都市：住,100000,1377,持分移轉,00040001
RPSNMLSKRHGGFAO86CB,育賢段,40.71,都市：住,100000,1192,持分移轉,00040001
RPPOMLSKRHGGFAO66CB,育賢段,43.88,都市：住,100000,1285,持分移轉,00040001
RPOOMLSKRHGGFAO56CB,育賢段,43.88,都市：住,100000,1285,持分移轉,00040001
RPROMLSKRHGGFAO86CB,育賢段,40.71,都市：住,100000,1192,持分移轉,00040001
RPQOMLSKRHGGFAO76CB,育賢段,43.95,都市：住,100000,1287,持分移轉,00040001
RPTOMLSKRHGGFAO07CB,育賢段,34.46,都市：住,100000,1009,持分移轉,00040001
RPUOMLSKRHGGFAO17CB,育賢段,53.65,都市：住,100000,1571,持分移轉,00040001
RPVOMLSKRHGGFAO27CB,育賢段,43.85,都市：住,100000,1284,持分移轉,00040001
RPOPMLSKRHGGFAO66CB,育賢段,53.65,都市：住,100000,1571,持分移轉,00040001
RPSOMLSKRHGGFAO96CB,育賢段,43.95,都市：住,100000,1287,持分移轉,00040001
RPXOMLSKRHGGFAO47CB,育賢段,43.85,都市：住,100000,1284,持分移轉,00040001
RPQPMLSKRHGGFAO86CB,育賢段,34.32,都市：住,100000,1005,持分移轉,00040001
RPPPMLSKRHGGFAO76CB,育賢段,34.32,都市：住,100000,1005,持分移轉,00040001
RPRPMLSKRHGGFAO96CB,育賢段,34.35,都市：住,100000,1006,持分移轉,00040001
RPSPMLSKRHGGFAO07CB,育賢段,34.35,都市：住,100000,1006,持分移轉,00040001
RPTPMLSKRHGGFAO17CB,育賢段,34.32,都市：住,100000,1005,持分移轉,00040001
RPUPMLSKRHGGFAO27CB,育賢段,46.85,都市：住,100000,1372,持分移轉,00040001
RPVPMLSKRHGGFAO37CB,育賢段,45.93,都市：住,100000,1345,持分移轉,00040001
RPWPMLSKRHGGFAO47CB,育賢段,53.65,都市：住,100000,1571,持分移轉,00040001
RPXPMLSKRHGGFAO57CB,育賢段,43.85,都市：住,100000,1284,持分移轉,00040001
RPOQMLSKRHGGFAO76CB,育賢段,43.95,都市：住,100000,1287,持分移轉,00040001
RPPQMLSKRHGGFAO86CB,育賢段,34.32,都市：住,100000,1005,持分移轉,00040001
RPQQMLSKRHGGFAO96CB,育賢段,43.88,都市：住,100000,1285,持分移轉,00040001
RPRQMLSKRHGGFAO07CB,育賢段,43.95,都市：住,100000,1287,持分移轉,00040001
RPTQMLSKRHGGFAO27CB,育賢段,34.35,都市：住,100000,1006,持分移轉,00040001
RPSQMLSKRHGGFAO17CB,育賢段,43.95,都市：住,100000,1287,持分移轉,00040001
RPORMLSKRHGGFAO86CB,育賢段,53.65,都市：住,100000,1571,持分移轉,00040001
RPVQMLSKRHGGFAO47CB,育賢段,34.32,都市：住,100000,1005,持分移轉,00040001
RPUQMLSKRHGGFAO37CB,育賢段,34.46,都市：住,100000,1009,持分移轉,00040001
RPWQMLSKRHGGFAO57CB,育賢段,53.65,都市：住,100000,1571,持分移轉,00040001
RPXQMLSKRHGGFAO67CB,育賢段,40.71,都市：住,100000,1192,持分移轉,00040001
RPSRMLSKRHGGFAO27CB,中寮段,31.31,都市：住,287258,3131,持分移轉,07870000
RPRRMLSKRHGGFAO17CB,中寮段,31.24,都市：住,287258,3124,持分移轉,07870000
RPURMLSKRHGGFAO47CB,育賢段,83.34,都市：住,1,1,全筆移轉,00020000
RPTRMLSKRHGGFAO37CB,育賢段,77.29,都市：住,1,1,全筆移轉,00020005
RPPRMLSKRHGGFAO96CB,育賢段,53.65,都市：住,100000,1571,持分移轉,00040001
RPXRMLSKRHGGFAO77CB,中寮段,32.34,都市：住,287258,3234,持分移轉,07870000
RPQRMLSKRHGGFAO07CB,中寮段,31.31,都市：住,287258,3131,持分移轉,07870000
RPPNMLTKRHGGFAO66CB,介壽段,25.74,都市：住,100000,599,持分移轉,01100000
RPVRMLSKRHGGFAO57CB,育賢段,83.87,都市：住,1,1,全筆移轉,00020006
RPWRMLSKRHGGFAO67CB,中寮段,31.61,都市：住,287258,3161,持分移轉,07870000
RPSNMLTKRHGGFAO96CB,介壽段,25.74,都市：住,100000,599,持分移轉,01100000
RPRNMLTKRHGGFAO86CB,介壽段,25.74,都市：住,100000,599,持分移轉,01100000
RPQNMLTKRHGGFAO76CB,介壽段,25.74,都市：住,100000,599,持分移轉,01100000
RPXNMLTKRHGGFAO47CB,介壽段,22.82,都市：住,100000,531,持分移轉,01100000
RPUNMLTKRHGGFAO17CB,介壽段,25.74,都市：住,100000,599,持分移轉,01100000
RPVNMLTKRHGGFAO27CB,介壽段,25.74,都市：住,100000,599,持分移轉,01100000
RPWNMLTKRHGGFAO37CB,介壽段,22.82,都市：住,100000,531,持分移轉,01100000
RPPOMLTKRHGGFAO76CB,介壽段,22.82,都市：住,100000,531,持分移轉,01100000
RPROMLTKRHGGFAO96CB,介壽段,22.82,都市：住,100000,531,持分移轉,01100000
RPTNMLTKRHGGFAO07CB,介壽段,25.74,都市：住,100000,599,持分移轉,01100000
RPQOMLTKRHGGFAO86CB,介壽段,22.82,都市：住,100000,531,持分移轉,01100000
RPOOMLTKRHGGFAO66CB,介壽段,22.82,都市：住,100000,531,持分移轉,01100000
RPTOMLTKRHGGFAO17CB,介壽段,22.82,都市：住,100000,531,持分移轉,01100000
RPVOMLTKRHGGFAO37CB,介壽段,22.82,都市：住,100000,531,持分移轉,01100000
RPSOMLTKRHGGFAO07CB,介壽段,22.82,都市：住,100000,531,持分移轉,01100000
RPXOMLTKRHGGFAO57CB,介壽段,22.82,都市：住,100000,531,持分移轉,01100000
RPUOMLTKRHGGFAO27CB,介壽段,22.82,都市：住,100000,531,持分移轉,01100000
RPOPMLTKRHGGFAO76CB,介壽段,22.82,都市：住,100000,531,持分移轉,01100000
RPWOMLTKRHGGFAO47CB,介壽段,22.82,都市：住,100000,531,持分移轉,01100000
RPQPMLTKRHGGFAO96CB,介壽段,22.82,都市：住,100000,531,持分移轉,01100000
RPPPMLTKRHGGFAO86CB,介壽段,22.82,都市：住,100000,531,持分移轉,01100000
RPTPMLTKRHGGFAO27CB,介壽段,22.82,都市：住,100000,531,持分移轉,01100000
RPUPMLTKRHGGFAO37CB,介壽段,22.86,都市：住,100000,532,持分移轉,01100000
RPSPMLTKRHGGFAO17CB,介壽段,22.82,都市：住,100000,531,持分移轉,01100000
RPPNMLTKRHGGFAO76DB,竹港段,23.62,都市：住,594159,7712,持分移轉,07770000
RPRPMLTKRHGGFAO07CB,介壽段,22.82,都市：住,100000,531,持分移轉,01100000
RPSNMLKLRHGGFAO78CB,介壽段,21.32,都市：住,100000,496,持分移轉,01100000
RPTNMLKLRHGGFAO88CB,介壽段,21.32,都市：住,100000,496,持分移轉,01100000
RPQNMLKLRHGGFAO58CB,介壽段,21.32,都市：住,100000,496,持分移轉,01100000
RPPNMLKLRHGGFAO48CB,介壽段,21.32,都市：住,100000,496,持分移轉,01100000
RPXNMLKLRHGGFAO66CB,介壽段,21.32,都市：住,100000,496,持分移轉,01100000
RPRNMLKLRHGGFAO68CB,介壽段,21.32,都市：住,100000,496,持分移轉,01100000
RPPOMLKLRHGGFAO58CB,介壽段,21.32,都市：住,100000,496,持分移轉,01100000
RPVNMLKLRHGGFAO09CB,介壽段,21.32,都市：住,100000,496,持分移轉,01100000
RPVOMLKLRHGGFAO56CB,介壽段,21.32,都市：住,100000,496,持分移轉,01100000
RPSOMLKLRHGGFAO88CB,介壽段,21.32,都市：住,100000,496,持分移轉,01100000
RPPPMLKLRHGGFAO68CB,介壽段,21.32,都市：住,100000,496,持分移轉,01100000
RPUOMLKLRHGGFAO09CB,介壽段,21.32,都市：住,100000,496,持分移轉,01100000
RPXOMLKLRHGGFAO76CB,介壽段,21.32,都市：住,100000,496,持分移轉,01100000
RPTOMLKLRHGGFAO98CB,介壽段,21.32,都市：住,100000,496,持分移轉,01100000
RPROMLKLRHGGFAO78CB,介壽段,21.32,都市：住,100000,496,持分移轉,01100000
RPRPMLKLRHGGFAO88CB,介壽段,25.74,都市：住,100000,599,持分移轉,01100000
RPWOMLKLRHGGFAO66CB,介壽段,21.32,都市：住,100000,496,持分移轉,01100000
RPOPMLKLRHGGFAO58CB,介壽段,21.32,都市：住,100000,496,持分移轉,01100000
RPQPMLKLRHGGFAO78CB,介壽段,21.32,都市：住,100000,496,持分移轉,01100000
RPSPMLKLRHGGFAO98CB,介壽段,22.09,都市：住,100000,514,持分移轉,01100000
RPSQMLKLRHGGFAO09CB,介壽段,22.09,都市：住,100000,514,持分移轉,01100000
RPUPMLKLRHGGFAO56CB,介壽段,22.09,都市：住,100000,514,持分移轉,01100000
RPRQMLKLRHGGFAO98CB,介壽段,22.09,都市：住,100000,514,持分移轉,01100000
RPPQMLKLRHGGFAO78CB,介壽段,22.09,都市：住,100000,514,持分移轉,01100000
RPVPMLKLRHGGFAO66CB,介壽段,22.09,都市：住,100000,514,持分移轉,01100000
RPTPMLKLRHGGFAO09CB,介壽段,22.09,都市：住,100000,514,持分移轉,01100000
RPXPMLKLRHGGFAO86CB,介壽段,22.09,都市：住,100000,514,持分移轉,01100000
RPQQMLKLRHGGFAO88CB,介壽段,22.09,都市：住,100000,514,持分移轉,01100000
RPOQMLKLRHGGFAO68CB,介壽段,22.09,都市：住,100000,514,持分移轉,01100000
RPWPMLKLRHGGFAO76CB,介壽段,22.09,都市：住,100000,514,持分移轉,01100000
RPWQMLKLRHGGFAO86CB,介壽段,22.09,都市：住,100000,514,持分移轉,01100000
RPXQMLKLRHGGFAO96CB,介壽段,22.09,都市：住,100000,514,持分移轉,01100000
RPTQMLKLRHGGFAO56CB,介壽段,22.09,都市：住,100000,514,持分移轉,01100000
RPPRMLKLRHGGFAO88CB,介壽段,22.09,都市：住,100000,514,持分移轉,01100000
RPQRMLKLRHGGFAO98CB,介壽段,22.09,都市：住,100000,514,持分移轉,01100000
RPORMLKLRHGGFAO78CB,介壽段,22.09,都市：住,100000,514,持分移轉,01100000
RPUQMLKLRHGGFAO66CB,介壽段,22.09,都市：住,100000,514,持分移轉,01100000
RPSRMLKLRHGGFAO56CB,介壽段,25.74,都市：住,100000,599,持分移轉,01100000
RPVQMLKLRHGGFAO76CB,介壽段,22.09,都市：住,100000,514,持分移轉,01100000
RPQNMLNLRHGGFAO98DB,竹港段,23.62,都市：住,594159,7712,持分移轉,07770000
RPRRMLKLRHGGFAO09CB,介壽段,22.09,都市：住,100000,514,持分移轉,01100000
RPVNMLOLRHGGFAO96DB,南華段,15.01,都市：住,10,1,持分移轉,01180010
RPVNMLOLRHGGFAO96DB,南華段,51.98,都市：住,1,1,全筆移轉,01180008
RPTNMLSLRHGGFAO17DB,竹港段,23.37,都市：住,594159,7629,持分移轉,07770000
RPPNMLTLRHGGFAO86DB,雅溪段,55.51,非都市：山坡地保育區 ; 非都市編定：丙種建築用地,100000,1164,持分移轉,02930000
RPOPMLTLRHGGFAO86CB,士林段,70.65,非都市：鄉村區 ; 非都市編定：乙種建築用地,1,1,全筆移轉,00070002
RPQPMLTLRHGGFAO07CB,中央段,9.83,都市：商,100000,985,持分移轉,16070000
RPSNMLNJIIGGFAO08CB,南港段,32.18,非都市：一般農業區 ; 非都市編定：甲種建築用地,100000,1724,持分移轉,05380000
RPVNMLQLRHGGFAO07CB,港北段,17.93,都市：住,100000,515,持分移轉,00360000
RPPNMLPJIIGGFAO97CB,士林段,74.91,非都市：鄉村區 ; 非都市編定：乙種建築用地,100000,1956,持分移轉,00610000
RPSNMLPJIIGGFAO28CB,士林段,84.29,非都市：鄉村區 ; 非都市編定：乙種建築用地,100000,2201,持分移轉,00610000
RPPPMLTLRHGGFAO96CB,士林段,72.09,非都市：鄉村區 ; 非都市編定：乙種建築用地,1,1,全筆移轉,00070003
RPQNMLPJIIGGFAO08CB,士林段,74.87,非都市：鄉村區 ; 非都市編定：乙種建築用地,100000,1955,持分移轉,00610000
RPRNMLNJIIGGFAO97CB,南港段,33.89,非都市：一般農業區 ; 非都市編定：甲種建築用地,100000,1816,持分移轉,05380000
RPRNMLPJIIGGFAO18CB,士林段,74.45,非都市：鄉村區 ; 非都市編定：乙種建築用地,100000,1944,持分移轉,00610000
RPUNMLPJIIGGFAO48CB,南港段,34.17,非都市：一般農業區 ; 非都市編定：甲種建築用地,100000,1831,持分移轉,05380000
RPQNMLPJIIGGFAO18DB,雅溪段,41.78,非都市：山坡地保育區 ; 非都市編定：丙種建築用地,100000,876,持分移轉,02930000
RPVNMLPJIIGGFAO58CB,南港段,34.17,非都市：一般農業區 ; 非都市編定：甲種建築用地,100000,1831,持分移轉,05380000
RPPNMLPJIIGGFAO08DB,南華段,19.72,都市：商,100000,1923,持分移轉,04010000
RPTNMLPJIIGGFAO48DB,雅溪段,55.47,非都市：山坡地保育區 ; 非都市編定：丙種建築用地,100000,1163,持分移轉,02930000
RPPNMLRJIIGGFAO18CB,港北段,19.32,都市：住,100000,555,持分移轉,00360000
RPSNMLPJIIGGFAO38DB,雅溪段,41.78,非都市：山坡地保育區 ; 非都市編定：丙種建築用地,100000,876,持分移轉,02930000
RPQNMLQJIIGGFAO18CB,東光段,31.09,都市：商,100000,3176,持分移轉,04200000
RPQNMLQJIIGGFAO18CB,東光段,11.53,都市：商,100000,3176,持分移轉,04210000
RPQNMLQJIIGGFAO18CB,東光段,1.65,都市：商,100000,3176,持分移轉,04540002
RPQNMLQJIIGGFAO18CB,東光段,2.10,都市：商,100000,3176,持分移轉,04540005
RPQNMLKKIIGGFAO67CB,金雅段,21.00,非都市：鄉村區 ; 非都市編定：乙種建築用地,100000,825,持分移轉,00390000
RPQNMLRJIIGGFAO28CB,港北段,19.32,都市：住,100000,555,持分移轉,00360000
RPRNMLKKIIGGFAO77CB,金雅段,30.63,非都市：鄉村區 ; 非都市編定：乙種建築用地,100000,1203,持分移轉,00390000
RPRNMLMKIIGGFAO08DB,雅溪段,55.47,非都市：山坡地保育區 ; 非都市編定：丙種建築用地,100000,1163,持分移轉,02930000
RPPNMLQLRHGGFAO09CB,港北段,17.86,都市：住,100000,513,持分移轉,00360000
RPXUMLMLRHGGFAO57CB,明湖段,92.38,非都市：山坡地保育區 ; 非都市編定：丙種建築用地,10000,88,持分移轉,06440000
RPQTMLMLRHGGFAO76CB,金雅段,21.21,非都市：鄉村區 ; 非都市編定：乙種建築用地,100000,833,持分移轉,00390000
