﻿編號,屋齡,建物移轉面積平方公尺,主要用途,主要建材,建築完成日期,總層數,建物分層
The serial number,room age,building shifting area square meter,the main use,main building materials,construction completes the date,total layer,building lamination
RPRPMLKMRHGGFAO98DA,12,.03,辦公室,鋼筋混凝土造,98年3月19日,十層,地下二層
RPRPMLKMRHGGFAO98DA,12,27.09,辦公室,鋼筋混凝土造,98年3月19日,十層,八層 陽台 雨遮
RPRPMLKMRHGGFAO98DA,12,5.01,防空避難室兼停車空間、水箱、機房、電信機房、樓梯間,鋼筋混凝土造,98年3月19日,十層,
RPRPMLKMRHGGFAO98DA,12,11.98,防空避難室兼停車空間、水箱、機房、電信機房、樓梯間,鋼筋混凝土造,98年3月19日,十層,
RPRPMLKMRHGGFAO98DA,12,4.05,樓梯間,鋼筋混凝土造,98年3月19日,十層,
RPVRMLKLQHGGFAO76DA,27,34.30,住家用,鋼筋混凝土造,83年11月28日,七層,三層
RPVRMLKLQHGGFAO76DA,27,8.44,共有部分,鋼筋混凝土造,83年11月28日,七層,
RPVRMLKLQHGGFAO76DA,27,6.72,共有部分,鋼筋混凝土造,83年11月28日,七層,
RPQNMLPJRHGGFAO88DA,27,95.24,住家用,鋼筋混凝土造,83年3月5日,七層,四層 陽台
RPQNMLPJRHGGFAO88DA,27,10.72,共有部分,鋼筋混凝土造,83年3月5日,七層,
RPQNMLPJRHGGFAO88DA,27,17.92,住家用,鋼筋混凝土造,83年3月5日,七層,
RPXPMLMLRHGGFAO07DA,47,56.25,住家用,加強磚造,64年1月10日,二層,一層 二層
RPQOMLPLRHGGFAO56DA,13,73.76,集合住宅,鋼筋混凝土造,97年5月20日,十四層,九層 陽台
RPQOMLPLRHGGFAO56DA,13,9.99,梯間、機房、水箱,鋼筋混凝土造,97年5月20日,十四層,
RPQOMLPLRHGGFAO56DA,13,3.38,集合住宅、管理員室,鋼筋混凝土造,97年5月20日,十四層,
RPQOMLPLRHGGFAO56DA,13,25.78,防空避難室兼停車空間,鋼筋混凝土造,97年5月20日,十四層,
RPTOMLKMRHGGFAO09DA,29,187.34,住家用,鋼筋混凝土造,81年11月17日,三層,一層 二層 三層 陽台 露台 地下層
RPSNMLOJIIGGFAO28EA,2,223.03,停車空間、集合住宅,鋼筋混凝土造,108年7月9日,五層,一層 二層 三層 四層 五層 陽台
RPTNMLNJIIGGFAO18DA,36,109.53,住商用,加強磚造,74年4月24日,二層,一層 二層 陽台 平台 屋頂突出物
RPOPMLPJIIGGFAO08DA,24,107.13,住家用,鋼筋混凝土造,86年7月10日,十三層,十一層 陽台 花台
RPOPMLPJIIGGFAO08DA,24,52.61,共有部分,鋼筋混凝土造,86年7月10日,十三層,
RPQPMLPJIIGGFAO28DA,7,.02,辦公室,鋼筋混凝土造,103年12月8日,二十八層,一層
RPQPMLPJIIGGFAO28DA,7,.02,辦公室,鋼筋混凝土造,103年12月8日,二十八層,一層
RPQPMLPJIIGGFAO28DA,7,137.11,集合住宅,鋼筋混凝土造,103年12月8日,二十八層,十八層 陽台 雨遮
RPQPMLPJIIGGFAO28DA,7,59.50,共有部分,鋼筋混凝土造,103年12月8日,二十八層,
RPQPMLPJIIGGFAO28DA,7,.11,共有部分,鋼筋混凝土造,103年12月8日,二十八層,
RPQPMLPJIIGGFAO28DA,7,34.85,共有部分,鋼筋混凝土造,103年12月8日,二十八層,
RPQPMLPJIIGGFAO28DA,7,30.90,共有部分,鋼筋混凝土造,103年12月8日,二十八層,
RPWOMLPJIIGGFAO78DA,10,64.83,集合住宅,鋼筋混凝土造,100年3月7日,十三層,九層 陽台 雨遮
RPWOMLPJIIGGFAO78DA,10,16.65,共有部分,鋼筋混凝土造,100年3月7日,十三層,
RPWOMLPJIIGGFAO78DA,10,53.12,共有部分,鋼筋混凝土造,100年3月7日,十三層,
RPXNMLPJIIGGFAO78DA,,120.00,住家用,加強磚造,,一層,一層
RPXNMLPJIIGGFAO78DA,,110.96,住家用,加強磚造,,二層,一層 二層
RPUOMLPJIIGGFAO58DA,7,26.03,集合住宅,鋼筋混凝土造,103年8月30日,十二層,六層 陽台 雨遮
RPUOMLPJIIGGFAO58DA,7,20.08,共有部分,鋼筋混凝土造,103年8月30日,十二層,
RPUNMLPJIIGGFAO58EA,27,83.44,住家用,鋼筋混凝土造,83年5月12日,十三層,九層 陽台
RPUNMLPJIIGGFAO58EA,27,16.23,共有部分,鋼筋混凝土造,83年5月12日,十三層,
RPUNMLPJIIGGFAO58EA,27,10.63,共有部分,鋼筋混凝土造,83年5月12日,十三層,
RPRNMLQJIIGGFAO38EA,,59.83,住家用,鋼筋混凝土造,,七層,三層
RPRNMLQJIIGGFAO38EA,29,.04,共有部分,鋼筋混凝土造,81年6月19日,七層,
RPRNMLQJIIGGFAO38EA,29,16.13,共有部分,鋼筋混凝土造,81年6月19日,七層,
RPPNMLQJIIGGFAO08DA,9,106.29,集合住宅,鋼筋混凝土造,101年10月15日,二十層,十六層 陽台 雨遮
RPPNMLQJIIGGFAO08DA,9,50.95,共有部分,鋼筋混凝土造,101年10月15日,二十五層,
RPPNMLQJIIGGFAO08DA,9,28.11,共有部分,鋼筋混凝土造,101年10月15日,二十五層,
RPTNMLQJIIGGFAO58EA,,48.65,集合住宅,鋼筋混凝土造,110年5月12日,十四層,十一層 陽台
RPTNMLQJIIGGFAO58EA,,49.04,共有部分,鋼筋混凝土造,110年5月12日,十四層,
RPUNMLQJIIGGFAO68EA,27,102.49,住家用,鋼筋混凝土造,83年6月21日,六層,六層 陽台
RPUNMLQJIIGGFAO68EA,27,34.01,共有部分,鋼筋混凝土造,83年6月21日,六層,
RPWNMLQJIIGGFAO78DA,,6.26,共有部分,鋼筋混凝土造,78年1月0日,十二層,
RPWNMLQJIIGGFAO78DA,33,23.13,住家用,鋼筋混凝土造,78年1月7日,十二層,九層
RPPNMLRJIIGGFAO28EA,10,262.61,停車空間、集合住宅、樓梯間,鋼筋混凝土造,100年12月13日,四層,一層 二層 三層 四層 陽台 雨遮 見其他登記事項
RPORMLOJIIGGFAO18DA,14,197.80,住家用,鋼骨造,96年7月16日,十四層,十一層 陽台 雨遮
RPORMLOJIIGGFAO18DA,14,31.77,機電空間、樓梯間、水箱、機械室,鋼骨造,96年7月16日,十四層,
RPORMLOJIIGGFAO18DA,14,49.61,防空避難室兼停車空間、 機電空間,鋼骨造,96年7月16日,十四層,
RPOOMLRJIIGGFAO18DA,22,276.45,辦公室、住宅、停車空間,鋼筋混凝土造,88年12月30日,五層,一層 二層 三層 四層 五層 屋頂突出物
RPSNMLQJIIGGFAO48EA,23,.32,店舖,鋼筋混凝土造,87年4月10日,十二層,一層 陽台
RPSNMLQJIIGGFAO48EA,23,96.73,住宅,鋼筋混凝土造,87年4月10日,十二層,六層 陽台
RPSNMLQJIIGGFAO48EA,23,.21,店舖,鋼筋混凝土造,87年4月10日,十二層,一層 陽台
RPSNMLQJIIGGFAO48EA,23,.07,國民住宅、突出物、梯間,鋼筋混凝土造,87年4月10日,十二層,
RPSNMLQJIIGGFAO48EA,23,18.32,國民住宅、突出物、梯間,鋼筋混凝土造,87年4月10日,十二層,
RPSNMLQJIIGGFAO48EA,23,.05,國民住宅、突出物、梯間,鋼筋混凝土造,87年4月10日,十二層,
RPSNMLQJIIGGFAO48EA,23,.09,國民住宅、地下室、夾層,鋼筋混凝土造,87年4月10日,十二層,
RPSNMLQJIIGGFAO48EA,23,.06,國民住宅、地下室、夾層,鋼筋混凝土造,87年4月10日,十二層,
RPSNMLQJIIGGFAO48EA,23,24.62,國民住宅、地下室、夾層,鋼筋混凝土造,87年4月10日,十二層,
RPSNMLRJIIGGFAO58EA,30,32.08,住家用,鋼筋混凝土造,80年12月16日,五層,地下層
RPSNMLRJIIGGFAO58EA,30,66.95,見使用執照,鋼筋混凝土造,80年12月16日,五層,三層 陽台
RPSNMLRJIIGGFAO58EA,30,8.58,共有部分,鋼筋混凝土造,80年12月16日,八層,
RPXOMLRJIIGGFAO56EA,7,85.92,集合住宅,鋼筋混凝土造,103年8月29日,十五層,三層 陽台
RPXOMLRJIIGGFAO56EA,7,25.09,共有部分,鋼筋混凝土造,103年8月29日,十五層,
RPXOMLRJIIGGFAO56EA,7,53.59,共有部分,鋼筋混凝土造,103年8月29日,十五層,
RPUNMLRJIIGGFAO78EA,14,.22,守衛室,鋼筋混凝土造,96年12月6日,一層,一層 雨遮
RPUNMLRJIIGGFAO78EA,14,188.93,機電設備空間、集合住宅,鋼筋混凝土造,96年12月6日,十三層,十二層 陽台
RPUNMLRJIIGGFAO78EA,14,34.93,梯間、水箱、昇降梯房,鋼筋混凝土造,96年12月6日,十三層,
RPUNMLRJIIGGFAO78EA,14,46.97,防空避難室兼停車空間、開放空間、公共服務空間,鋼筋混凝土造,96年12月6日,十三層,
RPUNMLRJIIGGFAO78EA,14,39.58,防空避難室兼停車空間、開放空間、公共服務空間,鋼筋混凝土造,96年12月6日,十三層,
RPWQMLQJIIGGFAO09DA,49,72.00,住家用,加強磚造,61年11月9日,二層,一層 二層
RPSNMLNJIIGGFAO08DA,1,41.12,集合住宅,鋼筋混凝土造,109年12月24日,五層,二層 陽台
RPSNMLNJIIGGFAO08DA,1,14.68,共有部分,鋼筋混凝土造,109年12月24日,五層,
RPTPMLQJIIGGFAO68DA,7,126.08,集合住宅,鋼筋混凝土造,104年1月14日,二十三層,十層 陽台 雨遮
RPTPMLQJIIGGFAO68DA,7,24.87,共有部分,鋼筋混凝土造,104年1月14日,二十三層,
RPTPMLQJIIGGFAO68DA,7,69.50,共有部分,鋼筋混凝土造,104年1月14日,二十三層,
RPUOMLKMRHGGFAO56DA,6,62.94,集合住宅,鋼筋混凝土造,104年4月22日,七層,二層 陽台 雨遮
RPUOMLKMRHGGFAO56DA,6,45.66,共有部分,鋼筋混凝土造,104年4月22日,七層,
RPTQMLOLRHGGFAO96DA,2,51.12,集合住宅,鋼筋混凝土造,109年1月20日,十二層,十層 陽台
RPTQMLOLRHGGFAO96DA,2,25.99,共有部分,鋼筋混凝土造,109年1月20日,十二層,
RPXOMLQJIIGGFAO98DA,24,27.75,辦公室,鋼筋混凝土造,86年7月15日,十二層,六層
RPXOMLQJIIGGFAO98DA,24,5.08,共有部分,鋼筋混凝土造,86年7月15日,十二層,
RPXOMLQJIIGGFAO98DA,24,.12,共有部分,鋼筋混凝土造,86年7月15日,十二層,
RPXOMLQJIIGGFAO98DA,24,10.30,共有部分,鋼筋混凝土造,86年7月15日,十二層,
RPVPMLSLRHGGFAO47DA,2,51.12,集合住宅,鋼筋混凝土造,109年1月20日,十二層,九層 陽台
RPVPMLSLRHGGFAO47DA,2,52.27,共有部分,鋼筋混凝土造,109年1月20日,十二層,
RPOQMLMLRHGGFAO88DA,47,56.25,住家用,加強磚造,64年1月10日,二層,一層 二層
RPTOMLQJIIGGFAO58DA,37,91.42,住家用,鋼筋混凝土造,73年7月18日,五層,四層 陽台
RPTOMLQJIIGGFAO58DA,37,14.25,共有部分,鋼筋混凝土造,73年7月18日,五層,
RPPQMLSLRHGGFAO96DA,2,53.85,集合住宅,鋼筋混凝土造,109年1月20日,十二層,十層 陽台
RPPQMLSLRHGGFAO96DA,2,53.42,共有部分,鋼筋混凝土造,109年1月20日,十二層,
RPTNMLSLPHGGFAO86DA,,85.55,住家用,鋼筋混凝土造,,五層,四層 陽台
RPTNMLSLPHGGFAO86DA,,7.94,共有部分,鋼筋混凝土造,,五層,
RPTNMLSLPHGGFAO86DA,28,42.27,共有部分,鋼筋混凝土造,82年10月19日,五層,
RPPOMLOLRHGGFAO98DA,46,153.27,住商用,加強磚造,64年6月13日,三層,一層 二層 三層 騎樓
RPPOMLOLRHGGFAO98DA,46,150.24,住商用,加強磚造,64年6月13日,三層,一層 二層 三層 騎樓
RPPOMLOLRHGGFAO98DA,46,112.50,住商用,加強磚造,64年6月13日,三層,一層 二層 三層 騎樓
RPWOMLOJIIGGFAO68DA,27,55.24,住家用,鋼筋混凝土造,83年7月13日,十二層,七層 陽台
RPWOMLOJIIGGFAO68DA,27,7.00,共有部分,鋼筋混凝土造,83年8月13日,十二層,
RPWOMLOJIIGGFAO68DA,,6.43,共有部分,鋼筋混凝土造,,十二層,
RPRQMLKMRHGGFAO09DA,7,76.00,集合住宅,鋼筋混凝土造,103年8月29日,十五層,十三層 陽台
RPRQMLKMRHGGFAO09DA,7,19.89,共有部分,鋼筋混凝土造,103年8月29日,十五層,
RPRQMLKMRHGGFAO09DA,7,49.74,共有部分,鋼筋混凝土造,103年8月29日,十五層,
RPTPMLOJIIGGFAO48DA,9,54.41,集合住宅,鋼筋混凝土造,101年7月30日,十一層,四層 陽台 雨遮
RPTPMLOJIIGGFAO48DA,9,17.01,共有部分,鋼筋混凝土造,101年7月30日,十一層,
RPPRMLKMRHGGFAO98DA,40,7.96,共有部分,鋼筋混凝土造,71年2月25日,000,
RPPRMLKMRHGGFAO98DA,40,6.48,共有部分,鋼筋混凝土造,71年2月25日,五層,
RPPRMLKMRHGGFAO98DA,40,86.66,住家用,鋼筋混凝土造,71年2月25日,五層,一層
RPRPMLLKRHGGFAO88DA,51,86.38,住家用,加強磚造,59年12月31日,二層,一層 二層
RPTQMLPKRHGGFAO96DA,26,77.59,住家用,鋼筋混凝土造,84年10月16日,十一層,六層 陽台
RPTQMLPKRHGGFAO96DA,26,25.61,共有部分,鋼筋混凝土造,84年10月16日,十一層,
RPTQMLPKRHGGFAO96DA,26,46.89,共有部分,鋼筋混凝土造,84年10月16日,十一層,
RPVQMLKMRHGGFAO86DA,32,29.47,見使用執照,鋼筋混凝土造,79年2月7日,十二層,六層 陽台
RPVQMLKMRHGGFAO86DA,32,28.39,見使用執照,鋼筋混凝土造,79年2月7日,十二層,六層 陽台
RPVQMLKMRHGGFAO86DA,32,3.85,共有部分,鋼筋混凝土造,79年2月7日,十二層,
RPVQMLKMRHGGFAO86DA,32,3.85,共有部分,鋼筋混凝土造,79年2月7日,十二層,
RPVQMLKMRHGGFAO86DA,32,8.37,共有部分,鋼筋混凝土造,79年2月7日,十二層,
RPVQMLKMRHGGFAO86DA,32,8.08,共有部分,鋼筋混凝土造,79年2月7日,十二層,
RPUPMLQJRHGGFAO96DA,23,95.70,住家用,鋼筋混凝土造,87年12月20日,十層,九層 陽台
RPUPMLQJRHGGFAO96DA,23,15.34,共有部分,鋼筋混凝土造,87年12月20日,十層,
RPUPMLQJRHGGFAO96DA,23,3.55,共有部分,鋼筋混凝土造,87年12月20日,十層,
RPRNMLNJIIGGFAO97DA,28,73.15,住家用,鋼筋混凝土造,83年1月20日,五層,五層 陽台
RPRNMLNJIIGGFAO97DA,28,6.45,共有部分,鋼筋混凝土造,83年1月20日,五層,
RPXOMLPJIIGGFAO88DA,9,31.52,共有部分,鋼筋混凝土造,101年7月10日,二十五層,
RPQNMLLJQHGGFAO38DA,27,269.14,商業用,鋼筋混凝土造,83年2月5日,十一層,地下層
RPQNMLLJQHGGFAO38DA,27,.22,共有部分,鋼筋混凝土造,83年2月5日,十一層,
RPQNMLLJQHGGFAO38DA,27,13.36,共有部分,鋼筋混凝土造,83年2月5日,十二層,
RPSPMLTLRHGGFAO27DA,2,134.04,集合住宅,鋼筋混凝土造,108年4月26日,二十八層,七層 陽台
RPSPMLTLRHGGFAO27DA,2,100.06,共有部分,鋼筋混凝土造,108年4月26日,二十八層,
RPORMLQJIIGGFAO38DA,12,.06,守衛室,鋼筋混凝土造,98年6月1日,十五層,一層
RPORMLQJIIGGFAO38DA,12,115.27,策略性產業辦公室,鋼筋混凝土造,98年6月1日,十五層,五層 陽台
RPORMLQJIIGGFAO38DA,12,.01,梯間、水箱、昇降機房,鋼筋混凝土造,98年6月1日,十五層,
RPORMLQJIIGGFAO38DA,12,20.08,梯間、水箱、昇降機房,鋼筋混凝土造,98年6月1日,十五層,
RPORMLQJIIGGFAO38DA,12,44.91,防空避難室兼停車空間、消防機械室、污水機房、台電配電室、電信室、開放空間、發電機室,鋼筋混凝土造,98年6月1日,十五層,
RPORMLQJIIGGFAO38DA,12,28.63,防空避難室兼停車空間、消防機械室、污水機房、台電配電室、電信室、開放空間、發電機室,鋼筋混凝土造,98年6月1日,十五層,
RPWOMLQJIIGGFAO88DA,,187.83,店舖、集合住宅、停車空間,鋼筋混凝土造,110年6月23日,四層,一層 二層 三層 四層 陽台
RPSOMLQJIIGGFAO48DA,26,91.52,住家用,鋼筋混凝土造,84年6月16日,十二層,十二層 陽台
RPSOMLQJIIGGFAO48DA,26,18.99,共有部分,鋼筋混凝土造,84年6月16日,十二層,
RPVNMLRJIIGGFAO78DA,2,316.63,工廠（附屬辦公室、員工餐廳、荼水間）、樓梯間,鋼筋混凝土造,108年5月23日,二層,一層 二層 見其他登記事項
RPUPMLQJIIGGFAO78DA,,36.24,集合住宅,鋼筋混凝土造,110年5月12日,十四層,十二層 陽台
RPUPMLQJIIGGFAO78DA,,22.18,共有部分,鋼筋混凝土造,110年5月12日,十四層,
RPOPMLRJIIGGFAO38EA,12,168.58,停車空間、集合住宅,鋼筋混凝土造,98年9月9日,三層,一層 二層 三層 陽台 雨遮 見其他登記事項
RPOPMLRJIIGGFAO38EA,12,72.54,停車空間、設備機房、防空避難室、開放空間,鋼筋混凝土造,98年9月9日,十五層,
RPSOMLNJRHGGFAO98DA,14,25.60,集合住宅,鋼筋混凝土造,96年6月25日,七層,五層 陽台 雨遮
RPSOMLNJRHGGFAO98DA,14,9.09,樓梯間、水箱、機械室,鋼筋混凝土造,96年6月25日,七層,
RPSOMLNJRHGGFAO98DA,14,2.95,防空避難室兼停車空間,鋼筋混凝土造,96年6月25日,七層,
RPTNMLRJIIGGFAO68EA,14,.04,守衛室,鋼筋混凝土造,96年6月30日,六層,一層
RPTNMLRJIIGGFAO68EA,14,18.60,集合住宅,鋼筋混凝土造,96年6月30日,六層,四層 雨遮
RPTNMLRJIIGGFAO68EA,14,10.26,共同使用部份,鋼筋混凝土造,96年6月30日,六層,
RPRNMLRJIIGGFAO48EA,1,81.72,集合住宅,鋼筋混凝土造,110年1月4日,二十四層,十三層 陽台 雨遮
RPRNMLRJIIGGFAO48EA,1,68.96,共有部分,鋼筋混凝土造,110年1月4日,二十四層,
RPUOMLRJIIGGFAO78DA,20,73.97,住家用,鋼筋混凝土造,90年5月10日,五層,三層 陽台
RPUOMLRJIIGGFAO78DA,20,8.13,樓梯間、水塔,鋼筋混凝土造,90年5月10日,五層,
RPUOMLRJIIGGFAO78DA,20,.08,警衛室,鋼筋混凝土造,90年5月15日,五層,一層
RPQNMLRJIIGGFAO38EA,13,34.34,辦公室,鋼筋混凝土造,97年12月30日,七層,四層 陽台 雨遮
RPQNMLRJIIGGFAO38EA,13,27.24,防空避難室、停車空間、機械室、樓梯間、水箱,鋼筋混凝土造,97年12月30日,七層,
RPWOMLRJIIGGFAO98DA,,183.60,住家用,鋼筋混凝土造,,三層,一層 二層 三層
RPVOMLRJIIGGFAO88DA,23,111.37,住家用,鋼筋混凝土造,87年10月15日,八層,七層 陽台
RPVOMLRJIIGGFAO88DA,23,108.98,住家用,鋼筋混凝土造,87年10月15日,八層,七層 陽台
RPVOMLRJIIGGFAO88DA,23,1.55,商業用,鋼筋混凝土造,87年10月15日,八層,一層 陽台
RPVOMLRJIIGGFAO88DA,23,11.27,共有部分,鋼筋混凝土造,87年10月15日,八層,
RPVOMLRJIIGGFAO88DA,23,10.82,共有部分,鋼筋混凝土造,87年10月15日,八層,
RPVOMLRJIIGGFAO88DA,23,19.14,共有部分,鋼筋混凝土造,87年10月15日,八層,
RPVOMLRJIIGGFAO88DA,23,18.55,共有部分,鋼筋混凝土造,87年10月15日,八層,
RPVOMLRJIIGGFAO88DA,23,.25,共有部分,鋼筋混凝土造,87年10月15日,八層,
RPVOMLRJIIGGFAO88DA,23,57.28,共有部分,鋼筋混凝土造,87年10月15日,八層,
RPXOMLRJIIGGFAO09DA,3,56.43,集合住宅,鋼筋混凝土造,107年5月22日,十層,三層 陽台 雨遮
RPXOMLRJIIGGFAO09DA,3,13.14,共有部分,鋼筋混凝土造,107年5月22日,十層,
RPXOMLRJIIGGFAO09DA,3,15.34,共有部分,鋼筋混凝土造、鋼骨造,107年5月22日,十層,
RPOOMLSJIIGGFAO28DA,23,.08,店舖、住宅,鋼筋混凝土造,87年7月20日,八層,一層 陽台
RPOOMLSJIIGGFAO28DA,23,.00,共有部分,鋼筋混凝土造,87年7月20日,八層,
RPOOMLSJIIGGFAO28DA,23,28.49,共有部分,鋼筋混凝土造,87年7月20日,八層,
RPTOMLSJIIGGFAO78DA,26,131.09,住家用,鋼筋混凝土造,84年7月13日,七層,一層 平台
RPTOMLSJIIGGFAO78DA,26,14.76,梯間,鋼筋混凝土造,84年7月13日,七層,
RPTOMLSJIIGGFAO78DA,26,29.18,防空避難室、停車場,鋼筋混凝土造,84年7月13日,十層,
RPTOMLSJIIGGFAO78DA,26,1.72,超級市場,鋼筋混凝土造,84年7月13日,十層,
RPTOMLSJIIGGFAO78DA,26,2.43,儲藏室,鋼筋混凝土造,84年7月13日,十層,
RPTOMLSJIIGGFAO78DA,26,3.90,幼稚園、里民中心,鋼筋混凝土造,84年7月13日,十層,
RPSNMLMKIIGGFAO18EA,26,73.68,住家用,鋼筋混凝土造,84年12月8日,七層,四層 陽台 花台
RPSNMLMKIIGGFAO18EA,26,14.95,共有部分,鋼筋混凝土造,84年12月8日,七層,
RPSNMLMKIIGGFAO18EA,26,35.87,共有部分,鋼筋混凝土造,84年12月8日,八層,
RPRPMLMKIIGGFAO28EA,,66.48,住家用,鋼筋混凝土造,0年0月0日,五層,四層 陽台
RPRPMLMKIIGGFAO28EA,27,1.65,,鋼筋混凝土造,84年1月28日,五層,
RPSPMLMKIIGGFAO38EA,38,90.77,住家用,鋼筋混凝土造,72年12月19日,五層,四層 陽台
RPUOMLSJIIGGFAO88DA,1,54.40,集合住宅,鋼筋混凝土造,110年2月5日,九層,七層 陽台
RPUOMLSJIIGGFAO88DA,1,81.63,共有部分,鋼筋混凝土造,110年2月5日,九層,
RPROMLSJIIGGFAO58DA,28,.22,住家用,鋼筋混凝土造,82年8月7日,六層,一層
RPROMLSJIIGGFAO58DA,28,104.92,住家用,鋼筋混凝土造,82年8月7日,六層,一層 平台
RPROMLSJIIGGFAO58DA,28,13.90,共有部分,鋼筋混凝土造,82年8月7日,六層,
RPROMLSJIIGGFAO58DA,28,21.85,共有部分,鋼筋混凝土造,82年8月7日,六層,
RPQNMLSJIIGGFAO48EA,14,197.80,住家用,鋼骨造,96年7月16日,十四層,七層 陽台 雨遮
RPQNMLSJIIGGFAO48EA,14,31.77,機電空間、樓梯間、水箱、機械室,鋼骨造,96年7月16日,十四層,
RPQNMLSJIIGGFAO48EA,14,49.52,防空避難室兼停車空間、 機電空間,鋼骨造,96年7月16日,十四層,
RPSPMLRJIIGGFAO68DA,,72.41,集合住宅,鋼筋混凝土造,110年6月11日,十四層,十三層 陽台 雨遮
RPSPMLRJIIGGFAO68DA,,64.36,共有部分,鋼筋混凝土造,110年6月11日,十四層,
RPSPMLRJIIGGFAO68DA,,3.57,共有部分,鋼筋混凝土造,110年6月11日,十四層,
RPSPMLRJIIGGFAO68DA,,21.44,共有部分,鋼筋混凝土造,110年6月11日,十四層,
RPVPMLSJIIGGFAO09DA,,48.52,住家用,加強磚造,,二層,一層 二層
RPUNMLNJIIGGFAO28DA,12,.05,守衛室,鋼筋混凝土造,98年6月1日,十五層,一層
RPUNMLNJIIGGFAO28DA,12,116.09,策略性產業辦公室,鋼筋混凝土造,98年6月1日,十五層,十二層 陽台
RPUNMLNJIIGGFAO28DA,12,18.39,梯間、水箱、昇降機房,鋼筋混凝土造,98年6月1日,十五層,
RPUNMLNJIIGGFAO28DA,12,.01,梯間、水箱、昇降機房,鋼筋混凝土造,98年6月1日,十五層,
RPUNMLNJIIGGFAO28DA,12,39.92,防空避難室兼停車空間、消防機械室、污水機房、台電配電室、電信室、開放空間、發電機室,鋼筋混凝土造,98年6月1日,十五層,
RPUNMLNJIIGGFAO28DA,12,30.61,防空避難室兼停車空間、消防機械室、污水機房、台電配電室、電信室、開放空間、發電機室,鋼筋混凝土造,98年6月1日,十五層,
RPTPMLRJIIGGFAO78DA,,72.14,集合住宅,鋼筋混凝土造,110年6月11日,十四層,六層 陽台 雨遮
RPTPMLRJIIGGFAO78DA,,59.74,共有部分,鋼筋混凝土造,110年6月11日,十四層,
RPTPMLRJIIGGFAO78DA,,3.57,共有部分,鋼筋混凝土造,110年6月11日,十四層,
RPTPMLRJIIGGFAO78DA,,21.44,共有部分,鋼筋混凝土造,110年6月11日,十四層,
RPSQMLOJIIGGFAO48DA,,188.44,,鋼筋混凝土造,,三層,一層 二層 三層 雨遮 地下層 見其他登記事項
RPVQMLOJIIGGFAO78DA,16,141.83,集合住宅,鋼筋混凝土造,94年6月20日,八層,四層 陽台
RPVQMLOJIIGGFAO78DA,16,23.16,樓梯間、水箱、機械室,鋼筋混凝土造,94年6月20日,八層,
RPVQMLOJIIGGFAO78DA,16,75.07,防空避難室兼停車空間、消防機房、電信機器房、機械室,鋼筋混凝土造,94年6月20日,八層,
RPXQMLOJIIGGFAO98DA,27,74.95,住家用,鋼筋混凝土造,84年1月16日,十三層,十一層 陽台
RPXQMLOJIIGGFAO98DA,27,1.48,住家用,鋼筋混凝土造,84年1月16日,十三層,十三層 陽台
RPXQMLOJIIGGFAO98DA,27,21.69,共有部分,鋼筋混凝土造,84年1月16日,十三層,
RPXQMLOJIIGGFAO98DA,27,.37,共有部分,鋼筋混凝土造,84年1月16日,十三層,
RPXPMLOJIIGGFAO88DA,23,86.65,住家用,鋼筋混凝土造,87年7月18日,二十二層,二十一層 陽台 花台
RPXPMLOJIIGGFAO88DA,23,25.44,防空避難室、停車空間,鋼筋混凝土造,87年7月18日,二十二層,
RPXPMLOJIIGGFAO88DA,23,40.38,停車空間,鋼筋混凝土造,87年7月18日,二十二層,
RPXPMLOJIIGGFAO88DA,23,1.45,社區活動中心,鋼筋混凝土造,87年6月23日,二十一層,一層 陽台 地下一層 地下二層 地下三層
RPXPMLOJIIGGFAO88DA,23,.29,社區活動中心,鋼筋混凝土造,87年6月23日,二十一層,一層 陽台
RPXQMLKMRHGGFAO07DA,43,222.72,,加強磚造,67年9月16日,三層,一層 二層 三層
RPUQMLKMRHGGFAO76DA,17,30.46,集合住宅,鋼筋混凝土造,94年2月20日,四層,三層
RPUQMLKMRHGGFAO76DA,17,1.53,集合住宅,鋼筋混凝土造,94年2月20日,四層,地下一層
RPUQMLKMRHGGFAO76DA,17,6.29,共有部分,鋼筋混凝土造,94年2月20日,四層,
RPUQMLKMRHGGFAO76DA,17,.48,共有部分,鋼筋混凝土造,94年2月20日,四層,
RPUQMLKMRHGGFAO76DA,17,10.36,共有部分,鋼筋混凝土造,94年2月20日,四層,
RPSNMLSJIIGGFAO68EA,44,83.25,住家用,加強磚造,66年5月6日,二層,一層 二層
RPPNMLMKIIGGFAO87EA,25,205.84,住家用,鋼筋混凝土造,85年12月2日,四層,一層 二層 三層 四層 陽台 平台
RPQOMLSJIIGGFAO58EA,33,163.16,住家用,鋼筋混凝土造,77年12月15日,二層,一層 二層 陽台 平台 屋頂突出物
RPRNMLSJIIGGFAO58EA,14,.14,店舖,鋼筋混凝土造,96年3月31日,六層,一層
RPRNMLSJIIGGFAO58EA,14,.14,店舖,鋼筋混凝土造,96年3月31日,六層,一層
RPRNMLSJIIGGFAO58EA,14,30.45,辦公室,鋼筋混凝土造,96年3月31日,六層,四層
RPUNMLSJIIGGFAO88EA,17,1.61,集合住宅,鋼筋混凝土造,94年2月20日,四層,地下一層
RPUNMLSJIIGGFAO88EA,17,30.98,集合住宅,鋼筋混凝土造,94年2月20日,四層,地下二層
RPRNMLSJIIGGFAO58EA,14,.20,防空避難室兼停車空間,鋼筋混凝土造,96年3月31日,六層,
RPUNMLSJIIGGFAO88EA,17,.50,共有部分,鋼筋混凝土造,94年2月20日,四層,
RPRNMLSJIIGGFAO58EA,14,.20,防空避難室兼停車空間,鋼筋混凝土造,96年3月31日,六層,
RPUNMLSJIIGGFAO88EA,17,6.50,共有部分,鋼筋混凝土造,94年2月20日,四層,
RPRNMLSJIIGGFAO58EA,14,44.21,防空避難室兼停車空間,鋼筋混凝土造,96年3月31日,六層,
RPUNMLSJIIGGFAO88EA,17,10.88,共有部分,鋼筋混凝土造,94年2月20日,四層,
RPRNMLSJIIGGFAO58EA,14,9.89,樓梯間、水箱、機械室,鋼筋混凝土造,96年3月31日,六層,
RPOPMLSJIIGGFAO48EA,38,76.10,住家用,鋼筋混凝土造,72年12月19日,五層,二層 陽台
RPSPMLOLRHGGFAO76DA,25,60.32,住家用,鋼筋混凝土造,85年8月29日,七層,二層 陽台
RPSPMLOLRHGGFAO76DA,25,12.34,共有部分,鋼筋混凝土造,85年8月29日,七層,
RPSPMLOLRHGGFAO76DA,25,4.24,共有部分,鋼筋混凝土造,85年8月29日,七層,
RPXQMLRKQHGGFAO47DA,5,76.95,店舖,鋼筋混凝土造,105年9月30日,十四層,一層 見其他登記事項
RPXQMLRKQHGGFAO47DA,5,31.43,共有部分,鋼筋混凝土造,105年9月30日,十四層,
RPRPMLMLRHGGFAO09DA,,56.01,集合住宅,鋼筋混凝土造,110年6月11日,十四層,三層 陽台 雨遮
RPRPMLMLRHGGFAO09DA,,63.02,共有部分,鋼筋混凝土造,110年6月11日,十四層,
RPRPMLMLRHGGFAO09DA,,2.83,共有部分,鋼筋混凝土造,110年6月11日,十四層,
RPRPMLMLRHGGFAO09DA,,16.95,共有部分,鋼筋混凝土造,110年6月11日,十四層,
RPWPMLQKRHGGFAO27DA,12,397.61,住宅、停車空間、機電空間,鋼筋混凝土造,98年4月30日,三層,一層 二層 三層 陽台 雨遮 地下一層
RPVQMLOLQHGGFAO07DA,,138.38,住家用,加強磚造,,一層,一層 平台
RPUPMLOJIIGGFAO58DA,,337.71,停車空間、廁所、集合住宅、梯間,鋼筋混凝土造,110年3月2日,五層,一層 二層 三層 四層 五層 陽台 見其他登記事項
RPUOMLOJIIGGFAO48DA,5,.09,辦公室,鋼筋混凝土造,105年10月4日,三十層,一層
RPUOMLOJIIGGFAO48DA,5,184.59,辦公室,鋼筋混凝土造,105年10月4日,三十層,七層
RPUOMLOJIIGGFAO48DA,5,76.86,共有部分,鋼筋混凝土造,105年10月4日,三十層,
RPUOMLOJIIGGFAO48DA,5,46.41,共有部分,鋼筋混凝土造,105年10月4日,三十層,
RPUOMLOJIIGGFAO48DA,5,119.66,共有部分,鋼筋混凝土造,105年10月4日,三十層,
RPUOMLOJIIGGFAO48DA,5,6.82,共有部分,鋼筋混凝土造,105年10月4日,三十層,
RPRPMLOJIIGGFAO28DA,,338.57,停車空間、廁所、集合住宅、梯間,鋼筋混凝土造,110年3月2日,五層,一層 二層 三層 四層 五層 陽台 見其他登記事項
RPQPMLOJIIGGFAO18DA,,312.26,店舖、停車空間、廁所、集合住宅、梯間,鋼筋混凝土造,110年3月2日,五層,一層 二層 三層 四層 五層 陽台 見其他登記事項
RPVPMLRJIIGGFAO98DA,40,97.60,商業用,鋼筋混凝土造,70年12月19日,五層,一層 二層 陽台
RPSRMLKMQHGGFAO56DA,28,89.11,住家用,鋼筋混凝土造,82年8月7日,七層,三層 陽台
RPSRMLKMQHGGFAO56DA,28,12.54,共有部分,鋼筋混凝土造,82年8月7日,七層,
RPSRMLKMQHGGFAO56DA,28,14.16,共有部分,鋼筋混凝土造,82年8月7日,七層,
RPOQMLSJIIGGFAO48DA,10,197.40,集合住宅,鋼筋混凝土造,100年12月22日,十四層,四層 陽台 雨遮
RPOQMLSJIIGGFAO48DA,10,38.37,共有部分,鋼筋混凝土造,100年12月22日,十四層,
RPOQMLSJIIGGFAO48DA,10,15.45,共有部分,鋼筋混凝土造,100年12月22日,十四層,
RPOQMLSJIIGGFAO48DA,10,36.36,共有部分,鋼筋混凝土造,100年12月22日,十四層,
RPVNMLMKIIGGFAO38DA,9,128.40,集合住宅,鋼筋混凝土造,101年10月15日,二十五層,十層 陽台 雨遮
RPVNMLMKIIGGFAO38DA,9,56.66,共有部分,鋼筋混凝土造,101年10月15日,二十五層,
RPVNMLMKIIGGFAO38DA,9,27.06,共有部分,鋼筋混凝土造,101年10月15日,二十五層,
RPSOMLSJIIGGFAO68DA,22,110.44,住家用,鋼筋混凝土造,88年6月10日,七層,一層 陽台
RPSOMLSJIIGGFAO68DA,22,30.61,門廳、停車場、避難室,鋼筋混凝土造,88年6月10日,七層,
RPPPMLSJIIGGFAO48DA,29,117.95,住家用,鋼筋混凝土造,81年7月4日,七層,三層 陽台 花台
RPPPMLSJIIGGFAO48DA,29,47.42,共有部分,鋼筋混凝土造,81年7月4日,七層,
RPORMLNLRHGGFAO09DA,2,228.17,停車空間、集合住宅、梯間,鋼筋混凝土造,108年7月25日,四層,一層 二層 三層 四層 陽台 見其他登記事項
RPORMLNLRHGGFAO09DA,2,.28,共有部分,鋼筋混凝土造,108年7月25日,四層,
RPROMLTLRHGGFAO07DA,6,133.23,集合住宅,鋼筋混凝土造,105年1月27日,二十八層,二十二層 陽台 雨遮
RPROMLTLRHGGFAO07DA,6,122.69,共有部分,鋼筋混凝土造,105年1月27日,二十八層,
RPROMLOJIIGGFAO18DA,5,.04,辦公室,鋼筋混凝土造,105年10月4日,三十層,一層
RPROMLOJIIGGFAO18DA,5,150.88,辦公室,鋼筋混凝土造,105年10月4日,三十層,七層
RPROMLOJIIGGFAO18DA,5,62.82,共有部分,鋼筋混凝土造,105年10月4日,三十層,
RPROMLOJIIGGFAO18DA,5,37.97,共有部分,鋼筋混凝土造,105年10月4日,三十層,
RPROMLOJIIGGFAO18DA,5,59.83,共有部分,鋼筋混凝土造,105年10月4日,三十層,
RPROMLOJIIGGFAO18DA,5,5.60,共有部分,鋼筋混凝土造,105年10月4日,三十層,
RPRNMLKKIIGGFAO77DA,33,333.53,見使用執照,鋼筋混凝土造,78年2月1日,三層,一層 二層 三層 地下層 見使用執照
RPUPMLMKIIGGFAO58EA,39,85.75,工業用,加強磚造,71年11月5日,一層,一層
RPUPMLMKIIGGFAO58EA,31,120.96,住家用,鋼筋混凝土造,79年9月10日,二層,二層
RPPOMLSJIIGGFAO48EA,,94.00,住家用,磚造,,一層,一層
RPPNMLNKIIGGFAO97EA,28,80.31,住家用,鋼筋混凝土造,82年11月17日,七層,七層 陽台
RPPNMLNKIIGGFAO97EA,28,30.71,共有部分,鋼筋混凝土造,82年11月17日,七層,
RPQNMLNKIIGGFAO08EA,,313.69,店舖、停車空間、廁所、集合住宅、梯間,鋼筋混凝土造,110年3月2日,五層,一層 二層 三層 四層 五層 陽台 見其他登記事項
RPTNMLMKIIGGFAO28EA,26,78.82,住家用,鋼筋混凝土造,84年9月25日,十三層,八層 陽台
RPTNMLMKIIGGFAO28EA,26,11.41,共有部分,鋼筋混凝土造,84年9月25日,十三層,
RPTNMLMKIIGGFAO28EA,26,16.70,共有部分,鋼筋混凝土造,84年9月25日,十三層,
RPSOMLPKPHGGFAO09DA,,153.13,住商用,加強磚造,,三層,一層 二層 三層 騎樓
RPQPMLNKIIGGFAO18DA,28,60.37,住家用,鋼筋混凝土造,82年8月26日,五層,五層 陽台
RPQPMLNKIIGGFAO18DA,28,12.57,共有部分,鋼筋混凝土造,82年8月26日,五層,
RPTPMLNKIIGGFAO48DA,11,.04,管理員室,鋼筋混凝土造,99年6月25日,十三層,一層
RPTPMLNKIIGGFAO48DA,11,95.62,集合住宅,鋼筋混凝土造,99年6月25日,十三層,七層 陽台 雨遮
RPTPMLNKIIGGFAO48DA,11,29.58,共有部分,鋼筋混凝土造,99年6月25日,十三層,
RPTPMLNKIIGGFAO48DA,11,19.99,共有部分,鋼筋混凝土造,99年6月25日,十三層,
RPTPMLNKIIGGFAO48DA,11,21.14,共有部分,鋼筋混凝土造,99年6月25日,十三層,
RPUPMLNKIIGGFAO58DA,41,113.10,住家用,加強磚造,69年7月22日,二層,一層 二層 騎樓
RPQPMLMKIIGGFAO08DA,,74.82,住家用,鋼筋混凝土造,,五層,四層 陽台
RPSOMLNKIIGGFAO28DA,28,25.68,住家用,鋼筋混凝土造,83年3月23日,七層,四層 陽台
RPSOMLNKIIGGFAO28DA,28,13.69,共有部分,鋼筋混凝土造,83年3月23日,七層,
RPOPMLNKIIGGFAO97DA,23,.85,社區活動中心,鋼筋混凝土造,87年6月23日,二十一層,一層 陽台 地下一層 地下二層 地下三層
RPOPMLNKIIGGFAO97DA,23,.17,社區活動中心,鋼筋混凝土造,87年6月23日,二十一層,一層 陽台
RPOPMLNKIIGGFAO97DA,21,52.51,集合住宅,鋼筋混凝土造,89年5月1日,二十一層,二十一層 陽台 花台
RPOPMLNKIIGGFAO97DA,21,15.42,防空避難室、停車空間、中繼設備室,鋼筋混凝土造,89年5月1日,二十二層,
RPPPMLNKIIGGFAO08DA,41,107.10,住家用,加強磚造,69年7月3日,二層,一層 二層
RPOQMLNKIIGGFAO08DA,2,63.38,集合住宅,鋼筋混凝土造,108年7月29日,五層,二層 陽台
RPOQMLNKIIGGFAO08DA,2,40.83,共有部分,鋼筋混凝土造,108年7月29日,五層,
RPQQMLNKIIGGFAO28DA,24,42.79,共有部分,鋼筋混凝土造,86年5月15日,五層,
RPQQMLNKIIGGFAO28DA,23,84.84,住家用,鋼筋混凝土造,87年8月26日,五層,四層 陽台
RPQQMLNKIIGGFAO28DA,23,8.99,共有部分,鋼筋混凝土造,87年8月26日,五層,
RPPQMLNKIIGGFAO18DA,2,60.30,集合住宅,鋼筋混凝土造,108年7月29日,五層,四層 陽台
RPPQMLNKIIGGFAO18DA,2,37.69,共有部分,鋼筋混凝土造,108年7月29日,五層,
RPRQMLNKIIGGFAO38DA,26,82.49,住家用,鋼筋混凝土造,84年9月25日,七層,七層 陽台
RPRQMLNKIIGGFAO38DA,26,25.66,共有部分,鋼筋混凝土造,84年9月25日,七層,
RPTRMLNKIIGGFAO68DA,5,68.46,集合住宅,鋼筋混凝土造,105年4月13日,十層,四層 陽台 雨遮
RPTRMLNKIIGGFAO68DA,5,47.44,共有部分,鋼筋混凝土造,105年4月13日,十層,
RPUNMLMKIIGGFAO38EA,7,124.30,集合住宅,鋼筋混凝土造,103年5月10日,十五層,十四層 陽台 雨遮
RPUNMLMKIIGGFAO38EA,7,31.05,共有部分,鋼筋混凝土造,103年5月10日,十五層,
RPUNMLMKIIGGFAO38EA,7,91.41,共有部分,鋼筋混凝土造,103年5月10日,十五層,
RPURMLNKIIGGFAO78DA,1,88.25,集合住宅,鋼筋混凝土造,109年8月31日,五層,二層 陽台
RPURMLNKIIGGFAO78DA,1,37.29,共有部分,鋼筋混凝土造,109年8月31日,五層,
RPUOMLOKIIGGFAO58DA,,266.65,集合住宅、店舖、停車空間,鋼筋混凝土造,110年5月14日,四層,一層 二層 三層 四層 陽台
RPQPMLOKIIGGFAO28DA,,91.64,住家用,鋼筋混凝土造,,八層,七層 陽台 雨遮
RPQPMLOKIIGGFAO28DA,,11.67,共有部分,鋼筋混凝土造,,八層,
RPQPMLOKIIGGFAO28DA,,25.34,共有部分,鋼筋混凝土造,,八層,
RPXOMLOKIIGGFAO88DA,20,52.23,住家用,鋼筋混凝土造,90年5月10日,五層,一層 陽台
RPXOMLOKIIGGFAO88DA,20,5.91,樓梯間、水塔,鋼筋混凝土造,90年5月10日,五層,
RPXOMLOKIIGGFAO88DA,20,.08,警衛室,鋼筋混凝土造,90年5月15日,五層,一層
RPOOMLSJIIGGFAO38EA,42,101.40,住家用,加強磚造,69年2月4日,二層,一層 二層
RPRNMLMKIIGGFAO08EA,,261.73,住家用,鋼筋混凝土造,,三層,一層 二層 三層 陽台 平台 屋頂突出物 地下層
RPRNMLMKIIGGFAO08EA,,22.22,共有部分,鋼筋混凝土造,,三層,
RPQOMLNKIIGGFAO18EA,28,77.37,住家用,鋼筋混凝土造,83年1月12日,七層,一層 平台
RPQOMLNKIIGGFAO18EA,28,10.29,共有部分,鋼筋混凝土造,83年1月12日,七層,
RPQOMLNKIIGGFAO18EA,28,17.69,共有部分,鋼筋混凝土造,83年1月12日,七層,
RPUNMLNKIIGGFAO48EA,26,95.76,住家用,鋼筋混凝土造,84年10月2日,八層,四層 陽台
RPUNMLNKIIGGFAO48EA,26,11.15,共有部分,鋼筋混凝土造,84年10月2日,八層,
RPUNMLNKIIGGFAO48EA,26,23.43,共有部分,鋼筋混凝土造,84年10月2日,八層,
RPPPMLNKIIGGFAO18EA,,56.61,住家用,鋼筋混凝土造,,八層,三層 陽台
RPPPMLNKIIGGFAO18EA,,18.88,共有部分,鋼筋混凝土造,,八層,
RPROMLNKIIGGFAO28EA,14,59.66,集合住宅,鋼筋混凝土造,97年1月31日,十五層,十五層 陽台 雨遮
RPROMLNKIIGGFAO28EA,14,58.06,梯間水箱機械室防空避難室兼停車空間及開放空間受電室,鋼筋混凝土造,97年1月31日,十五層,
RPXNMLMKIIGGFAO58DA,18,390.30,車庫、店舖、住宅,鋼筋混凝土造,92年11月10日,四層,一層 二層 三層 四層 陽台 平台 屋頂突出物 騎樓 地下一層
RPXNMLMKIIGGFAO58DA,18,23.76,車庫,鋼筋混凝土造,92年11月10日,四層,
RPWQMLNKIIGGFAO98EA,23,49.34,住家用,鋼筋混凝土造,88年1月21日,十四層,十一層 陽台
RPWQMLNKIIGGFAO98EA,23,.11,管理員室,鋼筋混凝土造,88年1月21日,十四層,地下三層
RPWQMLNKIIGGFAO98EA,23,7.13,共有部分,鋼筋混凝土造,88年1月21日,十四層,
RPWQMLNKIIGGFAO98EA,23,.00,共有部分,鋼筋混凝土造,88年1月21日,十四層,
RPWQMLNKIIGGFAO98EA,23,1.31,共有部分,鋼筋混凝土造,88年1月21日,十四層,
RPWQMLNKIIGGFAO98EA,23,.00,共有部分,鋼筋混凝土造,88年1月21日,十四層,
RPWQMLNKIIGGFAO98EA,23,.00,共有部分,鋼筋混凝土造,88年1月21日,十四層,
RPWQMLNKIIGGFAO98EA,23,1.31,共有部分,鋼筋混凝土造,88年1月21日,十四層,
RPWQMLNKIIGGFAO98EA,23,1.15,共有部分,鋼筋混凝土造,88年1月21日,十四層,
RPWQMLNKIIGGFAO98EA,23,35.26,共有部分,鋼筋混凝土造,88年1月21日,十四層,
RPVQMLNKIIGGFAO88EA,31,37.98,住家用,鋼筋混凝土造,79年11月3日,五層,四層 陽台
RPVQMLNKIIGGFAO88EA,31,12.56,共有部分,鋼筋混凝土造,79年11月3日,五層,
RPQPMLNKIIGGFAO28EA,13,77.91,集合住宅,鋼筋混凝土造,97年5月20日,十四層,七層 陽台
RPQPMLNKIIGGFAO28EA,13,12.10,梯間、機房、水箱,鋼筋混凝土造,97年5月20日,十四層,
RPQPMLNKIIGGFAO28EA,13,3.38,集合住宅、管理員室,鋼筋混凝土造,97年5月20日,十四層,
RPQPMLNKIIGGFAO28EA,13,26.46,防空避難室兼停車空間,鋼筋混凝土造,97年5月20日,十四層,
RPRPMLNKIIGGFAO38EA,15,53.99,住宅,鋼筋混凝土造,95年7月31日,五層,二層 雨遮
RPRPMLNKIIGGFAO38EA,15,49.57,住宅,鋼筋混凝土造,95年7月31日,五層,二層 陽台
RPRPMLNKIIGGFAO38EA,15,49.57,住宅,鋼筋混凝土造,95年7月31日,五層,三層
RPRPMLNKIIGGFAO38EA,15,49.56,住宅,鋼筋混凝土造,95年7月31日,五層,三層 陽台
RPRPMLNKIIGGFAO38EA,15,49.57,住宅,鋼筋混凝土造,95年7月31日,五層,四層
RPRPMLNKIIGGFAO38EA,15,49.56,住宅,鋼筋混凝土造,95年7月31日,五層,四層 陽台
RPRPMLNKIIGGFAO38EA,15,49.57,住宅,鋼筋混凝土造,95年7月31日,五層,五層
RPRPMLNKIIGGFAO38EA,15,20.94,共有部分,鋼筋混凝土造,95年7月31日,五層,
RPRPMLNKIIGGFAO38EA,15,20.91,共有部分,鋼筋混凝土造,95年7月31日,五層,
RPRPMLNKIIGGFAO38EA,15,20.91,共有部分,鋼筋混凝土造,95年7月31日,五層,
RPRPMLNKIIGGFAO38EA,15,20.94,共有部分,鋼筋混凝土造,95年7月31日,五層,
RPRPMLNKIIGGFAO38EA,15,20.91,共有部分,鋼筋混凝土造,95年7月31日,五層,
RPRPMLNKIIGGFAO38EA,15,108.65,共有部分,鋼筋混凝土造,95年7月31日,五層,
RPRPMLNKIIGGFAO38EA,15,20.94,共有部分,鋼筋混凝土造,95年7月31日,五層,
RPRPMLNKIIGGFAO38EA,15,49.57,共有部分,鋼筋混凝土造,95年7月31日,五層,
RPRNMLTJIIGGFAO58DA,12,.08,辦公室,鋼筋混凝土造,98年3月19日,十層,地下二層
RPRNMLTJIIGGFAO58DA,12,26.52,辦公室,鋼筋混凝土造,98年3月19日,十層,二層 陽台 雨遮
RPRNMLTJIIGGFAO58DA,12,13.29,防空避難室兼停車空間、水箱、機房、電信機房、樓梯間,鋼筋混凝土造,98年3月19日,十層,
RPRNMLTJIIGGFAO58DA,12,11.98,防空避難室兼停車空間、水箱、機房、電信機房、樓梯間,鋼筋混凝土造,98年3月19日,十層,
RPRNMLTJIIGGFAO58DA,12,4.05,樓梯間,鋼筋混凝土造,98年3月19日,十層,
RPTOMLRJIIGGFAO68DA,1,281.86,集合住宅、停車空間、樓梯間,鋼筋混凝土造,109年12月23日,四層,一層 二層 三層 四層 陽台 見其他登記事項
RPVPMLOJIIGGFAO68DA,7,23.51,集合住宅,鋼筋混凝土造,103年8月30日,十二層,六層 陽台 雨遮
RPVPMLOJIIGGFAO68DA,7,18.84,共有部分,鋼筋混凝土造,103年8月30日,十二層,
RPRPMLQJIIGGFAO48DA,6,97.02,集合住宅,鋼筋混凝土造,104年5月20日,十五層,二層 陽台 雨遮
RPRPMLQJIIGGFAO48DA,6,17.43,共有部分,鋼筋混凝土造,104年5月20日,十五層,
RPRPMLQJIIGGFAO48DA,6,5.79,共有部分,鋼筋混凝土造,104年5月20日,十五層,
RPRPMLQJIIGGFAO48DA,6,43.78,共有部分,鋼筋混凝土造,104年5月20日,十五層,
RPPRMLQJIIGGFAO48DA,15,.04,警衛室,鋼筋混凝土造,95年11月27日,一層,一層
RPPRMLQJIIGGFAO48DA,15,130.29,集合住宅,鋼筋混凝土造,95年11月27日,十三層,八層 陽台
RPPRMLQJIIGGFAO48DA,15,24.73,樓梯間等共同使用部份,鋼筋混凝土造,95年11月27日,十三層,
RPPRMLQJIIGGFAO48DA,15,46.31,停車空間等共同使用部份,鋼筋混凝土造,95年11月27日,十三層,
RPPRMLQJIIGGFAO48DA,15,36.82,停車空間等共同使用部份,鋼筋混凝土造,95年11月27日,十三層,
RPOOMLLJIIGGFAO57DA,,217.03,停車空間、集合住宅、樓梯間,鋼筋混凝土造,110年4月22日,四層,一層 二層 三層 四層 見其他登記事項
RPQSMLLMQHGGFAO56DA,3,232.63,集合住宅,鋼筋混凝土造,107年11月14日,二十三層,六層 陽台 雨遮
RPQSMLLMQHGGFAO56DA,3,149.01,共有部分,鋼筋混凝土造,107年11月14日,二十三層,
RPQSMLLMQHGGFAO56DA,3,37.77,共有部分,鋼筋混凝土造,107年11月14日,二十三層,
RPSQMLKKRHGGFAO98DA,15,348.09,停車空間、住宅,鋼筋混凝土造,95年12月5日,四層,一層 二層 三層 四層 陽台 雨遮
RPPPMLKMRHGGFAO78DA,7,28.05,集合住宅,鋼筋混凝土造,103年8月30日,十二層,九層 陽台 雨遮
RPPPMLKMRHGGFAO78DA,7,21.32,共有部分,鋼筋混凝土造,103年8月30日,十二層,
RPVNMLSLRHGGFAO27DA,8,57.76,集合住宅,鋼筋混凝土造,102年4月10日,十五層,十五層 陽台
RPVNMLSLRHGGFAO27DA,8,38.07,共有部分,鋼筋混凝土造,102年4月10日,十五層,
RPVNMLSLRHGGFAO27DA,8,14.89,共有部分,鋼筋混凝土造,102年4月10日,十五層,
RPTQMLOJIIGGFAO58DA,22,16.50,辦公室,鋼筋混凝土造,88年7月13日,七層,四層
RPTQMLOJIIGGFAO58DA,22,12.73,共有部分,鋼筋混凝土造,88年7月13日,七層,
RPXPMLPJIIGGFAO98DA,26,80.10,住家用,鋼筋混凝土造,84年10月9日,七層,三層 陽台
RPXPMLPJIIGGFAO98DA,26,45.45,共有部分,鋼筋混凝土造,84年10月9日,七層,
RPORMLNKIIGGFAO28EA,12,.31,管理員室,鋼筋混凝土造,98年9月9日,十五層,一層
RPORMLNKIIGGFAO28EA,12,93.81,集合住宅,鋼筋混凝土造,98年9月9日,十五層,二層 陽台 雨遮
RPORMLNKIIGGFAO28EA,12,23.38,停車空間、設備機房、防空避難室、開放空間,鋼筋混凝土造,98年9月9日,十五層,
RPORMLNKIIGGFAO28EA,12,26.34,停車空間、設備機房、防空避難室、開放空間,鋼筋混凝土造,98年9月9日,十五層,
RPORMLNKIIGGFAO28EA,12,16.30,樓梯間、電梯機械室、水箱,鋼筋混凝土造,98年9月9日,十五層,
RPSOMLRJIIGGFAO58DA,19,177.51,住宅、停車空間,鋼筋混凝土造,91年8月20日,四層,一層 二層 三層 四層 陽台 屋頂突出物 見其他登記事項
RPOPMLMKIIGGFAO87DA,,40.39,商業用,鋼筋混凝土造,,十二層,十一層 陽台
RPOPMLMKIIGGFAO87DA,,16.96,共有部分,鋼筋混凝土造,,十二層,
RPUQMLNKIIGGFAO78EA,31,64.64,住家用,鋼筋混凝土造,80年2月9日,五層,五層 陽台
RPUQMLNKIIGGFAO78EA,31,25.68,共有部分,鋼筋混凝土造,80年2月9日,五層,
RPTNMLNKIIGGFAO38EA,35,118.00,住家用,鋼筋混凝土造,75年9月10日,二層,一層 二層 陽台 平台 屋頂突出物
RPWQMLMLRHGGFAO07DA,8,298.52,集合住宅,鋼筋混凝土造,102年11月15日,二十四層,二十三層 陽台 雨遮
RPWQMLMLRHGGFAO07DA,8,367.37,共有部分,鋼筋混凝土造,102年11月15日,二十四層,
RPXQMLNKIIGGFAO09EA,17,103.46,集合住宅,鋼筋混凝土造,93年9月15日,十三層,六層 陽台
RPXQMLNKIIGGFAO09EA,17,57.58,戶內遊憩設施、機房、水箱、台電配電室防空避難室、停車場兼防空避難室及辦公室〈社區使用〉,鋼筋混凝土造,93年9月15日,十三層,
RPSNMLPKIIGGFAO48EA,11,.07,管理員室,鋼筋混凝土造,99年8月24日,十二層,一層
RPSNMLPKIIGGFAO48EA,11,70.33,集合住宅,鋼筋混凝土造,99年8月24日,十四層,七層 陽台 雨遮
RPSNMLPKIIGGFAO48EA,11,31.03,共有部分,鋼筋混凝土造,99年8月24日,十四層,
RPSNMLPKIIGGFAO48EA,11,18.67,共有部分,鋼筋混凝土造,99年8月24日,十四層,
RPSNMLPKIIGGFAO48EA,11,11.69,共有部分,鋼筋混凝土造,99年8月24日,十四層,
RPWOMLOKIIGGFAO78DA,6,209.16,停車空間、住宅、樓梯間,鋼筋混凝土造,104年10月31日,三層,一層 二層 三層 陽台 地下一層 見其他登記事項
RPVPMLOKIIGGFAO78DA,,99.62,住家用,鋼筋混凝土造,,七層,三層 陽台
RPVPMLOKIIGGFAO78DA,,10.60,共有部分,鋼筋混凝土造,,七層,
RPVPMLOKIIGGFAO78DA,,12.90,商業用,鋼筋混凝土造,,七層,
RPQQMLTJRHGGFAO96DA,36,23.32,見使用執照,鋼筋混凝土造,74年7月26日,五層,地下層
RPQQMLTJRHGGFAO96DA,36,86.65,住家用,鋼筋混凝土造,74年7月26日,五層,三層
RPQQMLTJRHGGFAO96DA,36,76.60,住家用,鋼筋混凝土造,74年7月26日,五層,三層
RPWPMLOKIIGGFAO88DA,32,139.97,見使用執照,鋼筋混凝土造,78年5月15日,二層,一層 二層 陽台 平台 屋頂突出物 雨遮
RPQQMLOKIIGGFAO38DA,3,74.55,集合住宅,鋼筋混凝土造,107年5月16日,七層,二層 陽台 雨遮
RPQQMLOKIIGGFAO38DA,3,55.84,共有部分,鋼筋混凝土造,107年5月16日,七層,
RPTQMLOKIIGGFAO68DA,47,210.86,住宅,加強磚造,63年7月15日,二層,一層 二層
RPSNMLOKIIGGFAO38EA,24,111.36,住家用,鋼筋混凝土造,86年7月30日,十九層,六層 陽台
RPSNMLOKIIGGFAO38EA,24,59.79,共有部分,鋼筋混凝土造,86年7月30日,十九層,
RPUQMLOKIIGGFAO78DA,40,105.86,住家用,鋼筋混凝土造,70年3月27日,七層,四層
RPUQMLOKIIGGFAO78DA,40,9.25,共有部分,鋼筋混凝土造,70年3月27日,七層,
RPTNMLOKIIGGFAO48EA,26,83.15,住家用,鋼筋混凝土造,84年7月28日,二十層,十二層 陽台 花台 雨遮
RPTNMLOKIIGGFAO48EA,26,15.81,共有部分,鋼筋混凝土造,84年7月28日,二十層,
RPTNMLOKIIGGFAO48EA,26,11.09,共有部分,鋼筋混凝土造,84年7月28日,二十層,
RPVQMLOKIIGGFAO88DA,12,129.30,集合住宅,鋼筋混凝土造,98年3月31日,十三層,七層 陽台
RPVQMLOKIIGGFAO88DA,12,77.73,防空避難室兼停車場、機房、警衛室、眷村文物展示空間、迎賓會館、托兒中心、廊道、管理中心、樓梯間、垃圾集中場、儲藏室、水箱、機房,鋼筋混凝土造,98年3月31日,十四層,
RPRPMLOKIIGGFAO48EA,16,.06,集合住宅,鋼筋混凝土造,95年2月17日,十二層,一層
RPRPMLOKIIGGFAO48EA,16,85.92,集合住宅,鋼筋混凝土造,95年2月17日,十二層,六層 陽台
RPRPMLOKIIGGFAO48EA,16,9.31,防空避難室、停車空間,鋼筋混凝土造,95年2月17日,十二層,
RPRPMLOKIIGGFAO48EA,16,35.16,防空避難室、停車空間,鋼筋混凝土造,95年2月17日,十二層,
RPTOMLPKIIGGFAO58DA,7,.01,辦公室,鋼筋混凝土造,103年12月8日,二十八層,一層
RPTOMLPKIIGGFAO58DA,7,.02,辦公室,鋼筋混凝土造,103年12月8日,二十八層,一層
RPTOMLPKIIGGFAO58DA,7,105.13,集合住宅,鋼筋混凝土造,103年12月8日,二十八層,十一層 陽台 雨遮
RPTOMLPKIIGGFAO58DA,7,29.75,共有部分,鋼筋混凝土造,103年12月8日,二十八層,
RPTOMLPKIIGGFAO58DA,7,.11,共有部分,鋼筋混凝土造,103年12月8日,二十八層,
RPTOMLPKIIGGFAO58DA,7,26.57,共有部分,鋼筋混凝土造,103年12月8日,二十八層,
RPTOMLPKIIGGFAO58DA,7,23.58,共有部分,鋼筋混凝土造,103年12月8日,二十八層,
RPVRMLNKIIGGFAO88DA,24,.44,守衛室,鋼筋混凝土造,86年5月15日,五層,一層 屋頂突出物
RPVRMLNKIIGGFAO88DA,24,42.59,共有部分,鋼筋混凝土造,86年5月15日,五層,
RPVRMLNKIIGGFAO88DA,24,63.82,住家用,鋼筋混凝土造,86年7月15日,九層,五層 陽台
RPVRMLNKIIGGFAO88DA,24,8.72,共有部分,鋼筋混凝土造,86年7月15日,十層,
RPVRMLNKIIGGFAO88DA,24,3.80,共有部分,鋼筋混凝土造,86年7月15日,000,
RPWRMLNKIIGGFAO98DA,,117.00,住家用,加強磚造,,三層,一層 二層 三層
RPSNMLRKRHGGFAO86EA,14,62.76,集合住宅,鋼筋混凝土造,97年1月31日,十五層,三層 陽台 雨遮
RPSNMLRKRHGGFAO86EA,14,24.29,梯間水箱機械室防空避難室兼停車空間及開放空間受電室,鋼筋混凝土造,97年1月31日,十五層,
RPOOMLOKIIGGFAO97DA,11,252.75,集合住宅、停車空間、店舖,鋼筋混凝土造,99年6月11日,五層,一層 二層 三層 四層 五層 陽台 雨遮
RPRQMLSLRHGGFAO17DA,24,81.03,住家用,鋼筋混凝土造,86年5月20日,十七層,十一層 陽台 花台
RPRQMLSLRHGGFAO17DA,24,3.69,社區健身中心,鋼筋混凝土造,86年5月20日,十七層,四層 陽台 露台 花台
RPRQMLSLRHGGFAO17DA,24,69.60,共有部分,鋼筋混凝土造,86年5月20日,十七層,
RPRQMLSLRHGGFAO17DA,24,13.47,共有部分,鋼筋混凝土造,86年5月20日,十七層,
RPRQMLSLRHGGFAO17DA,24,.40,共有部分,鋼筋混凝土造,86年5月20日,十七層,
RPRQMLSLRHGGFAO17DA,24,9.55,共有部分,鋼筋混凝土造,86年5月20日,十七層,
RPRQMLSLRHGGFAO17DA,24,.25,共有部分,鋼筋混凝土造,86年5月20日,十七層,
RPPOMLOKIIGGFAO08DA,17,28.59,集合住宅,鋼筋混凝土造,94年2月20日,四層,一層
RPPOMLOKIIGGFAO08DA,17,1.45,集合住宅,鋼筋混凝土造,94年2月20日,四層,地下一層
RPPOMLOKIIGGFAO08DA,17,5.97,共有部分,鋼筋混凝土造,94年2月20日,四層,
RPPOMLOKIIGGFAO08DA,17,.45,共有部分,鋼筋混凝土造,94年2月20日,四層,
RPPOMLOKIIGGFAO08DA,17,9.84,共有部分,鋼筋混凝土造,94年2月20日,四層,
RPRRMLNKIIGGFAO48DA,,101.16,住家用,加強磚造,,二層,一層 二層
RPSQMLNKIIGGFAO48DA,6,73.93,集合住宅,鋼筋混凝土造,104年11月27日,七層,五層 陽台 雨遮
RPSQMLNKIIGGFAO48DA,6,39.00,共有部分,鋼筋混凝土造,104年11月27日,七層,
RPQQMLMKIIGGFAO18DA,9,104.83,集合住宅,鋼筋混凝土造,101年10月15日,二十五層,三層 陽台 雨遮
RPQQMLMKIIGGFAO18DA,9,48.78,共有部分,鋼筋混凝土造,101年10月15日,二十五層,
RPQQMLMKIIGGFAO18DA,9,27.92,共有部分,鋼筋混凝土造,101年10月15日,二十五層,
RPTQMLMKIIGGFAO48DA,50,126.88,住家用,加強磚造,60年11月30日,二層,一層 二層
RPXPMLNKIIGGFAO88DA,22,.26,住商用,鋼筋混凝土造,89年3月4日,十層,一層 騎樓
RPXPMLNKIIGGFAO88DA,22,104.54,住家用,鋼筋混凝土造,89年3月4日,十層,二層 陽台
RPXPMLNKIIGGFAO88DA,22,9.24,共有部分,鋼筋混凝土造,89年3月4日,十層,
RPXPMLNKIIGGFAO88DA,22,28.09,共有部分,鋼筋混凝土造,89年3月4日,十層,
RPXPMLNKIIGGFAO88DA,22,12.93,共有部分,鋼筋混凝土造,89年3月4日,十層,
RPROMLLJIIGGFAO87DA,28,82.69,住家用,鋼筋混凝土造,82年11月10日,五層,五層 陽台
RPROMLLJIIGGFAO87DA,28,11.47,共有部分,鋼筋混凝土造,82年11月10日,五層,
RPROMLLJIIGGFAO87DA,28,9.19,共有部分,鋼筋混凝土造,82年11月10日,五層,
RPXNMLPKIIGGFAO88DA,26,86.55,住家用,鋼筋混凝土造,84年9月25日,十三層,四層 陽台
RPXNMLPKIIGGFAO88DA,26,10.77,共有部分,鋼筋混凝土造,84年9月25日,十三層,
RPXNMLPKIIGGFAO88DA,26,17.45,共有部分,鋼筋混凝土造,84年9月25日,十三層,
RPRRMLOKIIGGFAO58DA,2,71.34,集合住宅,鋼筋混凝土造,108年9月4日,十二層,二層 陽台
RPRRMLOKIIGGFAO58DA,2,66.53,共有部分,鋼筋混凝土造,108年9月4日,十二層,
RPRQMLOLRHGGFAO86EA,40,117.56,住家用,加強磚造,70年12月28日,二層,一層 二層 陽台 平台 屋頂突出物
