﻿編號,土地位置,土地移轉面積(平方公尺),使用分區或編定,權利人持分分母,權利人持分分子,移轉情形,地號
The serial number, land position,land shifting area square meter,the use zoning or compiles and checks,,,,land parcel
RPRPMLKMRHGGFAO98DA,中雅段,5.94,都市：其他:第二種住宅區,100000,244,持分移轉,00960002
RPRPMLKMRHGGFAO98DA,崙子段,.19,都市：其他:第二種住宅區,100000,244,持分移轉,20680005
RPRQMLQLQHGGFAO86DA,南寮段,12.06,都市：其他:道路用地,2,1,持分移轉,00480001
RPSPMLKKRHGGFAO88DA,東濱段,292.84,都市：其他:第一之一種住宅區,1,1,全筆移轉,00160000
RPSPMLKKRHGGFAO88DA,東濱段,424.77,都市：其他:第一之一種住宅區,1,1,全筆移轉,00160001
RPVRMLKLQHGGFAO76DA,南寮段,8.80,都市：其他:第一之一種住宅區,10000,25,持分移轉,05370000
RPQNMLPJRHGGFAO88DA,長春段,22.84,都市：其他:第一種住宅區,10000,174,持分移轉,14050000
RPQNMLPJRHGGFAO88DA,長春段,.22,都市：其他:乙種工業區,10000,174,持分移轉,14050003
RPXPMLMLRHGGFAO07DA,崙子段,46.00,非都市：鄉村區 ; 非都市編定：乙種建築用地,2,1,持分移轉,18030000
RPQOMLPLRHGGFAO56DA,西濱段,9.84,都市：其他:第一之一種住宅區,100000,171,持分移轉,00420000
RPTOMLKMRHGGFAO09DA,科學段一小段,80.24,都市：其他:第一種住宅區,1,1,全筆移轉,05740011
RPSNMLOJIIGGFAO28EA,金雅段,64.08,非都市：鄉村區 ; 非都市編定：乙種建築用地,1,1,全筆移轉,02890005
RPTNMLNJIIGGFAO18DA,長春段,63.00,都市：其他:第一種住宅區,1,1,全筆移轉,12510000
RPOPMLPJIIGGFAO08DA,民富段,17.30,都市：其他:第一種住宅區,100000,810,持分移轉,12140000
RPQPMLPJIIGGFAO28DA,國道段,20.90,都市：其他:第二種商業區,100000,187,持分移轉,10010000
RPWOMLPJIIGGFAO78DA,自由段,20.04,都市：其他:第一種住宅區,10000,93,持分移轉,09040000
RPXNMLPJIIGGFAO78DA,光華段,460.00,都市：其他:第二種住宅區,1,1,全筆移轉,12970000
RPUOMLPJIIGGFAO58DA,中央段,4.96,都市：其他:第二種商業區,10000,100,持分移轉,08080001
RPUNMLPJIIGGFAO58EA,仙水段,14.44,都市：其他:第一種商業區,10000,124,持分移轉,06470000
RPPPMLPJIIGGFAO28EA,科學段一小段,82.97,都市：其他:第一種住宅區,1,1,全筆移轉,06250000
RPRNMLQJIIGGFAO38EA,光華段,9.83,都市：其他:第一種住宅區,100000,2048,持分移轉,04510000
RPQNMLQJIIGGFAO28EA,港南段,160.86,非都市：鄉村區 ; 非都市編定：乙種建築用地,1,1,全筆移轉,10180006
RPPNMLQJIIGGFAO08DA,榮光段一小段,14.64,都市：其他:第二種商業區,10000,46,持分移轉,00120000
RPTNMLQJIIGGFAO58EA,竹蓮段,11.22,都市：其他:第二種商業區,10000,177,持分移轉,05910000
RPUNMLQJIIGGFAO68EA,關東段,27.58,都市：其他:第一種住宅區,24,2,持分移轉,02900000
RPWNMLQJIIGGFAO78DA,南門段一小段,2.67,都市：其他:第二種商業區,10000,78,持分移轉,00400000
RPPNMLRJIIGGFAO28EA,康樂段,20.21,都市：其他:第一之一種住宅區,10000,426,持分移轉,05620000
RPPNMLRJIIGGFAO28EA,康樂段,65.62,都市：其他:第一之一種住宅區,1,1,全筆移轉,05620010
RPTPMLPJIIGGFAO58DA,西濱段,35.02,都市：其他:道路用地,8,1,持分移轉,00290000
RPTPMLPJIIGGFAO58DA,西濱段,83.76,都市：其他:道路用地,8,1,持分移轉,00930000
RPUPMLPJIIGGFAO68DA,西濱段,35.02,都市：其他:道路用地,8,1,持分移轉,00290000
RPUPMLPJIIGGFAO68DA,西濱段,83.76,都市：其他:道路用地,8,1,持分移轉,00930000
RPORMLOJIIGGFAO18DA,明湖段,103.56,非都市：山坡地保育區 ; 非都市編定：丙種建築用地,100000,624,持分移轉,06810000
RPOOMLRJIIGGFAO18DA,福林段,139.00,非都市：鄉村區 ; 非都市編定：乙種建築用地,1,1,全筆移轉,07990005
RPSNMLQJIIGGFAO48EA,東明段,28.94,都市：其他:第一種住宅區,100000000,74451,持分移轉,00490000
RPSNMLRJIIGGFAO58EA,大學段,21.45,都市：其他:第二種住宅區,20000,564,持分移轉,02980000
RPSNMLRJIIGGFAO58EA,大學段,.51,都市：其他:道路用地,20000,564,持分移轉,02980001
RPXOMLRJIIGGFAO56EA,信義段,18.66,都市：其他:第二種住宅區,200000,930,持分移轉,07450000
RPUNMLRJIIGGFAO78EA,光復段,51.91,都市：其他:第一種住宅區,100000,373,持分移轉,13020000
RPOQMLOJIIGGFAO08DA,東香段,49.53,非都市：山坡地保育區 ; 非都市編定：農牧用地,1,1,全筆移轉,08830000
RPOQMLOJIIGGFAO08DA,東香段,1036.00,非都市：山坡地保育區 ; 非都市編定：農牧用地,1,1,全筆移轉,08910000
RPWQMLQJIIGGFAO09DA,復中段,90.00,都市：其他:第二種住宅區,1,1,全筆移轉,04290000
RPSNMLNJIIGGFAO08DA,科園段科園小段,8.30,都市：其他:第二種住宅區,10,1,持分移轉,00920221
RPSNMLNJIIGGFAO08DA,科園段科園小段,9.90,都市：其他:第二種住宅區,10,1,持分移轉,00920222
RPTPMLQJIIGGFAO68DA,光武段,22.99,都市：其他:第二種住宅區,100000,205,持分移轉,11490000
RPUOMLKMRHGGFAO56DA,介壽段,26.79,都市：其他:第二種住宅區,100000,4013,持分移轉,06860000
RPUOMLKMRHGGFAO56DA,介壽段,1.24,都市：其他:人行步道用地,100000,4013,持分移轉,06870000
RPWOMLKMRHGGFAO76DA,高翠段,50.87,都市：其他:道路用地,2500,400,持分移轉,08340000
RPTQMLOLRHGGFAO96DA,北門段,7.95,都市：其他:第二種商業區,10000,138,持分移轉,11000000
RPTQMLOLRHGGFAO96DA,北門段,2.14,都市：其他:第二種住宅區,10000,138,持分移轉,11010000
RPQPMLQJIIGGFAO38DA,醫專段,232.33,非都市：山坡地保育區 ; 非都市編定：丙種建築用地,1,1,全筆移轉,00080224
RPXOMLQJIIGGFAO98DA,北門段,4.05,都市：其他:第二種商業區,10000,56,持分移轉,07630000
RPXOMLQJIIGGFAO98DA,北門段,.64,都市：其他:第二種住宅區,10000,56,持分移轉,07640000
RPVPMLSLRHGGFAO47DA,北門段,7.95,都市：其他:第二種商業區,10000,138,持分移轉,11000000
RPVPMLSLRHGGFAO47DA,北門段,2.14,都市：其他:第二種住宅區,10000,138,持分移轉,11010000
RPOQMLMLRHGGFAO88DA,崙子段,46.00,非都市：鄉村區 ; 非都市編定：乙種建築用地,2,1,持分移轉,18030000
RPROMLQJIIGGFAO38DA,南門段三小段,66.00,都市：其他:道路用地,1,1,全筆移轉,01510000
RPTOMLQJIIGGFAO58DA,光華段,28.33,都市：其他:第一種住宅區,45,1,持分移轉,04070000
RPXOMLKLPHGGFAO56DA,聚吉段,117.00,都市：其他:第二種商業區,1,1,全筆移轉,00550009
RPPQMLSLRHGGFAO96DA,北門段,8.29,都市：其他:第二種商業區,10000,144,持分移轉,11000000
RPPQMLSLRHGGFAO96DA,北門段,2.23,都市：其他:第二種住宅區,10000,144,持分移轉,11010000
RPTNMLSLPHGGFAO86DA,南湖段,4.83,非都市：山坡地保育區 ; 非都市編定：丙種建築用地,10000,50,持分移轉,04560000
RPTNMLSLPHGGFAO86DA,南湖段,41.09,非都市：山坡地保育區 ; 非都市編定：丙種建築用地,10000,50,持分移轉,04580000
RPTNMLSLPHGGFAO86DA,南湖段,1.42,非都市：山坡地保育區 ; 非都市編定：丙種建築用地,10000,50,持分移轉,04590000
RPPOMLOLRHGGFAO98DA,南門段四小段,42.00,都市：其他:第二種商業區,1,1,全筆移轉,00020000
RPPOMLOLRHGGFAO98DA,南門段四小段,55.00,都市：其他:第二種商業區,1,1,全筆移轉,00020004
RPPOMLOLRHGGFAO98DA,南門段四小段,49.00,都市：其他:第二種商業區,1,1,全筆移轉,00020005
RPPOMLOLRHGGFAO98DA,南門段四小段,4.00,都市：其他:第二種商業區,1,1,全筆移轉,00030000
RPWOMLOJIIGGFAO68DA,信義段,7.78,都市：其他:第二種住宅區,10000,27,持分移轉,07390000
RPRQMLKMRHGGFAO09DA,信義段,16.57,都市：其他:第二種住宅區,100000,413,持分移轉,07450000
RPTPMLOJIIGGFAO48DA,西門段二小段,10.56,都市：其他:第二種商業區,10000,221,持分移轉,00530000
RPUOMLQKQHGGFAO86DA,東門段二小段,22.00,都市：其他:道路用地,1,1,全筆移轉,01660003
RPUOMLQKQHGGFAO86DA,民富段,12.45,都市：其他:道路用地,7000,6226,持分移轉,24420001
RPPRMLKMRHGGFAO98DA,民主段,30.80,都市：其他:第一種住宅區,15,1,持分移轉,06670001
RPRPMLLKRHGGFAO88DA,關東段,16.00,都市：其他:道路用地,1,1,全筆移轉,01600000
RPRPMLLKRHGGFAO88DA,關東段,83.00,都市：其他:第一種住宅區,1,1,全筆移轉,01610000
RPOOMLLKRHGGFAO48DA,唐高段,115.00,都市：其他:道路用地,1,1,全筆移轉,07820000
RPOOMLLKRHGGFAO48DA,唐高段,31.00,都市：其他:道路用地,45,15,持分移轉,08410000
RPOOMLLKRHGGFAO48DA,唐高段,16.67,都市：其他:道路用地,45,15,持分移轉,08430000
RPOOMLLKRHGGFAO48DA,唐高段,218.33,都市：其他:道路用地,45,15,持分移轉,08460000
RPTQMLPKRHGGFAO96DA,中隘段,.25,非都市：山坡地保育區 ; 非都市編定：丙種建築用地,100000,131,持分移轉,03420000
RPTQMLPKRHGGFAO96DA,中隘段,.01,非都市：山坡地保育區 ; 非都市編定：丙種建築用地,100000,131,持分移轉,03460000
RPTQMLPKRHGGFAO96DA,中隘段,.28,非都市：山坡地保育區 ; 非都市編定：丙種建築用地,100000,131,持分移轉,03470000
RPTQMLPKRHGGFAO96DA,中隘段,14.95,非都市：山坡地保育區 ; 非都市編定：丙種建築用地,10000,134,持分移轉,03520000
RPTQMLPKRHGGFAO96DA,中隘段,.52,非都市：山坡地保育區 ; 非都市編定：丙種建築用地,100000,131,持分移轉,03540000
RPTQMLPKRHGGFAO96DA,中隘段,.18,非都市：山坡地保育區 ; 非都市編定：丙種建築用地,100000,131,持分移轉,03550000
RPTQMLPKRHGGFAO96DA,中隘段,12.52,非都市：山坡地保育區 ; 非都市編定：丙種建築用地,100000,409,持分移轉,03570000
RPVQMLKMRHGGFAO86DA,南門段四小段,7.56,都市：其他:第二種商業區,41706,713,持分移轉,01310002
RPOQMLSLRHGGFAO86DA,南湖段,.23,都市：其他:甲種風景區,3,1,持分移轉,07080002
RPOPMLQKQHGGFAO98DA,光鎮段,393.65,都市：其他:道路用地,20,7,持分移轉,05520000
RPOPMLQKQHGGFAO98DA,和平段,364.50,都市：其他:道路用地,2,1,持分移轉,07160001
RPOPMLQKQHGGFAO98DA,和平段,62.00,都市：其他:道路用地,2,1,持分移轉,07170000
RPQPMLQKQHGGFAO56DA,和平段,364.50,都市：其他:道路用地,2,1,持分移轉,07160001
RPQPMLQKQHGGFAO56DA,和平段,62.00,都市：其他:道路用地,2,1,持分移轉,07170000
RPPPMLQKQHGGFAO09DA,光鎮段,585.68,都市：其他:道路用地,1,1,全筆移轉,02400000
RPPPMLQKQHGGFAO09DA,民主段,223.00,都市：其他:道路用地,1,1,全筆移轉,04360000
RPPPMLQKQHGGFAO09DA,自由段,82.00,都市：其他:道路用地,1,1,全筆移轉,05730001
RPPPMLQKQHGGFAO09DA,光鎮段,214.66,都市：其他:道路用地,12,5,持分移轉,05970000
RPPPMLQKQHGGFAO09DA,光鎮段,30.53,都市：其他:道路用地,15,1,持分移轉,06550001
RPPPMLQKQHGGFAO09DA,民主段,105.00,都市：其他:道路用地,1,1,全筆移轉,12370000
RPRPMLQKQHGGFAO66DA,聚吉段,103.00,都市：其他:道路用地,1,1,全筆移轉,00520005
RPRPMLQKQHGGFAO66DA,西門段三小段,3.25,都市：其他:道路用地,4,1,持分移轉,00810091
RPRPMLQKQHGGFAO66DA,中雅段,87.00,都市：其他:道路用地,1,1,全筆移轉,01420012
RPRPMLQKQHGGFAO66DA,武陵段,82.00,都市：其他:道路用地,1,1,全筆移轉,01760016
RPRPMLQKQHGGFAO66DA,新興段,412.50,都市：其他:道路用地,6,5,持分移轉,02240000
RPRPMLQKQHGGFAO66DA,福林段,208.00,都市：其他:道路用地,1,1,全筆移轉,02550000
RPRPMLQKQHGGFAO66DA,南門段二小段,7.98,都市：其他:道路用地,9450,419,持分移轉,04300002
RPRPMLQKQHGGFAO66DA,南門段二小段,1.24,都市：其他:道路用地,135,6,持分移轉,04300034
RPRPMLQKQHGGFAO66DA,竹蓮段,383.00,都市：其他:道路用地,1,1,全筆移轉,16340001
RPRPMLQKQHGGFAO66DA,竹蓮段,74.00,都市：其他:道路用地,1,1,全筆移轉,16340012
RPRPMLQKQHGGFAO66DA,竹蓮段,37.00,都市：其他:道路用地,1,1,全筆移轉,16340013
RPUPMLQJRHGGFAO96DA,東山段一小段,6.93,都市：其他:第二種住宅區,10000,59,持分移轉,04580000
RPUPMLQJRHGGFAO96DA,東山段一小段,10.81,都市：其他:第二種商業區,10000,59,持分移轉,04590000
RPUPMLQJRHGGFAO96DA,東山段一小段,.04,都市：其他:第二種商業區,10000,59,持分移轉,04590002
RPRNMLNJIIGGFAO97DA,西濱段,25.02,都市：其他:第一之一種住宅區,10000,231,持分移轉,06860000
RPXOMLPJIIGGFAO88DA,光武段,1.24,都市：其他:第一種住宅區,10000,1,持分移轉,12400000
RPQPMLPKRHGGFAO56DA,聚吉段,27.00,都市：其他:第二種住宅區,1,1,全筆移轉,00550023
RPQPMLTLRHGGFAO07DA,北門段,16.05,都市：其他:道路用地,75,14,持分移轉,06460002
RPTPMLTLRHGGFAO37DA,北門段,4.01,都市：其他:道路用地,150,7,持分移轉,06460002
RPRPMLTLRHGGFAO17DA,北門段,8.60,都市：其他:道路用地,10,1,持分移轉,06460002
RPQNMLLJQHGGFAO38DA,和平段,36.42,都市：其他:第一種住宅區,10000,433,持分移轉,00940000
RPSPMLTLRHGGFAO27DA,榮光段一小段,3.40,都市：其他:第二種商業區,10000,74,持分移轉,00380026
RPSPMLTLRHGGFAO27DA,榮光段一小段,14.57,都市：其他:第二種商業區,10000,74,持分移轉,00400000
RPORMLQJIIGGFAO38DA,長春段,19.36,都市：其他:科技產業專用區,100000,229,持分移轉,13410007
RPORMLQJIIGGFAO38DA,長春段,.01,都市：其他:第一種住宅區,100000,229,持分移轉,13540000
RPORMLQJIIGGFAO38DA,長春段,.02,都市：其他:第一種住宅區,100000,229,持分移轉,13680000
RPUPMLTLRHGGFAO47DA,北門段,2.00,都市：其他:道路用地,11,2,持分移轉,06450005
RPUPMLTLRHGGFAO47DA,北門段,.50,都市：其他:道路用地,6,1,持分移轉,06450009
RPUPMLTLRHGGFAO47DA,北門段,1.00,都市：其他:道路用地,6,1,持分移轉,06450013
RPWOMLQJIIGGFAO88DA,東濱段,82.32,都市：其他:第一之一種住宅區,1,1,全筆移轉,11820000
RPVPMLPJIIGGFAO78DA,西濱段,35.02,都市：其他:道路用地,8,1,持分移轉,00290000
RPVPMLPJIIGGFAO78DA,西濱段,83.76,都市：其他:道路用地,8,1,持分移轉,00930000
RPSOMLQJIIGGFAO48DA,聚吉段,3.54,都市：其他:第二種商業區,100000,1710,持分移轉,00490061
RPSOMLQJIIGGFAO48DA,聚吉段,1.76,都市：其他:第二種商業區,100000,1710,持分移轉,00490062
RPSOMLQJIIGGFAO48DA,聚吉段,4.87,都市：其他:第二種商業區,100000,1710,持分移轉,00820007
RPVNMLRJIIGGFAO78DA,虎山段,7.78,非都市：鄉村區 ; 非都市編定：乙種建築用地,15,1,持分移轉,08080000
RPVNMLRJIIGGFAO78DA,虎山段,55.15,非都市：鄉村區 ; 非都市編定：丁種建築用地,15,1,持分移轉,08190000
RPVNMLRJIIGGFAO78DA,虎山段,290.81,非都市：鄉村區 ; 非都市編定：丁種建築用地,1,1,全筆移轉,08190004
RPUPMLQJIIGGFAO78DA,竹蓮段,7.99,都市：其他:第二種商業區,10000,126,持分移轉,05910000
RPOPMLRJIIGGFAO38EA,長春段,2.00,都市：其他:第一種住宅區,10000,98,持分移轉,03180001
RPOPMLRJIIGGFAO38EA,長春段,33.58,都市：其他:第一種住宅區,10000,98,持分移轉,03210000
RPSOMLNJRHGGFAO98DA,福林段,6.54,都市：其他:第一種住宅區,10000,127,持分移轉,02630003
RPTNMLRJIIGGFAO68EA,三姓段,6.68,都市：其他:第一種商業區,100000,376,持分移轉,05210000
RPTNMLRJIIGGFAO68EA,三姓段,.12,都市：其他:乙種工業區,266,1,持分移轉,05700008
RPRNMLRJIIGGFAO48EA,光武段,15.32,都市：其他:第二種商業區,100000,114,持分移轉,10220000
RPUOMLRJIIGGFAO78DA,茄苳段,50.56,非都市：山坡地保育區 ; 非都市編定：丙種建築用地,10000,69,持分移轉,01590000
RPUOMLRJIIGGFAO78DA,茄苳段,12.52,非都市：山坡地保育區 ; 非都市編定：丙種建築用地,10000,69,持分移轉,01590003
RPQNMLRJIIGGFAO38EA,唐高段,9.97,都市：其他:第二種住宅區,10000,249,持分移轉,00140000
RPWOMLRJIIGGFAO98DA,光華段,23.00,都市：其他:第一種住宅區,1,1,全筆移轉,00330001
RPWOMLRJIIGGFAO98DA,光華段,106.00,都市：其他:第一種住宅區,1,1,全筆移轉,00350006
RPVOMLRJIIGGFAO88DA,自由段,45.92,都市：其他:第一種住宅區,10000,259,持分移轉,10080000
RPXOMLRJIIGGFAO09DA,南華段,16.73,都市：其他:第一種商業區,100000,2705,持分移轉,04450000
RPOOMLSJIIGGFAO28DA,自由段,.04,都市：其他:第一種住宅區,100000,1,持分移轉,06220000
RPTOMLSJIIGGFAO78DA,光復段,43.43,都市：其他:第一種住宅區,10000,35,持分移轉,09440000
RPTOMLSJIIGGFAO78DA,光復段,.57,都市：其他:綠地用地,10000,35,持分移轉,09440004
RPTOMLSJIIGGFAO78DA,光復段,.08,都市：其他:綠地用地,10000,35,持分移轉,09440005
RPTOMLSJIIGGFAO78DA,光復段,3.23,都市：其他:第一種住宅區,10000,35,持分移轉,09450000
RPTOMLSJIIGGFAO78DA,光復段,.15,都市：其他:第一種住宅區,10000,35,持分移轉,09450001
RPTOMLSJIIGGFAO78DA,光復段,11.90,都市：其他:第一種住宅區,10000,35,持分移轉,09460000
RPSNMLMKIIGGFAO18EA,復興段,1.16,都市：其他:第一種住宅區,13500,58,持分移轉,03680000
RPSNMLMKIIGGFAO18EA,復興段,14.75,都市：其他:第一種住宅區,343700,1478,持分移轉,03690000
RPSNMLMKIIGGFAO18EA,復興段,.03,都市：其他:道路用地,343700,1478,持分移轉,03690003
RPSNMLMKIIGGFAO18EA,復興段,.89,都市：其他:第一種住宅區,18000,77,持分移轉,03740000
RPRPMLMKIIGGFAO28EA,明湖段,12.98,非都市：鄉村區 ; 非都市編定：乙種建築用地,10000,288,持分移轉,01110000
RPRPMLMKIIGGFAO28EA,明湖段,5.13,非都市：鄉村區 ; 非都市編定：乙種建築用地,10000,83,持分移轉,01220000
RPSPMLMKIIGGFAO38EA,西門段一小段,13.60,都市：其他:第二種商業區,10000,517,持分移轉,01760000
RPSPMLMKIIGGFAO38EA,西門段一小段,8.79,都市：其他:第二種商業區,10000,517,持分移轉,01760008
RPSPMLMKIIGGFAO38EA,西門段一小段,3.36,都市：其他:第二種商業區,10000,517,持分移轉,02350035
RPUOMLSJIIGGFAO88DA,長春段,26.34,都市：其他:第一種住宅區,100000,6059,持分移轉,16760000
RPROMLSJIIGGFAO58DA,舊社段,29.07,都市：其他:第一種住宅區,10000,90,持分移轉,00490003
RPQNMLSJIIGGFAO48EA,明湖段,103.40,非都市：山坡地保育區 ; 非都市編定：丙種建築用地,100000,623,持分移轉,06810000
RPXPMLRJIIGGFAO56DA,港南段,76.07,非都市：鄉村區 ; 非都市編定：乙種建築用地,1,1,全筆移轉,10180005
RPVNMLSJIIGGFAO88DA,唐高段,80.67,都市：其他:綠地用地,3,1,持分移轉,04840001
RPWNMLSJIIGGFAO98DA,福林段,2.78,都市：其他:道路用地,80,3,持分移轉,05420000
RPSPMLRJIIGGFAO68DA,北門段,12.62,都市：其他:第二種商業區,100000,1243,持分移轉,23240000
RPSPMLRJIIGGFAO68DA,北門段,.96,都市：其他:第一種住宅區,100000,1243,持分移轉,23300000
RPVPMLSJIIGGFAO09DA,建華段,78.07,都市：其他:第一種住宅區,1,1,全筆移轉,02290000
RPUNMLNJIIGGFAO28DA,長春段,19.45,都市：其他:科技產業專用區,100000,230,持分移轉,13410007
RPUNMLNJIIGGFAO28DA,長春段,.01,都市：其他:第一種住宅區,100000,230,持分移轉,13540000
RPUNMLNJIIGGFAO28DA,長春段,.02,都市：其他:第一種住宅區,100000,230,持分移轉,13680000
RPTPMLRJIIGGFAO78DA,北門段,12.63,都市：其他:第二種商業區,100000,1244,持分移轉,23240000
RPTPMLRJIIGGFAO78DA,北門段,.96,都市：其他:第一種住宅區,100000,1244,持分移轉,23300000
RPSQMLOJIIGGFAO48DA,科學段一小段,82.23,都市：其他:第一種住宅區,1,1,全筆移轉,06320002
RPVQMLOJIIGGFAO78DA,柴橋段,35.83,都市：其他:第一之一種住宅區,100000,2311,持分移轉,00380000
RPXQMLOJIIGGFAO98DA,介壽段,10.33,都市：其他:第二種住宅區,100000,1444,持分移轉,00400000
RPXPMLOJIIGGFAO88DA,武陵段,15.78,都市：其他:第一種住宅區,10000,10,持分移轉,03160000
RPXPMLOJIIGGFAO88DA,武陵段,.31,都市：其他:第一種住宅區,100000,2,持分移轉,03160003
RPXQMLKMRHGGFAO07DA,水源段,121.89,非都市：特定農業區 ; 非都市編定：甲種建築用地,1,1,全筆移轉,07310000
RPUQMLKMRHGGFAO76DA,柴橋段,13.96,都市：其他:甲之三種風景區,100000,101,持分移轉,08260000
RPWPMLTLRHGGFAO67DA,北門段,1.67,都市：其他:道路用地,33,5,持分移轉,06450005
RPWPMLTLRHGGFAO67DA,北門段,.50,都市：其他:道路用地,6,1,持分移轉,06450009
RPWPMLTLRHGGFAO67DA,北門段,1.00,都市：其他:道路用地,6,1,持分移轉,06450013
RPSNMLSJIIGGFAO68EA,溪橋段,64.69,非都市：鄉村區 ; 非都市編定：乙種建築用地,1,1,全筆移轉,06050000
RPPNMLMKIIGGFAO87EA,中寮段,79.17,都市：其他:第一之一種住宅區,1,1,全筆移轉,03410002
RPQOMLSJIIGGFAO58EA,自由段,115.00,都市：其他:第一種住宅區,1,1,全筆移轉,00290062
RPRNMLSJIIGGFAO58EA,科學段一小段,20.39,都市：其他:第一種住宅區,1000000,9390,持分移轉,03340000
RPUNMLSJIIGGFAO88EA,柴橋段,14.10,都市：其他:甲之三種風景區,100000,102,持分移轉,08260000
RPOPMLSJIIGGFAO48EA,西門段一小段,11.41,都市：其他:第二種商業區,10000,434,持分移轉,01760000
RPOPMLSJIIGGFAO48EA,西門段一小段,7.38,都市：其他:第二種商業區,10000,434,持分移轉,01760008
RPOPMLSJIIGGFAO48EA,西門段一小段,2.82,都市：其他:第二種商業區,10000,434,持分移轉,02350035
RPSPMLOLRHGGFAO76DA,東山段一小段,12.74,都市：其他:第一種住宅區,10000,244,持分移轉,00700000
RPOQMLOLRHGGFAO09DA,北門段,4.50,都市：其他:第一種住宅區,96,24,持分移轉,04910000
RPUNMLPLRHGGFAO86DA,民富段,40.69,都市：其他:第一種住宅區,1000,667,持分移轉,04030000
RPUPMLMJRHGGFAO56DA,香中段,282.23,都市：其他:第一種住宅區,1,1,全筆移轉,15130000
RPPOMLOJIIGGFAO97DA,海山段,168.48,非都市：山坡地保育區 ; 非都市編定：農牧用地,500,50,持分移轉,04640000
RPXQMLRKQHGGFAO47DA,唐高段,25.66,都市：其他:第一種住宅區,100000,369,持分移轉,07090000
RPXQMLRKQHGGFAO47DA,唐高段,.77,都市：其他:第一種住宅區,4400000,12177,持分移轉,07250000
RPXQMLRKQHGGFAO47DA,唐高段,.50,都市：其他:第一種住宅區,4400000,10554,持分移轉,07260000
RPRPMLMLRHGGFAO09DA,北門段,9.98,都市：其他:第二種商業區,100000,983,持分移轉,23240000
RPRPMLMLRHGGFAO09DA,北門段,.76,都市：其他:第一種住宅區,100000,983,持分移轉,23300000
RPWPMLQKRHGGFAO27DA,內湖段,204.82,非都市：山坡地保育區 ; 非都市編定：丙種建築用地,1,1,全筆移轉,04070088
RPWPMLQKRHGGFAO27DA,內湖段,80.04,非都市：山坡地保育區 ; 非都市編定：丙種建築用地,3,1,持分移轉,04070090
RPVQMLOLQHGGFAO07DA,港南段,210.07,非都市：特定農業區 ; 非都市編定：甲種建築用地,1,1,全筆移轉,03390000
RPVQMLOLQHGGFAO07DA,港南段,35.74,非都市：特定農業區 ; 非都市編定：交通用地,1,1,全筆移轉,03420000
RPUPMLOJIIGGFAO58DA,金雅段,87.37,非都市：鄉村區 ; 非都市編定：乙種建築用地,1,1,全筆移轉,03600001
RPUPMLOJIIGGFAO58DA,金雅段,14.63,非都市：鄉村區 ; 非都市編定：乙種建築用地,10000,1105,持分移轉,03600005
RPUOMLOJIIGGFAO48DA,光武段,32.10,都市：其他:第二種商業區,10000,63,持分移轉,10500000
RPRPMLOJIIGGFAO28DA,金雅段,13.24,非都市：鄉村區 ; 非都市編定：乙種建築用地,10000,1000,持分移轉,03600005
RPRPMLOJIIGGFAO28DA,金雅段,82.26,非都市：鄉村區 ; 非都市編定：乙種建築用地,1,1,全筆移轉,03600010
RPQPMLOJIIGGFAO18DA,金雅段,68.75,非都市：鄉村區 ; 非都市編定：乙種建築用地,1,1,全筆移轉,03600004
RPQPMLOJIIGGFAO18DA,金雅段,11.51,非都市：鄉村區 ; 非都市編定：乙種建築用地,10000,869,持分移轉,03600005
RPOOMLQJIIGGFAO08DA,康樂段,3.53,都市：其他:第一之一種住宅區,9,1,持分移轉,00470000
RPOOMLQJIIGGFAO08DA,康樂段,42.55,都市：其他:第一之一種住宅區,225,7,持分移轉,00480000
RPOOMLQJIIGGFAO08DA,康樂段,6.69,都市：其他:第一之一種住宅區,9,1,持分移轉,00490000
RPOOMLQJIIGGFAO08DA,康樂段,4.82,都市：其他:道路用地,9,1,持分移轉,00490001
RPVPMLRJIIGGFAO98DA,東明段,27.35,都市：其他:市場用地,10000,57,持分移轉,00670000
RPSRMLKMQHGGFAO56DA,建華段,21.17,都市：其他:住宅區,10000,354,持分移轉,06420000
RPOQMLSJIIGGFAO48DA,東門段一小段,30.21,都市：其他:第二種商業區,10000,381,持分移轉,00090000
RPWPMLRJIIGGFAO09DA,介壽段,.43,都市：其他:道路用地,8,1,持分移轉,00380000
RPVNMLMKIIGGFAO38DA,榮光段一小段,18.14,都市：其他:第二種商業區,10000,57,持分移轉,00120000
RPSOMLSJIIGGFAO68DA,中山段三小段,27.12,都市：其他:第二種商業區,10000,673,持分移轉,03660000
RPPPMLSJIIGGFAO48DA,北門段,14.44,都市：其他:第一種住宅區,30000,1329,持分移轉,04560000
RPPPMLSJIIGGFAO48DA,北門段,16.61,都市：其他:第一種住宅區,30000,1329,持分移轉,04570000
RPTOMLMKIIGGFAO28DA,關東段,3.72,都市：其他:道路用地,70560,24553,持分移轉,12880000
RPTOMLMKIIGGFAO28DA,關東段,1.87,都市：其他:人行步道用地,423360,150811,持分移轉,12880001
RPTOMLMKIIGGFAO28DA,關東段,4.88,都市：其他:道路用地,70560,24553,持分移轉,12880002
RPTOMLMKIIGGFAO28DA,關東段,10.01,都市：其他:道路用地,1128960,403327,持分移轉,12880003
RPTOMLMKIIGGFAO28DA,關東段,1.89,都市：其他:道路用地,2419200,699571,持分移轉,12890002
RPTOMLMKIIGGFAO28DA,關東段,7.44,都市：其他:道路用地,2419200,699571,持分移轉,12940001
RPTOMLMKIIGGFAO28DA,關東段,7.33,都市：其他:道路用地,70560,24553,持分移轉,14920000
RPTOMLMKIIGGFAO28DA,關東段,6.22,都市：其他:道路用地,70560,24553,持分移轉,14920001
RPTOMLMKIIGGFAO28DA,關東段,10.11,都市：其他:道路用地,70560,24553,持分移轉,14920002
RPTOMLMKIIGGFAO28DA,關東段,.63,都市：其他:道路用地,423360,141811,持分移轉,14960000
RPTOMLMKIIGGFAO28DA,關東段,1.02,都市：其他:道路用地,70560,23053,持分移轉,14960001
RPTPMLMKIIGGFAO48EA,信義段,442.00,都市：其他:農業區,1,1,全筆移轉,12080000
RPTPMLMKIIGGFAO48EA,信義段,1724.00,都市：其他:農業區,1,1,全筆移轉,12180000
RPORMLNLRHGGFAO09DA,康樂段,20.06,都市：其他:第一之一種住宅區,26,1,持分移轉,02640000
RPORMLNLRHGGFAO09DA,康樂段,49.18,都市：其他:第一之一種住宅區,1,1,全筆移轉,02640012
RPROMLTLRHGGFAO07DA,光武段,17.10,都市：其他:第二種商業區,100000,253,持分移轉,10750000
RPROMLOJIIGGFAO18DA,光武段,25.48,都市：其他:第二種商業區,10000,50,持分移轉,10500000
RPRNMLKKIIGGFAO77DA,雅溪段,204.73,非都市：山坡地保育區 ; 非都市編定：丙種建築用地,1,1,全筆移轉,02760000
RPRNMLKKIIGGFAO77DA,雅溪段,90.01,非都市：山坡地保育區 ; 非都市編定：丙種建築用地,18,1,持分移轉,02830000
RPRNMLKKIIGGFAO77DA,雅溪段,5.06,非都市：山坡地保育區 ; 非都市編定：丙種建築用地,18,1,持分移轉,02930002
RPUPMLMKIIGGFAO58EA,東光段,107.50,都市：其他:住商混合區,2,1,持分移轉,02210000
RPUPMLMKIIGGFAO58EA,東光段,6.00,都市：其他:道路用地,2,1,持分移轉,02210001
RPUPMLMKIIGGFAO58EA,東光段,9.00,都市：其他:道路用地,2,1,持分移轉,02210002
RPPOMLSJIIGGFAO48EA,中山段三小段,97.00,都市：其他:第二種商業區,1,1,全筆移轉,02290002
RPPNMLNKIIGGFAO97EA,民主段,19.41,都市：其他:第一種住宅區,10000,382,持分移轉,07120000
RPQNMLNKIIGGFAO08EA,金雅段,12.58,非都市：鄉村區 ; 非都市編定：乙種建築用地,10000,950,持分移轉,03600005
RPQNMLNKIIGGFAO08EA,金雅段,70.39,非都市：鄉村區 ; 非都市編定：乙種建築用地,1,1,全筆移轉,03600008
RPQNMLNKIIGGFAO08EA,金雅段,14.29,非都市：鄉村區 ; 非都市編定：乙種建築用地,1,1,全筆移轉,03600009
RPQNMLMKIIGGFAO97EA,大庄段,30.29,都市：其他:人行步道用地,18,7,持分移轉,07050002
RPTNMLMKIIGGFAO28EA,光武段,15.27,都市：其他:第一種住宅區,100000,176,持分移轉,06030000
RPTNMLMKIIGGFAO28EA,光武段,.02,都市：其他:綠地用地,100000,176,持分移轉,06030001
RPTNMLMKIIGGFAO28EA,光武段,.01,都市：其他:綠地用地,100000,176,持分移轉,06030002
RPTNMLMKIIGGFAO28EA,光武段,.00,都市：其他:第一種住宅區,100000,176,持分移轉,06030003
RPWPMLNLRHGGFAO17EA,中山段三小段,2.50,都市：其他:第二種商業區,8,2,持分移轉,04040001
RPSOMLPKPHGGFAO09DA,南門段二小段,61.00,都市：其他:第二種商業區,1,1,全筆移轉,01190005
RPQPMLNKIIGGFAO18DA,關東段,19.25,都市：其他:第一種住宅區,10000,773,持分移轉,01150000
RPWPMLNKIIGGFAO78DA,民富段,47.00,都市：其他:第二種住宅區,2,1,持分移轉,14970000
RPWPMLNKIIGGFAO78DA,民富段,2.00,都市：其他:第二種住宅區,2,1,持分移轉,14980000
RPWPMLNKIIGGFAO78DA,民富段,46.00,都市：其他:第二種住宅區,2,1,持分移轉,15000000
RPTPMLNKIIGGFAO48DA,新港段,24.80,都市：其他:第一之一種住宅區,100000,1119,持分移轉,04640000
RPUPMLNKIIGGFAO58DA,自由段,16.60,都市：其他:第一種住宅區,3270,166,持分移轉,07000007
RPQPMLMKIIGGFAO08DA,光華段,.10,都市：其他:第一種住宅區,20000,328,持分移轉,00190002
RPUPMLNKIIGGFAO58DA,自由段,59.00,都市：其他:第一種住宅區,1,1,全筆移轉,07000010
RPQPMLMKIIGGFAO08DA,光華段,13.28,都市：其他:第一種住宅區,20000,328,持分移轉,00200004
RPQPMLMKIIGGFAO08DA,光華段,8.97,都市：其他:第一種住宅區,20000,328,持分移轉,00320018
RPQPMLMKIIGGFAO08DA,光華段,1.39,都市：其他:第一種住宅區,20000,328,持分移轉,00330013
RPSOMLNKIIGGFAO28DA,南湖段,1.92,非都市：山坡地保育區 ; 非都市編定：丙種建築用地,5880,20,持分移轉,04130000
RPSOMLNKIIGGFAO28DA,南湖段,.97,非都市：山坡地保育區 ; 非都市編定：丙種建築用地,5880,20,持分移轉,04140000
RPSOMLNKIIGGFAO28DA,南湖段,5.82,非都市：鄉村區 ; 非都市編定：乙種建築用地,5880,20,持分移轉,04150000
RPSOMLNKIIGGFAO28DA,南湖段,3.09,非都市：山坡地保育區 ; 非都市編定：丙種建築用地,5880,20,持分移轉,04240000
RPSOMLNKIIGGFAO28DA,南湖段,.52,非都市：鄉村區 ; 非都市編定：乙種建築用地,5880,20,持分移轉,04310000
RPSOMLNKIIGGFAO28DA,南湖段,.83,非都市：山坡地保育區 ; 非都市編定：丙種建築用地,5880,20,持分移轉,04320000
RPOPMLNKIIGGFAO97DA,武陵段,.15,都市：其他:第一種住宅區,100000,1,持分移轉,03160003
RPOPMLNKIIGGFAO97DA,武陵段,8.07,都市：其他:第一種住宅區,10000,7,持分移轉,03160004
RPPPMLNKIIGGFAO08DA,南勢段,63.80,非都市：鄉村區 ; 非都市編定：乙種建築用地,1,1,全筆移轉,00810000
RPOQMLNKIIGGFAO08DA,南華段,31.29,都市：其他:第一種住宅區,26952,3129,持分移轉,06060001
RPQQMLNKIIGGFAO28DA,南湖段,50.44,非都市：山坡地保育區 ; 非都市編定：丙種建築用地,100000,189,持分移轉,04110000
RPQQMLNKIIGGFAO28DA,南湖段,1.37,非都市：山坡地保育區 ; 非都市編定：丙種建築用地,100000,373,持分移轉,04110003
RPPQMLNKIIGGFAO18DA,南華段,29.34,都市：其他:第一種住宅區,26952,2934,持分移轉,06060001
RPPNMLSKRHGGFAO56DA,西門段三小段,143.00,都市：其他:第二種住宅區,1,1,全筆移轉,01110000
RPPNMLSKRHGGFAO56DA,西門段三小段,20.00,都市：其他:第二種商業區,1,1,全筆移轉,01110001
RPRQMLNKIIGGFAO38DA,福林段,6.86,都市：其他:第一種住宅區,14,1,持分移轉,01460003
RPRQMLNKIIGGFAO38DA,福林段,7.79,都市：其他:第一種住宅區,14,1,持分移轉,01460004
RPTRMLNKIIGGFAO68DA,香濱段,22.19,都市：其他:第一種住宅區,100000,2283,持分移轉,00430000
RPUNMLMKIIGGFAO38EA,民富段,49.14,都市：其他:第一種住宅區,100000,1643,持分移轉,08770002
RPUNMLMKIIGGFAO38EA,民富段,4.04,都市：其他:第一種住宅區,100000,1643,持分移轉,08770011
RPURMLNKIIGGFAO78DA,南勢段,43.73,非都市：鄉村區 ; 非都市編定：乙種建築用地,10000,1119,持分移轉,00010000
RPUOMLOKIIGGFAO58DA,香中段,109.50,都市：其他:第一種住宅區,1,1,全筆移轉,06500043
RPQPMLOKIIGGFAO28DA,民主段,18.57,都市：其他:第一種住宅區,10000,94,持分移轉,04150000
RPXOMLOKIIGGFAO88DA,茄苳段,35.90,非都市：山坡地保育區 ; 非都市編定：丙種建築用地,10000,49,持分移轉,01590000
RPXOMLOKIIGGFAO88DA,茄苳段,8.89,非都市：山坡地保育區 ; 非都市編定：丙種建築用地,10000,49,持分移轉,01590003
RPOOMLSJIIGGFAO38EA,溪橋段,83.66,非都市：特定農業區 ; 非都市編定：甲種建築用地,1,1,全筆移轉,00540000
RPRNMLMKIIGGFAO08EA,古峰段,74.68,都市：其他:保護區,1,1,全筆移轉,00580000
RPRNMLMKIIGGFAO08EA,古峰段,20.89,都市：其他:保護區,1000,90,持分移轉,00630000
RPQOMLNKIIGGFAO18EA,忠孝段,19.18,都市：其他:第一種住宅區,10000,220,持分移轉,02520000
RPUNMLNKIIGGFAO48EA,南寮段,20.00,都市：其他:第一之一種住宅區,100000,1134,持分移轉,00120000
RPPPMLNKIIGGFAO18EA,竹蓮段,10.80,都市：其他:第二種商業區,10000,409,持分移轉,24700000
RPROMLNKIIGGFAO28EA,和平段,13.45,都市：其他:第二種住宅區,10000,15,持分移轉,04500000
RPWNMLMKIIGGFAO48DA,仙水段,653.95,都市：其他:公園用地,20,3,持分移轉,00710000
RPXNMLMKIIGGFAO58DA,武陵段,4.72,都市：其他:第一種住宅區,79,1,持分移轉,11400000
RPXNMLMKIIGGFAO58DA,武陵段,78.00,都市：其他:第一種住宅區,1,1,全筆移轉,11400003
RPXNMLMKIIGGFAO58DA,武陵段,.30,都市：其他:第一種住宅區,79,1,持分移轉,11400072
RPWQMLNKIIGGFAO98EA,東橋段,.48,都市：其他:第二種住宅區,100000,164,持分移轉,01940000
RPWQMLNKIIGGFAO98EA,東橋段,7.55,都市：其他:第二種住宅區,100000,164,持分移轉,01950000
RPWQMLNKIIGGFAO98EA,東橋段,1.24,都市：其他:第二種住宅區,100000,164,持分移轉,01970000
RPVQMLNKIIGGFAO88EA,大學段,13.11,都市：其他:第二種住宅區,1000,57,持分移轉,02890000
RPVQMLNKIIGGFAO88EA,大學段,.49,都市：其他:道路用地,1000,57,持分移轉,02890001
RPQPMLNKIIGGFAO28EA,西濱段,10.36,都市：其他:第一之一種住宅區,100000,180,持分移轉,00420000
RPRPMLNKIIGGFAO38EA,科學段一小段,254.92,都市：其他:第一種住宅區,1,1,全筆移轉,02960000
RPSPMLNKIIGGFAO48EA,東濱段,7.73,都市：其他:第一之一種住宅區,4320,60,持分移轉,02470000
RPSPMLNKIIGGFAO48EA,東濱段,18.18,都市：其他:第一之一種住宅區,4320,60,持分移轉,02480000
RPSPMLNKIIGGFAO48EA,東濱段,10.35,都市：其他:第一之一種住宅區,4320,60,持分移轉,02700000
RPRNMLTJIIGGFAO58DA,中雅段,6.99,都市：其他:第二種住宅區,100000,287,持分移轉,00960002
RPRNMLTJIIGGFAO58DA,崙子段,.23,都市：其他:第二種住宅區,100000,287,持分移轉,20680005
RPQNMLTJIIGGFAO48DA,國道段,.00,都市：其他:第一種住宅區,13167,12,持分移轉,02400002
RPQNMLTJIIGGFAO48DA,國道段,.11,都市：其他:第一種住宅區,137376,441,持分移轉,02620002
RPQNMLTJIIGGFAO48DA,國道段,1.26,都市：其他:第一種住宅區,2268,61,持分移轉,02650000
RPQNMLTJIIGGFAO48DA,國道段,.30,都市：其他:第一種住宅區,2268,61,持分移轉,02670000
RPQNMLTJIIGGFAO48DA,國道段,.51,都市：其他:第一種住宅區,2268,61,持分移轉,02700000
RPQNMLTJIIGGFAO48DA,國道段,.05,都市：其他:第一種住宅區,324,4,持分移轉,02710000
RPQNMLTJIIGGFAO48DA,國道段,.05,都市：其他:第一種住宅區,324,1,持分移轉,02720000
RPTOMLRJIIGGFAO68DA,唐高段,28.97,都市：其他:道路用地,20000,2154,持分移轉,05580000
RPTOMLRJIIGGFAO68DA,唐高段,72.00,都市：其他:道路用地,1,1,全筆移轉,05580022
RPRRMLQJIIGGFAO68DA,舊社段,221.81,非都市：特定農業區 ; 非都市編定：農牧用地,16,1,持分移轉,05290000
RPRRMLQJIIGGFAO68DA,福林段,830.00,非都市：特定農業區 ; 非都市編定：農牧用地,4,1,持分移轉,10490000
RPVPMLOJIIGGFAO68DA,中央段,4.56,都市：其他:第二種商業區,10000,92,持分移轉,08080001
RPRPMLQJIIGGFAO48DA,竹港段,18.32,都市：其他:第一之一種商業區,10000,71,持分移轉,07050000
RPPRMLQJIIGGFAO48DA,東明段,42.64,都市：其他:第一種住宅區,100000,307,持分移轉,00240000
RPOOMLLJIIGGFAO57DA,港南段,102.79,非都市：鄉村區 ; 非都市編定：乙種建築用地,1,1,全筆移轉,08040000
RPQSMLLMQHGGFAO56DA,親仁段一小段,35.71,都市：其他:第二種住宅區,10000,126,持分移轉,00190000
RPSQMLKKRHGGFAO98DA,雅溪段,260.12,非都市：山坡地保育區 ; 非都市編定：丙種建築用地,1000,41,持分移轉,08740000
RPSQMLKKRHGGFAO98DA,雅溪段,75.93,非都市：山坡地保育區 ; 非都市編定：農牧用地,1000,19,持分移轉,11710000
RPUQMLPKRHGGFAO07DA,崙子段,15.30,都市：其他:道路用地,200,12,持分移轉,15760003
RPPPMLKMRHGGFAO78DA,中央段,5.31,都市：其他:第二種商業區,10000,107,持分移轉,08080001
RPVNMLSLRHGGFAO27DA,和平段,12.91,都市：其他:第二種住宅區,10000,15,持分移轉,04800000
RPTQMLOJIIGGFAO58DA,大學段,6.18,都市：其他:第二種住宅區,10000,134,持分移轉,06530000
RPXPMLPJIIGGFAO98DA,自由段,17.70,都市：其他:第一種住宅區,10000,111,持分移轉,05790000
RPXPMLPJIIGGFAO98DA,自由段,1.83,都市：其他:道路用地,10000,111,持分移轉,05790001
RPORMLNKIIGGFAO28EA,長春段,1.12,都市：其他:第一種住宅區,10000,55,持分移轉,03180001
RPORMLNKIIGGFAO28EA,長春段,18.85,都市：其他:第一種住宅區,10000,55,持分移轉,03210000
RPSOMLRJIIGGFAO58DA,南華段,10.82,都市：其他:第一種住宅區,10,1,持分移轉,05030000
RPSOMLRJIIGGFAO58DA,南華段,7.03,都市：其他:第一種住宅區,10,1,持分移轉,05030023
RPSOMLRJIIGGFAO58DA,南華段,45.46,都市：其他:第一種住宅區,1,1,全筆移轉,05030035
RPSOMLRJIIGGFAO58DA,南華段,6.89,都市：其他:第一種住宅區,10,1,持分移轉,05030043
RPWNMLRJIIGGFAO88DA,崙子段,738.22,都市：其他:道路用地,180000,34586,持分移轉,16430000
RPOPMLMKIIGGFAO87DA,聚吉段,2.58,都市：其他:第二種商業區,10000,86,持分移轉,00550007
RPOPMLMKIIGGFAO87DA,聚吉段,1.59,都市：其他:第二種商業區,10000,86,持分移轉,00550015
RPOPMLKKRHGGFAO48DA,中央段,2.98,都市：其他:第二種住宅區,42,1,持分移轉,07040000
RPOPMLKKRHGGFAO48DA,中央段,.71,都市：其他:第二種商業區,42,1,持分移轉,07710000
RPOPMLKKRHGGFAO48DA,民富段,.21,都市：其他:第二種商業區,168,1,持分移轉,09230000
RPOPMLKKRHGGFAO48DA,民富段,.12,都市：其他:第一種住宅區,96,1,持分移轉,09330001
RPOPMLKKRHGGFAO48DA,民富段,1.30,都市：其他:第一種住宅區,96,1,持分移轉,09340000
RPOPMLKKRHGGFAO48DA,民富段,.27,都市：其他:第二種商業區,96,1,持分移轉,09340001
RPOPMLKKRHGGFAO48DA,民富段,3.08,都市：其他:第一種住宅區,96,1,持分移轉,09350000
RPOPMLKKRHGGFAO48DA,民富段,1.19,都市：其他:第二種住宅區,42,1,持分移轉,28110000
RPOPMLKKRHGGFAO48DA,民富段,.90,都市：其他:第二種住宅區,42,1,持分移轉,28150001
RPOPMLKKRHGGFAO48DA,民富段,1.19,都市：其他:第二種住宅區,42,1,持分移轉,28270000
RPOPMLKKRHGGFAO48DA,民富段,.38,都市：其他:道路用地,42,1,持分移轉,28320000
RPOPMLKKRHGGFAO48DA,民富段,1.33,都市：其他:道路用地,42,1,持分移轉,28380000
RPOPMLKKRHGGFAO48DA,民富段,.02,都市：其他:第二種住宅區,42,1,持分移轉,28380001
RPOPMLKKRHGGFAO48DA,民富段,1.12,都市：其他:第二種住宅區,42,1,持分移轉,28410000
RPOPMLKKRHGGFAO48DA,民富段,.48,都市：其他:第二種住宅區,42,1,持分移轉,28420000
RPOPMLKKRHGGFAO48DA,民富段,5.64,都市：其他:第二種住宅區,42,1,持分移轉,28460000
RPOPMLKKRHGGFAO48DA,民富段,.60,都市：其他:第二種住宅區,42,1,持分移轉,28610000
RPOPMLKKRHGGFAO48DA,民富段,.45,都市：其他:第二種住宅區,42,1,持分移轉,28650000
RPOPMLKKRHGGFAO48DA,民富段,2.26,都市：其他:第二種住宅區,42,1,持分移轉,28710000
RPOPMLKKRHGGFAO48DA,民富段,1.19,都市：其他:第二種住宅區,42,1,持分移轉,28820000
RPOPMLKKRHGGFAO48DA,民富段,.88,都市：其他:第二種住宅區,42,1,持分移轉,28830000
RPOPMLKKRHGGFAO48DA,民富段,.21,都市：其他:第二種住宅區,42,1,持分移轉,28880000
RPOPMLKKRHGGFAO48DA,民富段,1.19,都市：其他:第二種住宅區,42,1,持分移轉,29000000
RPUQMLNKIIGGFAO78EA,民富段,28.00,都市：其他:第一種住宅區,5,1,持分移轉,10230000
RPTNMLNKIIGGFAO38EA,崙子段,69.00,都市：其他:第二種住宅區,1,1,全筆移轉,15910013
RPWQMLMLRHGGFAO07DA,新莊段,55.53,都市：其他:第一種商業區,10000,189,持分移轉,06870000
RPXQMLNKIIGGFAO09EA,武陵段,48.26,都市：其他:第一種住宅區,100000,661,持分移轉,11280000
RPSNMLPKIIGGFAO48EA,長春段,17.04,都市：其他:第一種住宅區,10000,64,持分移轉,03160000
RPSNMLPKIIGGFAO48EA,長春段,.50,都市：其他:第一種住宅區,10000,64,持分移轉,03180002
RPWOMLOKIIGGFAO78DA,高翠段,218.70,都市：其他:風景區,1,1,全筆移轉,05090000
RPVPMLOKIIGGFAO78DA,新港段,22.75,都市：其他:第一之一種住宅區,10000,402,持分移轉,08680000
RPQQMLTJRHGGFAO96DA,西門段一小段,51.40,都市：其他:第二種商業區,30,6,持分移轉,01120004
RPWPMLOKIIGGFAO88DA,中興段,88.00,都市：其他:第一種住宅區,1,1,全筆移轉,05350016
RPQQMLOKIIGGFAO38DA,崙子段,25.17,非都市：鄉村區 ; 非都市編定：乙種建築用地,87500,2517,持分移轉,21070000
RPRRMLTKPHGGFAO07DA,中寮段,41.78,非都市： ; 非都市編定：,4,3,持分移轉,04970004
RPRRMLTKPHGGFAO07DA,中寮段,17.12,都市：其他:第一之一種住宅區,10000,3949,持分移轉,04970005
RPTQMLOKIIGGFAO68DA,東橋段,22.43,都市：其他:第二種住宅區,1,1,全筆移轉,00900000
RPTQMLOKIIGGFAO68DA,東橋段,60.17,都市：其他:第二種住宅區,1,1,全筆移轉,01060001
RPTQMLOKIIGGFAO68DA,東橋段,29.84,都市：其他:第二種住宅區,1,1,全筆移轉,01080000
RPTQMLOKIIGGFAO68DA,東橋段,29.86,都市：其他:道路用地,1,1,全筆移轉,01080001
RPSNMLOKIIGGFAO38EA,東明段,13.80,都市：其他:第一種商業區,6007990,24638,持分移轉,00720000
RPUQMLOKIIGGFAO78DA,復中段,28.08,都市：其他:第二種住宅區,1000,65,持分移轉,03220000
RPTNMLOKIIGGFAO48EA,崙子段,7.59,都市：其他:第一種住宅區,100000,422,持分移轉,15560001
RPVQMLOKIIGGFAO88DA,崙子段,53.50,都市：其他:住宅區,100000,154,持分移轉,20650000
RPRPMLOKIIGGFAO48EA,北門段,14.41,都市：其他:第二種商業區,100000,1081,持分移轉,11700000
RPRPMLOKIIGGFAO48EA,北門段,.01,都市：其他:道路用地,100000,1081,持分移轉,11950003
RPRPMLOKIIGGFAO48EA,北門段,.06,都市：其他:道路用地,100000,1081,持分移轉,11950004
RPTOMLPKIIGGFAO58DA,國道段,14.86,都市：其他:第二種商業區,100000,133,持分移轉,10010000
RPVRMLNKIIGGFAO88DA,南湖段,41.63,非都市：山坡地保育區 ; 非都市編定：丙種建築用地,100000,156,持分移轉,04110000
RPVRMLNKIIGGFAO88DA,南湖段,.24,非都市：山坡地保育區 ; 非都市編定：丙種建築用地,100000,64,持分移轉,04110003
RPWRMLNKIIGGFAO98DA,隆恩段,53.33,非都市：特定農業區 ; 非都市編定：甲種建築用地,3,2,持分移轉,03790000
RPSNMLRKRHGGFAO86EA,和平段,13.45,都市：其他:第二種住宅區,10000,15,持分移轉,04500000
RPOOMLOKIIGGFAO97DA,樹下段,17.47,非都市：鄉村區 ; 非都市編定：乙種建築用地,10000,500,持分移轉,15580004
RPOOMLOKIIGGFAO97DA,樹下段,55.41,非都市：鄉村區 ; 非都市編定：乙種建築用地,1,1,全筆移轉,15580016
RPRQMLSLRHGGFAO17DA,聚吉段,10.81,都市：其他:第二種商業區,20000,88,持分移轉,00740000
RPPOMLOKIIGGFAO08DA,柴橋段,13.13,都市：其他:甲之三種風景區,100000,95,持分移轉,08260000
RPRRMLNKIIGGFAO48DA,聚吉段,18.00,都市：其他:第二種住宅區,1,1,全筆移轉,01100012
RPRRMLNKIIGGFAO48DA,聚吉段,41.00,都市：其他:第二種住宅區,1,1,全筆移轉,01110028
RPRRMLNKIIGGFAO48DA,聚吉段,3.00,都市：其他:第二種住宅區,1,1,全筆移轉,01110032
RPSQMLNKIIGGFAO48DA,光武段,1.12,都市：其他:第一種住宅區,100000,3513,持分移轉,05420011
RPSQMLNKIIGGFAO48DA,光武段,13.31,都市：其他:第一種住宅區,100000,3513,持分移轉,05430000
RPSQMLNKIIGGFAO48DA,光武段,6.05,都市：其他:道路用地,100000,3513,持分移轉,05430002
RPSQMLNKIIGGFAO48DA,光武段,9.26,都市：其他:第一種住宅區,100000,3513,持分移轉,11950000
RPQQMLMKIIGGFAO18DA,榮光段一小段,14.32,都市：其他:第二種商業區,10000,45,持分移轉,00120000
RPTQMLMKIIGGFAO48DA,中雅段,164.00,都市：其他:第二種住宅區,1,1,全筆移轉,00950000
RPXPMLNKIIGGFAO88DA,民富段,19.52,都市：其他:第一種住宅區,100000,902,持分移轉,12100000
RPVNMLNKIIGGFAO48DA,新興段,57.00,都市：其他:道路用地,8,1,持分移轉,04700000
RPVNMLNKIIGGFAO48DA,中央段,35.50,都市：其他:道路用地,6,3,持分移轉,09520000
RPVNMLNKIIGGFAO48DA,民主段,38.80,都市：其他:道路用地,5,1,持分移轉,12720000
RPTQMLNJNHGGFAO88DA,國道段,2471.00,都市：其他:第一種住宅區,1,1,全筆移轉,02690000
RPROMLLJIIGGFAO87DA,介壽段,25.75,都市：其他:第二種住宅區,10000,73,持分移轉,05210000
RPXNMLPKIIGGFAO88DA,光武段,16.14,都市：其他:第一種住宅區,100000,186,持分移轉,06030000
RPXNMLPKIIGGFAO88DA,光武段,.02,都市：其他:綠地用地,100000,186,持分移轉,06030001
RPXNMLPKIIGGFAO88DA,光武段,.02,都市：其他:綠地用地,100000,186,持分移轉,06030002
RPXNMLPKIIGGFAO88DA,光武段,.00,都市：其他:第一種住宅區,100000,186,持分移轉,06030003
RPRRMLOKIIGGFAO58DA,育賢段,23.93,都市：其他:住宅區,100000,929,持分移轉,04600000
RPRQMLOLRHGGFAO86EA,民主段,41.50,都市：其他:第一種住宅區,2,1,持分移轉,02750001
RPRQMLOLRHGGFAO86EA,民主段,41.50,都市：其他:第一種住宅區,2,1,持分移轉,02750001
