﻿編號,土地位置,土地移轉面積(平方公尺),使用分區或編定,權利人持分分母,權利人持分分子,移轉情形,地號
The serial number, land position,land shifting area square meter,the use zoning or compiles and checks,,,,land parcel
RPQNMLLKRHGGFDP98CB,高南段,99.70,都市：住,396753,9970,持分移轉,00680000
RPQNMLLKRHGGFDP98CB,高南段,37.42,都市：住,396753,3742,持分移轉,00680000
RPTNMLLKRHGGFDP66CB,高南段,109.68,都市：住,396753,10968,持分移轉,00680000
RPTNMLLKRHGGFDP66CB,高南段,37.42,都市：住,396753,3742,持分移轉,00680000
RPSNMLLKRHGGFDP56CB,高南段,109.68,都市：住,396753,10968,持分移轉,00680000
RPSNMLLKRHGGFDP56CB,高南段,37.42,都市：住,396753,3742,持分移轉,00680000
RPRNMLLKRHGGFDP09CB,高南段,106.65,都市：住,396753,10665,持分移轉,00680000
RPRNMLLKRHGGFDP09CB,高南段,.49,都市：住,396753,49,持分移轉,00680000
RPPNMLLKRHGGFAP58CB,南安段,101.19,都市：住,1,1,全筆移轉,14550000
RPTNMLLKRHGGFAP98CB,明德段,50.02,非都市：鄉村區 ; 非都市編定：乙種建築用地,1,1,全筆移轉,07270016
RPTNMLLKRHGGFAP98CB,明德段,.07,非都市：鄉村區 ; 非都市編定：乙種建築用地,62,1,持分移轉,07270062
RPTNMLLKRHGGFAP98CB,明德段,.07,非都市：鄉村區 ; 非都市編定：乙種建築用地,62,1,持分移轉,07270063
RPTNMLLKRHGGFAP98CB,明德段,21.87,非都市：鄉村區 ; 非都市編定：乙種建築用地,62,1,持分移轉,07270064
RPSNMLLKRHGGFAP88CB,明德段,47.52,非都市：鄉村區 ; 非都市編定：乙種建築用地,1,1,全筆移轉,07270031
RPSNMLLKRHGGFAP88CB,明德段,.07,非都市：鄉村區 ; 非都市編定：乙種建築用地,62,1,持分移轉,07270062
RPSNMLLKRHGGFAP88CB,明德段,.07,非都市：鄉村區 ; 非都市編定：乙種建築用地,62,1,持分移轉,07270063
RPSNMLLKRHGGFAP88CB,明德段,21.87,非都市：鄉村區 ; 非都市編定：乙種建築用地,62,1,持分移轉,07270064
RPVNMLLKRHGGFAP66DB,榴北段,103.00,非都市：特定農業區 ; 非都市編定：甲種建築用地,1,1,全筆移轉,04140000
RPVNMLLKRHGGFAP66DB,榴北段,22.25,非都市：特定農業區 ; 非都市編定：甲種建築用地,16,1,持分移轉,04140024
RPSNMLLKRHGGFAP98DB,八德段,24.01,非都市：鄉村區 ; 非都市編定：乙種建築用地,100000,1778,持分移轉,08110000
RPUNMLLKRHGGFAP56DB,八德段,25.25,非都市：鄉村區 ; 非都市編定：乙種建築用地,100000,1870,持分移轉,08110000
RPQNMLLKRHGGFBP88DB,興國段,83.00,都市：住,1,1,全筆移轉,14610026
RPQNMLLKRHGGFBP88DB,興國段,9.79,都市：住,33,1,持分移轉,14610000
RPQNMLLKRHGGFBP88DB,興國段,5.52,都市：住,33,1,持分移轉,14610022
RPQNMLLKRHGGFBP88DB,興國段,.18,都市：住,55,1,持分移轉,14610065
RPQNMLLKRHGGFBP88DB,興國段,.25,都市：住,55,1,持分移轉,14610013
RPPNMLLKRHGGFBP78DB,興國段,83.00,都市：住,1,1,全筆移轉,14610018
RPPNMLLKRHGGFBP78DB,興國段,9.79,都市：住,33,1,持分移轉,14610000
RPSNMLLKRHGGFBP09DB,僑真段,18.11,都市：住,100000,1460,持分移轉,06290000
RPPNMLLKRHGGFBP78DB,興國段,5.52,都市：住,33,1,持分移轉,14610022
RPPNMLLKRHGGFBP78DB,興國段,.18,都市：住,55,1,持分移轉,14610065
RPPNMLLKRHGGFBP78DB,興國段,.25,都市：住,55,1,持分移轉,14610013
RPTNMLLKRHGGFBP56DB,僑真段,27.88,都市：住,100000,2247,持分移轉,06290000
RPRNMLLKRHGGFBP98DB,僑真段,18.11,都市：住,100000,1460,持分移轉,06290000
RPQNMLNKRHGGFAP98DB,榴北段,84.00,非都市：特定農業區 ; 非都市編定：甲種建築用地,1,1,全筆移轉,04140022
RPPNMLNKRHGGFDP09CB,高南段,103.90,都市：住,396753,10390,持分移轉,00680000
RPPNMLNKRHGGFDP09CB,高南段,37.42,都市：住,396753,3742,持分移轉,00680000
RPRNMLNKRHGGFAP09DB,八德段,27.77,非都市：鄉村區 ; 非都市編定：乙種建築用地,100000,2057,持分移轉,08110000
RPVNMLLKRHGGFDP86CB,高南段,118.97,都市：住,396753,11897,持分移轉,00680000
RPVNMLLKRHGGFDP86CB,高南段,37.42,都市：住,396753,3742,持分移轉,00680000
RPWNMLLKRHGGFDP96CB,高北段,20.47,都市：住,10000,133,持分移轉,04160000
RPSNMLNKRHGGFDP76CB,高南段,37.14,都市：住,100000,1667,持分移轉,04100000
RPRNMLNKRHGGFDP66CB,高南段,55.03,都市：住,100000,2470,持分移轉,04100000
RPTNMLNKRHGGFDP86CB,高南段,37.38,都市：住,100000,1678,持分移轉,04100000
RPUNMLNKRHGGFDP96CB,高南段,25.78,都市：住,100000,1157,持分移轉,04100000
RPPNMLNKRHGGFBP98DB,僑真段,27.88,都市：住,100000,2247,持分移轉,06290000
RPQNMLNKRHGGFDP56CB,高南段,116.89,都市：住,396753,11689,持分移轉,00680000
RPQNMLNKRHGGFDP56CB,高南段,.49,都市：住,396753,49,持分移轉,00680000
RPPNMLMKRHGGFDP98CB,高北段,13.70,都市：住,10000,89,持分移轉,04160000
RPQNMLNKRHGGFBP09DB,僑真段,27.88,都市：住,100000,2247,持分移轉,06290000
RPXNMLNKRHGGFBP17DB,僑真段,27.88,都市：住,100000,2247,持分移轉,06290000
RPRNMLNKRHGGFBP56DB,僑真段,28.93,都市：住,100000,2332,持分移轉,06290000
RPSNMLNKRHGGFAP56DB,八德段,32.76,非都市：鄉村區 ; 非都市編定：乙種建築用地,100000,2426,持分移轉,08110000
RPTNMLNKRHGGFBP76DB,僑真段,28.93,都市：住,100000,2332,持分移轉,06290000
RPOOMLNKRHGGFBP98DB,僑真段,83.30,都市：住,1,1,全筆移轉,06290008
RPOOMLNKRHGGFBP98DB,僑真段,.32,都市：住,14,1,持分移轉,06290007
RPSNMLNKRHGGFBP66DB,僑真段,27.88,都市：住,100000,2247,持分移轉,06290000
RPUNMLNKRHGGFBP86DB,僑真段,27.88,都市：住,100000,2247,持分移轉,06290000
RPVNMLNKRHGGFBP96DB,僑真段,28.93,都市：住,100000,2332,持分移轉,06290000
RPWNMLNKRHGGFBP07DB,僑真段,28.93,都市：住,100000,2332,持分移轉,06290000
RPPOMLNKRHGGFBP09DB,僑真段,28.93,都市：住,100000,2332,持分移轉,06290000
RPPNMLOKRHGGFAP88CB,明德段,54.62,非都市：鄉村區 ; 非都市編定：乙種建築用地,1,1,全筆移轉,07270002
RPPNMLOKRHGGFAP88CB,明德段,.07,非都市：鄉村區 ; 非都市編定：乙種建築用地,62,1,持分移轉,07270062
RPPNMLOKRHGGFAP88CB,明德段,.07,非都市：鄉村區 ; 非都市編定：乙種建築用地,62,1,持分移轉,07270063
RPPNMLOKRHGGFAP88CB,明德段,21.87,非都市：鄉村區 ; 非都市編定：乙種建築用地,62,1,持分移轉,07270064
RPTNMLOKRHGGFAP66CB,科加段,73.50,非都市：工業區 ; 非都市編定：丁種建築用地,1,1,全筆移轉,00070160
RPTNMLOKRHGGFAP66CB,科加段,8.51,非都市：工業區 ; 非都市編定：丁種建築用地,10000,74,持分移轉,00070188
RPTNMLOKRHGGFAP66CB,科加段,.15,非都市：工業區 ; 非都市編定：丁種建築用地,59,1,持分移轉,00070178
RPUOMLOKRHGGFAP86CB,明德段,75.96,非都市：鄉村區 ; 非都市編定：乙種建築用地,1,1,全筆移轉,07270061
RPUOMLOKRHGGFAP86CB,明德段,.07,非都市：鄉村區 ; 非都市編定：乙種建築用地,62,1,持分移轉,07270062
RPUOMLOKRHGGFAP86CB,明德段,.07,非都市：鄉村區 ; 非都市編定：乙種建築用地,62,1,持分移轉,07270063
RPUOMLOKRHGGFAP86CB,明德段,21.87,非都市：鄉村區 ; 非都市編定：乙種建築用地,62,1,持分移轉,07270064
RPVOMLOKRHGGFAP96CB,明德段,91.70,非都市：鄉村區 ; 非都市編定：乙種建築用地,1,1,全筆移轉,07270056
RPRNMLOKRHGGFAP09CB,明德段,54.01,非都市：鄉村區 ; 非都市編定：乙種建築用地,1,1,全筆移轉,07270050
RPVOMLOKRHGGFAP96CB,明德段,.07,非都市：鄉村區 ; 非都市編定：乙種建築用地,62,1,持分移轉,07270062
RPRNMLOKRHGGFAP09CB,明德段,.07,非都市：鄉村區 ; 非都市編定：乙種建築用地,62,1,持分移轉,07270062
RPVOMLOKRHGGFAP96CB,明德段,.07,非都市：鄉村區 ; 非都市編定：乙種建築用地,62,1,持分移轉,07270063
RPRNMLOKRHGGFAP09CB,明德段,.07,非都市：鄉村區 ; 非都市編定：乙種建築用地,62,1,持分移轉,07270063
RPVOMLOKRHGGFAP96CB,明德段,21.87,非都市：鄉村區 ; 非都市編定：乙種建築用地,62,1,持分移轉,07270064
RPRNMLOKRHGGFAP09CB,明德段,21.87,非都市：鄉村區 ; 非都市編定：乙種建築用地,62,1,持分移轉,07270064
RPQOMLOKRHGGFAP09CB,明德段,57.39,非都市：鄉村區 ; 非都市編定：乙種建築用地,1,1,全筆移轉,07270053
RPQOMLOKRHGGFAP09CB,明德段,.07,非都市：鄉村區 ; 非都市編定：乙種建築用地,62,1,持分移轉,07270062
RPQOMLOKRHGGFAP09CB,明德段,.07,非都市：鄉村區 ; 非都市編定：乙種建築用地,62,1,持分移轉,07270063
RPQOMLOKRHGGFAP09CB,明德段,21.87,非都市：鄉村區 ; 非都市編定：乙種建築用地,62,1,持分移轉,07270064
RPQNMLOKRHGGFAP98CB,明德段,48.72,非都市：鄉村區 ; 非都市編定：乙種建築用地,1,1,全筆移轉,07270000
RPQNMLOKRHGGFAP98CB,明德段,.07,非都市：鄉村區 ; 非都市編定：乙種建築用地,62,1,持分移轉,07270062
RPQNMLOKRHGGFAP98CB,明德段,.07,非都市：鄉村區 ; 非都市編定：乙種建築用地,62,1,持分移轉,07270063
RPQNMLOKRHGGFAP98CB,明德段,21.87,非都市：鄉村區 ; 非都市編定：乙種建築用地,62,1,持分移轉,07270064
RPPNMLOKRHGGFDP56CB,高北段,17.54,都市：住,10000,114,持分移轉,04160000
RPROMLOKRHGGFAP56CB,明德段,47.82,非都市：鄉村區 ; 非都市編定：乙種建築用地,1,1,全筆移轉,07270052
RPROMLOKRHGGFAP56CB,明德段,.07,非都市：鄉村區 ; 非都市編定：乙種建築用地,62,1,持分移轉,07270062
RPROMLOKRHGGFAP56CB,明德段,.07,非都市：鄉村區 ; 非都市編定：乙種建築用地,62,1,持分移轉,07270063
RPROMLOKRHGGFAP56CB,明德段,21.87,非都市：鄉村區 ; 非都市編定：乙種建築用地,62,1,持分移轉,07270064
RPUNMLOKRHGGFAP76CB,明德段,42.81,非都市：鄉村區 ; 非都市編定：乙種建築用地,1,1,全筆移轉,07270051
RPUNMLOKRHGGFAP76CB,明德段,.07,非都市：鄉村區 ; 非都市編定：乙種建築用地,62,1,持分移轉,07270062
RPUNMLOKRHGGFAP76CB,明德段,.07,非都市：鄉村區 ; 非都市編定：乙種建築用地,62,1,持分移轉,07270063
RPUNMLOKRHGGFAP76CB,明德段,21.87,非都市：鄉村區 ; 非都市編定：乙種建築用地,62,1,持分移轉,07270064
RPSNMLOKRHGGFAP56CB,科加段,73.50,非都市：工業區 ; 非都市編定：丁種建築用地,1,1,全筆移轉,00070159
RPSNMLOKRHGGFAP56CB,科加段,8.51,非都市：工業區 ; 非都市編定：丁種建築用地,10000,74,持分移轉,00070188
RPSNMLOKRHGGFAP56CB,科加段,.15,非都市：工業區 ; 非都市編定：丁種建築用地,59,1,持分移轉,00070178
RPPNMLPKRHGGFAP98CB,明德段,53.11,非都市：鄉村區 ; 非都市編定：乙種建築用地,1,1,全筆移轉,07270018
RPPNMLPKRHGGFAP98CB,明德段,.07,非都市：鄉村區 ; 非都市編定：乙種建築用地,62,1,持分移轉,07270062
RPPNMLPKRHGGFAP98CB,明德段,.07,非都市：鄉村區 ; 非都市編定：乙種建築用地,62,1,持分移轉,07270063
RPPNMLPKRHGGFAP98CB,明德段,21.87,非都市：鄉村區 ; 非都市編定：乙種建築用地,62,1,持分移轉,07270064
RPTNMLPKRHGGFDP17DB,高南段,18.56,都市：住,375725,1856,持分移轉,02600000
RPTNMLPKRHGGFDP17DB,高南段,1.02,都市：住,11788,102,持分移轉,02520001
RPTNMLPKRHGGFDP17DB,高南段,1.00,都市：住,11547,100,持分移轉,02520002
RPTNMLPKRHGGFDP17DB,高南段,1.00,都市：住,11547,100,持分移轉,02520003
RPTNMLPKRHGGFDP17DB,高南段,1.00,都市：住,11547,100,持分移轉,02520004
RPTNMLPKRHGGFDP17DB,高南段,1.00,都市：住,11547,100,持分移轉,02520005
RPTNMLPKRHGGFDP17DB,高南段,1.02,都市：住,11788,102,持分移轉,02520006
RPTNMLPKRHGGFDP17DB,高南段,2.80,都市：住,30244,280,持分移轉,02520007
RPQOMLPKRHGGFAP56CB,明德段,49.73,非都市：鄉村區 ; 非都市編定：乙種建築用地,1,1,全筆移轉,07270044
RPQOMLPKRHGGFAP56CB,明德段,.07,非都市：鄉村區 ; 非都市編定：乙種建築用地,62,1,持分移轉,07270062
RPQOMLPKRHGGFAP56CB,明德段,.07,非都市：鄉村區 ; 非都市編定：乙種建築用地,62,1,持分移轉,07270063
RPQOMLPKRHGGFAP56CB,明德段,21.87,非都市：鄉村區 ; 非都市編定：乙種建築用地,62,1,持分移轉,07270064
RPWNMLPKRHGGFAP07CB,大崙段茄苳腳小段,18.13,非都市：鄉村區 ; 非都市編定：乙種建築用地,100000,1323,持分移轉,05170000
RPPOMLPKRHGGFAP09CB,大崙段茄苳腳小段,22.58,非都市：鄉村區 ; 非都市編定：乙種建築用地,100000,1648,持分移轉,05170000
RPQNMLPKRHGGFAP09CB,明德段,49.73,非都市：鄉村區 ; 非都市編定：乙種建築用地,1,1,全筆移轉,07270023
RPQNMLPKRHGGFAP09CB,明德段,.07,非都市：鄉村區 ; 非都市編定：乙種建築用地,62,1,持分移轉,07270062
RPQNMLPKRHGGFAP09CB,明德段,.07,非都市：鄉村區 ; 非都市編定：乙種建築用地,62,1,持分移轉,07270063
RPQNMLPKRHGGFAP09CB,明德段,21.87,非都市：鄉村區 ; 非都市編定：乙種建築用地,62,1,持分移轉,07270064
RPUNMLPKRHGGFAP86CB,大崙段茄苳腳小段,24.63,非都市：鄉村區 ; 非都市編定：乙種建築用地,100000,1798,持分移轉,05170000
RPXNMLPKRHGGFAP17CB,大崙段茄苳腳小段,18.13,非都市：鄉村區 ; 非都市編定：乙種建築用地,100000,1323,持分移轉,05170000
RPROMLPKRHGGFAP66CB,明德段,47.52,非都市：鄉村區 ; 非都市編定：乙種建築用地,1,1,全筆移轉,07270047
RPROMLPKRHGGFAP66CB,明德段,.07,非都市：鄉村區 ; 非都市編定：乙種建築用地,62,1,持分移轉,07270062
RPROMLPKRHGGFAP66CB,明德段,.07,非都市：鄉村區 ; 非都市編定：乙種建築用地,62,1,持分移轉,07270063
RPROMLPKRHGGFAP66CB,明德段,21.87,非都市：鄉村區 ; 非都市編定：乙種建築用地,62,1,持分移轉,07270064
RPRNMLPKRHGGFAP56CB,明德段,49.73,非都市：鄉村區 ; 非都市編定：乙種建築用地,1,1,全筆移轉,07270025
RPRNMLPKRHGGFAP56CB,明德段,.07,非都市：鄉村區 ; 非都市編定：乙種建築用地,62,1,持分移轉,07270062
RPRNMLPKRHGGFAP56CB,明德段,.07,非都市：鄉村區 ; 非都市編定：乙種建築用地,62,1,持分移轉,07270063
RPRNMLPKRHGGFAP56CB,明德段,21.87,非都市：鄉村區 ; 非都市編定：乙種建築用地,62,1,持分移轉,07270064
RPSOMLPKRHGGFAP76CB,大崙段茄苳腳小段,24.63,非都市：鄉村區 ; 非都市編定：乙種建築用地,100000,1798,持分移轉,05170000
RPRNMLQKRHGGFAP66CB,西平段,26.97,非都市：特定農業區 ; 非都市編定：甲種建築用地,12,1,持分移轉,05900000
RPUNMLQKRHGGFAP96CB,西平段,26.97,非都市：特定農業區 ; 非都市編定：甲種建築用地,12,1,持分移轉,05900000
RPTOMLPKRHGGFAP86CB,大崙段茄苳腳小段,24.63,非都市：鄉村區 ; 非都市編定：乙種建築用地,100000,1798,持分移轉,05170000
RPQNMLQKRHGGFDP86CB,高南段,113.49,都市：住,396753,11349,持分移轉,00680000
RPQNMLQKRHGGFDP86CB,高南段,.49,都市：住,396753,49,持分移轉,00680000
RPRNMLQKRHGGFDP96CB,高南段,98.94,都市：住,396753,9894,持分移轉,00680000
RPRNMLQKRHGGFDP96CB,高南段,.49,都市：住,396753,49,持分移轉,00680000
RPPNMLQKRHGGFDP76CB,高南段,98.94,都市：住,396753,9894,持分移轉,00680000
RPPNMLQKRHGGFDP76CB,高南段,.49,都市：住,396753,49,持分移轉,00680000
RPSNMLQKRHGGFDP07CB,高南段,112.00,都市：住,396753,11200,持分移轉,00680000
RPSNMLQKRHGGFDP07CB,高南段,.49,都市：住,396753,49,持分移轉,00680000
RPPNMLNKRHGGFBP88CB,新光段,94.16,都市：住,1,1,全筆移轉,06230002
RPPNMLPKRHGGFBP09CB,新光段,105.70,都市：住,1,1,全筆移轉,06230002
RPRNMLRKRHGGFBP86CB,僑真段,22.09,都市：住,100000,1255,持分移轉,06230000
RPQNMLRKRHGGFBP76CB,僑真段,27.84,都市：住,100000,1582,持分移轉,06230000
RPUNMLRKRHGGFBP17CB,僑真段,22.93,都市：住,100000,1303,持分移轉,06230000
RPPNMLRKRHGGFBP66CB,僑真段,20.12,都市：住,100000,1143,持分移轉,06230000
RPSNMLQKRHGGFBP86CB,僑真段,22.93,都市：住,100000,1303,持分移轉,06230000
RPRNMLQKRHGGFBP76CB,僑真段,27.88,都市：住,100000,1584,持分移轉,06230000
RPVNMLRKRHGGFBP27CB,僑真段,27.84,都市：住,100000,1582,持分移轉,06230000
RPPNMLSKRHGGFBP76CB,僑真段,27.88,都市：住,100000,1584,持分移轉,06230000
RPTNMLSKRHGGFBP17CB,僑真段,22.09,都市：住,100000,1255,持分移轉,06230000
RPVNMLSKRHGGFBP37CB,僑真段,22.09,都市：住,100000,1255,持分移轉,06230000
RPWNMLSKRHGGFBP47CB,僑真段,22.93,都市：住,100000,1303,持分移轉,06230000
RPPOMLSKRHGGFBP86CB,僑真段,22.93,都市：住,100000,1303,持分移轉,06230000
RPSNMLSKRHGGFBP07CB,僑真段,27.84,都市：住,100000,1582,持分移轉,06230000
RPQOMLSKRHGGFBP96CB,僑真段,23.11,都市：住,100000,1313,持分移轉,06230000
RPPNMLSKRHGGFDP96CB,高南段,98.94,都市：住,396753,9894,持分移轉,00680000
RPPNMLSKRHGGFDP96CB,高南段,.49,都市：住,396753,49,持分移轉,00680000
RPUNMLSKRHGGFBP27CB,僑真段,22.93,都市：住,100000,1303,持分移轉,06230000
RPXNMLSKRHGGFBP57CB,僑真段,22.09,都市：住,100000,1255,持分移轉,06230000
RPQNMLSKRHGGFDP07CB,高北段,17.54,都市：住,10000,114,持分移轉,04160000
RPOOMLSKRHGGFBP76CB,僑真段,27.88,都市：住,100000,1584,持分移轉,06230000
RPRNMLSKRHGGFDP17CB,高北段,13.70,都市：住,10000,89,持分移轉,04160000
RPROMLSKRHGGFBP07CB,僑真段,27.84,都市：住,100000,1582,持分移轉,06230000
RPPNMLTKRHGGFBP86CB,僑真段,22.09,都市：住,100000,1255,持分移轉,06230000
RPPNMLKLRHGGFAP58CB,明德段,53.70,非都市：鄉村區 ; 非都市編定：乙種建築用地,1,1,全筆移轉,07270008
RPPNMLKLRHGGFAP58CB,明德段,.07,非都市：鄉村區 ; 非都市編定：乙種建築用地,62,1,持分移轉,07270062
RPPNMLKLRHGGFAP58CB,明德段,.07,非都市：鄉村區 ; 非都市編定：乙種建築用地,62,1,持分移轉,07270063
RPPNMLKLRHGGFAP58CB,明德段,21.87,非都市：鄉村區 ; 非都市編定：乙種建築用地,62,1,持分移轉,07270064
RPQNMLKLRHGGFAP68CB,明德段,94.78,非都市：鄉村區 ; 非都市編定：乙種建築用地,1,1,全筆移轉,07270003
RPQNMLKLRHGGFAP68CB,明德段,.07,非都市：鄉村區 ; 非都市編定：乙種建築用地,62,1,持分移轉,07270062
RPQNMLKLRHGGFAP68CB,明德段,.07,非都市：鄉村區 ; 非都市編定：乙種建築用地,62,1,持分移轉,07270063
RPQNMLKLRHGGFAP68CB,明德段,21.87,非都市：鄉村區 ; 非都市編定：乙種建築用地,62,1,持分移轉,07270064
RPRNMLKLRHGGFAP78CB,明德段,52.04,非都市：鄉村區 ; 非都市編定：乙種建築用地,1,1,全筆移轉,07270035
RPRNMLKLRHGGFAP78CB,明德段,.07,非都市：鄉村區 ; 非都市編定：乙種建築用地,62,1,持分移轉,07270062
RPRNMLKLRHGGFAP78CB,明德段,.07,非都市：鄉村區 ; 非都市編定：乙種建築用地,62,1,持分移轉,07270063
RPRNMLKLRHGGFAP78CB,明德段,21.87,非都市：鄉村區 ; 非都市編定：乙種建築用地,62,1,持分移轉,07270064
RPSNMLKLRHGGFAP88CB,明德段,46.27,非都市：鄉村區 ; 非都市編定：乙種建築用地,1,1,全筆移轉,07270058
RPSNMLKLRHGGFAP88CB,明德段,.07,非都市：鄉村區 ; 非都市編定：乙種建築用地,62,1,持分移轉,07270062
RPSNMLKLRHGGFAP88CB,明德段,.07,非都市：鄉村區 ; 非都市編定：乙種建築用地,62,1,持分移轉,07270063
RPSNMLKLRHGGFAP88CB,明德段,21.87,非都市：鄉村區 ; 非都市編定：乙種建築用地,62,1,持分移轉,07270064
RPTNMLKLRHGGFAP98CB,明德段,96.41,非都市：鄉村區 ; 非都市編定：乙種建築用地,1,1,全筆移轉,07270057
RPTNMLKLRHGGFAP98CB,明德段,.07,非都市：鄉村區 ; 非都市編定：乙種建築用地,62,1,持分移轉,07270062
RPTNMLKLRHGGFAP98CB,明德段,.07,非都市：鄉村區 ; 非都市編定：乙種建築用地,62,1,持分移轉,07270063
RPTNMLKLRHGGFAP98CB,明德段,21.87,非都市：鄉村區 ; 非都市編定：乙種建築用地,62,1,持分移轉,07270064
RPTOMLTKRHGGFBP37CB,僑真段,23.44,都市：住,100000,1332,持分移轉,06230000
RPRPMLTKRHGGFBP27CB,僑真段,27.54,都市：住,100000,1565,持分移轉,06230000
RPSNMLTKRHGGFBP17CB,僑真段,28.95,都市：住,100000,1645,持分移轉,06230000
RPWOMLTKRHGGFBP67CB,僑真段,20.73,都市：住,100000,1178,持分移轉,06230000
RPVPMLTKRHGGFBP67CB,僑真段,27.65,都市：住,100000,1571,持分移轉,06230000
RPXOMLTKRHGGFBP77CB,僑真段,27.65,都市：住,100000,1571,持分移轉,06230000
RPPNMLKLRHGGFDP88CB,高南段,24.06,都市：住,100000,1080,持分移轉,04100000
RPPOMLTKRHGGFBP96CB,僑真段,27.95,都市：住,100000,1588,持分移轉,06230000
RPRNMLKLRHGGFDP09CB,高南段,37.34,都市：住,100000,1676,持分移轉,04100000
RPXNMLTKRHGGFBP67CB,僑真段,22.09,都市：住,100000,1255,持分移轉,06230000
RPUNMLKLRHGGFAP09CB,明德段,68.83,非都市：鄉村區 ; 非都市編定：乙種建築用地,1,1,全筆移轉,07270054
RPUNMLKLRHGGFAP09CB,明德段,.07,非都市：鄉村區 ; 非都市編定：乙種建築用地,62,1,持分移轉,07270062
RPUNMLKLRHGGFAP09CB,明德段,.07,非都市：鄉村區 ; 非都市編定：乙種建築用地,62,1,持分移轉,07270063
RPUNMLKLRHGGFAP09CB,明德段,21.87,非都市：鄉村區 ; 非都市編定：乙種建築用地,62,1,持分移轉,07270064
RPUNMLKLRHGGFDP76CB,高南段,54.51,都市：住,100000,2447,持分移轉,04100000
RPTNMLKLRHGGFDP66CB,高南段,39.45,都市：住,100000,1771,持分移轉,04100000
RPVNMLKLRHGGFAP56CB,明德段,80.34,非都市：鄉村區 ; 非都市編定：乙種建築用地,1,1,全筆移轉,07270055
RPVNMLKLRHGGFAP56CB,明德段,.07,非都市：鄉村區 ; 非都市編定：乙種建築用地,62,1,持分移轉,07270062
RPVNMLKLRHGGFAP56CB,明德段,.07,非都市：鄉村區 ; 非都市編定：乙種建築用地,62,1,持分移轉,07270063
RPVNMLKLRHGGFAP56CB,明德段,21.87,非都市：鄉村區 ; 非都市編定：乙種建築用地,62,1,持分移轉,07270064
RPQNMLKLRHGGFDP98CB,高南段,53.93,都市：住,100000,2421,持分移轉,04100000
RPSNMLKLRHGGFDP56CB,高南段,24.93,都市：住,100000,1119,持分移轉,04100000
RPQNMLLLRHGGFBP88CB,僑真段,28.95,都市：住,100000,1645,持分移轉,06230000
RPVNMLOLRHGGFAP07DB,光明段,23.84,非都市：工業區 ; 非都市編定：丁種建築用地,10000,267,持分移轉,06260000
RPOOMLOLRHGGFAP09DB,光明段,34.47,非都市：工業區 ; 非都市編定：丁種建築用地,10000,386,持分移轉,06260000
RPQOMLOLRHGGFAP66DB,光明段,33.31,非都市：工業區 ; 非都市編定：丁種建築用地,10000,373,持分移轉,06260000
RPWNMLOLRHGGFBP17CB,僑真段,25.91,都市：住,100000,765,持分移轉,03490000
RPWNMLOLRHGGFBP17CB,僑真段,1.47,都市：其他:綠地用地,1136300,3739,持分移轉,03450000
RPWNMLOLRHGGFBP17CB,僑真段,1.29,都市：其他:道路用地,1136300,2463,持分移轉,03500000
RPWNMLOLRHGGFBP17CB,僑真段,1.86,都市：住,100000,504,持分移轉,03490012
RPTOMLNLRHGGFBP86CB,僑真段,21.10,都市：住,100000,623,持分移轉,03490000
RPTOMLNLRHGGFBP86CB,僑真段,1.20,都市：其他:綠地用地,1136300,3045,持分移轉,03450000
RPTOMLNLRHGGFBP86CB,僑真段,1.05,都市：其他:道路用地,1136300,2006,持分移轉,03500000
RPTOMLNLRHGGFBP86CB,僑真段,1.51,都市：住,100000,410,持分移轉,03490012
RPUNMLPLRHGGFBP07CB,僑真段,75.00,都市：住,1,1,全筆移轉,03490004
RPUNMLPLRHGGFBP07CB,僑真段,3.65,都市：住,20,1,持分移轉,03490001
RPUNMLPLRHGGFBP07CB,僑真段,5.38,都市：住,100000,1459,持分移轉,03490012
RPUNMLPLRHGGFBP07CB,僑真段,3.75,都市：其他:道路用地,1136300,7130,持分移轉,03500000
RPROMLNLRHGGFBP66CB,僑真段,25.91,都市：住,100000,765,持分移轉,03490000
RPROMLNLRHGGFBP66CB,僑真段,1.47,都市：其他:綠地用地,1136300,3739,持分移轉,03450000
RPROMLNLRHGGFBP66CB,僑真段,1.29,都市：其他:道路用地,1136300,2463,持分移轉,03500000
RPROMLNLRHGGFBP66CB,僑真段,1.86,都市：住,100000,504,持分移轉,03490012
RPSOMLNLRHGGFBP76CB,僑真段,25.20,都市：住,100000,744,持分移轉,03490000
RPSOMLNLRHGGFBP76CB,僑真段,1.43,都市：其他:綠地用地,1136300,3636,持分移轉,03450000
RPSOMLNLRHGGFBP76CB,僑真段,1.26,都市：其他:道路用地,1136300,2396,持分移轉,03500000
RPSOMLNLRHGGFBP76CB,僑真段,1.81,都市：住,100000,490,持分移轉,03490012
RPUNMLQLRHGGFAP07CB,大崙段茄苳腳小段,24.63,非都市：鄉村區 ; 非都市編定：乙種建築用地,100000,1798,持分移轉,05170000
RPTNMLNLRHGGFAP66CB,斗六段,11.05,都市：住,100000,3487,持分移轉,09400001
RPQNMLRLRHGGFAP76CB,大竹圍段,30.59,非都市：特定農業區 ; 非都市編定：甲種建築用地,1000000,10117,持分移轉,00530000
RPPNMLRLRHGGFAP66CB,大竹圍段,33.08,非都市：特定農業區 ; 非都市編定：甲種建築用地,1000000,10941,持分移轉,00530000
RPRNMLMLRHGGFAP98CB,東興段,75.00,都市：住,1,1,全筆移轉,12260033
RPRNMLMLRHGGFAP98CB,東興段,.01,都市：住,8,1,持分移轉,12260030
RPRNMLMLRHGGFAP98CB,東興段,.71,都市：住,8,1,持分移轉,12260053
RPRNMLMLRHGGFAP98CB,東興段,1.62,都市：住,8,1,持分移轉,12260029
RPRNMLMLRHGGFAP98CB,東興段,1.00,都市：住,8,1,持分移轉,12260032
RPRNMLMLRHGGFAP98CB,東興段,1.00,都市：住,8,1,持分移轉,12260034
RPRNMLMLRHGGFAP98CB,東興段,1.00,都市：住,8,1,持分移轉,12260036
RPRNMLMLRHGGFAP98CB,東興段,1.00,都市：住,8,1,持分移轉,12260038
RPRNMLMLRHGGFAP98CB,東興段,1.00,都市：住,8,1,持分移轉,12260040
RPRNMLMLRHGGFAP98CB,東興段,1.00,都市：住,8,1,持分移轉,12260042
RPRNMLMLRHGGFAP98CB,東興段,1.00,都市：住,8,1,持分移轉,12260044
RPRNMLRLRHGGFAP86CB,大竹圍段,31.43,非都市：特定農業區 ; 非都市編定：甲種建築用地,1000000,10395,持分移轉,00530000
RPSNMLTLRHGGFAP17CB,田心段,31.50,非都市：鄉村區 ; 非都市編定：乙種建築用地,30,1,持分移轉,08200000
RPVNMLQLRHGGFAP17CB,大崙段茄苳腳小段,22.58,非都市：鄉村區 ; 非都市編定：乙種建築用地,100000,1648,持分移轉,05170000
RPPNMLLJIIGGFAP67CB,九芎段,14.68,非都市：鄉村區 ; 非都市編定：乙種建築用地,2500000,90133,持分移轉,03080000
RPPNMLLJIIGGFAP67CB,九芎段,13.66,非都市：鄉村區 ; 非都市編定：乙種建築用地,2500000,90133,持分移轉,03070000
RPPNMLLJIIGGFAP67CB,九芎段,21.72,非都市：鄉村區 ; 非都市編定：乙種建築用地,2500000,90133,持分移轉,03050000
RPPNMLLJIIGGFAP67CB,九芎段,13.52,非都市：鄉村區 ; 非都市編定：乙種建築用地,2500000,90133,持分移轉,03060000
RPPNMLLJIIGGFAP67CB,九芎段,14.72,非都市：鄉村區 ; 非都市編定：乙種建築用地,2500000,90133,持分移轉,03090000
RPPNMLLJIIGGFAP67CB,九芎段,14.71,非都市：鄉村區 ; 非都市編定：乙種建築用地,2500000,90133,持分移轉,03100000
RPPNMLQJIIGGFFP68CB,橋頭段,24.17,非都市：鄉村區 ; 非都市編定：乙種建築用地,100000,1288,持分移轉,10380001
RPROMLTLRHGGFFP67CB,橋頭段,23.08,非都市：鄉村區 ; 非都市編定：乙種建築用地,100000,1230,持分移轉,10380001
RPQNMLQJIIGGFAP38DB,石榴段,71.83,非都市：特定農業區 ; 非都市編定：甲種建築用地,1,1,全筆移轉,16260010
RPQNMLQJIIGGFAP38DB,石榴段,18.52,非都市：特定農業區 ; 非都市編定：甲種建築用地,1,1,全筆移轉,16260026
RPPNMLSJIIGGFAP38CB,榴中段,30.41,非都市：一般農業區 ; 非都市編定：甲種建築用地,10000,103,持分移轉,08880000
RPQNMLSJIIGGFAP48CB,榴中段,23.33,非都市：一般農業區 ; 非都市編定：甲種建築用地,10000,79,持分移轉,08880000
RPPNMLMKIIGGFDP28DB,石廟子段,117.61,非都市：鄉村區 ; 非都市編定：乙種建築用地,1,1,全筆移轉,12680004
RPPNMLMKIIGGFDP28DB,石廟子段,22.72,非都市：鄉村區 ; 非都市編定：乙種建築用地,23,1,持分移轉,12680001
RPPNMLMKIIGGFDP28DB,石廟子段,.24,非都市： ; 非都市編定：,25,1,持分移轉,12680028
RPPNMLSJIIGGFDP68CB,大學段,83.25,都市：住,239463,8325,持分移轉,03370000
RPQNMLMKIIGGFDP38DB,石廟子段,104.41,非都市：鄉村區 ; 非都市編定：乙種建築用地,1,1,全筆移轉,12680014
RPQNMLMKIIGGFDP38DB,石廟子段,22.72,非都市：鄉村區 ; 非都市編定：乙種建築用地,23,1,持分移轉,12680001
RPQNMLMKIIGGFDP38DB,石廟子段,.24,非都市： ; 非都市編定：,25,1,持分移轉,12680028
RPPNMLNKIIGGFDP28CB,高南段,89.80,都市：住,219836,8980,持分移轉,00820000
RPPNMLNKIIGGFDP28CB,高南段,24.00,都市：住,219836,2400,持分移轉,00820000
RPTNMLNKIIGGFAP38CB,榴中段,17.12,非都市：一般農業區 ; 非都市編定：甲種建築用地,10000,58,持分移轉,08880000
RPSNMLOKIIGGFAP38CB,林頭段,22.36,都市：住,51900,2236,持分移轉,17550000
RPSNMLOKIIGGFAP38CB,林頭段,5.73,都市：住,13300,573,持分移轉,17540000
RPSNMLOKIIGGFAP38CB,林頭段,10.38,都市：住,24100,1038,持分移轉,17520000
RPTNMLOKIIGGFAP48CB,林頭段,22.64,都市：住,51900,2264,持分移轉,17550000
RPTNMLOKIIGGFAP48CB,林頭段,5.80,都市：住,13300,580,持分移轉,17540000
RPTNMLOKIIGGFAP48CB,林頭段,10.51,都市：住,24100,1051,持分移轉,17520000
RPUNMLOKIIGGFAP58CB,榴中段,21.85,非都市：一般農業區 ; 非都市編定：甲種建築用地,10000,74,持分移轉,08880000
RPPNMLNKIIGGFAP97CB,石榴段,39.39,非都市：一般農業區 ; 非都市編定：甲種建築用地,85085,3939,持分移轉,06730000
RPWNMLPKIIGGFDP56CB,大學段,90.00,都市：住,333405,9000,持分移轉,03390000
RPWNMLPKIIGGFDP56CB,大學段,22.28,都市：住,333405,2228,持分移轉,03390000
RPQNMLSKIIGGFDP88CB,大學段,90.00,都市：住,333405,9000,持分移轉,03390000
RPQNMLSKIIGGFDP88CB,大學段,22.28,都市：住,333405,2228,持分移轉,03390000
RPRNMLSKIIGGFDP98CB,高北段,46.86,都市：住,1000,38,持分移轉,01140000
RPSNMLSKIIGGFDP09CB,高南段,11.79,都市：住,10000,40,持分移轉,00500000
RPQNMLLLIIGGFDP28CB,菜園段,85.60,都市：住,1,1,全筆移轉,04970000
RPRNMLPLIIGGFBP68DB,興國段,31.88,都市：住,8,1,持分移轉,15410000
RPRNMLPLIIGGFBP68DB,興國段,57.00,都市：住,1,1,全筆移轉,15410010
RPRNMLOJIIGGFCP38CB,庄內段,86.93,非都市：鄉村區 ; 非都市編定：乙種建築用地,1,1,全筆移轉,00340013
RPRNMLOJIIGGFCP38CB,庄內段,33.44,非都市：鄉村區 ; 非都市編定：乙種建築用地,10,1,持分移轉,00340023
RPRNMLOJIIGGFCP38CB,庄內段,2.30,非都市：鄉村區 ; 非都市編定：乙種建築用地,10,1,持分移轉,00340024
RPPNMLOKIIGGFCP28CB,埔北段,86.64,都市：住,1,1,全筆移轉,05190051
RPPNMLOKIIGGFCP28CB,埔北段,.36,都市：住,33,1,持分移轉,05190079
RPPNMLOKIIGGFCP28CB,埔北段,28.61,都市：住,29,1,持分移轉,05190000
RPPNMLRJIIGGFBP38CB,建國段,22.69,都市：住,41600,4473,持分移轉,10710001
RPPNMLRJIIGGFBP38CB,建國段,22.04,都市：住,41600,4473,持分移轉,10710002
RPVNMLSLRHGGFCP57CB,阿勸段,123.00,非都市：鄉村區 ; 非都市編定：乙種建築用地,1,1,全筆移轉,06010037
RPTNMLQLRHGGFBP07CB,僑真段,27.74,都市：住,100000,819,持分移轉,03490000
RPTNMLQLRHGGFBP07CB,僑真段,1.58,都市：其他:綠地用地,1136300,4003,持分移轉,03450000
RPTNMLQLRHGGFBP07CB,僑真段,1.39,都市：其他:道路用地,1136300,2637,持分移轉,03500000
RPTNMLQLRHGGFBP07CB,僑真段,1.99,都市：住,100000,540,持分移轉,03490012
RPPNMLRLRHGGFBP76CB,僑真段,21.10,都市：住,100000,623,持分移轉,03490000
RPPNMLRLRHGGFBP76CB,僑真段,1.20,都市：其他:綠地用地,1136300,3045,持分移轉,03450000
RPPNMLRLRHGGFBP76CB,僑真段,1.05,都市：其他:道路用地,1136300,2006,持分移轉,03500000
RPPNMLRLRHGGFBP76CB,僑真段,1.51,都市：住,100000,410,持分移轉,03490012
RPPNMLKMRHGGFBP78CB,文安段,71.21,都市：住,1,1,全筆移轉,02680028
RPPNMLMLRHGGFCP98CB,興西段,47.27,都市：住,121120,4727,持分移轉,03200000
RPPNMLQKRHGGFCP66CB,埔西段,91.44,都市：住,1,1,全筆移轉,04810042
RPPNMLQKRHGGFCP66CB,埔西段,1.36,都市：住,48,1,持分移轉,04810065
RPPNMLQKRHGGFCP66CB,埔西段,.20,都市：住,48,1,持分移轉,04810077
RPPNMLQKRHGGFCP66CB,埔西段,5.30,都市：住,48,1,持分移轉,04810066
RPPNMLQKRHGGFCP66CB,埔西段,19.71,都市：住,18,1,持分移轉,04810078
