﻿鄉鎮市區,交易標的,土地位置建物門牌,土地面積平方公尺,都市土地使用分區,非都市土地使用分區,非都市土地使用編定,租賃年月日,租賃筆棟數,租賃層次,總樓層數,建物型態,主要用途,主要建材,建築完成年月,建物總面積平方公尺,建物現況格局-房,建物現況格局-廳,建物現況格局-衛,建物現況格局-隔間,有無管理組織,有無附傢俱,總額元,單價元平方公尺,車位類別,車位面積平方公尺,車位總額元,備註,編號
The villages and towns urban district,transaction sign,land sector position building sector house number plate,land shifting total area square meter,the use zoning or compiles and checks,the non-metropolis land use district,non-metropolis land use,transaction year month and day,transaction pen number,shifting level,total floor number,building state,main use,main building materials,construction to complete the years,building shifting total area,Building present situation pattern - room,building present situation pattern - hall,building present situation pattern - health,building present situation pattern - compartmented,Whether there is manages the organization,Whether there is attaches the furniture,total price NTD,the unit price (NTD / square meter),the berth category,berth shifting total area square meter,the berth total price NTD,the note,serial number
斗六市,房地(土地+建物),雲林縣斗六市嘉東南路５０巷１０號,99.0,,特定農業區,甲種建築用地,1100907,土地1建物0車位0,全,3,透天厝,住家用,鋼筋混凝土造,0960208,12.78,1,0,1,有,無,有,3000,235,,0.0,0,,RPPNMLNKRHGGFAP88CC
斗六市,房地(土地+建物),雲林縣斗六市中山路６０１號,191.06,,一般農業區,甲種建築用地,1100911,土地1建物0車位0,全,3,透天厝,住商用,鋼筋混凝土造,0890808,16.26,1,0,1,有,無,有,4500,277,,0.0,0,,RPQNMLNKRHGGFAP98CC
斗六市,房地(土地+建物),雲林縣斗六市文化路１９巷３號,73.0,住,,,1100908,土地1建物1車位0,全,1,透天厝,住家用,木造,0540323,100.62,2,2,2,有,無,有,10000,99,,0.0,0,,RPRNMLNKRHGGFAP09CC
斗六市,房地(土地+建物),雲林縣斗六市斗工十二路４０號,2067.5,,工業區,丁種建築用地,1100910,土地1建物1車位0,見其他登記事項,1,工廠,廠房,鋼骨造,0990110,273.25,0,0,0,無,無,無,180000,,,0.0,0,含增建或未登記建物。；含營業設備。；前三年租金為18萬未稅；後二年租金為21萬未稅,RPUNMLQKRHGGFAP07CC
斗六市,房地(土地+建物),雲林縣斗六市嘉東南路５０巷２０號,92.0,,特定農業區,甲種建築用地,1100909,土地1建物0車位0,全,3,透天厝,住家用,鋼筋混凝土造,0960208,12.08,1,0,1,有,無,有,3000,248,,0.0,0,,RPRNMLRKRHGGFAP86CC
斗六市,房地(土地+建物),雲林縣斗六市嘉東南路５０巷７８號,88.0,,特定農業區,甲種建築用地,1100917,土地1建物0車位0,全,3,透天厝,住家用,鋼筋混凝土造,0951201,16.51,1,0,1,有,無,有,3500,212,,0.0,0,,RPSNMLRKRHGGFAP96CC
