﻿編號,土地位置,土地移轉面積(平方公尺),使用分區或編定,權利人持分分母,權利人持分分子,移轉情形,地號
The serial number, land position,land shifting area square meter,the use zoning or compiles and checks,,,,land parcel
RPRNMLRKRHGGFAP86CC,大崙段茄苳腳小段,92.00,非都市：特定農業區 ; 非都市編定：甲種建築用地,,,,01320013
RPUNMLQKRHGGFAP07CC,光明段,2067.50,非都市：工業區 ; 非都市編定：丁種建築用地,,,,02090000
RPRNMLNKRHGGFAP09CC,斗六段,73.00,都市：住,,,,01420079
RPSNMLRKRHGGFAP96CC,大崙段茄苳腳小段,88.00,非都市：特定農業區 ; 非都市編定：甲種建築用地,,,,01320204
RPPNMLNKRHGGFAP88CC,大崙段茄苳腳小段,99.00,非都市：特定農業區 ; 非都市編定：甲種建築用地,,,,01320193
RPQNMLNKRHGGFAP98CC,秀才段,191.06,非都市：一般農業區 ; 非都市編定：甲種建築用地,,,,03800000
