﻿編號,屋齡,建物移轉面積平方公尺,主要用途,主要建材,建築完成日期,總層數,建物分層
The serial number,room age,building shifting area square meter,the main use,main building materials,construction completes the date,total layer,building lamination
RPPOMLRLRHGGFAP76DA,,152.15,住家用,鋼筋混凝土造,110年2月17日,三層,一層 二層 三層 陽台
RPQOMLRLRHGGFAP86DA,,152.15,住家用,鋼筋混凝土造,110年2月17日,三層,一層 二層 三層 陽台
RPRNMLQJIIGGFAP38DA,28,230.12,商業用,鋼筋混凝土造,83年1月5日,十一層,一層 二層 陽台 平台 騎樓
RPRNMLQJIIGGFAP38DA,28,28.02,共同部份,鋼筋混凝土造,83年1月5日,十一層,
RPSNMLSJIIGGFAP68DA,27,104.12,住家用,鋼筋混凝土造,83年7月1日,九層,六層 陽台
RPSNMLSJIIGGFAP68DA,27,42.30,共同部份,鋼筋混凝土造,83年7月1日,九層,
RPSNMLSJIIGGFAP68DA,27,14.39,共同部份,鋼筋混凝土造,83年7月1日,九層,
RPQNMLQJIIGGFAP28DA,39,134.78,住家用,加強磚造,71年8月22日,二層,一層 二層 騎樓
RPRNMLRJIIGGFBP58DA,22,80.89,住家用,鋼筋混凝土造,88年7月10日,八層,一層 陽台
RPRNMLRJIIGGFBP58DA,22,24.33,共同部份,鋼筋混凝土造,88年7月10日,八層,
RPRNMLRJIIGGFBP58DA,22,9.18,共同部份,鋼筋混凝土造,88年7月10日,八層,
RPVOMLOJIIGGFDP98DA,,196.19,住家用,鋼筋混凝土造,110年5月10日,三層,一層 二層 三層 陽台
RPWOMLOJIIGGFDP09DA,,196.19,住家用,鋼筋混凝土造,110年5月10日,三層,一層 二層 三層 陽台
RPTNMLOJIIGGFFP88DA,36,112.70,住家用,加強磚造,74年6月12日,一層,一層 騎樓
RPQOMLKMRHGGFAP98EA,,90.32,集合住宅,鋼筋混凝土造,110年2月18日,九層,二層 陽台
RPQOMLKMRHGGFAP98EA,,50.72,防空避難室、地下停車空間、機電設備管道間、水箱、安全梯、電梯、梯廳、管委會空間、機電梯間,鋼筋混凝土造,110年2月18日,九層,
RPQOMLKMRHGGFAP98EA,,10.79,樓電梯間、梯廳、機電設備管道間,鋼筋混凝土造,110年2月18日,九層,
RPTNMLMKIIGGFAP38EA,27,84.93,住家用,鋼筋混凝土造,83年7月28日,六層,六層 陽台
RPTNMLMKIIGGFAP38EA,27,33.34,共同部份,鋼筋混凝土造,83年7月28日,六層,
RPRNMLMKIIGGFAP18EA,27,.20,辦公室,鋼筋混凝土造,83年12月20日,十一層,一層
RPRNMLMKIIGGFAP18EA,27,76.05,住家用,鋼筋混凝土造,83年12月20日,十一層,三層 陽台 花台
RPRNMLMKIIGGFAP18EA,27,7.40,共同部份,鋼筋混凝土造,83年12月20日,十一層,
RPRNMLMKIIGGFAP18EA,27,21.46,共同部份,鋼筋混凝土造,83年12月20日,十一層,
RPSNMLMKIIGGFAP28EA,5,171.51,住宅、樓梯間,鋼筋混凝土造,105年9月1日,三層,一層 二層 三層 陽台 電梯樓梯間
RPROMLKMRHGGFAP09EA,,95.23,集合住宅,鋼筋混凝土造,110年2月18日,九層,五層 陽台
RPROMLKMRHGGFAP09EA,,52.21,防空避難室、地下停車空間、機電設備管道間、水箱、安全梯、電梯、梯廳、管委會空間、機電梯間,鋼筋混凝土造,110年2月18日,九層,
RPROMLKMRHGGFAP09EA,,14.86,樓電梯間、梯廳、電梯設備管道間,鋼筋混凝土造,110年2月18日,九層,
RPPOMLKMRHGGFAP88EA,,93.03,集合住宅,鋼筋混凝土造,110年2月18日,九層,四層 陽台
RPPOMLKMRHGGFAP88EA,,51.52,防空避難室、地下停車空間、機電設備管道間、水箱、安全梯、電梯、梯廳、管委會空間、機電梯間,鋼筋混凝土造,110年2月18日,九層,
RPPOMLKMRHGGFAP88EA,,14.47,樓電梯間、梯廳、電梯設備管道間,鋼筋混凝土造,110年2月18日,九層,
RPPNMLMKIIGGFDP28EA,36,188.11,住家用,加強磚造,74年7月1日,二層,一層 二層 陽台 騎樓 電梯樓梯間
RPPNMLMKIIGGFBP08EA,15,231.25,住家用,鋼筋混凝土造,96年3月1日,四層,一層 二層 三層 四層 陽台 平台
RPSOMLKMRHGGFAP56EA,,243.25,店舖、住宅、樓梯間,鋼筋混凝土造,110年2月18日,三層,一層 二層 三層 陽台 見其他登記事項
RPSOMLKMRHGGFAP56EA,,118.26,防空避難室、地下停車空間、機電設備管道間、水箱、安全梯、電梯、梯廳、管委會空間、機電梯間,鋼筋混凝土造,110年2月18日,九層,
RPTOMLKMRHGGFAP66EA,,90.32,集合住宅,鋼筋混凝土造,110年2月18日,九層,六層 陽台
RPTOMLKMRHGGFAP66EA,,50.75,防空避難室、地下停車空間、機電設備管道間、水箱、安全梯、電梯、梯廳、管委會空間、機電梯間,鋼筋混凝土造,110年2月18日,九層,
RPTOMLKMRHGGFAP66EA,,10.79,樓電梯間、梯廳、機電設備管道間,鋼筋混凝土造,110年2月18日,九層,
RPUOMLKMRHGGFAP76EA,,243.25,店舖、住宅、樓梯間,鋼筋混凝土造,110年2月18日,三層,一層 二層 三層 陽台 見其他登記事項
RPUOMLKMRHGGFAP76EA,,91.58,防空避難室、地下停車空間、機電設備管道間、水箱、安全梯、電梯、梯廳、管委會空間、機電梯間,鋼筋混凝土造,110年2月18日,九層,
RPVOMLKMRHGGFAP86EA,,74.85,集合住宅,鋼筋混凝土造,110年2月18日,九層,三層 陽台
RPVOMLKMRHGGFAP86EA,,46.98,防空避難室、地下停車空間、機電設備管道間、水箱、安全梯、電梯、梯廳、管委會空間、機電梯間,鋼筋混凝土造,110年2月18日,九層,
RPVOMLKMRHGGFAP86EA,,11.78,樓電梯間、梯廳、電梯設備管道間,鋼筋混凝土造,110年2月18日,九層,
RPWOMLKMRHGGFAP96EA,,93.03,集合住宅,鋼筋混凝土造,110年2月18日,九層,三層 陽台
RPWOMLKMRHGGFAP96EA,,51.52,防空避難室、地下停車空間、機電設備管道間、水箱、安全梯、電梯、梯廳、管委會空間、機電梯間,鋼筋混凝土造,110年2月18日,九層,
RPWOMLKMRHGGFAP96EA,,14.47,樓電梯間、梯廳、電梯設備管道間,鋼筋混凝土造,110年2月18日,九層,
RPXOMLKMRHGGFAP07EA,,74.85,集合住宅,鋼筋混凝土造,110年2月18日,九層,五層 陽台
RPXOMLKMRHGGFAP07EA,,47.01,防空避難室、地下停車空間、機電設備管道間、水箱、安全梯、電梯、梯廳、管委會空間、機電梯間,鋼筋混凝土造,110年2月18日,九層,
RPXOMLKMRHGGFAP07EA,,11.78,樓電梯間、梯廳、電梯設備管道間,鋼筋混凝土造,110年2月18日,九層,
RPPNMLMKIIGGFAP97EA,25,103.51,住家用,鋼筋混凝土造,86年2月11日,十三層,十三層 陽台
RPPNMLMKIIGGFAP97EA,25,27.23,共同部份,鋼筋混凝土造,86年2月11日,十四層,
RPUOMLRJIIGGFDP56DA,17,241.60,住家用,鋼筋混凝土造,93年12月3日,三層,一層 二層 三層 陽台
RPTPMLOJIIGGFDP88DA,,168.91,停車空間、住宅,鋼筋混凝土造,110年5月16日,三層,一層 二層 三層 陽台
RPPOMLOJIIGGFDP38DA,,158.03,住家用,鋼筋混凝土造,110年5月10日,三層,一層 二層 三層 陽台
RPQOMLOJIIGGFDP48DA,,158.03,住家用,鋼筋混凝土造,110年5月10日,三層,一層 二層 三層 陽台
RPROMLOJIIGGFDP58DA,,158.03,住家用,鋼筋混凝土造,110年5月10日,三層,一層 二層 三層 陽台
RPUOMLOJIIGGFDP88DA,,207.06,住家用,鋼筋混凝土造,110年5月10日,三層,一層 二層 三層 陽台
RPQNMLTKQHGGFEP17DA,26,185.07,住商用,鋼筋混凝土造,84年3月27日,三層,一層 二層 三層 陽台 騎樓 電梯樓梯間
RPPNMLTKQHGGFEP07DA,26,177.91,住商用,鋼筋混凝土造,84年3月27日,三層,一層 二層 三層 陽台 騎樓 電梯樓梯間
RPRNMLSJIIGGFBP68DA,43,105.67,住商用,加強磚造,67年8月20日,二層,一層 二層 騎樓
RPPNMLSLRHGGFBP86DA,41,105.60,住家用,加強磚造,69年3月31日,二層,一層 二層 陽台 電梯樓梯間
RPVNMLMKIIGGFCP78EA,6,256.47,住家用,鋼筋混凝土造,104年5月4日,三層,一層 二層 三層 陽台
RPSNMLMKIIGGFCP48EA,3,252.17,住宅、樓梯間,鋼筋混凝土造,108年2月22日,三層,一層 二層 三層 見其他登記事項
RPQNMLMKIIGGFCP18DA,,171.59,住宅、停車空間,鋼筋混凝土造,109年12月30日,三層,一層 二層 三層 陽台 見其他登記事項
RPPNMLLKIIGGFCP97DA,31,150.08,住家用,ＲＣ構架造,79年3月15日,三層,一層 二層 三層 騎樓 電梯樓梯間
RPPNMLSJIIGGFCP58DA,45,110.16,住家用,加強磚造,65年10月28日,二層,一層 二層
RPVNMLNLRHGGFAP86DA,15,185.77,住家用,鋼筋混凝土造,95年11月10日,三層,一層 二層 三層 陽台 電梯樓梯間 雨遮
RPQNMLQJIIGGFDP58DA,30,165.06,住家用,鋼筋混凝土造,80年10月9日,三層,一層 二層 三層 陽台
RPPNMLSJIIGGFDP68DA,,173.13,住家用,鋼筋混凝土造,110年7月21日,三層,一層 二層 三層 陽台
RPWNMLMKIIGGFAP58DA,1,163.90,住家用,鋼筋混凝土造,109年5月31日,三層,一層 二層 三層 陽台
RPQNMLSJIIGGFDP78DA,,162.84,住家用,鋼筋混凝土造,110年5月12日,三層,一層 二層 三層 陽台
RPRNMLSJIIGGFDP88DA,,130.16,住宅、外廊,鋼筋混凝土造,110年7月19日,三層,一層 二層 三層 陽台
RPUNMLSJIIGGFDP56DA,,152.63,住家用,鋼筋混凝土造,110年5月25日,三層,一層 二層 三層 陽台
RPSNMLSJIIGGFDP98DA,,154.46,住宅、外廊,鋼筋混凝土造,110年7月19日,三層,一層 二層 三層 陽台
RPOPMLKMRHGGFAP88EA,,90.32,集合住宅,鋼筋混凝土造,110年2月18日,九層,五層 陽台
RPOPMLKMRHGGFAP88EA,,24.04,防空避難室、地下停車空間、機電設備管道間、水箱、安全梯、電梯、梯廳、管委會空間、機電梯間,鋼筋混凝土造,110年2月18日,九層,
RPOPMLKMRHGGFAP88EA,,10.79,樓電梯間、梯廳、機電設備管道間,鋼筋混凝土造,110年2月18日,九層,
RPTNMLSJIIGGFAP88EA,,198.14,住宅、樓梯間,鋼筋混凝土造,110年5月10日,三層,一層 二層 三層 陽台 見其他登記事項
RPSNMLNJQHGGFEP66DA,52,231.00,住家用,加強鐵筋磚造,58年12月29日,四層,一層 二層 三層 四層 騎樓
RPRNMLNKIIGGFAP28EA,1,349.38,店舖、停車空間、住宅、樓梯間,鋼筋混凝土造,108年9月24日,四層,一層 二層 三層 四層 陽台 屋頂突出物
RPVNMLNKIIGGFAP68EA,10,163.48,住宅、停車空間,鋼筋混凝土造,100年3月15日,三層,一層 二層 三層 陽台
RPUNMLSJIIGGFAP98EA,,188.14,住宅、樓梯間,鋼筋混凝土造,110年5月10日,三層,一層 二層 三層 陽台 見其他登記事項
RPVNMLSJIIGGFAP09EA,,188.14,住宅、樓梯間,鋼筋混凝土造,110年5月10日,三層,一層 二層 三層 陽台 見其他登記事項
RPWNMLSJIIGGFAP56EA,,188.14,住宅、樓梯間,鋼筋混凝土造,110年5月10日,三層,一層 二層 三層 陽台 見其他登記事項
RPXNMLSJIIGGFAP66EA,,188.14,住宅、樓梯間,鋼筋混凝土造,110年5月10日,三層,一層 二層 三層 陽台 見其他登記事項
RPPNMLRJIIGGFDP58DA,27,171.12,住家用,鋼筋混凝土造,84年1月28日,三層,一層 二層 三層 見其他登記事項
RPXNMLOJIIGGFDP09DA,,158.03,住家用,鋼筋混凝土造,110年5月10日,三層,一層 二層 三層 陽台
RPWNMLOJIIGGFDP98DA,,173.68,住家用,鋼筋混凝土造,110年5月10日,三層,一層 二層 三層 陽台
RPQNMLRJIIGGFBP48DA,1,226.99,私設騎樓、住宅、樓梯間,鋼筋混凝土造,109年9月17日,三層,一層 二層 三層 陽台 見其他登記事項
RPRNMLNKIIGGFBP28DA,,182.80,住宅、樓梯間,鋼筋混凝土造,110年7月26日,三層,一層 二層 三層 見其他登記事項
RPTNMLOLRHGGFBP86DA,23,159.69,住商用,鋼筋混凝土造,87年5月28日,三層,一層 二層 三層 陽台 騎樓 電梯樓梯間
RPQPMLMKIIGGFAP18DA,23,25.24,住家用,鋼筋混凝土造,87年10月30日,十層,五層 陽台
RPQPMLMKIIGGFAP18DA,23,8.10,共同部份,鋼筋混凝土造,87年10月30日,十層,
RPQPMLMKIIGGFAP18DA,23,5.03,共同部份,鋼筋混凝土造,87年10月30日,十層,
RPPNMLNKIIGGFAP97DA,,182.25,住宅、停車空間,鋼筋混凝土造,110年4月15日,四層,一層 二層 三層 四層 陽台
RPSNMLNKIIGGFAP28DA,1,62.83,集合住宅,鋼筋混凝土造,109年11月13日,五層,三層 陽台
RPSNMLNKIIGGFAP28DA,1,17.26,安全梯間、管委會、門廳、電信室、走廊,鋼筋混凝土造,109年11月13日,五層,
RPSNMLNLRHGGFBP66DA,22,20.93,住家用,鋼筋混凝土造,88年4月12日,十二層,二層
RPSNMLNLRHGGFBP66DA,22,27.76,住家用,鋼筋混凝土造,88年4月12日,十二層,二層
RPSNMLNLRHGGFBP66DA,22,20.93,住家用,鋼筋混凝土造,88年4月12日,十二層,三層
RPSNMLNLRHGGFBP66DA,22,27.76,住家用,鋼筋混凝土造,88年4月12日,十二層,三層
RPSNMLNLRHGGFBP66DA,22,5.76,共同部份,鋼筋混凝土造,88年4月12日,十二層,
RPSNMLNLRHGGFBP66DA,22,5.76,共同部份,鋼筋混凝土造,88年4月12日,十二層,
RPSNMLNLRHGGFBP66DA,22,7.48,共同部份,鋼筋混凝土造,88年4月12日,十二層,
RPSNMLNLRHGGFBP66DA,22,7.48,共同部份,鋼筋混凝土造,88年4月12日,十二層,
RPSNMLNLRHGGFBP66DA,22,6.20,共同部份,鋼筋混凝土造,88年4月12日,十二層,
RPSNMLNLRHGGFBP66DA,22,6.20,共同部份,鋼筋混凝土造,88年4月12日,十二層,
RPSNMLNLRHGGFBP66DA,22,7.75,共同部份,鋼筋混凝土造,88年4月12日,十二層,
RPSNMLNLRHGGFBP66DA,22,7.75,共同部份,鋼筋混凝土造,88年4月12日,十二層,
RPSNMLNLRHGGFBP66DA,22,15.02,法定停車位,鋼筋混凝土造,88年4月12日,十二層,
RPOOMLQJIIGGFAP18DA,,261.44,店舖、住宅、停車空間、樓梯間,鋼筋混凝土造,109年12月16日,四層,一層 二層 三層 四層 陽台 見其他登記事項
RPWNMLPJIIGGFAP78DA,,261.44,店舖、住宅、停車空間、樓梯間,鋼筋混凝土造,109年12月16日,四層,一層 二層 三層 四層 陽台 見其他登記事項
RPOOMLPJIIGGFAP08DA,,261.44,店舖、住宅、停車空間、樓梯間,鋼筋混凝土造,109年12月16日,四層,一層 二層 三層 四層 陽台 見其他登記事項
RPPNMLQJIIGGFAP18DA,27,17.74,共同部份,鋼筋混凝土造,83年11月18日,八層,
RPPNMLQJIIGGFAP18DA,27,55.05,住家用,鋼筋混凝土造,83年11月18日,八層,七層 陽台 花台
RPQNMLPLQHGGFBP56DA,80,58.96,住家用,磚木竹造,30年7月1日,一層,一層
RPPOMLSJIIGGFDP78DA,,164.26,住家用,鋼筋混凝土造,110年5月14日,三層,一層 二層 三層 陽台
RPQNMLKMRHGGFEP56DA,25,120.40,住家用,鋼筋混凝土造,86年3月13日,五層,五層 陽台
RPQNMLKMRHGGFEP56DA,25,41.11,停車位、車道、地下室,鋼筋混凝土造,86年3月13日,五層,
RPQNMLKMRHGGFEP56DA,25,2.66,水箱及樓梯間,鋼筋混凝土造,86年3月13日,五層,
RPQNMLKMRHGGFEP56DA,25,6.66,樓梯,鋼筋混凝土造,86年3月13日,五層,
RPVNMLPJIIGGFAP68DA,,242.08,住宅、停車空間、樓梯間,鋼筋混凝土造,109年12月16日,四層,一層 二層 三層 四層 陽台 見其他登記事項
RPOOMLSJIIGGFAP48EA,,188.14,住宅、樓梯間,鋼筋混凝土造,110年5月10日,三層,一層 二層 三層 陽台 見其他登記事項
RPPOMLSJIIGGFAP58EA,,188.14,住宅、樓梯間,鋼筋混凝土造,110年5月10日,三層,一層 二層 三層 陽台 見其他登記事項
RPQOMLSJIIGGFAP68EA,,188.14,住宅、樓梯間,鋼筋混凝土造,110年5月10日,三層,一層 二層 三層 陽台 見其他登記事項
RPROMLSJIIGGFAP78EA,,188.14,住宅、樓梯間,鋼筋混凝土造,110年5月10日,三層,一層 二層 三層 陽台 見其他登記事項
RPSOMLSJIIGGFAP88EA,,188.14,住宅、樓梯間,鋼筋混凝土造,110年5月10日,三層,一層 二層 三層 陽台 見其他登記事項
RPPNMLPKIIGGFBP38EA,22,62.29,住家用,鋼筋混凝土造,88年4月12日,十二層,九層 陽台
RPPNMLPKIIGGFBP38EA,22,15.54,共同部份,鋼筋混凝土造,88年4月12日,十二層,
RPPNMLPKIIGGFBP38EA,22,14.97,共同部份,鋼筋混凝土造,88年4月12日,十二層,
RPWNMLOKIIGGFCP09EA,51,132.14,住家用,加強磚造,59年5月30日,二層,一層 二層 騎樓
RPSNMLOKIIGGFCP68EA,2,201.42,住宅、停車空間、樓梯間,鋼筋混凝土造,108年6月26日,三層,一層 二層 三層 陽台 見其他登記事項
RPXNMLNKIIGGFAP88EA,1,206.30,住宅、樓梯間,鋼筋混凝土造,109年3月25日,三層,一層 二層 三層 陽台 屋頂突出物
RPTOMLSJIIGGFAP98EA,,188.14,住宅、樓梯間,鋼筋混凝土造,110年5月10日,三層,一層 二層 三層 陽台 見其他登記事項
RPUOMLSJIIGGFAP09EA,,188.14,住宅、樓梯間,鋼筋混凝土造,110年5月10日,三層,一層 二層 三層 陽台 見其他登記事項
RPVOMLSJIIGGFAP56EA,,188.14,住宅、樓梯間,鋼筋混凝土造,110年5月10日,三層,一層 二層 三層 陽台 見其他登記事項
RPXOMLSJIIGGFAP76EA,,188.14,住宅、樓梯間,鋼筋混凝土造,110年5月10日,三層,一層 二層 三層 陽台 見其他登記事項
RPWOMLSJIIGGFAP66EA,,188.14,住宅、樓梯間,鋼筋混凝土造,110年5月10日,三層,一層 二層 三層 陽台 見其他登記事項
RPOPMLSJIIGGFAP58EA,,194.41,住宅、樓梯間,鋼筋混凝土造,110年5月10日,三層,一層 二層 三層 陽台 見其他登記事項
RPPNMLRJIIGGFBP38DA,37,183.42,住商用,鋼筋混凝土造,73年6月10日,三層,一層 二層 三層 陽台 屋頂突出物 騎樓
RPROMLOKIIGGFAP38DA,14,170.32,住家用,鋼筋混凝土造,96年11月1日,三層,一層 二層 三層 陽台 電梯樓梯間
RPVOMLOKIIGGFAP78DA,27,126.56,住商用,鋼筋混凝土造,83年11月20日,十四層,一層 二層 三層 陽台 騎樓 花台
RPVOMLOKIIGGFAP78DA,27,30.19,共同部份,鋼筋混凝土造,83年11月20日,十四層,
RPUOMLOKIIGGFAP68DA,23,203.43,住家用,鋼筋混凝土造,87年6月1日,三層,一層 二層 三層 陽台 騎樓 電梯樓梯間
RPXNMLMKIIGGFDP98DA,40,84.00,住家用,加強磚造,70年8月25日,一層,一層
RPPNMLRJIIGGFAP28DA,11,205.26,住家用,鋼筋混凝土造,99年6月30日,四層,一層 二層 三層 四層 陽台 雨遮
RPRNMLSJIIGGFAP58DA,2,470.28,住宅、停車空間、樓梯間,鋼筋混凝土造,108年7月25日,四層,一層 二層 三層 四層 陽台 屋頂突出物
RPPOMLNKIIGGFAP08DA,22,99.94,住家用,鋼筋混凝土造,88年9月26日,五層,二層 三層 陽台
RPPOMLNKIIGGFAP08DA,22,19.15,停車空間,鋼筋混凝土造,88年9月26日,五層,
RPPOMLNKIIGGFAP08DA,22,19.45,共同部份,鋼筋混凝土造,88年9月26日,五層,
RPPOMLOKIIGGFAP18DA,39,127.68,住商用,加強磚造,71年11月2日,二層,一層 二層 騎樓 電梯樓梯間
RPQOMLOKIIGGFAP28DA,23,27.12,住家用,鋼筋混凝土造,87年10月30日,十層,八層 陽台
RPQOMLOKIIGGFAP28DA,23,11.57,共同部份,鋼筋混凝土造,87年10月30日,十層,
RPQOMLOKIIGGFAP28DA,23,7.25,共同部份,鋼筋混凝土造,87年10月30日,十層,
RPWNMLOKIIGGFAP78DA,24,90.00,商業用,鋼筋混凝土造,86年11月21日,七層,一層 平台
RPPNMLOKIIGGFAP08DA,28,194.84,住商用,鋼筋混凝土造,82年12月21日,四層,一層 二層 三層 四層 陽台
RPRNMLPKIIGGFAP38DA,39,139.98,住家用,鋼筋混凝土造,72年3月1日,三層,一層 二層 三層 電梯樓梯間 地下層
RPUNMLSLRHGGFBP37DA,41,132.77,住宅、梯間,加強磚造,69年5月15日,二層,一層 二層 陽台 見其他登記事項
RPTOMLRJIIGGFDP09DA,7,220.09,住家用,鋼筋混凝土造,103年12月9日,三層,一層 二層 三層 陽台
RPTNMLTKIIGGFEP76DA,38,71.65,住家用,加強磚造,72年9月15日,二層,一層 二層 陽台
RPSNMLKKRHGGFBP88DA,27,119.88,住家用,鋼筋混凝土造,83年4月30日,十層,四層 陽台
RPSNMLKKRHGGFBP88DA,27,17.97,共同部份,鋼筋混凝土造,83年4月30日,地下二層,
RPSNMLKKRHGGFBP88DA,27,31.30,共同部份,鋼筋混凝土造,83年4月30日,十層,
RPRNMLSKIIGGFCP98EA,29,194.42,住商用,鋼筋混凝土造,81年9月30日,四層,一層 二層 三層 四層 騎樓 電梯樓梯間
RPTNMLPKIIGGFAP58DA,2,203.13,住宅、樓梯間,鋼筋混凝土造,108年9月3日,三層,一層 二層 三層 陽台 見其他登記事項
RPSNMLSKIIGGFAP78DA,40,119.36,住商用,加強磚造,70年6月1日,二層,一層 二層 騎樓
RPQNMLRKIIGGFAP48DA,,202.72,住宅、樓梯間,鋼筋混凝土造,109年12月7日,三層,一層 二層 三層 陽台 屋頂突出物
RPPNMLRKIIGGFAP38DA,,181.65,住家用,鋼筋混凝土造,109年12月7日,三層,一層 二層 三層 陽台
RPRNMLSKIIGGFDP98DA,27,144.68,住家用,鋼筋混凝土造,83年9月15日,三層,一層 二層 三層 陽台
RPSNMLSKIIGGFDP09DA,,172.50,住家用,鋼筋混凝土造,110年5月12日,三層,一層 二層 三層 陽台
RPPOMLPKIIGGFAP38EA,28,193.53,住宅、車庫,鋼筋混凝土造,83年1月20日,四層,一層 二層 三層 四層 陽台 平台 電梯樓梯間
RPUNMLSKIIGGFAP09EA,10,204.73,住宅、停車空間,鋼筋混凝土造,100年4月25日,三層,一層 二層 三層 陽台 電梯樓梯間 雨遮
