﻿鄉鎮市區,交易標的,土地位置建物門牌,土地移轉總面積平方公尺,都市土地使用分區,非都市土地使用分區,非都市土地使用編定,交易年月日,交易筆棟數,移轉層次,總樓層數,建物型態,主要用途,主要建材,建築完成年月,建物移轉總面積平方公尺,建物現況格局-房,建物現況格局-廳,建物現況格局-衛,建物現況格局-隔間,有無管理組織,總價元,單價元平方公尺,車位類別,車位移轉總面積平方公尺,車位總價元,備註,編號,建案名稱,棟及號
The villages and towns urban district,transaction sign,land sector position building sector house number plate,land shifting total area square meter,the use zoning or compiles and checks,the non-metropolis land use district,non-metropolis land use,transaction year month and day,transaction pen number,shifting level,total floor number,building state,main use,main building materials,construction to complete the years,building shifting total area,Building present situation pattern - room,building present situation pattern - hall,building present situation pattern - health,building present situation pattern - compartmented,Whether there is manages the organization,total price NTD,the unit price (NTD / square meter),the berth category,berth shifting total area square meter,the berth total price NTD,the note,serial number,build case,buildings
莿桐鄉,房地(土地+建物),雲林縣莿桐鄉南安路,101.19,住,,,1100905,土地1建物1車位0,全,3,透天厝,住家用,鋼筋混凝土造,,174.15,5,2,2,有,無,8160000,46856,,0.0,0,,RPPNMLLKRHGGFAP58CB,聚馥,S1棟0號
斗六市,房地(土地+建物),雲林縣斗六市鎮北路,69.53,,鄉村區,乙種建築用地,1100416,土地4建物1車位0,全,4,透天厝,住家用,鋼筋混凝土造,,144.38,4,2,4,有,無,9330000,64621,,0.0,0,,RPSNMLLKRHGGFAP88CB,雲科莊園,C棟12號
斗六市,房地(土地+建物),雲林縣斗六市鎮北路,72.03,,鄉村區,乙種建築用地,1100829,土地4建物1車位0,全,4,透天厝,住家用,鋼筋混凝土造,,144.38,4,2,4,有,無,9280000,64275,,0.0,0,,RPTNMLLKRHGGFAP98CB,雲科莊園,B棟13-1號
虎尾鎮,房地(土地+建物),雲林縣虎尾鎮虎興西七街,137.12,住,,,1100515,土地2建物1車位0,全,3,透天厝,住家用,鋼筋混凝土造,,210.41,4,2,4,有,無,11800000,56081,,0.0,0,,RPQNMLLKRHGGFDP98CB,四季朗朗透天,1棟6號
虎尾鎮,房地(土地+建物),雲林縣虎尾鎮六十甲路,107.14,住,,,1100813,土地2建物1車位0,全,3,透天厝,住家用,鋼筋混凝土造,,218.24,4,2,5,有,無,13680000,62683,,0.0,0,,RPRNMLLKRHGGFDP09CB,四季朗朗透天,1棟6號
虎尾鎮,房地(土地+建物),雲林縣虎尾鎮虎興西七街,147.1,住,,,1100502,土地2建物1車位0,全,3,透天厝,住家用,鋼筋混凝土造,,214.18,4,2,4,有,無,11950000,55794,,0.0,0,,RPSNMLLKRHGGFDP56CB,四季朗朗透天,1棟6號
虎尾鎮,房地(土地+建物),雲林縣虎尾鎮虎興西七街,147.1,住,,,1100415,土地2建物1車位0,全,3,透天厝,住家用,鋼筋混凝土造,,214.18,4,2,4,有,無,11880000,55467,,0.0,0,,RPTNMLLKRHGGFDP66CB,四季朗朗透天,1棟6號
虎尾鎮,房地(土地+建物),雲林縣虎尾鎮虎興西七街,156.39,住,,,1100807,土地2建物1車位0,全,3,透天厝,住家用,鋼筋混凝土造,,210.41,4,2,4,有,無,12680000,60263,,0.0,0,,RPVNMLLKRHGGFDP86CB,四季朗朗透天,1棟6號
虎尾鎮,房地(土地+建物)+車位,雲林縣虎尾鎮松園三路,20.47,住,,,1100812,土地1建物1車位1,十層,11,住宅大樓(11層含以上有電梯),住家用,鋼筋混凝土造,,122.68,0,0,0,無,無,5890000,56523,坡道機械,31.39,730000,建物隔局:無隔間有2衛,RPWNMLLKRHGGFDP96CB,鋐元麗池,E2-10F號
斗南鎮,房地(土地+建物),雲林縣斗南鎮新生三路,98.74,住,,,1100821,土地5建物1車位0,全,3,透天厝,住家用,鋼筋混凝土造,,157.16,5,1,4,有,無,8200000,52176,,0.0,0,,RPPNMLLKRHGGFBP78DB,展揚時代,C棟9號
斗南鎮,房地(土地+建物),雲林縣斗南鎮新生三路,98.74,住,,,1100904,土地5建物1車位0,全,3,透天厝,住家用,鋼筋混凝土造,,186.38,5,2,5,有,無,9800000,52581,,0.0,0,,RPQNMLLKRHGGFBP88DB,展揚時代,B棟8號
斗南鎮,房地(土地+建物),雲林縣斗南鎮建國三路,18.11,住,,,1100904,土地1建物1車位0,二層,7,套房(1房1廳1衛),住家用,鋼筋混凝土造,,49.63,1,1,1,有,無,2750000,55410,,0.0,0,,RPRNMLLKRHGGFBP98DB,微風city,A棟1號
斗南鎮,房地(土地+建物),雲林縣斗南鎮建國三路,18.11,住,,,1100904,土地1建物1車位0,三層,7,套房(1房1廳1衛),住家用,鋼筋混凝土造,,49.63,1,1,1,有,無,2850000,57425,,0.0,0,,RPSNMLLKRHGGFBP09DB,微風city,A棟1號
斗南鎮,房地(土地+建物),雲林縣斗南鎮建國三路,27.88,住,,,1100909,土地1建物1車位0,五層,7,華廈(10層含以下有電梯),住家用,鋼筋混凝土造,,76.36,2,1,2,有,無,4300000,56312,,0.0,0,,RPTNMLLKRHGGFBP56DB,微風city,A棟3號
斗六市,房地(土地+建物),雲林縣斗六市豐興路,24.01,,鄉村區,乙種建築用地,1100904,土地1建物1車位0,五層,5,華廈(10層含以下有電梯),住家用,鋼筋混凝土造,,69.4,2,1,1,有,無,4080000,58790,,0.0,0,,RPSNMLLKRHGGFAP98DB,?井澤,B棟2號
斗六市,房地(土地+建物),雲林縣斗六市豐興路,25.25,,鄉村區,乙種建築用地,1100907,土地1建物1車位0,五層,5,華廈(10層含以下有電梯),住家用,鋼筋混凝土造,,72.54,2,1,2,有,無,4230000,58313,,0.0,0,,RPUNMLLKRHGGFAP56DB,?井澤,D棟3號
斗六市,房地(土地+建物),雲林縣斗六市十三東路,125.25,,特定農業區,甲種建築用地,1100826,土地2建物1車位0,全,3,透天厝,住家用,鋼筋混凝土造,,170.74,3,3,4,有,無,7300000,42755,,0.0,0,,RPVNMLLKRHGGFAP66DB,和家萬年5,L棟9號
虎尾鎮,房地(土地+建物),雲林縣虎尾鎮松園三路,13.7,住,,,1100814,土地1建物1車位0,八層,11,住宅大樓(11層含以上有電梯),住家用,鋼筋混凝土造,,60.88,1,1,1,有,無,3340000,54862,,0.0,0,,RPPNMLMKRHGGFDP98CB,鋐元麗池,E1-8F號
虎尾鎮,房地(土地+建物),雲林縣虎尾鎮虎興西七街,141.32,住,,,1100411,土地2建物1車位0,全,3,透天厝,住家用,鋼筋混凝土造,,215.53,4,2,4,有,無,11850000,54981,,0.0,0,,RPPNMLNKRHGGFDP09CB,四季朗朗透天,1棟6號
虎尾鎮,房地(土地+建物),雲林縣虎尾鎮虎興西七街,117.38,住,,,1100409,土地2建物1車位0,全,3,透天厝,住家用,鋼筋混凝土造,,241.25,5,2,5,有,無,14800000,61347,,0.0,0,,RPQNMLNKRHGGFDP56CB,四季朗朗透天,1棟6號
虎尾鎮,房地(土地+建物)+車位,雲林縣虎尾鎮高南段410地號,55.03,住,,,1100807,土地1建物1車位1,四層,5,華廈(10層含以下有電梯),住家用,鋼筋混凝土造,,124.15,3,2,2,有,無,6550000,49263,一樓平面,9.46,900000,早鳥優惠價,RPRNMLNKRHGGFDP66CB,沐晴2期,A棟7號
虎尾鎮,房地(土地+建物)+車位,雲林縣虎尾鎮高南段410地號,37.14,住,,,1100810,土地1建物1車位1,二層,5,華廈(10層含以下有電梯),住家用,鋼筋混凝土造,,92.59,2,2,1,有,無,5500000,55335,一樓平面,9.46,900000,早鳥優惠價,RPSNMLNKRHGGFDP76CB,沐晴2期,B棟2號
虎尾鎮,房地(土地+建物)+車位,雲林縣虎尾鎮高南段410地號,37.38,住,,,1100822,土地1建物1車位1,四層,5,華廈(10層含以下有電梯),住家用,鋼筋混凝土造,,87.75,2,2,1,有,無,4820000,50070,一樓平面,9.46,900000,早鳥優惠價,RPTNMLNKRHGGFDP86CB,沐晴2期,B棟8號
虎尾鎮,房地(土地+建物),雲林縣虎尾鎮高南段410地號,25.78,住,,,1100824,土地1建物1車位0,五層,5,華廈(10層含以下有電梯),住家用,鋼筋混凝土造,,52.79,1,1,1,有,無,2830000,53609,,0.0,0,早鳥優惠價,RPUNMLNKRHGGFDP96CB,沐晴2期,A棟3號
斗六市,房地(土地+建物),雲林縣斗六市十三東路,84.0,,特定農業區,甲種建築用地,1100824,土地1建物1車位0,全,4,透天厝,住家用,鋼筋混凝土造,,191.83,4,3,5,有,無,8100000,42225,,0.0,0,,RPQNMLNKRHGGFAP98DB,和家萬年5,B棟3號
斗六市,房地(土地+建物),雲林縣斗六市豐興路,27.77,,鄉村區,乙種建築用地,1100912,土地1建物1車位0,四層,5,華廈(10層含以下有電梯),住家用,鋼筋混凝土造,,81.8,2,1,2,有,無,4700000,57457,,0.0,0,,RPRNMLNKRHGGFAP09DB,?井澤,A棟1號
斗六市,房地(土地+建物)+車位,雲林縣斗六市豐興路,32.76,,鄉村區,乙種建築用地,1100913,土地1建物1車位1,二層,5,華廈(10層含以下有電梯),住家用,鋼筋混凝土造,,115.71,3,2,2,有,無,6300000,57007,一樓平面,19.23,800000,,RPSNMLNKRHGGFAP56DB,?井澤,A棟2號
斗南鎮,房地(土地+建物)+車位,雲林縣斗南鎮建國三路,27.88,住,,,1100905,土地1建物1車位1,七層,7,華廈(10層含以下有電梯),住家用,鋼筋混凝土造,,92.06,2,1,2,有,無,5400000,58931,一樓平面,15.7,900000,,RPPNMLNKRHGGFBP98DB,微風city,A棟3號
斗南鎮,房地(土地+建物)+車位,雲林縣斗南鎮建國三路,27.88,住,,,1100904,土地1建物1車位1,三層,7,華廈(10層含以下有電梯),住家用,鋼筋混凝土造,,92.06,2,1,2,有,無,5100000,55003,一樓平面,15.7,900000,,RPQNMLNKRHGGFBP09DB,微風city,A棟3號
斗南鎮,房地(土地+建物)+車位,雲林縣斗南鎮建國三路,28.93,住,,,1100905,土地1建物1車位1,三層,7,華廈(10層含以下有電梯),住家用,鋼筋混凝土造,,94.96,2,1,2,有,無,5250000,54883,一樓平面,15.7,900000,,RPRNMLNKRHGGFBP56DB,微風city,A棟5號
斗南鎮,房地(土地+建物),雲林縣斗南鎮建國三路,27.88,住,,,1100905,土地1建物1車位0,四層,7,華廈(10層含以下有電梯),住家用,鋼筋混凝土造,,76.36,2,1,2,有,無,4200000,55003,,0.0,0,,RPSNMLNKRHGGFBP66DB,微風city,B棟3號
斗南鎮,房地(土地+建物),雲林縣斗南鎮建國三路,28.93,住,,,1100906,土地1建物1車位0,五層,7,華廈(10層含以下有電梯),住家用,鋼筋混凝土造,,79.26,2,1,2,有,無,4360000,55009,,0.0,0,,RPTNMLNKRHGGFBP76DB,微風city,B棟5號
斗南鎮,房地(土地+建物)+車位,雲林縣斗南鎮建國三路,27.88,住,,,1100905,土地1建物1車位1,七層,7,華廈(10層含以下有電梯),住家用,鋼筋混凝土造,,92.06,2,1,2,有,無,5400000,58931,一樓平面,15.7,900000,,RPUNMLNKRHGGFBP86DB,微風city,B棟3號
斗南鎮,房地(土地+建物),雲林縣斗南鎮建國三路,28.93,住,,,1100911,土地1建物1車位0,七層,7,華廈(10層含以下有電梯),住家用,鋼筋混凝土造,,79.26,2,1,2,有,無,4500000,56775,,0.0,0,,RPVNMLNKRHGGFBP96DB,微風city,B棟5號
斗南鎮,房地(土地+建物),雲林縣斗南鎮建國三路,28.93,住,,,1100910,土地1建物1車位0,四層,7,華廈(10層含以下有電梯),住家用,鋼筋混凝土造,,79.26,2,1,2,有,無,4320000,54504,,0.0,0,,RPWNMLNKRHGGFBP07DB,微風city,A棟5號
斗南鎮,房地(土地+建物),雲林縣斗南鎮建國三路,27.88,住,,,1100912,土地1建物1車位0,三層,7,華廈(10層含以下有電梯),住家用,鋼筋混凝土造,,76.36,2,1,2,有,無,4230000,55395,,0.0,0,,RPXNMLNKRHGGFBP17DB,微風city,B棟3號
斗南鎮,房地(土地+建物),雲林縣斗南鎮建國三路,83.62,住,,,1100903,土地2建物1車位0,全,3,店面(店鋪),住商用,鋼筋混凝土造,,198.85,4,3,4,有,無,12200000,61353,,0.0,0,,RPOOMLNKRHGGFBP98DB,微風city,C棟3號
斗南鎮,房地(土地+建物)+車位,雲林縣斗南鎮建國三路,28.93,住,,,1100913,土地1建物1車位1,七層,7,華廈(10層含以下有電梯),住家用,鋼筋混凝土造,,94.96,2,1,2,有,無,5450000,56775,一樓平面,15.7,950000,,RPPOMLNKRHGGFBP09DB,微風city,A棟5號
斗南鎮,房地(土地+建物),雲林縣斗南鎮光和路,94.16,住,,,1100827,土地1建物1車位0,全,3,透天厝,住家用,鋼筋混凝土造,,170.36,4,2,3,有,無,7880000,46255,,0.0,0,本地號尚未分割，土地面積及移轉面積欄為出售之面積。,RPPNMLNKRHGGFBP88CB,友誠真福第12期,A棟3號
斗六市,房地(土地+建物),雲林縣斗六市鎮北路,76.63,,鄉村區,乙種建築用地,1091216,土地4建物1車位0,全,4,透天厝,住家用,鋼筋混凝土造,,152.85,4,2,4,有,無,9390000,61433,,0.0,0,,RPPNMLOKRHGGFAP88CB,雲科莊園,A棟3號
斗六市,房地(土地+建物),雲林縣斗六市鎮北路,70.73,,鄉村區,乙種建築用地,1091215,土地4建物1車位0,全,4,透天厝,住家用,鋼筋混凝土造,,167.29,4,3,4,有,無,10200000,60972,,0.0,0,,RPQNMLOKRHGGFAP98CB,雲科莊園,A棟1號
斗六市,房地(土地+建物),雲林縣斗六市鎮北路,76.02,,鄉村區,乙種建築用地,1091128,土地4建物1車位0,全,4,透天厝,住家用,鋼筋混凝土造,,153.59,4,2,4,有,無,9050000,58923,,0.0,0,,RPRNMLOKRHGGFAP09CB,雲科莊園,E棟1號
斗六市,房地(土地+建物),雲林縣斗六市科?一路,82.16,,工業區,丁種建築用地,1100910,土地3建物1車位0,全,3,透天厝,住家用,鋼筋混凝土造,,144.66,4,2,5,有,無,7650000,52883,,0.0,0,,RPSNMLOKRHGGFAP56CB,綠邸三期,B棟6號
斗六市,房地(土地+建物),雲林縣斗六市科?一路,82.16,,工業區,丁種建築用地,1100911,土地3建物1車位0,全,3,透天厝,住家用,鋼筋混凝土造,,144.66,4,2,5,有,無,7700000,53228,,0.0,0,,RPTNMLOKRHGGFAP66CB,綠邸三期,B棟7號
斗六市,房地(土地+建物),雲林縣斗六市鎮北路,64.82,,鄉村區,乙種建築用地,1091128,土地4建物1車位0,全,4,透天厝,住家用,鋼筋混凝土造,,141.2,4,2,4,有,無,8550000,60552,,0.0,0,,RPUNMLOKRHGGFAP76CB,雲科莊園,E棟2號
斗六市,房地(土地+建物),雲林縣斗六市鎮北路,79.4,,鄉村區,乙種建築用地,1100330,土地4建物1車位0,全,4,透天厝,住家用,鋼筋混凝土造,,151.1,4,2,4,有,無,9200000,60887,,0.0,0,,RPQOMLOKRHGGFAP09CB,雲科莊園,E棟3-1號
斗六市,房地(土地+建物),雲林縣斗六市鎮北路,69.83,,鄉村區,乙種建築用地,1100122,土地4建物1車位0,全,4,透天厝,住家用,鋼筋混凝土造,,151.0,4,2,4,有,無,9400000,62252,,0.0,0,,RPROMLOKRHGGFAP56CB,雲科莊園,E棟3號
斗六市,房地(土地+建物),雲林縣斗六市鎮北路,97.97,,鄉村區,乙種建築用地,1100529,土地4建物1車位0,全,4,透天厝,住家用,鋼筋混凝土造,,153.57,4,2,4,有,無,9530000,62056,,0.0,0,,RPUOMLOKRHGGFAP86CB,雲科莊園,F2棟2號
斗六市,房地(土地+建物),雲林縣斗六市鎮北路,113.71,,鄉村區,乙種建築用地,1091215,土地4建物1車位0,全,4,透天厝,住家用,鋼筋混凝土造,,151.1,4,2,4,有,無,10200000,67505,,0.0,0,,RPVOMLOKRHGGFAP96CB,雲科莊園,E棟7號
虎尾鎮,房地(土地+建物),雲林縣虎尾鎮松園三路,17.54,住,,,1100817,土地1建物1車位0,二層,11,住宅大樓(11層含以上有電梯),住家用,鋼筋混凝土造,,77.77,2,1,1,有,無,4200000,54005,,0.0,0,,RPPNMLOKRHGGFDP56CB,鋐元麗池,F6-2F號
虎尾鎮,房地(土地+建物)+車位,雲林縣虎尾鎮虎興西八路,27.4,住,,,1100720,土地8建物1車位1,八層,14,住宅大樓(11層含以上有電梯),住家用,鋼筋混凝土造,,136.71,2,1,1,有,無,6650000,57443,坡道平面,34.0,750000,,RPTNMLPKRHGGFDP17DB,仰雲安縵,B棟3號
斗六市,房地(土地+建物),雲林縣斗六市鎮北路,75.12,,鄉村區,乙種建築用地,1100220,土地4建物1車位0,全,4,透天厝,住家用,鋼筋混凝土造,,144.38,4,2,4,有,無,8720000,60396,,0.0,0,,RPPNMLPKRHGGFAP98CB,雲科莊園,B棟16號
斗六市,房地(土地+建物),雲林縣斗六市鎮北路,71.74,,鄉村區,乙種建築用地,1100219,土地4建物1車位0,全,4,透天厝,住家用,鋼筋混凝土造,,151.1,4,2,4,有,無,8870000,58703,,0.0,0,,RPQNMLPKRHGGFAP09CB,雲科莊園,C棟3-1號
斗六市,房地(土地+建物),雲林縣斗六市鎮北路,71.74,,鄉村區,乙種建築用地,1100130,土地4建物1車位0,全,4,透天厝,住家用,鋼筋混凝土造,,151.1,4,2,4,有,無,8900000,58901,,0.0,0,,RPRNMLPKRHGGFAP56CB,雲科莊園,C棟6號
斗六市,房地(土地+建物)+車位,雲林縣斗六市鎮南路,24.63,,鄉村區,乙種建築用地,1100822,土地1建物1車位1,五層,10,華廈(10層含以下有電梯),住商用,鋼筋混凝土造,,99.24,2,2,1,有,無,5410000,54762,坡道機械,9.58,500000,,RPUNMLPKRHGGFAP86CB,銓威雲硯,D棟0號
斗六市,房地(土地+建物),雲林縣斗六市鎮南路,18.13,,鄉村區,乙種建築用地,1100819,土地1建物1車位0,四層,10,華廈(10層含以下有電梯),住商用,鋼筋混凝土造,,65.97,2,1,1,有,無,3700000,56086,,0.0,0,,RPWNMLPKRHGGFAP07CB,銓威雲硯,F棟0號
斗六市,房地(土地+建物),雲林縣斗六市鎮南路,18.13,,鄉村區,乙種建築用地,1100821,土地1建物1車位0,三層,10,華廈(10層含以下有電梯),住商用,鋼筋混凝土造,,65.97,2,1,1,有,無,3700000,56086,,0.0,0,,RPXNMLPKRHGGFAP17CB,銓威雲硯,F棟0號
斗六市,房地(土地+建物)+車位,雲林縣斗六市鎮南路,22.58,,鄉村區,乙種建築用地,1100824,土地1建物1車位1,三層,10,華廈(10層含以下有電梯),住商用,鋼筋混凝土造,,91.76,2,2,1,有,無,5080000,55731,坡道機械,9.58,500000,,RPPOMLPKRHGGFAP09CB,銓威雲硯,C棟0號
斗六市,房地(土地+建物),雲林縣斗六市鎮北路,71.74,,鄉村區,乙種建築用地,1100313,土地4建物1車位0,全,4,透天厝,住家用,鋼筋混凝土造,,151.1,3,2,4,有,無,9200000,60887,,0.0,0,,RPQOMLPKRHGGFAP56CB,雲科莊園,D棟10號
斗六市,房地(土地+建物),雲林縣斗六市鎮北路,69.53,,鄉村區,乙種建築用地,1100123,土地4建物1車位0,全,4,透天厝,住家用,鋼筋混凝土造,,144.38,3,2,4,有,無,8800000,60950,,0.0,0,,RPROMLPKRHGGFAP66CB,雲科莊園,D棟13號
斗六市,房地(土地+建物)+車位,雲林縣斗六市鎮南路,24.63,,鄉村區,乙種建築用地,1100817,土地1建物1車位1,四層,10,華廈(10層含以下有電梯),住商用,鋼筋混凝土造,,99.24,2,2,1,有,無,5580000,56658,坡道機械,9.58,500000,,RPSOMLPKRHGGFAP76CB,銓威雲硯,D棟0號
斗六市,房地(土地+建物)+車位,雲林縣斗六市鎮南路,24.63,,鄉村區,乙種建築用地,1100829,土地1建物1車位1,三層,10,華廈(10層含以下有電梯),住商用,鋼筋混凝土造,,99.24,2,2,1,有,無,5580000,56658,坡道機械,9.58,500000,,RPTOMLPKRHGGFAP86CB,銓威雲硯,D棟0號
斗南鎮,房地(土地+建物),雲林縣斗南鎮光和路,105.7,住,,,1100911,土地1建物1車位0,全,3,透天厝,住家用,鋼筋混凝土造,,185.17,4,2,3,有,無,8660000,46768,,0.0,0,,RPPNMLPKRHGGFBP09CB,友誠真福第12期,A棟6號
斗南鎮,房地(土地+建物),雲林縣斗南鎮守成街,27.88,住,,,1100501,土地1建物1車位0,三層,9,華廈(10層含以下有電梯),住家用,鋼筋混凝土造,,95.44,3,2,2,有,無,4900000,51341,,0.0,0,,RPRNMLQKRHGGFBP76CB,幸福好好,3D號
斗南鎮,房地(土地+建物),雲林縣斗南鎮守成街,22.93,住,,,1100622,土地1建物1車位0,三層,9,華廈(10層含以下有電梯),住家用,鋼筋混凝土造,,78.52,3,2,2,有,無,3820000,48650,,0.0,0,,RPSNMLQKRHGGFBP86CB,幸福好好,3E號
斗六市,房地(土地+建物),雲林縣斗六市西平路616巷,26.97,,特定農業區,甲種建築用地,1100825,土地1建物1車位0,二層,5,華廈(10層含以下有電梯),住家用,鋼筋混凝土造,,84.82,2,2,1,有,無,4200000,49517,,0.0,0,,RPRNMLQKRHGGFAP66CB,亞設曦平,A棟2號
斗六市,房地(土地+建物)+車位,雲林縣斗六市西平路616巷,26.97,,特定農業區,甲種建築用地,1100818,土地1建物1車位1,二層,5,華廈(10層含以下有電梯),住家用,鋼筋混凝土造,,92.18,2,2,1,有,無,4580000,48181,其他,7.5,500000,,RPUNMLQKRHGGFAP96CB,亞設曦平,B棟2號
西螺鎮,房地(土地+建物),雲林縣西螺鎮安定,118.0,住,,,1100826,土地5建物1車位0,全,3,透天厝,住家用,鋼筋混凝土造,,169.84,4,2,4,有,無,7700000,45337,,0.0,0,,RPPNMLQKRHGGFCP66CB,埔心荷雅,B棟20號
虎尾鎮,房地(土地+建物),雲林縣虎尾鎮六十甲路,99.43,住,,,1100306,土地2建物1車位0,全,3,透天厝,住家用,鋼筋混凝土造,,208.76,4,2,5,有,無,12800000,61314,,0.0,0,,RPPNMLQKRHGGFDP76CB,四季朗朗透天,1棟6號
虎尾鎮,房地(土地+建物),雲林縣虎尾鎮虎興西七街,113.98,住,,,1100223,土地2建物1車位0,全,3,透天厝,住家用,鋼筋混凝土造,,231.73,4,2,5,有,無,14500000,62573,,0.0,0,,RPQNMLQKRHGGFDP86CB,四季朗朗透天,1棟6號
虎尾鎮,房地(土地+建物),雲林縣虎尾鎮六十甲路,99.43,住,,,1100205,土地2建物1車位0,全,3,透天厝,住家用,鋼筋混凝土造,,208.77,4,2,5,有,無,12750000,61072,,0.0,0,,RPRNMLQKRHGGFDP96CB,四季朗朗透天,1棟6號
虎尾鎮,房地(土地+建物),雲林縣虎尾鎮虎興西七街,112.49,住,,,1100127,土地2建物1車位0,全,3,透天厝,住家用,鋼筋混凝土造,,233.61,5,2,5,有,無,14380000,61556,,0.0,0,,RPSNMLQKRHGGFDP07CB,四季朗朗透天,1棟6號
斗南鎮,房地(土地+建物)+車位,雲林縣斗南鎮守成街,20.12,住,,,1100320,土地1建物1車位1,二層,9,華廈(10層含以下有電梯),住家用,鋼筋混凝土造,,88.7,2,2,2,有,無,3920000,50385,坡道機械,19.83,450000,,RPPNMLRKRHGGFBP66CB,幸福好好,2C號
斗南鎮,房地(土地+建物)+車位,雲林縣斗南鎮守成街,27.84,住,,,1100517,土地1建物1車位1,三層,9,華廈(10層含以下有電梯),住家用,鋼筋混凝土造,,115.14,3,2,2,有,無,5280000,50152,坡道機械,19.83,500000,,RPQNMLRKRHGGFBP76CB,幸福好好,3G號
斗南鎮,房地(土地+建物),雲林縣斗南鎮守成街,22.09,住,,,1100913,土地1建物1車位0,三層,9,華廈(10層含以下有電梯),住家用,鋼筋混凝土造,,75.61,2,2,2,有,無,4120000,54490,,0.0,0,,RPRNMLRKRHGGFBP86CB,幸福好好,3H號
斗南鎮,房地(土地+建物)+車位,雲林縣斗南鎮守成街,22.93,住,,,1100429,土地1建物1車位1,四層,9,華廈(10層含以下有電梯),住家用,鋼筋混凝土造,,98.35,3,2,2,有,無,4580000,50688,坡道機械,19.83,600000,,RPUNMLRKRHGGFBP17CB,幸福好好,4E號
斗南鎮,房地(土地+建物),雲林縣斗南鎮守成街,27.84,住,,,1100613,土地1建物1車位0,四層,9,華廈(10層含以下有電梯),住家用,鋼筋混凝土造,,95.31,3,2,2,有,無,4800000,50362,,0.0,0,,RPVNMLRKRHGGFBP27CB,幸福好好,4G號
斗南鎮,房地(土地+建物)+車位,雲林縣斗南鎮守成街,27.88,住,,,1100507,土地1建物1車位1,四層,9,華廈(10層含以下有電梯),住家用,鋼筋混凝土造,,115.27,3,2,2,有,無,5600000,51865,坡道機械,19.83,650000,,RPPNMLSKRHGGFBP76CB,幸福好好,4D號
斗南鎮,房地(土地+建物)+車位,雲林縣斗南鎮守成街,27.84,住,,,1100515,土地1建物1車位1,五層,9,華廈(10層含以下有電梯),住家用,鋼筋混凝土造,,115.14,3,2,2,有,無,5400000,50887,坡道機械,19.83,550000,,RPSNMLSKRHGGFBP07CB,幸福好好,5G號
斗南鎮,房地(土地+建物),雲林縣斗南鎮守成街,22.09,住,,,1100328,土地1建物1車位0,五層,9,華廈(10層含以下有電梯),住家用,鋼筋混凝土造,,75.61,2,2,2,有,無,3950000,52242,,0.0,0,,RPTNMLSKRHGGFBP17CB,幸福好好,5H號
斗南鎮,房地(土地+建物),雲林縣斗南鎮守成街,22.93,住,,,1100502,土地1建物1車位0,六層,9,華廈(10層含以下有電梯),住家用,鋼筋混凝土造,,78.52,3,2,2,有,無,4080000,51961,,0.0,0,,RPUNMLSKRHGGFBP27CB,幸福好好,6E號
斗南鎮,房地(土地+建物),雲林縣斗南鎮守成街,22.09,住,,,1100418,土地1建物1車位0,四層,9,華廈(10層含以下有電梯),住家用,鋼筋混凝土造,,75.61,2,2,2,有,無,3980000,52639,,0.0,0,,RPVNMLSKRHGGFBP37CB,幸福好好,4H號
斗南鎮,房地(土地+建物),雲林縣斗南鎮守成街,22.93,住,,,1100617,土地1建物1車位0,七層,9,華廈(10層含以下有電梯),住家用,鋼筋混凝土造,,78.52,3,2,2,有,無,3980000,50688,,0.0,0,,RPWNMLSKRHGGFBP47CB,幸福好好,7E號
斗南鎮,房地(土地+建物),雲林縣斗南鎮守成街,22.09,住,,,1100416,土地1建物1車位0,七層,9,華廈(10層含以下有電梯),住家用,鋼筋混凝土造,,75.61,2,2,2,有,無,3960000,52374,,0.0,0,,RPXNMLSKRHGGFBP57CB,幸福好好,7H號
斗南鎮,房地(土地+建物)+車位,雲林縣斗南鎮守成街,27.88,住,,,1100507,土地1建物1車位1,八層,9,華廈(10層含以下有電梯),住家用,鋼筋混凝土造,,115.27,3,2,2,有,無,5700000,53437,坡道機械,19.83,600000,,RPOOMLSKRHGGFBP76CB,幸福好好,8D號
斗南鎮,房地(土地+建物),雲林縣斗南鎮守成街,22.93,住,,,1100602,土地1建物1車位0,八層,9,華廈(10層含以下有電梯),住家用,鋼筋混凝土造,,78.52,3,2,2,有,無,3990000,50815,,0.0,0,,RPPOMLSKRHGGFBP86CB,幸福好好,8E號
斗南鎮,房地(土地+建物),雲林縣斗南鎮守成街,23.11,住,,,1100227,土地1建物1車位0,八層,9,華廈(10層含以下有電梯),住家用,鋼筋混凝土造,,78.91,3,2,2,有,無,4100000,51958,,0.0,0,,RPQOMLSKRHGGFBP96CB,幸福好好,8F號
斗南鎮,房地(土地+建物)+車位,雲林縣斗南鎮守成街,27.84,住,,,1100517,土地1建物1車位1,八層,9,華廈(10層含以下有電梯),住家用,鋼筋混凝土造,,115.14,3,2,2,有,無,5600000,53510,坡道機械,19.83,500000,,RPROMLSKRHGGFBP07CB,幸福好好,8G號
虎尾鎮,房地(土地+建物),雲林縣虎尾鎮六十甲路,99.43,住,,,1100114,土地2建物1車位0,全,3,透天厝,住家用,鋼筋混凝土造,,210.87,4,2,5,有,無,12800000,60701,,0.0,0,,RPPNMLSKRHGGFDP96CB,四季朗朗透天,1棟6號
虎尾鎮,房地(土地+建物)+車位,雲林縣虎尾鎮松園三路,17.54,住,,,1100819,土地1建物1車位1,二層,11,住宅大樓(11層含以上有電梯),住家用,鋼筋混凝土造,,109.17,2,1,1,有,無,5700000,59784,一樓平面,31.39,1050000,約定專用露台約7.17坪,RPQNMLSKRHGGFDP07CB,鋐元麗池,F1-2F號
虎尾鎮,房地(土地+建物),雲林縣虎尾鎮松園三路,13.7,住,,,1100819,土地1建物1車位0,六層,11,住宅大樓(11層含以上有電梯),住家用,鋼筋混凝土造,,60.86,1,1,1,有,無,3300000,54223,,0.0,0,,RPRNMLSKRHGGFDP17CB,鋐元麗池,E2-6F號
斗南鎮,房地(土地+建物)+車位,雲林縣斗南鎮守成街,22.09,住,,,1100403,土地1建物1車位1,八層,9,華廈(10層含以下有電梯),住家用,鋼筋混凝土造,,95.44,2,2,2,有,無,4580000,52639,坡道機械,19.83,600000,,RPPNMLTKRHGGFBP86CB,幸福好好,8H號
斗南鎮,房地(土地+建物)+車位,雲林縣斗南鎮守成街,28.95,住,,,1100407,土地1建物1車位1,九層,9,華廈(10層含以下有電梯),住家用,鋼筋混凝土造,,118.95,3,2,2,有,無,5950000,53975,坡道機械,19.83,600000,,RPSNMLTKRHGGFBP17CB,幸福好好,9A號
斗南鎮,房地(土地+建物),雲林縣斗南鎮守成街,22.09,住,,,1100501,土地1建物1車位0,九層,9,華廈(10層含以下有電梯),住家用,鋼筋混凝土造,,75.61,2,2,2,有,無,3980000,52639,,0.0,0,,RPXNMLTKRHGGFBP67CB,幸福好好,9H號
斗南鎮,房地(土地+建物)+車位,雲林縣斗南鎮守成街,27.95,住,,,1100516,土地1建物1車位1,二層,9,華廈(10層含以下有電梯),住家用,鋼筋混凝土造,,115.5,3,2,2,有,無,5460000,50800,坡道機械,19.83,600000,,RPPOMLTKRHGGFBP96CB,幸福好好,2D號
斗南鎮,房地(土地+建物),雲林縣斗南鎮守成街,23.44,住,,,1100910,土地1建物1車位0,二層,9,華廈(10層含以下有電梯),住家用,鋼筋混凝土造,,80.24,3,2,2,有,無,4050000,50474,,0.0,0,,RPTOMLTKRHGGFBP37CB,幸福好好,2E號
斗南鎮,房地(土地+建物),雲林縣斗南鎮守成街,20.73,住,,,1100326,土地1建物1車位0,九層,9,華廈(10層含以下有電梯),住家用,鋼筋混凝土造,,70.99,2,2,2,有,無,3800000,53529,,0.0,0,,RPWOMLTKRHGGFBP67CB,幸福好好,9I號
斗南鎮,房地(土地+建物)+車位,雲林縣斗南鎮守成街,27.65,住,,,1100517,土地1建物1車位1,九層,9,華廈(10層含以下有電梯),住家用,鋼筋混凝土造,,114.47,3,2,2,有,無,5700000,53888,坡道機械,19.83,600000,,RPXOMLTKRHGGFBP77CB,幸福好好,9B號
斗南鎮,房地(土地+建物),雲林縣斗南鎮守成街,27.54,住,,,1091219,土地1建物1車位0,一層,9,華廈(10層含以下有電梯),住家用,鋼筋混凝土造,,94.29,3,2,2,有,無,4800000,50907,,0.0,0,,RPRPMLTKRHGGFBP27CB,幸福好好,1A號
斗南鎮,房地(土地+建物)+車位,雲林縣斗南鎮守成街,27.65,住,,,1100223,土地1建物1車位1,五層,9,華廈(10層含以下有電梯),住家用,鋼筋混凝土造,,114.47,3,2,2,有,無,5600000,53888,坡道機械,19.83,500000,,RPVPMLTKRHGGFBP67CB,幸福好好,5B號
斗六市,房地(土地+建物),雲林縣斗六市鎮北路,75.71,,鄉村區,乙種建築用地,1100918,土地4建物1車位0,全,4,透天厝,住家用,鋼筋混凝土造,,151.1,4,2,4,有,無,9360000,61946,,0.0,0,,RPPNMLKLRHGGFAP58CB,雲科莊園,B棟6號
斗六市,房地(土地+建物),雲林縣斗六市鎮北路,116.79,,鄉村區,乙種建築用地,1091127,土地4建物1車位0,全,4,透天厝,住家用,鋼筋混凝土造,,237.45,4,2,5,有,無,11300000,47589,,0.0,0,,RPQNMLKLRHGGFAP68CB,雲科莊園,B棟1號
斗六市,房地(土地+建物),雲林縣斗六市鎮北路,74.05,,鄉村區,乙種建築用地,1091129,土地4建物1車位0,全,4,透天厝,住家用,鋼筋混凝土造,,159.78,3,2,4,有,無,9200000,57579,,0.0,0,,RPRNMLKLRHGGFAP78CB,雲科莊園,D棟1號
斗六市,房地(土地+建物),雲林縣斗六市鎮北路,68.28,,鄉村區,乙種建築用地,1091230,土地4建物1車位0,全,4,透天厝,住家用,鋼筋混凝土造,,149.41,4,2,4,有,無,9000000,60237,,0.0,0,,RPSNMLKLRHGGFAP88CB,雲科莊園,E棟9號
斗六市,房地(土地+建物),雲林縣斗六市鎮北路,118.42,,鄉村區,乙種建築用地,1091216,土地4建物1車位0,全,4,透天厝,住家用,鋼筋混凝土造,,151.1,4,2,4,有,無,10200000,67505,,0.0,0,,RPTNMLKLRHGGFAP98CB,雲科莊園,E棟8號
斗六市,房地(土地+建物),雲林縣斗六市鎮北路,90.84,,鄉村區,乙種建築用地,1091216,土地4建物1車位0,全,4,透天厝,住家用,鋼筋混凝土造,,151.1,4,2,4,有,無,9690000,64130,,0.0,0,,RPUNMLKLRHGGFAP09CB,雲科莊園,E棟5號
斗六市,房地(土地+建物),雲林縣斗六市鎮北路,102.35,,鄉村區,乙種建築用地,1091128,土地4建物1車位0,全,4,透天厝,住家用,鋼筋混凝土造,,151.1,4,2,4,有,無,9900000,65520,,0.0,0,,RPVNMLKLRHGGFAP56CB,雲科莊園,E棟6號
虎尾鎮,房地(土地+建物)+車位,雲林縣虎尾鎮高南段410地號,24.06,住,,,1100913,土地1建物1車位1,四層,5,華廈(10層含以下有電梯),住家用,鋼筋混凝土造,,59.47,1,1,1,有,無,3450000,50990,一樓平面,9.46,900000,早鳥優惠價,RPPNMLKLRHGGFDP88CB,沐晴2期,B棟1號
虎尾鎮,房地(土地+建物)+車位,雲林縣虎尾鎮高南段410地號,53.93,住,,,1100907,土地1建物1車位1,四層,5,華廈(10層含以下有電梯),住家用,鋼筋混凝土造,,122.32,3,2,2,有,無,6880000,52986,一樓平面,9.46,900000,,RPQNMLKLRHGGFDP98CB,沐晴2期,A棟1號
虎尾鎮,房地(土地+建物)+車位,雲林縣虎尾鎮高南段410地號,37.34,住,,,1100907,土地1建物1車位1,四層,5,華廈(10層含以下有電梯),住家用,鋼筋混凝土造,,91.37,2,2,1,有,無,5120000,51520,一樓平面,9.46,900000,,RPRNMLKLRHGGFDP09CB,沐晴2期,B棟2號
虎尾鎮,房地(土地+建物)+車位,雲林縣虎尾鎮高南段410地號,24.93,住,,,1100907,土地1建物1車位1,四層,5,華廈(10層含以下有電梯),住家用,鋼筋混凝土造,,60.21,1,1,1,有,無,3530000,51823,一樓平面,9.46,900000,,RPSNMLKLRHGGFDP56CB,沐晴2期,B棟9號
虎尾鎮,房地(土地+建物)+車位,雲林縣虎尾鎮高南段410地號,39.45,住,,,1100915,土地1建物1車位1,五層,5,華廈(10層含以下有電梯),住家用,鋼筋混凝土造,,90.69,2,2,2,有,無,5300000,53552,一樓平面,9.46,950000,,RPTNMLKLRHGGFDP66CB,沐晴2期,B棟6號
虎尾鎮,房地(土地+建物)+車位,雲林縣虎尾鎮高南段410地號,54.51,住,,,1100917,土地1建物1車位1,三層,5,華廈(10層含以下有電梯),住家用,鋼筋混凝土造,,121.26,3,2,2,有,無,6730000,52594,一樓平面,9.46,850000,,RPUNMLKLRHGGFDP76CB,沐晴2期,A棟7號
斗南鎮,房地(土地+建物)+車位,雲林縣斗南鎮守成街,28.95,住,,,1100920,土地1建物1車位1,四層,9,華廈(10層含以下有電梯),住家用,鋼筋混凝土造,,118.95,3,2,2,有,無,5750000,53471,坡道機械,19.83,450000,,RPQNMLLLRHGGFBP88CB,幸福好好,4A號
古坑鄉,房地(土地+建物),雲林縣古坑鄉文淵路2巷,84.35,住,,,1100911,土地11建物1車位0,全,4,透天厝,住家用,鋼筋混凝土造,,199.84,5,2,5,有,無,7200000,36029,,0.0,0,,RPRNMLMLRHGGFAP98CB,永安典藏3,D3棟0號
西螺鎮,房地(土地+建物)+車位,雲林縣西螺鎮光復西路,47.27,住,,,1100918,土地1建物1車位1,三層,5,華廈(10層含以下有電梯),住家用,鋼筋混凝土造,,129.46,4,1,2,有,無,7460000,58975,一樓平面,16.53,800000,,RPPNMLMLRHGGFCP98CB,幸福誠家,1棟3C號
斗六市,房地(土地+建物),雲林縣斗六市上海西路,11.05,住,,,1100911,土地1建物1車位0,三層,4,華廈(10層含以下有電梯),住家用,鋼筋混凝土造,,28.26,1,1,1,有,無,2270000,80326,,0.0,0,,RPTNMLNLRHGGFAP66CB,成林謙沐苑,D棟0號
斗南鎮,房地(土地+建物)+車位,雲林縣斗南鎮南昌西路,30.54,住,,,1100911,土地4建物1車位1,九層,10,華廈(10層含以下有電梯),住家用,鋼筋混凝土造,,122.23,3,2,2,有,無,6490000,58363,坡道平面,26.45,900000,,RPROMLNLRHGGFBP66CB,國際園首,1棟9M號
斗南鎮,房地(土地+建物)+車位,雲林縣斗南鎮南昌西路,29.7,住,,,1100917,土地4建物1車位1,九層,10,華廈(10層含以下有電梯),住家用,鋼筋混凝土造,,119.64,3,2,2,有,無,6130000,57195,坡道平面,26.45,800000,,RPSOMLNLRHGGFBP76CB,國際園首,1棟9B號
斗南鎮,房地(土地+建物)+車位,雲林縣斗南鎮南昌西路,24.87,住,,,1100916,土地4建物1車位1,七層,10,華廈(10層含以下有電梯),住家用,鋼筋混凝土造,,91.31,2,2,1,有,無,5330000,61211,坡道機械,13.22,550000,,RPTOMLNLRHGGFBP86CB,國際園首,1棟7I號
斗南鎮,房地(土地+建物)+車位,雲林縣斗南鎮南昌西路,30.54,住,,,1100911,土地4建物1車位1,八層,10,華廈(10層含以下有電梯),住家用,鋼筋混凝土造,,109.0,3,2,2,有,無,6240000,58363,坡道機械,13.22,650000,,RPWNMLOLRHGGFBP17CB,國際園首,1棟8M號
斗六市,房地(土地+建物)+車位,雲林縣斗六市榴?十六街,23.84,,工業區,丁種建築用地,1100913,土地1建物1車位1,二層,5,華廈(10層含以下有電梯),住家用,鋼筋混凝土造,,86.51,2,1,2,有,無,3900000,45801,其他,9.0,350000,車位價款新台幣35萬元已計入房地價款,RPVNMLOLRHGGFAP07DB,耀幸福2,C棟2C號
斗六市,房地(土地+建物)+車位,雲林縣斗六市榴?十六街,34.47,,工業區,丁種建築用地,1100919,土地1建物1車位1,四層,5,華廈(10層含以下有電梯),住家用,鋼筋混凝土造,,121.22,3,1,2,有,無,5500000,45892,其他,9.0,350000,車位總價新台幣三十五萬元整已計入房地總價,RPOOMLOLRHGGFAP09DB,耀幸福2,G棟4G號
斗六市,房地(土地+建物)+車位,雲林縣斗六市榴?十六街,33.31,,工業區,丁種建築用地,1100913,土地1建物1車位1,五層,5,華廈(10層含以下有電梯),住家用,鋼筋混凝土造,,132.54,3,1,2,有,無,5720000,45329,一樓平面,24.0,800000,車位總價款新台幣八十萬元已計入房地總價,RPQOMLOLRHGGFAP66DB,耀幸福2,E棟5E號
斗南鎮,房地(土地+建物),雲林縣斗南鎮南昌西路,87.78,住,,,1100915,土地4建物1車位0,全,4,透天厝,住家用,鋼筋混凝土造,,163.19,5,2,4,有,無,10710000,65629,,0.0,0,,RPUNMLPLRHGGFBP07CB,國際園首,B棟3號
斗南鎮,房地(土地+建物)+車位,雲林縣斗南鎮南昌西路,32.7,住,,,1100911,土地4建物1車位1,二層,10,華廈(10層含以下有電梯),住家用,鋼筋混凝土造,,129.21,3,2,2,有,無,6300000,53523,坡道平面,26.45,800000,,RPTNMLQLRHGGFBP07CB,國際園首,1棟2H號
斗六市,房地(土地+建物)+車位,雲林縣斗六市鎮南路,24.63,,鄉村區,乙種建築用地,1100912,土地1建物1車位1,六層,10,華廈(10層含以下有電梯),住商用,鋼筋混凝土造,,108.83,2,2,1,有,無,5920000,56547,坡道平面,19.17,850000,,RPUNMLQLRHGGFAP07CB,銓威雲硯,D棟0號
斗六市,房地(土地+建物),雲林縣斗六市鎮南路,22.58,,鄉村區,乙種建築用地,1100912,土地1建物1車位0,六層,10,華廈(10層含以下有電梯),住商用,鋼筋混凝土造,,82.18,2,2,1,有,無,4580000,55731,,0.0,0,,RPVNMLQLRHGGFAP17CB,銓威雲硯,C棟0號
斗六市,房地(土地+建物)+車位,雲林縣斗六市大竹圍段53地號,33.08,,特定農業區,甲種建築用地,1100918,土地1建物1車位1,八層,10,華廈(10層含以下有電梯),住家用,鋼筋混凝土造,,148.48,3,1,2,有,無,7000000,52150,坡道平面,31.51,900000,,RPPNMLRLRHGGFAP66CB,璞樸莊園Twin House,A5棟0號
斗六市,房地(土地+建物)+車位,雲林縣斗六市文化路,30.59,,特定農業區,甲種建築用地,1100918,土地1建物1車位1,九層,10,華廈(10層含以下有電梯),住家用,鋼筋混凝土造,,139.66,3,1,2,有,無,6500000,52705,坡道平面,31.51,800000,,RPQNMLRLRHGGFAP76CB,璞樸莊園Twin House,B1棟0號
斗六市,房地(土地+建物)+車位,雲林縣斗六市文化路,31.43,,特定農業區,甲種建築用地,1100918,土地1建物1車位2,九層,10,華廈(10層含以下有電梯),住家用,鋼筋混凝土造,,174.14,3,1,2,有,無,7450000,52646,坡道平面,63.02,1600000,,RPRNMLRLRHGGFAP86CB,璞樸莊園Twin House,B2棟0號
斗南鎮,房地(土地+建物)+車位,雲林縣斗南鎮南昌西路,24.87,住,,,1100911,土地4建物1車位1,八層,10,華廈(10層含以下有電梯),住家用,鋼筋混凝土造,,91.31,2,2,1,有,無,5050000,56345,坡道機械,13.22,650000,,RPPNMLRLRHGGFBP76CB,國際園首,1棟8I號
崙背鄉,房地(土地+建物),雲林縣崙背鄉五常路,123.0,,鄉村區,乙種建築用地,1100914,土地1建物1車位0,全,3,透天厝,住家用,鋼筋混凝土造,,216.59,5,2,4,有,無,9300000,42938,,0.0,0,,RPVNMLSLRHGGFCP57CB,牧容2,B棟2號
麥寮鄉,房地(土地+建物)+車位,雲林縣麥寮鄉仁德路236巷,23.08,,鄉村區,乙種建築用地,1100916,土地1建物1車位1,六層,7,華廈(10層含以下有電梯),住家用,鋼筋混凝土造,,112.52,3,1,2,有,無,4200000,41913,坡道平面,31.4,800000,,RPROMLTLRHGGFFP67CB,橋頭之星住宅興建工程,A棟6-6F號
古坑鄉,房地(土地+建物)+車位,雲林縣古坑鄉田心村田心路,31.5,,鄉村區,乙種建築用地,1100919,土地1建物1車位1,六層,7,華廈(10層含以下有電梯),住家用,鋼筋混凝土造,,85.02,2,2,1,有,無,4280000,53053,其他,10.0,300000,,RPSNMLTLRHGGFAP17CB,亞設高地三期,D棟6號
斗南鎮,房地(土地+建物),雲林縣斗南鎮文安路,71.21,住,,,1100911,土地1建物1車位0,全,3,透天厝,住家用,鋼筋混凝土造,,119.44,3,1,2,有,無,7350000,61537,,0.0,0,,RPPNMLKMRHGGFBP78CB,至善雅園,A棟5號
林內鄉,房地(土地+建物),雲林縣林內鄉民權路,93.01,,鄉村區,乙種建築用地,1100919,土地6建物1車位0,全,3,透天厝,住家用,鋼筋混凝土造,,154.2,3,2,3,有,無,6600000,42802,,0.0,0,1.本戶土地暫採未辦理合併分割前之權利範圍分配面積，後續產權登記仍以當地地政主管機關實際完成合併分割後之面積為準。2.本戶土地面積：含基地內通道持分土地面積、不含迴車道佔土地面積。,RPPNMLLJIIGGFAP67CB,姮興光禾墅,B1棟0號
崙背鄉,房地(土地+建物),雲林縣崙背鄉舊庄路,122.66,,鄉村區,乙種建築用地,1100917,土地3建物1車位0,全,3,透天厝,住家用,鋼筋混凝土造,,155.1,4,2,3,有,無,5880000,37911,,0.0,0,,RPRNMLOJIIGGFCP38CB,德鴻臻美九期,A5棟1號
麥寮鄉,房地(土地+建物)+車位,雲林縣麥寮鄉仁德路236巷,24.17,,鄉村區,乙種建築用地,1100917,土地1建物1車位1,二層,7,華廈(10層含以下有電梯),住家用,鋼筋混凝土造,,116.13,2,1,1,有,無,4500000,43078,坡道平面,31.4,850000,,RPPNMLQJIIGGFFP68CB,橋頭之星住宅興建工程,A棟6-2F號
斗六市,房地(土地+建物),雲林縣斗六市中興路,90.35,,特定農業區,甲種建築用地,1100919,土地2建物1車位0,全,5,透天厝,住家用,鋼筋混凝土造,,169.16,5,1,4,有,無,7820000,46228,,0.0,0,,RPQNMLQJIIGGFAP38DB,皇瑞臻邸,A9號
斗南鎮,房地(土地+建物)+車位,雲林縣斗南鎮莊敬街,44.73,住,,,1100912,土地2建物1車位1,五層,5,其他,住家用,鋼筋混凝土造,,129.93,3,2,2,有,無,8400000,64125,一樓平面,13.75,950000,,RPPNMLRJIIGGFBP38CB,美好時光,A棟5號
斗六市,房地(土地+建物),雲林縣斗六市石榴路228之6號七樓之6,30.41,,一般農業區,甲種建築用地,1100912,土地1建物1車位0,七層,9,華廈(10層含以下有電梯),住家用,鋼筋混凝土造,,107.63,3,1,2,有,無,4500000,41810,,0.0,0,,RPPNMLSJIIGGFAP38CB,斗六綻,B棟J號
斗六市,房地(土地+建物),雲林縣斗六市石榴路228之6號三樓之2,23.33,,一般農業區,甲種建築用地,1100912,土地1建物1車位0,三層,9,華廈(10層含以下有電梯),住家用,鋼筋混凝土造,,81.98,2,1,1,有,無,3320000,40498,,0.0,0,,RPQNMLSJIIGGFAP48CB,斗六綻,B棟N號
虎尾鎮,房地(土地+建物),雲林縣虎尾鎮虎興東一街跟永興南一街十字路口,83.25,住,,,1100911,土地1建物1車位0,全,3,透天厝,住家用,鋼筋混凝土造,,165.53,5,2,4,有,無,9800000,59204,,0.0,0,,RPPNMLSJIIGGFDP68CB,禾楓大學七期,A棟22號
土庫鎮,房地(土地+建物),雲林縣土庫鎮石廟里溪心,140.57,,鄉村區,乙種建築用地,1100914,土地3建物1車位0,全,3,透天厝,住家用,見其他登記事項,,170.25,4,1,4,有,無,7860000,46167,,0.0,0,,RPPNMLMKIIGGFDP28DB,美麗家園NO.3,A棟2號
土庫鎮,房地(土地+建物),雲林縣土庫鎮石廟里溪心,127.37,,鄉村區,乙種建築用地,1100919,土地3建物1車位0,全,3,透天厝,住家用,見其他登記事項,,170.25,4,1,4,有,無,8150000,47871,,0.0,0,交易總價含下列非屬預售屋價格之費用:含傢俱設備費380000元；,RPQNMLMKIIGGFDP38DB,美麗家園NO.3,A棟12號
虎尾鎮,房地(土地+建物),雲林縣虎尾鎮虎興西八路,113.8,住,,,1100914,土地2建物1車位0,全,3,透天厝,住家用,鋼筋混凝土造,,172.47,5,1,4,有,無,8800000,51023,,0.0,0,,RPPNMLNKIIGGFDP28CB,禾楓君悅-高鐵12期,B棟3a號
斗六市,房地(土地+建物),雲林縣斗六市石榴路,39.39,,一般農業區,甲種建築用地,1100916,土地1建物1車位0,二層,5,華廈(10層含以下有電梯),住家用,鋼筋混凝土造,,105.14,3,1,2,有,無,5490000,52216,,0.0,0,,RPPNMLNKIIGGFAP97CB,寓見正佳,2E號
斗六市,房地(土地+建物),雲林縣斗六市石榴路228之6號七樓之10,17.12,,一般農業區,甲種建築用地,1100914,土地1建物1車位0,七層,9,華廈(10層含以下有電梯),住家用,鋼筋混凝土造,,60.79,1,1,1,有,無,2560000,42112,,0.0,0,,RPTNMLNKIIGGFAP38CB,斗六綻,A棟H號
斗六市,房地(土地+建物)+車位,雲林縣斗六市天祥街,38.47,住,,,1100916,土地3建物1車位1,九層,9,華廈(10層含以下有電梯),住家用,鋼筋混凝土造,,143.82,3,1,2,有,無,11500000,79961,坡道平面,0.0,0,,RPSNMLOKIIGGFAP38CB,正佳均硯,9A號
斗六市,房地(土地+建物)+車位,雲林縣斗六市天祥街,38.95,住,,,1100916,土地3建物1車位1,七層,9,華廈(10層含以下有電梯),住家用,鋼筋混凝土造,,145.24,3,1,2,有,無,11000000,75737,坡道平面,0.0,0,,RPTNMLOKIIGGFAP48CB,正佳均硯,7A號
斗六市,房地(土地+建物),雲林縣斗六市石榴路228之6號八樓之3,21.85,,一般農業區,甲種建築用地,1100915,土地1建物1車位0,八層,9,華廈(10層含以下有電梯),住家用,鋼筋混凝土造,,77.12,2,1,1,有,無,3270000,42401,,0.0,0,,RPUNMLOKIIGGFAP58CB,斗六綻,B棟M號
西螺鎮,房地(土地+建物),雲林縣西螺鎮安定里安定,115.61,住,,,1100916,土地3建物1車位0,全,3,透天厝,住家用,鋼筋混凝土造,,164.76,4,2,4,有,無,6580000,39937,,0.0,0,,RPPNMLOKIIGGFCP28CB,埔心芳鄰,A棟7號
虎尾鎮,房地(土地+建物),雲林縣虎尾鎮虎興東一街跟永興南一街十字路口,112.28,住,,,1100918,土地2建物1車位0,全,3,透天厝,住家用,鋼筋混凝土造,,175.95,5,2,4,有,無,8500000,48309,,0.0,0,,RPWNMLPKIIGGFDP56CB,禾楓大學六期,B棟12號
虎尾鎮,房地(土地+建物),雲林縣虎尾鎮虎興東一街跟永興南一街十字路口,112.28,住,,,1100919,土地2建物1車位0,全,3,透天厝,住家用,鋼筋混凝土造,,175.95,5,2,4,有,無,8500000,48309,,0.0,0,,RPQNMLSKIIGGFDP88CB,禾楓大學六期,B棟10號
虎尾鎮,房地(土地+建物)+車位,雲林縣虎尾鎮虎興東八街,46.86,住,,,1100919,土地1建物1車位1,四層,5,華廈(10層含以下有電梯),住家用,鋼筋混凝土造,,119.43,3,1,2,有,無,6100000,49324,一樓平面,12.99,850000,,RPRNMLSKIIGGFDP98CB,高鐵綻6,A棟7號
虎尾鎮,房地(土地+建物),雲林縣虎尾鎮永興南二街,11.79,住,,,1100919,土地1建物1車位0,十層,11,住宅大樓(11層含以上有電梯),住家用,鋼筋混凝土造,,49.61,1,1,1,有,無,2770000,55836,,0.0,0,,RPSNMLSKIIGGFDP09CB,禾楓君悅-菁英會館二期,B棟3號
土庫鎮,房地(土地+建物),雲林縣土庫鎮宮北里5鄰仁和街85號,85.6,住,,,1100919,土地1建物1車位0,全,4,透天厝,住商用,鋼筋混凝土造,,213.43,4,2,3,有,無,11700000,54819,,0.0,0,,RPQNMLLLIIGGFDP28CB,照鴻建設彩虹城三期,A棟7號
斗南鎮,房地(土地+建物),雲林縣斗南鎮建國三路,88.88,住,,,1100919,土地2建物1車位0,全,3,透天厝,住家用,鋼筋混凝土造,,152.63,4,1,5,有,無,9200000,60276,,0.0,0,,RPRNMLPLIIGGFBP68DB,登峰六期,5棟A5號
