﻿鄉鎮市區,交易標的,土地位置建物門牌,土地移轉總面積平方公尺,都市土地使用分區,非都市土地使用分區,非都市土地使用編定,交易年月日,交易筆棟數,移轉層次,總樓層數,建物型態,主要用途,主要建材,建築完成年月,建物移轉總面積平方公尺,建物現況格局-房,建物現況格局-廳,建物現況格局-衛,建物現況格局-隔間,有無管理組織,總價元,單價元平方公尺,車位類別,車位移轉總面積(平方公尺),車位總價元,備註,編號,主建物面積,附屬建物面積,陽台面積,電梯,移轉編號
The villages and towns urban district,transaction sign,land sector position building sector house number plate,land shifting total area square meter,the use zoning or compiles and checks,the non-metropolis land use district,non-metropolis land use,transaction year month and day,transaction pen number,shifting level,total floor number,building state,main use,main building materials,construction to complete the years,building shifting total area,Building present situation pattern - room,building present situation pattern - hall,building present situation pattern - health,building present situation pattern - compartmented,Whether there is manages the organization,total price NTD,the unit price (NTD / square meter),the berth category,berth shifting total area square meter,the berth total price NTD,the note,serial number,,,,,
古坑鄉,房地(土地+建物),雲林縣古坑鄉湳子７１之１號,113.04,,特定專用區,甲種建築用地,1100801,土地3建物1車位0,全,三層,透天厝,住家用,鋼筋混凝土造,1100217,152.15,4,2,4,有,無,9200000,60467,,0.0,0,廚房增建其他增建；,RPPOMLRLRHGGFAP76DA,146.28,5.87,0.0,無,
古坑鄉,房地(土地+建物),雲林縣古坑鄉湳子７１之２號,112.81,,特定專用區,甲種建築用地,1100801,土地3建物1車位0,全,三層,透天厝,住家用,鋼筋混凝土造,1100217,152.15,4,2,4,有,無,9200000,60467,,0.0,0,廚房增建其他增建；,RPQOMLRLRHGGFAP86DA,146.28,5.87,0.0,無,
斗六市,房地(土地+建物),雲林縣斗六市久福街６號,90.0,,鄉村區,乙種建築用地,1100901,土地1建物1車位0,全,二層,透天厝,住家用,加強磚造,0710822,134.78,4,2,2,有,無,3200000,23742,,0.0,0,,RPQNMLQJIIGGFAP28DA,134.78,0.0,0.0,無,
斗六市,房地(土地+建物),雲林縣斗六市大智街４５號,54.37,都市：其他:住宅區,,,1100910,土地1建物1車位0,一層，二層，騎樓,十一層,住宅大樓(11層含以上有電梯),商業用,鋼筋混凝土造,0830105,258.14,2,3,3,有,有,9600000,37189,,0.0,0,陽台外推；其他增建；,RPRNMLQJIIGGFAP38DA,212.68,17.44,0.0,有,001
斗六市,房地(土地+建物),雲林縣斗六市莊敬路３７２號六樓,20.9,都市：其他:住宅區,,,1100916,土地1建物1車位0,六層,九層,華廈(10層含以下有電梯),住家用,鋼筋混凝土造,0830701,160.81,3,2,2,有,有,4280000,26615,,0.0,0,,RPSNMLSJIIGGFAP68DA,94.49,9.63,0.0,有,
斗南鎮,土地,大東段大東小段957地號,1529.0,,特定農業區,農牧用地,1100925,土地1建物0車位0,,,其他,,,,0.0,0,0,0,有,無,4625000,3025,,0.0,0,,RPPNMLRLRHGGFBP76DA,0.0,0.0,0.0,無,
斗南鎮,房地(土地+建物)+車位,雲林縣斗南鎮新生三路５１９巷１號,20.74,都市：其他:第二種住宅區,,,1100910,土地1建物1車位1,一層,八層,華廈(10層含以下有電梯),住家用,鋼筋混凝土造,0880710,114.4,3,1,2,有,有,2400000,20979,坡道機械,0.0,0,,RPRNMLRJIIGGFBP58DA,72.32,8.57,0.0,有,
斗南鎮,土地,埤麻段505地號,55.56,,鄉村區,乙種建築用地,1100928,土地1建物0車位0,,,其他,,,,0.0,0,0,0,有,無,470564,8469,,0.0,0,,RPPNMLSJIIGGFBP48DA,0.0,0.0,0.0,無,002
西螺鎮,房地(土地+建物),雲林縣西螺鎮建興路３３３巷２２號,196.0,都市：其他:住宅區,,,1100909,土地1建物1車位0,全,二層,透天厝,住家用,加強磚造,0651028,110.16,4,2,2,有,無,300000,2723,,0.0,0,親友、員工、共有人或其他特殊關係間之交易；未登記建物；,RPPNMLSJIIGGFCP58DA,110.16,0.0,0.0,無,
斗南鎮,土地,建國段741地號,104.0,都市：其他:第二種住宅區,,,1100907,土地1建物0車位0,,,其他,,,,0.0,0,0,0,有,無,5030000,48365,,0.0,0,含土地增值稅或其他稅費；,RPSNMLQJIIGGFBP58DA,0.0,0.0,0.0,無,
大埤鄉,土地,蘆竹巷段953-1地號,2467.0,,特定農業區,農牧用地,1100826,土地1建物0車位0,,,其他,,,,0.0,0,0,0,有,無,3947200,1600,,0.0,0,,RPQOMLQJIIGGFBP48DA,0.0,0.0,0.0,無,
虎尾鎮,房地(土地+建物),雲林縣虎尾鎮廉使６１３之２１號,130.79,,鄉村區,乙種建築用地,1090613,土地3建物1車位0,全,三層,透天厝,住家用,鋼筋混凝土造,1100510,196.19,4,2,4,有,無,8900000,45364,,0.0,0,,RPVOMLOJIIGGFDP98DA,188.36,7.83,0.0,無,
虎尾鎮,房地(土地+建物),雲林縣虎尾鎮廉使６１３之２３號,130.36,,鄉村區,乙種建築用地,1090525,土地3建物1車位0,全,三層,透天厝,住家用,鋼筋混凝土造,1100510,196.19,4,2,4,有,無,8980000,45772,,0.0,0,,RPWOMLOJIIGGFDP09DA,188.36,7.83,0.0,無,
土庫鎮,房地(土地+建物),雲林縣土庫鎮新建路５５之８號,90.58,非都市： ; 非都市編定：,,,1090206,土地2建物1車位0,全,三層,透天厝,住家用,鋼筋混凝土造,1100516,168.91,5,2,4,有,無,8080000,47836,,0.0,0,,RPTPMLOJIIGGFDP88DA,157.21,11.7,0.0,無,
虎尾鎮,土地,大屯段969-6地號,5.56,,鄉村區,乙種建築用地,1100927,土地1建物0車位0,,,其他,,,,0.0,0,0,0,有,無,40000,7194,,0.0,0,含土地增值稅或其他稅費2939元；,RPRNMLRJIIGGFDP78DA,0.0,0.0,0.0,無,
北港鎮,房地(土地+建物),雲林縣北港鎮慶華街１９１巷３４號,84.28,都市：其他:住宅區,,,1100813,土地3建物1車位0,全,三層,透天厝,住商用,鋼筋混凝土造,0840327,177.91,4,2,3,有,無,5400000,30352,,0.0,0,急買急賣；,RPPNMLTKQHGGFEP07DA,167.47,10.44,0.0,無,
北港鎮,房地(土地+建物),雲林縣北港鎮慶華街１９１巷３２號,101.08,都市：其他:住宅區,,,1100813,土地3建物1車位0,全,三層,透天厝,住商用,鋼筋混凝土造,0840327,185.07,4,2,3,有,無,5600000,30259,,0.0,0,急買急賣；,RPQNMLTKQHGGFEP17DA,174.27,10.8,0.0,無,003
水林鄉,土地,灣東段731地號,2160.3,,特定農業區,農牧用地,1100926,土地1建物0車位0,,,其他,,,,0.0,0,0,0,有,無,1500000,694,,0.0,0,親友、員工、共有人或其他特殊關係間之交易；機電設備；,RPSNMLSJIIGGFEP09DA,0.0,0.0,0.0,無,
北港鎮,土地,扶朝段1502地號,1142.0,,特定農業區,農牧用地,1100924,土地1建物0車位0,,,其他,,,,0.0,0,0,0,有,無,1280000,1121,,0.0,0,,RPVNMLSJIIGGFEP76DA,0.0,0.0,0.0,無,
台西鄉,房地(土地+建物),雲林縣臺西鄉蚊港路１之１８號,511.94,,一般農業區,甲種建築用地,1100919,土地1建物1車位0,全,一層,透天厝,住家用,加強磚造,0740612,112.7,7,2,2,有,無,4280000,37977,,0.0,0,,RPTNMLOJIIGGFFP88DA,112.7,0.0,0.0,無,
麥寮鄉,土地,麥中段733地號,128.22,,一般農業區,養殖用地,1100929,土地1建物0車位0,,,其他,,,,0.0,0,0,0,有,無,2000000,15598,,0.0,0,,RPPNMLPJIIGGFFP58DA,0.0,0.0,0.0,無,
麥寮鄉,土地,施厝寮段1263-1地號,1479.0,,一般農業區,農牧用地,1100922,土地1建物0車位0,,,其他,,,,0.0,0,0,0,有,無,1922700,1300,,0.0,0,,RPPNMLRJIIGGFFP78DA,0.0,0.0,0.0,無,
東勢鄉,土地,西安段1212地號,2961.2,,特定農業區,農牧用地,1100830,土地1建物0車位0,,,其他,,,,0.0,0,0,0,有,無,2500000,844,,0.0,0,親友、員工、共有人或其他特殊關係間之交易；,RPRNMLRJIIGGFFP98DA,0.0,0.0,0.0,無,
斗六市,土地,雲林溪段82地號,521.76,都市：其他:住宅區,,,1100728,土地1建物0車位0,,,其他,,,,0.0,0,0,0,有,無,40880000,78350,,0.0,0,含土地增值稅或其他稅費；含仲介費；,RPSNMLPJIIGGFAP48EA,0.0,0.0,0.0,無,004
斗六市,房地(土地+建物)+車位,雲林縣斗六市鎮北路３１３號四樓之２,39.83,都市：其他:住宅區,,,1080918,土地1建物1車位2,四層,九層,華廈(10層含以下有電梯),住家用,鋼筋混凝土造,1100218,159.01999999999998,3,2,2,有,無,7600000,63896,坡道平面,53.38,850000,序號2為共有車位，不計算價金。土地價款203萬元，房屋價款472萬元。預售屋、或土地及建物分件登記案件；,RPPOMLKMRHGGFAP88EA,80.09,12.94,0.0,有,
斗六市,房地(土地+建物)+車位,雲林縣斗六市鎮北路３０９號二樓之１,38.54,都市：其他:住宅區,,,1080530,土地1建物1車位2,二層,九層,華廈(10層含以下有電梯),住家用,鋼筋混凝土造,1100218,151.84,3,2,2,有,無,7060000,64087,坡道平面,53.38,750000,序號2為共有車位，不計算價金。土地價款190萬元，房屋價款441萬元。預售屋、或土地及建物分件登記案件；,RPQOMLKMRHGGFAP98EA,80.58,9.74,0.0,有,
斗六市,房地(土地+建物)+車位,雲林縣斗六市鎮北路３１３號五樓之３,40.91,都市：其他:住宅區,,,1080421,土地1建物1車位2,五層,九層,華廈(10層含以下有電梯),住家用,鋼筋混凝土造,1100218,162.3,3,2,2,有,無,7860000,64359,坡道平面,53.38,850000,序號2為共有車位，不計算價金。土地價款210萬元，房屋價款491萬元。預售屋、或土地及建物分件登記案件；,RPROMLKMRHGGFAP09EA,87.15,8.08,0.0,有,
斗六市,房地(土地+建物)+車位,雲林縣斗六市永昌西街２２號三樓,14.04,都市：其他:商業區,,,1100908,土地2建物1車位1,三層,十一層,住宅大樓(11層含以上有電梯),住家用,鋼筋混凝土造,0831220,105.11,3,1,2,有,有,4580000,43573,坡道機械,0.0,0,,RPRNMLMKIIGGFAP18EA,69.6,6.65,0.0,有,005
斗六市,房地(土地+建物),雲林縣斗六市榴八街６之１號,78.75,,工業區,丁種建築用地,1100918,土地1建物1車位0,全,三層,透天厝,住家用,鋼筋混凝土造,1050901,171.51,4,2,3,有,無,7000000,40814,,0.0,0,含土地增值稅或其他稅費；含仲介費；,RPSNMLMKIIGGFAP28EA,160.35,11.16,0.0,無,006
斗六市,房地(土地+建物)+車位,雲林縣斗六市文安街７３號六樓,25.94,都市：其他:住宅區,,,1100914,土地1建物1車位1,六層,六層,華廈(10層含以下有電梯),住家用,鋼筋混凝土造,0830728,118.27000000000001,3,2,2,有,有,4280000,36188,坡道機械,0.0,0,含仲介費；,RPTNMLMKIIGGFAP38EA,78.81,6.12,0.0,有,007
大埤鄉,土地,嘉興段171地號,38.99,,鄉村區,乙種建築用地,1100911,土地1建物0車位0,,,其他,,,,0.0,0,0,0,有,無,313330,8036,,0.0,0,,RPOOMLQJIIGGFBP38EA,0.0,0.0,0.0,無,008
大埤鄉,土地,嘉興段168地號,414.17,,鄉村區,乙種建築用地,1100911,土地3建物0車位0,,,其他,,,,0.0,0,0,0,有,無,5011200,12099,,0.0,0,,SPOOMLQJIIGGFBP48EA,0.0,0.0,0.0,無,008
大埤鄉,土地,嘉興段175地號,978.55,,鄉村區,乙種建築用地,1100911,土地5建物0車位0,,,其他,,,,0.0,0,0,0,有,無,11840400,12100,,0.0,0,,TPOOMLQJIIGGFBP58EA,0.0,0.0,0.0,無,
大埤鄉,土地,嘉興段174地號,192.18,,鄉村區,乙種建築用地,1100915,土地2建物0車位0,,,其他,,,,0.0,0,0,0,有,無,2325200,12099,,0.0,0,,RPPOMLQJIIGGFBP48EA,0.0,0.0,0.0,無,008
斗南鎮,房地(土地+建物),雲林縣斗南鎮莒光街６８號,104.0,都市：其他:商業區,,,1100908,土地1建物1車位0,全,四層,透天厝,住家用,鋼筋混凝土造,0960301,231.25,5,2,3,有,無,9120000,39438,,0.0,0,含土地增值稅或其他稅費；含仲介費；其他增建；,RPPNMLMKIIGGFBP08EA,204.59,26.66,0.0,無,
虎尾鎮,房地(土地+建物),雲林縣虎尾鎮惠來路２６０號,86.0,,鄉村區,乙種建築用地,1100903,土地1建物1車位0,全,二層,透天厝,住家用,加強磚造,0740701,188.11,5,2,3,有,無,2000000,10632,,0.0,0,含土地增值稅或其他稅費；頂樓加蓋；其他增建；,RPPNMLMKIIGGFDP28EA,183.22,4.89,0.0,無,
元長鄉,土地,三和段1482-2地號,321.33,,鄉村區,乙種建築用地,1100906,土地2建物0車位0,,,其他,,,,0.0,0,0,0,有,無,900000,2801,,0.0,0,,RPRNMLMKIIGGFEP58EA,0.0,0.0,0.0,無,
西螺鎮,土地,三塊厝段三塊厝小段435-6地號,269.42,,鄉村區,乙種建築用地,1100827,土地2建物0車位0,,,其他,,,,0.0,0,0,0,有,無,2000000,7423,,0.0,0,親友、員工、共有人或其他特殊關係間之交易；,RPRNMLMKIIGGFCP38EA,0.0,0.0,0.0,無,
崙背鄉,房地(土地+建物),雲林縣崙背鄉忠孝街１１８巷２號,226.48,都市：其他:住宅區,,,1100928,土地2建物1車位0,全,三層,透天厝,住家用,鋼筋混凝土造,1080222,252.17,4,2,5,有,無,11200000,44414,,0.0,0,,RPSNMLMKIIGGFCP48EA,252.17,0.0,0.0,無,
西螺鎮,土地,埔北段477地號,71.0,都市：其他:住宅區,,,1101001,土地1建物0車位0,,,其他,,,,0.0,0,0,0,有,無,494040,6958,,0.0,0,,RPUNMLMKIIGGFCP68EA,0.0,0.0,0.0,無,011
崙背鄉,房地(土地+建物),雲林縣崙背鄉仁愛街１４０號,267.94,都市：其他:住宅區,,,1100921,土地1建物1車位0,全,三層,透天厝,住家用,鋼筋混凝土造,1040504,256.47,4,1,5,有,無,17600000,68624,,0.0,0,,RPVNMLMKIIGGFCP78EA,233.66,22.81,0.0,無,
大埤鄉,土地,蘆竹巷段1890地號,1815.0,,特定農業區,農牧用地,1100917,土地1建物0車位0,,,其他,,,,0.0,0,0,0,有,無,2949375,1625,,0.0,0,,RPRNMLMKIIGGFBP28EA,0.0,0.0,0.0,無,
大埤鄉,土地,蘆竹巷段1890-1地號,1815.0,,特定農業區,農牧用地,1100917,土地1建物0車位0,,,其他,,,,0.0,0,0,0,有,無,2949375,1625,,0.0,0,,RPTNMLMKIIGGFBP48EA,0.0,0.0,0.0,無,
斗六市,房地(土地+建物)+車位,雲林縣斗六市鎮北路３０５號,102.02,都市：其他:住宅區,,,1070517,土地2建物1車位3,全,三層,透天厝,住商用,鋼筋混凝土造,1100218,361.51,5,2,6,有,無,21000000,68043,坡道平面,80.07,1850000,序號2為共有車位，不計算價金土地價款575萬元，房屋價款1340萬元。預售屋、或土地及建物分件登記案件；,RPSOMLKMRHGGFAP56EA,232.93,10.32,0.0,有,
斗六市,房地(土地+建物)+車位,雲林縣斗六市鎮北路３０９號六樓之１,38.54,都市：其他:住宅區,,,1071025,土地1建物1車位2,六層,九層,華廈(10層含以下有電梯),住家用,鋼筋混凝土造,1100218,151.87,3,2,2,有,無,7300000,65489,坡道平面,53.38,850000,序號1為共有車位，不計算價金土地價款194萬元，房屋價款451萬元。預售屋、或土地及建物分件登記案件；,RPTOMLKMRHGGFAP66EA,82.98,7.34,0.0,有,
斗六市,房地(土地+建物)+車位,雲林縣斗六市鎮北路３０１號,101.02,都市：其他:住宅區,,,1070417,土地2建物1車位2,全,三層,透天厝,住商用,鋼筋混凝土造,1100218,334.83,5,2,6,有,無,20000000,68041,坡道平面,53.38,850000,序號2為共有車位，不計算價金。土地價款575萬元，房屋價款1340萬元。預售屋、或土地及建物分件登記案件；,RPUOMLKMRHGGFAP76EA,232.93,10.32,0.0,有,
斗六市,房地(土地+建物)+車位,雲林縣斗六市鎮北路３１３號三樓之１,32.43,都市：其他:住宅區,,,1080824,土地1建物1車位2,三層,九層,華廈(10層含以下有電梯),住家用,鋼筋混凝土造,1100218,133.60999999999999,2,2,2,有,無,6210000,68054,坡道平面,53.38,750000,序號2為共有車位，不計算價金。土地價款164萬元，房屋價款382萬元。預售屋、或土地及建物分件登記案件；,RPVOMLKMRHGGFAP86EA,68.72,6.13,0.0,有,
斗六市,房地(土地+建物)+車位,雲林縣斗六市鎮北路３１３號三樓之２,39.85,都市：其他:住宅區,,,1070707,土地1建物1車位2,三層,九層,華廈(10層含以下有電梯),住家用,鋼筋混凝土造,1100218,159.01999999999998,3,2,2,有,無,7500000,63896,坡道平面,53.38,750000,序號2為共有車位，不計算價金。土地價款202萬元，房屋價款473萬元。預售屋、或土地及建物分件登記案件；,RPWOMLKMRHGGFAP96EA,80.09,12.94,0.0,有,
斗六市,房地(土地+建物)+車位,雲林縣斗六市鎮北路３１３號五樓之１,32.43,都市：其他:住宅區,,,1081125,土地1建物1車位2,五層,九層,華廈(10層含以下有電梯),住家用,鋼筋混凝土造,1100218,133.64999999999998,2,2,2,有,無,6400000,69142,坡道平面,53.38,850000,序號2為共有車位，不計算價金。土地價款167萬元，房屋價款388萬元。預售屋、或土地及建物分件登記案件；,RPXOMLKMRHGGFAP07EA,68.72,6.13,0.0,有,
古坑鄉,土地,永昌段387地號,69.89,,鄉村區,交通用地,1100914,土地1建物0車位0,,,其他,,,,0.0,0,0,0,有,無,965880,13820,,0.0,0,政府機關標讓售；,RPPNMLPJIIGGFAP18EA,0.0,0.0,0.0,無,
斗六市,房地(土地+建物),雲林縣斗六市文化路１８４號十三樓,22.0,都市：其他:住宅區,,,1100910,土地1建物1車位0,十三層,十三層,住宅大樓(11層含以上有電梯),住家用,鋼筋混凝土造,0860211,130.74,3,2,2,有,有,3680000,28147,,0.0,0,含土地增值稅或其他稅費；,RPPNMLMKIIGGFAP97EA,91.38,12.13,0.0,有,
林內鄉,土地,成功段820-1地號,10.0,都市：其他:住宅區,,,1100930,土地1建物0車位0,,,其他,,,,0.0,0,0,0,有,無,120000,12000,,0.0,0,包含公共設施保留地用地；,RPQNMLMKIIGGFAP08EA,0.0,0.0,0.0,無,
虎尾鎮,房地(土地+建物),雲林縣虎尾鎮新吉４７之１號,252.62,,鄉村區,乙種建築用地,1100620,土地1建物1車位0,全,三層,透天厝,住家用,鋼筋混凝土造,0931203,241.6,4,2,3,有,無,5000000,20695,,0.0,0,親友、員工、共有人或其他特殊關係間之交易；,RPUOMLRJIIGGFDP56DA,234.09,7.51,0.0,無,
褒忠鄉,土地,忠東段943地號,114.0,都市：其他:住宅區,,,1100829,土地1建物0車位0,,,其他,,,,0.0,0,0,0,有,無,5200000,45614,,0.0,0,未登記建物；,RPUOMLTLRHGGFDP77DA,0.0,0.0,0.0,無,
虎尾鎮,房地(土地+建物),雲林縣虎尾鎮廉使６１３之１２號,110.82,,鄉村區,乙種建築用地,1090919,土地4建物1車位0,全,三層,透天厝,住家用,鋼筋混凝土造,1100510,158.03,4,2,4,有,無,8280000,52395,,0.0,0,,RPPOMLOJIIGGFDP38DA,149.85,8.18,0.0,無,
虎尾鎮,房地(土地+建物),雲林縣虎尾鎮廉使６１３之１３號,110.73,,鄉村區,乙種建築用地,1100301,土地3建物1車位0,全,三層,透天厝,住家用,鋼筋混凝土造,1100510,158.03,4,2,4,有,無,8950000,56635,,0.0,0,,RPQOMLOJIIGGFDP48DA,149.85,8.18,0.0,無,
虎尾鎮,房地(土地+建物),雲林縣虎尾鎮廉使６１３之１５號,110.74,,鄉村區,乙種建築用地,1090210,土地3建物1車位0,全,三層,透天厝,住家用,鋼筋混凝土造,1100510,158.03,4,2,4,有,無,7880000,49864,,0.0,0,,RPROMLOJIIGGFDP58DA,149.85,8.18,0.0,無,
虎尾鎮,房地(土地+建物),雲林縣虎尾鎮廉使６１３之２０號,132.89,,鄉村區,乙種建築用地,1090311,土地3建物1車位0,全,三層,透天厝,住家用,鋼筋混凝土造,1100510,207.06,4,2,4,有,無,8980000,43369,,0.0,0,,RPUOMLOJIIGGFDP88DA,199.23,7.83,0.0,無,
二崙鄉,房地(土地+建物),雲林縣二崙鄉中興路６２巷１弄３５號,70.66,都市：其他:住宅區,,,1100816,土地1建物1車位0,全,三層,透天厝,住家用,ＲＣ構架造,0790315,150.08,3,1,3,有,無,1800000,11994,,0.0,0,受民情風俗因素影響；,RPPNMLLKIIGGFCP97DA,150.08,0.0,0.0,無,
崙背鄉,房地(土地+建物),雲林縣崙背鄉自強街７９號,121.08,都市：其他:住宅區,,,1100422,土地4建物1車位0,全,三層,透天厝,住家用,鋼筋混凝土造,1091230,171.59,5,2,4,有,無,6900000,40212,,0.0,0,,RPQNMLMKIIGGFCP18DA,162.66,8.93,0.0,無,
大埤鄉,房地(土地+建物),雲林縣大埤鄉中山路１５５號,148.54,都市：其他:住宅區,,,1100820,土地2建物1車位0,全,二層,透天厝,住商用,加強磚造,0670820,105.67,4,2,3,有,無,3000000,28390,,0.0,0,親友、員工、共有人或其他特殊關係間之交易；,RPRNMLSJIIGGFBP68DA,105.67,0.0,0.0,無,
二崙鄉,土地,大庄段1127地號,3605.0,,特定農業區,農牧用地,1100921,土地3建物0車位0,,,其他,,,,0.0,0,0,0,有,無,4145750,1150,,0.0,0,親友、員工、共有人或其他特殊關係間之交易；,RPPNMLRJIIGGFCP48DA,0.0,0.0,0.0,無,
斗南鎮,房地(土地+建物),雲林縣斗南鎮新社街６６號,90.0,都市：其他:第二種住宅區,,,1100815,土地1建物1車位0,全,二層,透天厝,住家用,加強磚造,0690331,105.6,3,1,2,有,無,2300000,21780,,0.0,0,親友、員工、共有人或其他特殊關係間之交易；,RPPNMLSLRHGGFBP86DA,102.24,3.36,0.0,無,
莿桐鄉,土地,埔子段8-2地號,403.53,都市：其他:住宅區,,,1100809,土地1建物0車位0,,,其他,,,,0.0,0,0,0,有,無,8910380,22081,,0.0,0,,RPUOMLMKIIGGFAP48DA,0.0,0.0,0.0,無,
斗六市,土地,林頭段426地號,119.0,都市：其他:住宅區,,,1100309,土地1建物0車位0,,,其他,,,,0.0,0,0,0,有,無,4680000,39328,,0.0,0,未登記建物；,RPTNMLQJIIGGFAP58DA,0.0,0.0,0.0,無,
斗六市,土地,石榴段976地號,16.54,,一般農業區,甲種建築用地,1100728,土地1建物0車位0,,,其他,,,,0.0,0,0,0,有,無,300000,18138,,0.0,0,,RPPNMLNLRHGGFAP88DA,0.0,0.0,0.0,無,012
斗六市,土地,石榴段976地號,22.05,,一般農業區,甲種建築用地,1100728,土地1建物0車位0,,,其他,,,,0.0,0,0,0,有,無,113417,5144,,0.0,0,係為持分交易，區位較差。,SPPNMLNLRHGGFAP98DA,0.0,0.0,0.0,無,012
斗六市,土地,石榴段976地號,44.11,,一般農業區,甲種建築用地,1100728,土地1建物0車位0,,,其他,,,,0.0,0,0,0,有,無,238551,5408,,0.0,0,係為持分交易，區位較差。,TPPNMLNLRHGGFAP09DA,0.0,0.0,0.0,無,012
斗六市,房地(土地+建物),雲林縣斗六市嘉東南路５０巷９０號,116.62,,特定農業區,甲種建築用地,1100903,土地2建物1車位0,全,三層,透天厝,住家用,鋼筋混凝土造,0951110,185.77,8,0,8,有,無,6280000,33805,,0.0,0,陽台外推；,RPVNMLNLRHGGFAP86DA,154.9,30.87,0.0,無,
古坑鄉,土地,高林南段1198地號,1732.62,,一般農業區,農牧用地,1100804,土地1建物0車位0,,,其他,,,,0.0,0,0,0,有,無,2800000,1616,,0.0,0,,RPUNMLKMQHGGFAP09DA,0.0,0.0,0.0,無,015
莿桐鄉,房地(土地+建物),雲林縣莿桐鄉大美２１之１９９號,97.68,,一般農業區,甲種建築用地,1100908,土地1建物1車位0,全,三層,透天厝,住家用,鋼筋混凝土造,1090531,163.9,3,2,4,有,無,7800000,47590,,0.0,0,土地價格：351萬元整，建物價格：429萬元整,RPWNMLMKIIGGFAP58DA,155.25,8.65,0.0,無,
斗六市,土地,石榴段55地號,2495.47,,特定農業區,農牧用地,1100728,土地1建物0車位0,,,其他,,,,0.0,0,0,0,有,無,2860000,1146,,0.0,0,,RPXNMLMKIIGGFAP68DA,0.0,0.0,0.0,無,
斗六市,土地,海豐崙段海豐崙小段1133-2地號,904.0,都市：其他:道路用地,,,1100730,土地1建物0車位0,,,其他,,,,0.0,0,0,0,有,無,14102400,15600,,0.0,0,包含公共設施保留地用地；,RPWNMLRJIIGGFAP98DA,0.0,0.0,0.0,無,016
斗六市,土地,石榴段976地號,5.51,,一般農業區,甲種建築用地,1100113,土地1建物0車位0,,,其他,,,,0.0,0,0,0,有,無,28354,5146,,0.0,0,係為持分交易，區位較差。,RPOOMLMLRHGGFAP78DA,0.0,0.0,0.0,無,012
大埤鄉,土地,埔羌崙段396-5地號,451.13,,鄉村區,乙種建築用地,1100915,土地5建物0車位0,,,其他,,,,0.0,0,0,0,有,無,1360000,3015,,0.0,0,大埤鄉埔羌崙段396-5地號土地上有未辦保存登記的建物一併買賣移轉。未登記建物；,RPQNMLMKIIGGFBP08DA,0.0,0.0,0.0,無,
斗南鎮,土地,溫厝角段556地號,2203.0,,特定農業區,農牧用地,1100914,土地2建物0車位0,,,其他,,,,0.0,0,0,0,有,無,2300000,1044,,0.0,0,買主係買清，全部稅金及代辦費皆由賣主負責繳納。,RPPNMLNKIIGGFBP08DA,0.0,0.0,0.0,無,018
西螺鎮,土地,新街段1506地號,6.83,都市：其他:住宅區,,,1100915,土地2建物0車位0,,,其他,,,,0.0,0,0,0,有,無,401263,58750,,0.0,0,政府機關標讓售；,RPPNMLMKIIGGFCP08DA,0.0,0.0,0.0,無,019
土庫鎮,房地(土地+建物),雲林縣土庫鎮興國街２６號,113.0,都市：其他:住宅區,,,1100907,土地2建物1車位0,全,三層,透天厝,住家用,鋼筋混凝土造,0801009,165.06,3,2,2,有,無,3650000,22113,,0.0,0,,RPQNMLQJIIGGFDP58DA,156.28,8.78,0.0,無,
虎尾鎮,房地(土地+建物),雲林縣虎尾鎮興中２０１之５號,102.28,,鄉村區,乙種建築用地,1100905,土地1建物1車位0,全,三層,透天厝,住家用,鋼筋混凝土造,1100721,173.13,4,1,4,有,無,8600000,49674,,0.0,0,,RPPNMLSJIIGGFDP68DA,158.15,14.98,0.0,無,
土庫鎮,房地(土地+建物),雲林縣土庫鎮新生街７巷５之２號,105.95,,鄉村區,乙種建築用地,1100911,土地2建物1車位0,全,三層,透天厝,住家用,鋼筋混凝土造,1100512,162.84,5,1,4,有,無,7180000,44092,,0.0,0,,RPQNMLSJIIGGFDP78DA,151.11,11.73,0.0,無,
虎尾鎮,房地(土地+建物),雲林縣虎尾鎮頂溪２３之１０號,61.0,,鄉村區,乙種建築用地,1090406,土地1建物1車位0,全,三層,透天厝,住家用,鋼筋混凝土造,1100719,130.16,5,2,3,有,無,6300000,48402,,0.0,0,,RPRNMLSJIIGGFDP88DA,128.79,1.37,0.0,無,
虎尾鎮,房地(土地+建物),雲林縣虎尾鎮頂溪２３之１６號,112.68,,鄉村區,乙種建築用地,1091022,土地2建物1車位0,全,三層,透天厝,住家用,鋼筋混凝土造,1100719,154.46,5,2,3,有,無,7300000,47261,,0.0,0,,RPSNMLSJIIGGFDP98DA,152.3,2.16,0.0,無,
虎尾鎮,房地(土地+建物),雲林縣虎尾鎮芳草７６之９號,85.8,,特定農業區,甲種建築用地,1090906,土地1建物1車位0,全,三層,透天厝,住家用,鋼筋混凝土造,1100525,152.63,4,2,3,有,無,6700000,43897,,0.0,0,,RPUNMLSJIIGGFDP56DA,139.83,12.8,0.0,無,
褒忠鄉,土地,龍林段304地號,136.0,,鄉村區,乙種建築用地,1100922,土地1建物0車位0,,,其他,,,,0.0,0,0,0,有,無,678667,4990,,0.0,0,政府機關標讓售；,RPTNMLRJIIGGFDP98DA,0.0,0.0,0.0,無,
褒忠鄉,土地,龍林段305地號,1336.0,,鄉村區,乙種建築用地,1100922,土地1建物0車位0,,,其他,,,,0.0,0,0,0,有,無,6666892,4990,,0.0,0,政府機關標讓售；,SPTNMLRJIIGGFDP09DA,0.0,0.0,0.0,無,
褒忠鄉,土地,龍林段306地號,6.0,,鄉村區,乙種建築用地,1100922,土地1建物0車位0,,,其他,,,,0.0,0,0,0,有,無,29941,4990,,0.0,0,政府機關標讓售；,TPTNMLRJIIGGFDP56DA,0.0,0.0,0.0,無,
四湖鄉,土地,福安段682地號,702.11,,一般農業區,農牧用地,1101003,土地1建物0車位0,,,其他,,,,0.0,0,0,0,有,無,380000,541,,0.0,0,,RPUNMLMKIIGGFEP78DA,0.0,0.0,0.0,無,020
口湖鄉,土地,後厝段472地號,2712.0,,一般農業區,農牧用地,1101005,土地1建物0車位0,,,其他,,,,0.0,0,0,0,有,無,949200,350,,0.0,0,親友、員工、共有人或其他特殊關係間之交易；,RPWNMLMKIIGGFEP98DA,0.0,0.0,0.0,無,
元長鄉,土地,青山段190-2地號,425.0,,特定農業區,農牧用地,1100918,土地1建物0車位0,,,其他,,,,0.0,0,0,0,有,無,200000,471,,0.0,0,,RPPNMLNKIIGGFEP38DA,0.0,0.0,0.0,無,
水林鄉,土地,東陽段75地號,193.43,都市：其他:農業區,,,1100913,土地1建物0車位0,,,其他,,,,0.0,0,0,0,有,無,877500,4537,,0.0,0,親友、員工、共有人或其他特殊關係間之交易；,RPQNMLNKIIGGFEP48DA,0.0,0.0,0.0,無,
四湖鄉,土地,三崙段2485地號,1650.0,,一般農業區,農牧用地,1100820,土地1建物0車位0,,,其他,,,,0.0,0,0,0,有,無,1100000,667,,0.0,0,,RPVNMLQLQHGGFEP47DA,0.0,0.0,0.0,無,021
北港鎮,土地,新北段1423地號,75.22,都市：其他:住宅區,,,1100918,土地1建物0車位0,,,其他,,,,0.0,0,0,0,有,無,3648000,48498,,0.0,0,,RPUNMLRLRHGGFEP57DA,0.0,0.0,0.0,無,
北港鎮,房地(土地+建物),雲林縣北港鎮復興路３２號,127.6,都市：其他:住宅區,,,1100727,土地1建物1車位0,全,四層,透天厝,住家用,加強鐵筋磚造,0581229,231.0,6,3,4,有,無,7000000,30303,,0.0,0,其他增建；,RPSNMLNJQHGGFEP66DA,231.0,0.0,0.0,無,
四湖鄉,土地,湖東段1200地號,22.0,都市：其他:住宅區,,,1100917,土地2建物0車位0,,,其他,,,,0.0,0,0,0,有,無,257000,11682,,0.0,0,,RPSNMLRJIIGGFEP98DA,0.0,0.0,0.0,無,
四湖鄉,土地,湖東段1201地號,26.0,都市：其他:住宅區,,,1100917,土地1建物0車位0,,,其他,,,,0.0,0,0,0,有,無,393000,15115,,0.0,0,,RPTNMLRJIIGGFEP09DA,0.0,0.0,0.0,無,
口湖鄉,土地,水井段124-4地號,72.04,,一般農業區,農牧用地,1101006,土地1建物0車位0,,,其他,,,,0.0,0,0,0,有,無,120000,1666,,0.0,0,親友、員工、共有人或其他特殊關係間之交易；,RPQNMLSJIIGGFEP88DA,0.0,0.0,0.0,無,
東勢鄉,土地,明倫段2639-1地號,2000.0,,特定農業區,農牧用地,1100906,土地1建物0車位0,,,其他,,,,0.0,0,0,0,有,無,1700000,850,,0.0,0,,RPQNMLNKIIGGFFP58DA,0.0,0.0,0.0,無,
斗六市,房地(土地+建物)+車位,雲林縣斗六市鎮北路３０９號五樓之１,38.54,都市：其他:住宅區,,,1070420,土地1建物1車位1,五層,九層,華廈(10層含以下有電梯),住家用,鋼筋混凝土造,1100218,125.14999999999999,3,2,2,有,無,6350000,50739,坡道平面,26.69,0,序號1為共有車位，不計算價金。土地價款191萬元，房屋價款444萬元。預售屋、或土地及建物分件登記案件；,RPOPMLKMRHGGFAP88EA,80.58,9.74,0.0,有,
莿桐鄉,房地(土地+建物),雲林縣莿桐鄉中正路２１８巷４５號,129.94,都市：其他:住宅區,,,1100901,土地2建物1車位0,全,三層,透天厝,住家用,鋼筋混凝土造,1100510,198.14,4,2,4,有,無,8040000,40577,,0.0,0,,RPTNMLSJIIGGFAP88EA,192.27,5.87,0.0,無,
斗六市,土地,榴中段1380地號,1725.37,,一般農業區,農牧用地,1100824,土地3建物0車位0,,,其他,,,,0.0,0,0,0,有,無,9300000,5390,,0.0,0,未登記建物價款：600萬元整；土地總價金：330萬元整；地上水井及電過戶給買方；建物有佔用鄰地。含仲介費；未登記建物；,RPVOMLMKIIGGFAP68EA,0.0,0.0,0.0,無,
古坑鄉,土地,苦苓腳段143-154地號,4380.0,,山坡地保育區,農牧用地,1100911,土地1建物0車位0,,,其他,,,,0.0,0,0,0,有,無,1500000,342,,0.0,0,,RPWOMLMKIIGGFAP78EA,0.0,0.0,0.0,無,
東勢鄉,土地,和平段1455地號,2423.2,,特定農業區,農牧用地,1100818,土地1建物0車位0,,,其他,,,,0.0,0,0,0,有,無,1347776,556,,0.0,0,,RPPNMLMKIIGGFFP48EA,0.0,0.0,0.0,無,
西螺鎮,土地,三塊厝段鹿場小段940地號,3417.0,,特定農業區,農牧用地,1100914,土地1建物0車位0,,,其他,,,,0.0,0,0,0,有,無,7175700,2100,,0.0,0,,RPPNMLOKIIGGFCP38EA,0.0,0.0,0.0,無,022
西螺鎮,土地,三塊厝段鹿場小段933地號,2878.0,,特定農業區,農牧用地,1100923,土地1建物0車位0,,,其他,,,,0.0,0,0,0,有,無,5756000,2000,,0.0,0,,RPQNMLOKIIGGFCP48EA,0.0,0.0,0.0,無,
西螺鎮,土地,漢南段1225地號,1592.42,都市：其他:農業區,,,1100910,土地1建物0車位0,,,其他,,,,0.0,0,0,0,有,無,11146940,7000,,0.0,0,,RPTNMLOKIIGGFCP78EA,0.0,0.0,0.0,無,
西螺鎮,土地,漢南段1226地號,1888.83,都市：其他:農業區,,,1100910,土地1建物0車位0,,,其他,,,,0.0,0,0,0,有,無,13221810,7000,,0.0,0,,RPUNMLOKIIGGFCP88EA,0.0,0.0,0.0,無,
西螺鎮,土地,漢南段1227地號,1598.56,都市：其他:農業區,,,1100910,土地1建物0車位0,,,其他,,,,0.0,0,0,0,有,無,11189920,7000,,0.0,0,,RPVNMLOKIIGGFCP98EA,0.0,0.0,0.0,無,
四湖鄉,土地,魚寮段332地號,2062.0,,一般農業區,農牧用地,1100915,土地1建物0車位0,,,其他,,,,0.0,0,0,0,有,無,1649600,800,,0.0,0,親友、員工、共有人或其他特殊關係間之交易；,RPSNMLMKIIGGFEP68EA,0.0,0.0,0.0,無,
二崙鄉,土地,大庄段115地號,201.06,,鄉村區,乙種建築用地,1101006,土地4建物0車位0,,,其他,,,,0.0,0,0,0,有,無,150000,746,,0.0,0,親友、員工、共有人或其他特殊關係間之交易；,RPXNMLOKIIGGFCP56EA,0.0,0.0,0.0,無,023
斗六市,土地,石榴段18地號,3600.28,,特定農業區,農牧用地,1100722,土地1建物0車位0,,,其他,,,,0.0,0,0,0,有,無,4320336,1200,,0.0,0,,RPQNMLNKIIGGFAP18EA,0.0,0.0,0.0,無,
斗六市,房地(土地+建物),雲林縣斗六市成功一街６號,116.04,都市：其他:住宅區,,,1100126,土地2建物1車位0,全,四層,透天厝,住商用,鋼筋混凝土造,1080924,349.38,5,2,6,有,無,21500000,61538,,0.0,0,增建部分另支付費用，不包含在交易總價其他增建；,RPRNMLNKIIGGFAP28EA,326.72,22.66,0.0,有,
莿桐鄉,土地,新庄子段2248地號,4894.0,,特定農業區,農牧用地,1100930,土地3建物0車位0,,,其他,,,,0.0,0,0,0,有,無,8600000,1757,,0.0,0,,RPSNMLNKIIGGFAP38EA,0.0,0.0,0.0,無,
斗六市,房地(土地+建物),雲林縣斗六市鎮北路３４７之３號,95.04,都市：其他:住宅區,,,1100429,土地1建物1車位0,全,三層,透天厝,住家用,鋼筋混凝土造,1000315,163.48,4,2,3,有,無,12000000,73403,,0.0,0,含土地增值稅或其他稅費；含仲介費；其他增建；,RPVNMLNKIIGGFAP68EA,153.56,9.92,0.0,無,
莿桐鄉,房地(土地+建物),雲林縣莿桐鄉中正路２１８巷４３號,113.94,都市：其他:住宅區,,,1100901,土地2建物1車位0,全,三層,透天厝,住家用,鋼筋混凝土造,1100510,188.14,4,2,4,有,無,7550000,40130,,0.0,0,,RPUNMLSJIIGGFAP98EA,182.44,5.7,0.0,無,
莿桐鄉,房地(土地+建物),雲林縣莿桐鄉中正路２１８巷４１號,113.94,都市：其他:住宅區,,,1100901,土地2建物1車位0,全,三層,透天厝,住家用,鋼筋混凝土造,1100510,188.14,4,2,4,有,無,7550000,40130,,0.0,0,,RPVNMLSJIIGGFAP09EA,182.44,5.7,0.0,無,
莿桐鄉,房地(土地+建物),雲林縣莿桐鄉中正路２１８巷３９號,113.94,都市：其他:住宅區,,,1100901,土地2建物1車位0,全,三層,透天厝,住家用,鋼筋混凝土造,1100510,188.14,4,2,4,有,無,7600000,40395,,0.0,0,,RPWNMLSJIIGGFAP56EA,182.44,5.7,0.0,無,
莿桐鄉,房地(土地+建物),雲林縣莿桐鄉中正路２１８巷３７號,113.94,都市：其他:住宅區,,,1100901,土地2建物1車位0,全,三層,透天厝,住家用,鋼筋混凝土造,1100510,188.14,4,2,4,有,無,7660000,40714,,0.0,0,,RPXNMLSJIIGGFAP66EA,182.44,5.7,0.0,無,
虎尾鎮,房地(土地+建物),雲林縣虎尾鎮興南路３２４號,168.0,,鄉村區,乙種建築用地,1100919,土地3建物1車位0,全,一層,透天厝,住家用,加強磚造,0700825,84.0,3,2,1,有,無,4500000,53571,,0.0,0,,RPXNMLMKIIGGFDP98DA,84.0,0.0,0.0,無,024
褒忠鄉,土地,埔姜崙段577-1地號,2036.0,,特定農業區,農牧用地,1100927,土地1建物0車位0,,,其他,,,,0.0,0,0,0,有,無,2600000,1277,,0.0,0,,RPUNMLNKIIGGFDP78DA,0.0,0.0,0.0,無,025
口湖鄉,土地,9866梧段434地號,269.25,,鄉村區,乙種建築用地,1100929,土地2建物0車位0,,,其他,,,,0.0,0,0,0,有,無,1106015,4108,,0.0,0,親友、員工、共有人或其他特殊關係間之交易；,RPSNMLNKIIGGFEP68DA,0.0,0.0,0.0,無,026
東勢鄉,土地,牛埔頭段34-5地號,549.33,都市：其他:農業區,,,1100913,土地4建物0車位0,,,其他,,,,0.0,0,0,0,有,無,439500,800,,0.0,0,,RPPNMLNKIIGGFFP48DA,0.0,0.0,0.0,無,
北港鎮,土地,北港段1377-1地號,2627.98,都市：其他:兒童遊樂場用地,,,1101002,土地1建物0車位0,,,其他,,,,0.0,0,0,0,有,無,38000000,14460,,0.0,0,,RPRNMLOKIIGGFEP68DA,0.0,0.0,0.0,無,
土庫鎮,房地(土地+建物),雲林縣土庫鎮後埔路１６之６號,100.0,,鄉村區,乙種建築用地,1100916,土地1建物1車位0,全,三層,透天厝,住家用,鋼筋混凝土造,0840128,171.12,4,1,3,有,無,3200000,18700,,0.0,0,,RPPNMLRJIIGGFDP58DA,155.74,15.38,0.0,無,027
虎尾鎮,房地(土地+建物),雲林縣虎尾鎮廉使６１３之３號,122.64,,鄉村區,乙種建築用地,1090309,土地3建物1車位0,全,三層,透天厝,住家用,鋼筋混凝土造,1100510,173.68,4,2,4,有,無,8980000,51704,,0.0,0,,RPWNMLOJIIGGFDP98DA,161.46,12.22,0.0,無,
虎尾鎮,房地(土地+建物),雲林縣虎尾鎮廉使６１３之８號,111.22,,鄉村區,乙種建築用地,1090201,土地3建物1車位0,全,三層,透天厝,住家用,鋼筋混凝土造,1100510,158.03,4,2,4,有,無,7880000,49864,,0.0,0,,RPXNMLOJIIGGFDP09DA,149.85,8.18,0.0,無,
斗南鎮,房地(土地+建物),雲林縣斗南鎮延平路二段５２巷３１之１號,125.58,都市：其他:第二種住宅區,,,1100828,土地3建物1車位0,全,三層,透天厝,住家用,鋼筋混凝土造,1090917,226.99,5,3,5,有,無,14480000,63791,,0.0,0,,RPQNMLRJIIGGFBP48DA,220.11,6.88,0.0,無,
崙背鄉,土地,新草湖段242地號,1610.14,,一般農業區,農牧用地,1101001,土地1建物0車位0,,,其他,,,,0.0,0,0,0,有,無,1386000,861,,0.0,0,,RPRNMLOKIIGGFCP48DA,0.0,0.0,0.0,無,
斗南鎮,房地(土地+建物),雲林縣斗南鎮北辰二街１８號,144.33,都市：其他:道路用地兼供河川使用,,,1090827,土地2建物1車位0,全,三層,透天厝,住家用,鋼筋混凝土造,1100726,182.8,5,2,5,有,無,7500000,41028,,0.0,0,,RPRNMLNKIIGGFBP28DA,182.8,0.0,0.0,無,
西螺鎮,土地,三塊厝段鹿場小段974地號,3517.0,,特定農業區,農牧用地,1100802,土地1建物0車位0,,,其他,,,,0.0,0,0,0,有,無,6611960,1880,,0.0,0,,RPPNMLRLQHGGFCP76DA,0.0,0.0,0.0,無,028
斗南鎮,房地(土地+建物)+車位,雲林縣斗南鎮光復街３６號二樓之９９,2.72,都市：其他:零售市場用地,,,1100913,土地1建物4車位1,二層,十二層,住宅大樓(11層含以上有電梯),住家用,鋼筋混凝土造,0880412,166.76,2,2,2,有,有,5300000,31782,坡道平面,0.0,0,,RPSNMLNLRHGGFBP66DA,97.38,0.0,0.0,有,
斗南鎮,房地(土地+建物),雲林縣斗南鎮延平路二段５２巷１５６號,87.0,都市：其他:第二種住宅區,,,1100831,土地1建物1車位0,全,三層,透天厝,住商用,鋼筋混凝土造,0870528,159.69,4,2,3,有,無,5780000,36195,,0.0,0,,RPTNMLOLRHGGFBP86DA,150.29,9.4,0.0,無,
斗六市,土地,大潭段大潭小段522地號,948.0,,特定農業區,農牧用地,1100914,土地1建物0車位0,,,其他,,,,0.0,0,0,0,有,無,8029000,8469,,0.0,0,,RPXOMLMKIIGGFAP78DA,0.0,0.0,0.0,無,
斗六市,房地(土地+建物),雲林縣斗六市 公正街３９號五樓之２１,3.45,都市：其他:商業區,,,1100930,土地1建物1車位0,五層,十層,華廈(10層含以下有電梯),住家用,鋼筋混凝土造,0871030,38.37,1,0,1,有,有,1700000,44305,,0.0,0,含土地增值稅或其他稅費；含租約；,RPQPMLMKIIGGFAP18DA,16.97,8.27,0.0,有,
林內鄉,房地(土地+建物),雲林縣林內鄉林內路二段２７１巷８２號,91.12,都市：其他:住宅區,,,1100920,土地1建物1車位0,全,四層,透天厝,住家用,鋼筋混凝土造,1100415,182.25,4,2,3,有,無,7320000,40165,,0.0,0,本筆買賣為房地交易土地總價為165萬元建物總價為567萬元預售屋、或土地及建物分件登記案件；,RPPNMLNKIIGGFAP97DA,175.31,6.94,0.0,無,
斗六市,房地(土地+建物),雲林縣斗六市榴一街２８號三樓,21.8,,工業區,丁種建築用地,1100925,土地1建物1車位0,三層,五層,華廈(10層含以下有電梯),住家用,鋼筋混凝土造,1091113,80.09,2,1,2,有,有,4300000,53690,,0.0,0,含傢俱設備費；,RPSNMLNKIIGGFAP28DA,57.34,5.49,0.0,有,029
斗六市,土地,斗六段142-39地號,80.0,都市：其他:商業區,,,1100812,土地1建物0車位0,,,其他,,,,0.0,0,0,0,有,無,2662000,33275,,0.0,0,含土地增值稅或其他稅費；含仲介費；含地政士服務費；,RPTNMLNKIIGGFAP38DA,0.0,0.0,0.0,無,
斗六市,土地,長安段388-4地號,330.5,,鄉村區,乙種建築用地,1100904,土地2建物0車位0,,,其他,,,,0.0,0,0,0,有,無,5000000,15129,,0.0,0,,RPQOMLMJRHGGFAP78DA,0.0,0.0,0.0,無,030
斗六市,房地(土地+建物),雲林縣斗六市景文街１８９號,101.4,都市：其他:住宅區,,,1091110,土地1建物1車位0,全,四層,透天厝,住商用,鋼筋混凝土造,1091216,261.44,5,2,5,有,無,20000000,76499,,0.0,0,買清案件含土地增值稅或其他稅費；預售屋、或土地及建物分件登記案件；,RPOOMLQJIIGGFAP18DA,240.76,20.68,0.0,有,
斗六市,房地(土地+建物),雲林縣斗六市中正一街６３號,144.7,都市：其他:住宅區,,,1100310,土地2建物1車位0,全,四層,透天厝,住家用,鋼筋混凝土造,1091216,242.08,5,2,5,有,無,19300000,79726,,0.0,0,含土地增值稅或其他稅費；預售屋、或土地及建物分件登記案件；,RPVNMLPJIIGGFAP68DA,218.49,23.59,0.0,有,
斗六市,房地(土地+建物),雲林縣斗六市景文街１８３號,101.4,都市：其他:住宅區,,,1091102,土地1建物1車位0,全,四層,透天厝,住商用,鋼筋混凝土造,1091216,261.44,5,2,5,有,無,19900000,76117,,0.0,0,含土地增值稅或其他稅費；預售屋、或土地及建物分件登記案件；,RPWNMLPJIIGGFAP78DA,240.76,20.68,0.0,有,
斗六市,房地(土地+建物),雲林縣斗六市景文街１９５號,101.4,都市：其他:機關用地,,,1090122,土地1建物1車位0,全,四層,透天厝,住商用,鋼筋混凝土造,1091216,261.44,5,2,5,有,無,19600000,74969,,0.0,0,含土地增值稅或其他稅費；預售屋、或土地及建物分件登記案件；,RPOOMLPJIIGGFAP08DA,240.76,20.68,0.0,有,
斗六市,房地(土地+建物),雲林縣斗六市六合街２７號七樓,12.52,都市：其他:住宅區,,,1100928,土地1建物1車位0,七層,八層,華廈(10層含以下有電梯),住家用,鋼筋混凝土造,0831118,72.78999999999999,2,1,1,有,有,3000000,41214,,0.0,0,,RPPNMLQJIIGGFAP18DA,49.23,5.82,0.0,有,031
斗南鎮,房地(土地+建物),雲林縣斗南鎮義德路８２號,156.0,都市：其他:道路用地,,,1100823,土地2建物1車位0,全,一層,透天厝,住家用,磚木竹造,0300701,58.96,0,0,0,無,無,5200000,88195,,0.0,0,其他增建；,RPQNMLPLQHGGFBP56DA,58.96,0.0,0.0,無,
斗南鎮,土地,新光段661地號,151.75,都市：其他:道路用地兼供河川使用,,,1101002,土地4建物0車位0,,,其他,,,,0.0,0,0,0,有,無,210000,1384,,0.0,0,包含公共設施保留地用地；,RPPNMLMJIIGGFBP87DA,0.0,0.0,0.0,無,
褒忠鄉,土地,六勝段357-1地號,327.0,,鄉村區,乙種建築用地,1100930,土地1建物0車位0,,,其他,,,,0.0,0,0,0,有,無,1088092,3327,,0.0,0,,RPPNMLPJIIGGFDP38DA,0.0,0.0,0.0,無,
虎尾鎮,土地,安慶段744-1地號,409.88,,特定農業區,農牧用地,1100915,土地1建物0車位0,,,其他,,,,0.0,0,0,0,有,無,1115885,2722,,0.0,0,親友、員工、共有人或其他特殊關係間之交易；,RPPNMLQJIIGGFDP48DA,0.0,0.0,0.0,無,
虎尾鎮,房地(土地+建物),雲林縣虎尾鎮芳草２８之１２號,123.99,,鄉村區,乙種建築用地,1100302,土地4建物1車位0,全,三層,透天厝,住家用,鋼筋混凝土造,1100514,164.26,4,2,4,有,無,6800000,41398,,0.0,0,含土地增值稅或其他稅費；預售屋、或土地及建物分件登記案件；,RPPOMLSJIIGGFDP78DA,152.87,11.39,0.0,無,
虎尾鎮,土地,新屯段392地號,4698.07,,特定農業區,農牧用地,1100911,土地2建物0車位0,,,其他,,,,0.0,0,0,0,有,無,10100000,2150,,0.0,0,,RPPNMLLKIIGGFDP08DA,0.0,0.0,0.0,無,
東勢鄉,土地,東西段350-3地號,3341.88,,特定農業區,農牧用地,1090706,土地3建物0車位0,,,其他,,,,0.0,0,0,0,有,無,3341880,1000,,0.0,0,,RPQNMLTJRHGGFFP27DA,0.0,0.0,0.0,無,
東勢鄉,土地,東西段350-4地號,3082.78,,特定農業區,農牧用地,1090706,土地3建物0車位0,,,其他,,,,0.0,0,0,0,有,無,3051226,990,,0.0,0,,RPRNMLTJRHGGFFP37DA,0.0,0.0,0.0,無,
麥寮鄉,土地,橋頭段1238-4地號,63.0,,鄉村區,乙種建築用地,1100910,土地1建物0車位0,,,其他,,,,0.0,0,0,0,有,無,7600000,120635,,0.0,0,親友、員工、共有人或其他特殊關係間之交易；未登記建物；,RPQNMLKKRHGGFFP09DA,0.0,0.0,0.0,無,
元長鄉,土地,義天段832地號,2156.31,,特定農業區,農牧用地,1100913,土地1建物0車位0,,,其他,,,,0.0,0,0,0,有,無,2900000,1345,,0.0,0,,RPPNMLOKIIGGFEP48DA,0.0,0.0,0.0,無,
北港鎮,房地(土地+建物)+車位,雲林縣北港鎮文明路５６號五樓,35.95,都市：其他:住宅區,,,1101002,土地1建物1車位1,五層,五層,公寓(5樓含以下無電梯),住家用,鋼筋混凝土造,0860313,170.83,4,1,1,有,無,2720000,15922,坡道平面,0.0,0,,RPQNMLKMRHGGFEP56DA,111.55,8.85,0.0,無,032
莿桐鄉,房地(土地+建物),雲林縣莿桐鄉中正路２１８巷３５號,113.94,都市：其他:住宅區,,,1100812,土地2建物1車位0,全,三層,透天厝,住家用,鋼筋混凝土造,1100510,188.14,4,2,4,有,無,7900000,41990,,0.0,0,,RPOOMLSJIIGGFAP48EA,182.44,5.7,0.0,無,
莿桐鄉,房地(土地+建物),雲林縣莿桐鄉中正路２１８巷３３號,113.94,都市：其他:住宅區,,,1100901,土地2建物1車位0,全,三層,透天厝,住家用,鋼筋混凝土造,1100510,188.14,4,2,4,有,無,8000000,42522,,0.0,0,,RPPOMLSJIIGGFAP58EA,182.44,5.7,0.0,無,
莿桐鄉,房地(土地+建物),雲林縣莿桐鄉中正路２１８巷３１號,113.94,都市：其他:住宅區,,,1100901,土地2建物1車位0,全,三層,透天厝,住家用,鋼筋混凝土造,1100510,188.14,4,2,4,有,無,7650000,40661,,0.0,0,,RPQOMLSJIIGGFAP68EA,182.44,5.7,0.0,無,
莿桐鄉,房地(土地+建物),雲林縣莿桐鄉中正路２１８巷２９號,113.94,都市：其他:住宅區,,,1100901,土地2建物1車位0,全,三層,透天厝,住家用,鋼筋混凝土造,1100510,188.14,4,2,4,有,無,8000000,42522,,0.0,0,,RPROMLSJIIGGFAP78EA,182.44,5.7,0.0,無,
莿桐鄉,房地(土地+建物),雲林縣莿桐鄉中正路２１８巷２７號,113.94,都市：其他:住宅區,,,1100901,土地2建物1車位0,全,三層,透天厝,住家用,鋼筋混凝土造,1100510,188.14,4,2,4,有,無,7750000,41193,,0.0,0,,RPSOMLSJIIGGFAP88EA,182.44,5.7,0.0,無,
斗南鎮,房地(土地+建物),雲林縣斗南鎮光復街３６號九樓之１２,1.63,都市：其他:零售市場用地,,,1101001,土地1建物1車位0,九層,十二層,住宅大樓(11層含以上有電梯),住家用,鋼筋混凝土造,0880412,92.81,2,1,1,有,有,2380000,25644,,0.0,0,,RPPNMLPKIIGGFBP38EA,57.94,4.35,0.0,有,033
西螺鎮,房地(土地+建物),雲林縣西螺鎮文昌路１３１號,88.0,都市：其他:住宅區,,,1100908,土地1建物1車位0,全,二層,透天厝,住家用,加強磚造,0590530,132.14,2,2,2,有,無,6200000,46920,,0.0,0,,RPWNMLOKIIGGFCP09EA,132.14,0.0,0.0,無,
崙背鄉,房地(土地+建物),雲林縣崙背鄉成功路３０之１號,138.56,都市：其他:商業區,,,1100830,土地1建物1車位0,全,三層,透天厝,住家用,鋼筋混凝土造,1080626,201.42,4,2,4,有,無,12360000,61364,,0.0,0,,RPSNMLOKIIGGFCP68EA,197.44,3.98,0.0,無,
西螺鎮,土地,吳厝段689地號,1974.0,,特定農業區,農牧用地,1100830,土地1建物0車位0,,,其他,,,,0.0,0,0,0,有,無,3000000,1520,,0.0,0,,RPPNMLSKIIGGFCP78EA,0.0,0.0,0.0,無,
西螺鎮,土地,新街段482地號,481.0,都市：其他:住宅區,,,1101004,土地1建物0車位0,,,其他,,,,0.0,0,0,0,有,無,10600000,22037,,0.0,0,,RPTNMLSKIIGGFCP56EA,0.0,0.0,0.0,無,
斗南鎮,土地,南昌段79-2地號,158.0,都市：其他:商業區,,,1101006,土地1建物0車位0,,,其他,,,,0.0,0,0,0,有,無,5974375,37813,,0.0,0,,RPQNMLPKIIGGFBP48EA,0.0,0.0,0.0,無,
林內鄉,房地(土地+建物),雲林縣林內鄉中正路６４８之１８號,126.0,都市：其他:住宅區,,,1100820,土地1建物1車位0,全,三層,透天厝,住家用,鋼筋混凝土造,1090325,206.3,5,2,4,有,無,8450000,40960,,0.0,0,土地總價金新台幣：2704000元整；建物總價金新台幣：5746000元整。含裝潢費；含傢俱設備費；含土地增值稅或其他稅費；,RPXNMLNKIIGGFAP88EA,193.81,12.49,0.0,無,
斗六市,土地,黃厝段437地號,3264.0,,特定農業區,農牧用地,1100907,土地2建物0車位0,,,其他,,,,0.0,0,0,0,有,無,5100000,1563,,0.0,0,交易價格包含其他買賣登記案件標的之價格。含仲介費；農作物；預售屋、或土地及建物分件登記案件；,RPROMLOKIIGGFAP48EA,0.0,0.0,0.0,無,
斗六市,房地(土地+建物),雲林縣斗六市文化路６３３巷１８之１９號,87.89,,一般農業區,甲種建築用地,1100907,土地4建物1車位0,全,四層,透天厝,住家用,鋼筋混凝土造,0830120,193.53,4,2,3,有,無,2100000,10851,,0.0,0,親友、員工、共有人或其他特殊關係間之交易；頂樓加蓋；,RPPOMLPKIIGGFAP38EA,163.66,29.87,0.0,無,
莿桐鄉,房地(土地+建物),雲林縣莿桐鄉中正路２１８巷２５號,113.94,都市：其他:住宅區,,,1100901,土地2建物1車位0,全,三層,透天厝,住家用,鋼筋混凝土造,1100510,188.14,4,2,4,有,無,7900000,41990,,0.0,0,,RPTOMLSJIIGGFAP98EA,182.44,5.7,0.0,無,
莿桐鄉,房地(土地+建物),雲林縣莿桐鄉中正路２１８巷２３號,113.94,都市：其他:住宅區,,,1100901,土地2建物1車位0,全,三層,透天厝,住家用,鋼筋混凝土造,1100510,188.14,4,2,4,有,無,7660000,40714,,0.0,0,,RPUOMLSJIIGGFAP09EA,182.44,5.7,0.0,無,
莿桐鄉,房地(土地+建物),雲林縣莿桐鄉中正路２１８巷２１號,113.94,都市：其他:住宅區,,,1100901,土地2建物1車位0,全,三層,透天厝,住家用,鋼筋混凝土造,1100510,188.14,4,2,4,有,無,7920000,42096,,0.0,0,,RPVOMLSJIIGGFAP56EA,182.44,5.7,0.0,無,
莿桐鄉,房地(土地+建物),雲林縣莿桐鄉中正路２１８巷１９號,113.94,都市：其他:住宅區,,,1100901,土地2建物1車位0,全,三層,透天厝,住家用,鋼筋混凝土造,1100510,188.14,4,2,4,有,無,7900000,41990,,0.0,0,,RPWOMLSJIIGGFAP66EA,182.44,5.7,0.0,無,
莿桐鄉,房地(土地+建物),雲林縣莿桐鄉中正路２１８巷１７號,113.94,都市：其他:住宅區,,,1100901,土地2建物1車位0,全,三層,透天厝,住家用,鋼筋混凝土造,1100510,188.14,4,2,4,有,無,7780000,41352,,0.0,0,,RPXOMLSJIIGGFAP76EA,182.44,5.7,0.0,無,
莿桐鄉,房地(土地+建物),雲林縣莿桐鄉中正路２１８巷１５號,121.94,都市：其他:住宅區,,,1100901,土地2建物1車位0,全,三層,透天厝,住家用,鋼筋混凝土造,1100510,194.41,4,2,4,有,無,8800000,45265,,0.0,0,,RPOPMLSJIIGGFAP58EA,188.68,5.73,0.0,無,
麥寮鄉,土地,施厝寮段1468地號,1299.0,,一般農業區,農牧用地,1100916,土地1建物0車位0,,,其他,,,,0.0,0,0,0,有,無,1940000,1493,,0.0,0,,RPRNMLNKIIGGFFP68DA,0.0,0.0,0.0,無,034
麥寮鄉,土地,山寮段639-4地號,101.0,,鄉村區,乙種建築用地,1101008,土地1建物0車位0,,,其他,,,,0.0,0,0,0,有,無,305525,3025,,0.0,0,,RPQNMLPKIIGGFFP78DA,0.0,0.0,0.0,無,
元長鄉,土地,長南段1154-2地號,1638.0,,特定農業區,農牧用地,1100825,土地1建物0車位0,,,其他,,,,0.0,0,0,0,有,無,2500000,1526,,0.0,0,,RPQNMLQJIIGGFEP68DA,0.0,0.0,0.0,無,
褒忠鄉,土地,新湖段1346地號,2673.0,,特定農業區,農牧用地,1101008,土地1建物0車位0,,,其他,,,,0.0,0,0,0,有,無,4759500,1781,,0.0,0,未登記建物；,RPWNMLNKIIGGFDP98DA,0.0,0.0,0.0,無,
虎尾鎮,土地,過溪段102-2地號,54.7,,鄉村區,乙種建築用地,1101006,土地1建物0車位0,,,其他,,,,0.0,0,0,0,有,無,660000,12066,,0.0,0,,RPQNMLPKIIGGFDP58DA,0.0,0.0,0.0,無,
四湖鄉,土地,建華段1073地號,52.74,,鄉村區,乙種建築用地,1101008,土地1建物0車位0,,,其他,,,,0.0,0,0,0,有,無,150000,2844,,0.0,0,親友、員工、共有人或其他特殊關係間之交易；,RPPNMLSKIIGGFEP88DA,0.0,0.0,0.0,無,
元長鄉,土地,中湖段568地號,1687.0,,特定農業區,農牧用地,1100915,土地1建物0車位0,,,其他,,,,0.0,0,0,0,有,無,1940050,1150,,0.0,0,,RPQNMLSKIIGGFEP98DA,0.0,0.0,0.0,無,
崙背鄉,土地,崩溝寮段152-17地號,535.0,,鄉村區,乙種建築用地,1100922,土地1建物0車位0,,,其他,,,,0.0,0,0,0,有,無,1132810,2117,,0.0,0,親友、員工、共有人或其他特殊關係間之交易；,RPQNMLSKIIGGFCP78DA,0.0,0.0,0.0,無,
斗南鎮,房地(土地+建物),雲林縣斗南鎮民生路９７號,81.0,都市：其他:商業區,,,1100911,土地1建物1車位0,全,三層,透天厝,住商用,鋼筋混凝土造,0730610,183.42,3,2,3,有,無,7700000,41980,,0.0,0,,RPPNMLRJIIGGFBP38DA,168.12,15.3,0.0,無,
斗南鎮,房地(土地+建物),雲林縣斗南鎮建國二路１５５號四樓之３,18.46,都市：其他:第二種住宅區,,,1100909,土地1建物1車位0,四層,十層,華廈(10層含以下有電梯),住家用,鋼筋混凝土造,0830430,169.14,4,1,2,有,有,3590000,21225,,0.0,0,,RPSNMLKKRHGGFBP88DA,116.56,3.32,0.0,有,035
斗六市,房地(土地+建物),雲林縣斗六市後庄３３２號,120.22,,鄉村區,乙種建築用地,1100731,土地2建物1車位0,全,三層,透天厝,住家用,鋼筋混凝土造,0961101,170.32,4,2,3,有,無,7800000,45796,,0.0,0,,RPROMLOKIIGGFAP38DA,167.63,2.69,0.0,無,
莿桐鄉,土地,大埔尾段1669地號,1349.0,,特定農業區,農牧用地,1100902,土地1建物0車位0,,,其他,,,,0.0,0,0,0,有,無,2500000,1853,,0.0,0,,RPTOMLOKIIGGFAP58DA,0.0,0.0,0.0,無,
斗六市,房地(土地+建物),雲林縣斗六市成功路９１５號,132.0,,特定農業區,甲種建築用地,1100927,土地1建物1車位0,全,三層,透天厝,住家用,鋼筋混凝土造,0870601,203.43,4,2,3,有,無,8100000,39817,,0.0,0,含土地增值稅或其他稅費；含仲介費；含地政士服務費；,RPUOMLOKIIGGFAP68DA,195.88,7.55,0.0,無,
斗六市,房地(土地+建物),雲林縣斗六市大學路一段５９５號,19.5,都市：其他:住宅區,,,1100910,土地1建物1車位0,一層，二層，三層，騎樓,十四層,住宅大樓(11層含以上有電梯),住商用,鋼筋混凝土造,0831120,156.75,4,1,3,有,有,6600000,42105,,0.0,0,,RPVOMLOKIIGGFAP78DA,113.88,12.68,0.0,有,036
西螺鎮,土地,社口段910地號,4913.0,,特定農業區,農牧用地,1100909,土地2建物0車位0,,,其他,,,,0.0,0,0,0,有,無,19260000,3920,,0.0,0,,RPQNMLPKIIGGFCP48DA,0.0,0.0,0.0,無,
斗六市,房地(土地+建物)+車位,雲林縣斗六市崙南三路５９號,100.03,,鄉村區,乙種建築用地,1100909,土地1建物1車位1,全,四層,透天厝,住家用,鋼筋混凝土造,0990630,205.26,5,2,3,有,無,9200000,44821,一樓平面,0.0,0,,RPPNMLRJIIGGFAP28DA,170.13,35.13,0.0,無,
斗六市,房地(土地+建物),雲林縣斗六市北平路３２巷４１號,209.76,都市：其他:住宅區,,,1100826,土地2建物1車位0,全,四層,透天厝,住家用,鋼筋混凝土造,1080725,470.28,6,3,6,有,無,30000000,63792,,0.0,0,土地款：新台幣1600萬元正；建物款：新台幣1400萬元正含土地增值稅或其他稅費；未登記建物；,RPRNMLSJIIGGFAP58DA,417.69,52.59,0.0,有,
斗六市,土地,溝子埧段瓦厝子小段290地號,4291.0,,特定農業區,農牧用地,1100822,土地3建物0車位0,,,其他,,,,0.0,0,0,0,有,無,11550000,2692,,0.0,0,,RPOOMLOKIIGGFAP08DA,0.0,0.0,0.0,無,
斗六市,房地(土地+建物),雲林縣斗六市杭州街３４號,112.0,都市：其他:住宅區,,,1100913,土地1建物1車位0,全,二層,透天厝,住商用,加強磚造,0711102,127.68,4,2,3,有,無,8000000,62657,,0.0,0,其他增建；,RPPOMLOKIIGGFAP18DA,127.68,0.0,0.0,無,
斗六市,房地(土地+建物)+車位,雲林縣斗六市公正街３９號八樓之９,5.11,都市：其他:商業區,,,1100926,土地1建物1車位1,八層,十層,華廈(10層含以下有電梯),住家用,鋼筋混凝土造,0871030,45.94,1,0,1,有,有,1870000,40705,坡道平面,0.0,0,含傢俱設備費；含土地增值稅或其他稅費；含租約；,RPQOMLOKIIGGFAP28DA,24.81,2.31,0.0,有,
斗六市,房地(土地+建物)+車位,雲林縣斗六市江厝路１００巷１弄１８號二樓,49.12,,鄉村區,乙種建築用地,1100915,土地1建物1車位1,二層，三層,五層,公寓(5樓含以下無電梯),住家用,鋼筋混凝土造,0880926,138.54,4,2,2,有,有,3380000,24397,一樓平面,0.0,0,,RPPOMLNKIIGGFAP08DA,87.6,12.34,0.0,無,
斗六市,房地(土地+建物),雲林縣斗六市崙南路２７之１號,89.58,,鄉村區,乙種建築用地,1100927,土地3建物1車位0,全,四層,透天厝,住商用,鋼筋混凝土造,0821221,194.84,4,3,3,有,無,7100000,36440,,0.0,0,,RPPNMLOKIIGGFAP08DA,181.04,13.8,0.0,無,
斗六市,房地(土地+建物),雲林縣斗六市文化路２９之５號一樓,22.03,都市：其他:住宅區,,,1100923,土地1建物1車位0,一層,七層,華廈(10層含以下有電梯),商業用,鋼筋混凝土造,0861121,90.0,0,1,1,有,有,4820000,53556,,0.0,0,,RPWNMLOKIIGGFAP78DA,72.0,18.0,0.0,有,
斗六市,土地,保長段保長小段1468-2地號,733.0,,鄉村區,乙種建築用地,1100225,土地1建物0車位0,,,其他,,,,0.0,0,0,0,有,無,27716250,37812,,0.0,0,含土地增值稅或其他稅費；,RPSOMLRLRHGGFAP07DA,0.0,0.0,0.0,無,
二崙鄉,土地,新庄子段大北園小段1668地號,1861.0,,特定農業區,農牧用地,1101002,土地1建物0車位0,,,其他,,,,0.0,0,0,0,有,無,2200000,1182,,0.0,0,,RPPNMLSKIIGGFCP68DA,0.0,0.0,0.0,無,
斗六市,房地(土地+建物),雲林縣斗六市文化路７３巷１７號,67.0,都市：其他:住宅區,,,1101001,土地1建物1車位0,全,三層,透天厝,住家用,鋼筋混凝土造,0720301,139.98,8,4,4,有,無,6000000,42863,,0.0,0,,RPRNMLPKIIGGFAP38DA,139.98,0.0,0.0,無,
莿桐鄉,房地(土地+建物),雲林縣莿桐鄉饒平西路３５之３０號,149.8,,鄉村區,乙種建築用地,1100917,土地2建物1車位0,全,三層,透天厝,住家用,鋼筋混凝土造,1080903,203.13,4,3,5,有,無,7020000,34559,,0.0,0,,RPTNMLPKIIGGFAP58DA,187.99,15.14,0.0,無,
斗六市,房地(土地+建物),雲林縣斗六市建興路１５８之２６號,147.8,,鄉村區,乙種建築用地,1080118,土地2建物1車位0,全,三層,透天厝,住家用,鋼筋混凝土造,1091207,181.65,5,2,4,有,無,10518000,57903,,0.0,0,,RPPNMLRKIIGGFAP38DA,171.79,9.86,0.0,無,
斗六市,房地(土地+建物),雲林縣斗六市建興路１５８之２０號,130.8,,鄉村區,乙種建築用地,1080920,土地2建物1車位0,全,三層,透天厝,住家用,鋼筋混凝土造,1091207,202.72,6,2,4,有,無,10260000,50612,,0.0,0,,RPQNMLRKIIGGFAP48DA,192.29,10.43,0.0,無,
莿桐鄉,房地(土地+建物),雲林縣莿桐鄉和平路３０巷９８號,89.0,都市：其他:住宅區,,,1100915,土地1建物1車位0,全,二層,透天厝,住商用,加強磚造,0700601,119.36,4,2,4,有,無,4000000,33512,,0.0,0,,RPSNMLSKIIGGFAP78DA,119.36,0.0,0.0,無,
斗南鎮,房地(土地+建物),雲林縣斗南鎮順安街３５０巷２號,107.0,都市：其他:第二種住宅區,,,1100918,土地1建物1車位0,全,二層,透天厝,住家用,加強磚造,0690515,132.77,4,2,2,有,無,4550000,34270,,0.0,0,,RPUNMLSLRHGGFBP37DA,126.73,6.04,0.0,無,
虎尾鎮,房地(土地+建物),雲林縣虎尾鎮虎興東六路２７號,148.66,都市：其他:住宅區,,,1100913,土地3建物1車位0,全,三層,透天厝,住家用,鋼筋混凝土造,1031209,220.09,5,2,4,有,無,12390000,56295,,0.0,0,含仲介費390000元；,RPTOMLRJIIGGFDP09DA,197.95,22.14,0.0,無,
北港鎮,土地,番子溝段85地號,392.0,,鄉村區,乙種建築用地,1100712,土地2建物0車位0,,,其他,,,,0.0,0,0,0,有,無,800000,2041,,0.0,0,未登記建物；,RPTNMLSKIIGGFEP66DA,0.0,0.0,0.0,無,
口湖鄉,房地(土地+建物),雲林縣口湖鄉民生路７９巷２１之１０號,57.0,,鄉村區,乙種建築用地,1100927,土地1建物1車位0,全,二層,透天厝,住家用,加強磚造,0720915,71.65,3,1,3,有,無,1200000,16748,,0.0,0,義務人另付清所有相關稅費及代辦費等共計新台幣20000元正.頂樓加蓋；,RPTNMLTKIIGGFEP76DA,69.33,2.32,0.0,無,
土庫鎮,房地(土地+建物),雲林縣土庫鎮下圍路７之１１號,105.0,,特定農業區,甲種建築用地,1100928,土地3建物1車位0,全,三層,透天厝,住家用,鋼筋混凝土造,0830915,144.68,4,2,3,有,無,3500000,24191,,0.0,0,親友、員工、共有人或其他特殊關係間之交易；,RPRNMLSKIIGGFDP98DA,139.14,5.54,0.0,無,
土庫鎮,房地(土地+建物),雲林縣土庫鎮新生街７巷５之６號,113.69,,鄉村區,乙種建築用地,1100915,土地2建物1車位0,全,三層,透天厝,住家用,鋼筋混凝土造,1100512,172.5,5,1,4,有,無,7500000,43478,,0.0,0,,RPSNMLSKIIGGFDP09DA,160.77,11.73,0.0,無,
口湖鄉,土地,安南段358地號,141.0,,鄉村區,乙種建築用地,1101001,土地1建物0車位0,,,其他,,,,0.0,0,0,0,有,無,1100000,7801,,0.0,0,未登記建物；,RPPNMLTJIIGGFEP88DA,0.0,0.0,0.0,無,
斗六市,房地(土地+建物),雲林縣斗六市斗六一路１２巷１號,117.54,都市：其他:住宅區,,,1100927,土地2建物1車位0,全,三層,透天厝,住家用,鋼筋混凝土造,1000425,204.73,5,1,4,有,無,13500000,65941,,0.0,0,,RPUNMLSKIIGGFAP09EA,178.5,26.23,0.0,無,
斗南鎮,土地,文安段459地號,2036.38,都市：其他:道路用地兼供河川使用,,,1101012,土地4建物0車位0,,,其他,,,,0.0,0,0,0,有,無,5600000,2750,,0.0,0,包含公共設施保留地用地；,RPVRMLSKIIGGFBP07EA,0.0,0.0,0.0,無,
西螺鎮,房地(土地+建物),雲林縣西螺鎮修文路１２４號,76.0,都市：其他:住宅區,,,1100924,土地1建物1車位0,全,四層,透天厝,住商用,鋼筋混凝土造,0810930,194.42,4,2,4,有,無,8500000,43720,,0.0,0,含仲介費；其他增建；,RPRNMLSKIIGGFCP98EA,194.42,0.0,0.0,無,
西螺鎮,土地,茄苳段621地號,1952.0,都市：其他:農業區,,,1100907,土地1建物0車位0,,,其他,,,,0.0,0,0,0,有,無,6000000,3074,,0.0,0,,RPSNMLSKIIGGFCP09EA,0.0,0.0,0.0,無,
