﻿編號,屋齡,建物移轉面積平方公尺,主要用途,主要建材,建築完成日期,總層數,建物分層
The serial number,room age,building shifting area square meter,the main use,main building materials,construction completes the date,total layer,building lamination
RPUNMLQKRHGGFAP07CC,12,273.25,廠房,鋼骨造,99年1月10日,一層,
RPRNMLRKRHGGFAP86CC,15,12.08,住家用,鋼筋混凝土造,96年2月8日,三層,
RPRNMLNKRHGGFAP09CC,56,100.62,住家用,木造,54年3月23日,一層,
RPSNMLRKRHGGFAP96CC,15,16.51,住家用,鋼筋混凝土造,95年12月1日,三層,
RPPNMLNKRHGGFAP88CC,15,12.78,住家用,鋼筋混凝土造,96年2月8日,三層,
RPQNMLNKRHGGFAP98CC,21,16.26,住商用,鋼筋混凝土造,89年8月8日,三層,
