﻿鄉鎮市區,交易標的,土地位置建物門牌,土地移轉總面積平方公尺,都市土地使用分區,非都市土地使用分區,非都市土地使用編定,交易年月日,交易筆棟數,移轉層次,總樓層數,建物型態,主要用途,主要建材,建築完成年月,建物移轉總面積平方公尺,建物現況格局-房,建物現況格局-廳,建物現況格局-衛,建物現況格局-隔間,有無管理組織,總價元,單價元平方公尺,車位類別,車位移轉總面積平方公尺,車位總價元,備註,編號,建案名稱,棟及號
The villages and towns urban district,transaction sign,land sector position building sector house number plate,land shifting total area square meter,the use zoning or compiles and checks,the non-metropolis land use district,non-metropolis land use,transaction year month and day,transaction pen number,shifting level,total floor number,building state,main use,main building materials,construction to complete the years,building shifting total area,Building present situation pattern - room,building present situation pattern - hall,building present situation pattern - health,building present situation pattern - compartmented,Whether there is manages the organization,total price NTD,the unit price (NTD / square meter),the berth category,berth shifting total area square meter,the berth total price NTD,the note,serial number,build case,buildings
民雄鄉,房地(土地+建物),嘉義縣民雄鄉柴頭仔,76.0,,特定農業區,甲種建築用地,1100907,土地1建物1車位0,全,3,透天厝,住家用,鋼筋混凝土造,,135.11,3,2,3,有,無,6880000,50921,,0.0,0,,RPPNMLLKRHGGFCQ88CB,早稻田,G棟0號
中埔鄉,房地(土地+建物),嘉義縣中埔鄉義仁村樹頭埔,121.12,,特定農業區,甲種建築用地,1100814,土地1建物1車位0,全,2,透天厝,住家用,鋼筋混凝土造,,148.07,4,2,3,有,無,8800000,59431,,0.0,0,,RPPNMLLKRHGGFDQ09DB,春不老,G棟17號
中埔鄉,房地(土地+建物),嘉義縣中埔鄉義仁村樹頭埔1-65號,132.43,,特定農業區,甲種建築用地,1100815,土地1建物1車位0,全,2,透天厝,住家用,鋼筋混凝土造,,160.77,3,2,3,有,無,10400000,64689,,0.0,0,,RPQNMLLKRHGGFDQ56DB,春不老,F棟7號
民雄鄉,房地(土地+建物),嘉義縣民雄鄉鄉道嘉107線,116.38,,鄉村區,乙種建築用地,1100820,土地6建物1車位0,全,3,透天厝,住家用,鋼筋混凝土造,,189.31,5,2,4,有,無,12300000,64973,,0.0,0,,RPPNMLMKRHGGFCQ98CB,千葉里,A棟13號
中埔鄉,房地(土地+建物),嘉義縣中埔鄉義仁村樹頭埔,130.99,,特定農業區,甲種建築用地,1100818,土地1建物1車位0,全,2,透天厝,住家用,鋼筋混凝土造,,159.57,3,2,3,有,無,13500000,84602,,0.0,0,交易總價含下列非屬預售屋價格之費用:含裝潢費；,RPPNMLPKRHGGFDQ86DB,春不老,I棟8號
中埔鄉,房地(土地+建物),嘉義縣中埔鄉義仁村樹頭埔,111.51,,特定農業區,甲種建築用地,1100829,土地1建物1車位0,全,2,透天厝,住家用,鋼筋混凝土造,,161.13,3,2,3,有,無,9500000,58959,,0.0,0,,RPQNMLPKRHGGFDQ96DB,春不老,M棟3號
大林鎮,房地(土地+建物),嘉義縣大林鎮林頭,124.19,,鄉村區,乙種建築用地,1100830,土地2建物1車位0,全,3,透天厝,住家用,鋼筋混凝土造,,157.18,4,2,4,有,無,6780000,43135,,0.0,0,,RPPNMLPKRHGGFCQ76DB,新社團,B棟15號
大林鎮,房地(土地+建物),嘉義縣大林鎮林頭,120.47,,鄉村區,乙種建築用地,1100909,土地2建物1車位0,全,3,透天厝,住家用,鋼筋混凝土造,,151.1,4,2,3,有,無,6300000,41694,,0.0,0,,RPQNMLPKRHGGFCQ86DB,新社團,A棟28號
太保市,房地(土地+建物),嘉義縣太保市祥和三路東段107號,110.8,住,,,1090716,土地1建物1車位0,全,5,透天厝,住家用,鋼筋混凝土造,,263.07,4,3,6,有,無,21500000,81727,,0.0,0,,RPPNMLPKRHGGFDQ76CB,嘉邑.富邑,A棟1號
太保市,房地(土地+建物),嘉義縣太保市祥和三路東段109號,100.25,住,,,1090716,土地1建物1車位0,全,5,透天厝,住家用,鋼筋混凝土造,,245.85,4,3,6,有,無,15200000,61826,,0.0,0,,RPQNMLPKRHGGFDQ86CB,嘉邑.富邑,A棟2號
太保市,房地(土地+建物),嘉義縣太保市祥和三路東段111號,100.25,住,,,1090718,土地1建物1車位0,全,5,透天厝,住家用,鋼筋混凝土造,,245.85,4,3,6,有,無,15200000,61826,,0.0,0,,RPRNMLPKRHGGFDQ96CB,嘉邑.富邑,A棟3號
太保市,房地(土地+建物),嘉義縣太保市祥和三路東段113號,100.25,住,,,1090625,土地1建物1車位0,全,5,透天厝,住家用,鋼筋混凝土造,,245.85,4,3,6,有,無,15500000,63047,,0.0,0,,RPSNMLPKRHGGFDQ07CB,嘉邑.富邑,A棟5號
太保市,房地(土地+建物),嘉義縣太保市祥和三路東段115號,100.25,住,,,1090625,土地1建物1車位0,全,5,透天厝,住家用,鋼筋混凝土造,,245.85,4,3,6,有,無,15500000,63047,,0.0,0,,RPTNMLPKRHGGFDQ17CB,嘉邑.富邑,A棟6號
太保市,房地(土地+建物),嘉義縣太保市祥和三路東段117號,100.25,住,,,1090714,土地1建物1車位0,全,5,透天厝,住商用,鋼筋混凝土造,,245.85,4,3,6,有,無,15100000,61420,,0.0,0,,RPUNMLPKRHGGFDQ27CB,嘉邑.富邑,A棟7號
太保市,房地(土地+建物),嘉義縣太保市祥和三路東段119號,100.25,住,,,1090703,土地1建物1車位0,全,5,透天厝,住家用,鋼筋混凝土造,,245.85,4,3,6,有,無,15500000,63047,,0.0,0,,RPVNMLPKRHGGFDQ37CB,嘉邑.富邑,A棟8號
太保市,房地(土地+建物),嘉義縣太保市祥和三路東段121號,100.25,住,,,1090703,土地1建物1車位0,全,5,透天厝,住家用,鋼筋混凝土造,,245.85,4,3,6,有,無,15500000,63047,,0.0,0,,RPWNMLPKRHGGFDQ47CB,嘉邑.富邑,A棟9號
太保市,房地(土地+建物),嘉義縣太保市祥和三路東段123號,100.25,住,,,1090714,土地1建物1車位0,全,5,透天厝,住家用,鋼筋混凝土造,,245.85,4,3,6,有,無,15700000,63860,,0.0,0,,RPXNMLPKRHGGFDQ57CB,嘉邑.富邑,A棟10號
太保市,房地(土地+建物),嘉義縣太保市祥和三路東段125號,100.25,住,,,1090623,土地1建物1車位0,全,5,透天厝,住家用,鋼筋混凝土造,,245.85,4,3,6,有,無,15300000,62233,,0.0,0,,RPOOMLPKRHGGFDQ76CB,嘉邑.富邑,A棟11號
太保市,房地(土地+建物),嘉義縣太保市祥和三路東段127號,100.25,住,,,1091110,土地1建物1車位0,全,5,透天厝,住家用,鋼筋混凝土造,,245.85,4,3,6,有,無,15500000,63047,,0.0,0,,RPPOMLPKRHGGFDQ86CB,嘉邑.富邑,A棟12號
太保市,房地(土地+建物),嘉義縣太保市祥和三路東段129號,102.96,住,,,1100221,土地1建物1車位0,全,5,透天厝,住家用,鋼筋混凝土造,,245.85,4,3,6,有,無,15200000,61826,,0.0,0,,RPQOMLPKRHGGFDQ96CB,嘉邑.富邑,A棟13號
太保市,房地(土地+建物),嘉義縣太保市祥和三路東段131號,102.96,住,,,1091224,土地1建物1車位0,全,5,透天厝,住家用,鋼筋混凝土造,,245.85,4,3,6,有,無,15300000,62233,,0.0,0,,RPROMLPKRHGGFDQ07CB,嘉邑.富邑,A棟15號
太保市,房地(土地+建物),嘉義縣太保市祥和三路東段133號,100.25,住,,,1091016,土地1建物1車位0,全,5,透天厝,住家用,鋼筋混凝土造,,245.85,4,3,6,有,無,15300000,62233,,0.0,0,,RPWOMLPKRHGGFDQ57CB,嘉邑.富邑,A棟16號
太保市,房地(土地+建物),嘉義縣太保市祥和三路東段135號,100.25,住,,,1090801,土地1建物1車位0,全,5,透天厝,住家用,鋼筋混凝土造,,245.85,4,3,6,有,無,15500000,63047,,0.0,0,,RPXOMLPKRHGGFDQ67CB,嘉邑.富邑,A棟17號
太保市,房地(土地+建物),嘉義縣太保市祥和三路東段137號,100.25,住,,,1090719,土地1建物1車位0,全,5,透天厝,住家用,鋼筋混凝土造,,245.85,4,3,6,有,無,15500000,63047,,0.0,0,,RPOPMLPKRHGGFDQ86CB,嘉邑.富邑,A棟18號
太保市,房地(土地+建物),嘉義縣太保市祥和三路東段139號,100.25,住,,,1090719,土地1建物1車位0,全,5,透天厝,住家用,鋼筋混凝土造,,245.85,4,3,6,有,無,15500000,63047,,0.0,0,,RPPPMLPKRHGGFDQ96CB,嘉邑.富邑,A棟19號
太保市,房地(土地+建物),嘉義縣太保市祥和三路東段141號,100.25,住,,,1090830,土地1建物1車位0,全,5,透天厝,住家用,鋼筋混凝土造,,245.85,4,3,6,有,無,15680000,63779,,0.0,0,,RPQPMLPKRHGGFDQ07CB,嘉邑.富邑,A棟20號
太保市,房地(土地+建物),嘉義縣太保市祥和三路東段143號,100.25,住,,,1090814,土地1建物1車位0,全,5,透天厝,住家用,鋼筋混凝土造,,245.85,4,3,6,有,無,15500000,63047,,0.0,0,,RPRPMLPKRHGGFDQ17CB,嘉邑.富邑,A棟21號
太保市,房地(土地+建物),嘉義縣太保市祥和三路東段145號,100.25,住,,,1090703,土地1建物1車位0,全,5,透天厝,住家用,鋼筋混凝土造,,245.85,4,3,6,有,無,15200000,61826,,0.0,0,,RPSPMLPKRHGGFDQ27CB,嘉邑.富邑,A棟22號
太保市,房地(土地+建物),嘉義縣太保市祥和三路東段147號,100.25,住,,,1090705,土地1建物1車位0,全,5,透天厝,住家用,鋼筋混凝土造,,245.85,4,3,6,有,無,15600000,63453,,0.0,0,,RPTPMLPKRHGGFDQ37CB,嘉邑.富邑,A棟23號
太保市,房地(土地+建物),嘉義縣太保市祥和三路東段149號,111.33,住,,,1090721,土地1建物1車位0,全,5,透天厝,住家用,鋼筋混凝土造,,263.07,4,3,6,有,無,20350000,77356,,0.0,0,,RPUPMLPKRHGGFDQ47CB,嘉邑.富邑,A棟25號
太保市,房地(土地+建物),嘉義縣太保市太保三路81號,104.7,住,,,1100119,土地1建物1車位0,全,4,透天厝,住家用,鋼筋混凝土造,,211.38,2,3,4,有,無,12600000,59608,,0.0,0,,RPVPMLPKRHGGFDQ57CB,嘉邑.富邑,B棟1號
太保市,房地(土地+建物),嘉義縣太保市太保三路83號,100.31,住,,,1090711,土地1建物1車位0,全,5,透天厝,住家用,鋼筋混凝土造,,203.25,2,3,4,有,無,12200000,60025,,0.0,0,,RPWPMLPKRHGGFDQ67CB,嘉邑.富邑,B棟2號
太保市,房地(土地+建物),嘉義縣太保市太保三路85號,100.62,住,,,1090822,土地1建物1車位0,全,4,透天厝,住家用,鋼筋混凝土造,,203.25,2,3,4,有,無,12500000,61501,,0.0,0,,RPXPMLPKRHGGFDQ77CB,嘉邑.富邑,B棟3號
太保市,房地(土地+建物),嘉義縣太保市太保三路87號,100.92,住,,,1090830,土地1建物1車位0,全,4,透天厝,住家用,鋼筋混凝土造,,203.25,2,3,4,有,無,12800000,62977,,0.0,0,,RPOQMLPKRHGGFDQ96CB,嘉邑.富邑,B棟5號
太保市,房地(土地+建物),嘉義縣太保市太保三路89號,101.22,住,,,1090905,土地1建物1車位0,全,4,透天厝,住家用,鋼筋混凝土造,,203.25,2,3,4,有,無,12500000,61501,,0.0,0,,RPPQMLPKRHGGFDQ07CB,嘉邑.富邑,B棟6號
太保市,房地(土地+建物),嘉義縣太保市太保三路91號,101.53,住,,,1090829,土地1建物1車位0,全,4,透天厝,住家用,鋼筋混凝土造,,203.25,2,3,4,有,無,12500000,61501,,0.0,0,,RPQQMLPKRHGGFDQ17CB,嘉邑.富邑,B棟7號
太保市,房地(土地+建物),嘉義縣太保市太保三路93號,101.83,住,,,1090824,土地1建物1車位0,全,4,透天厝,住家用,鋼筋混凝土造,,203.25,2,3,4,有,無,12500000,61501,,0.0,0,,RPRQMLPKRHGGFDQ27CB,嘉邑.富邑,B棟8號
太保市,房地(土地+建物),嘉義縣太保市太保三路95號,102.13,住,,,1090905,土地1建物1車位0,全,4,透天厝,住家用,鋼筋混凝土造,,203.25,2,3,4,有,無,12800000,62977,,0.0,0,,RPSQMLPKRHGGFDQ37CB,嘉邑.富邑,B棟9號
太保市,房地(土地+建物),嘉義縣太保市太保三路97號,102.44,住,,,1090711,土地1建物1車位0,全,4,透天厝,住家用,鋼筋混凝土造,,203.25,2,3,4,有,無,12700000,62485,,0.0,0,,RPTQMLPKRHGGFDQ47CB,嘉邑.富邑,B棟10號
太保市,房地(土地+建物),嘉義縣太保市太保三路99號,105.52,住,,,1090711,土地1建物1車位0,全,4,透天厝,住家用,鋼筋混凝土造,,203.25,2,3,4,有,無,12700000,62485,,0.0,0,,RPUQMLPKRHGGFDQ57CB,嘉邑.富邑,B棟11號
太保市,房地(土地+建物),嘉義縣太保市縣府五街1號,110.79,住,,,1090925,土地1建物1車位0,全,4,透天厝,住家用,鋼筋混凝土造,,231.14,2,3,4,有,無,14920000,64550,,0.0,0,,RPPNMLQKRHGGFDQ86CB,嘉邑.富邑,C棟1號
太保市,房地(土地+建物),嘉義縣太保市縣府五街3號,97.54,住,,,1090710,土地1建物1車位0,全,4,透天厝,住家用,鋼筋混凝土造,,201.72,3,3,5,有,無,11500000,57010,,0.0,0,,RPQNMLQKRHGGFDQ96CB,嘉邑.富邑,C棟2號
太保市,房地(土地+建物),嘉義縣太保市縣府五街5號,97.74,住,,,1090625,土地1建物1車位0,全,4,透天厝,住家用,鋼筋混凝土造,,201.72,3,3,5,有,無,12000000,59488,,0.0,0,,RPRNMLQKRHGGFDQ07CB,嘉邑.富邑,C棟3號
太保市,房地(土地+建物),嘉義縣太保市縣府五街7號,100.7,住,,,1090711,土地1建物1車位0,全,4,透天厝,住家用,鋼筋混凝土造,,201.72,4,3,5,有,無,11900000,58993,,0.0,0,,RPSNMLQKRHGGFDQ17CB,嘉邑.富邑,C棟5號
太保市,房地(土地+建物),嘉義縣太保市文化南街2號,103.78,住,,,1091103,土地1建物1車位0,全,4,透天厝,住家用,鋼筋混凝土造,,210.13,2,3,4,有,無,12200000,58059,,0.0,0,,RPTNMLQKRHGGFDQ27CB,嘉邑.富邑,D棟1號
太保市,房地(土地+建物),嘉義縣太保市文化南街6號,100.85,住,,,1090917,土地1建物1車位0,全,4,透天厝,住家用,鋼筋混凝土造,,210.13,2,3,4,有,無,12200000,58059,,0.0,0,,RPUNMLQKRHGGFDQ37CB,嘉邑.富邑,D棟2號
太保市,房地(土地+建物),嘉義縣太保市文化南街8號,100.66,住,,,1090701,土地1建物1車位0,全,4,透天厝,住家用,鋼筋混凝土造,,210.13,3,3,4,有,無,11680000,55585,,0.0,0,,RPVNMLQKRHGGFDQ47CB,嘉邑.富邑,D棟3號
太保市,房地(土地+建物),嘉義縣太保市文化南街10號,96.45,住,,,1090718,土地1建物1車位0,全,4,透天厝,住家用,鋼筋混凝土造,,201.72,3,3,5,有,無,12000000,59488,,0.0,0,,RPWNMLQKRHGGFDQ57CB,嘉邑.富邑,D棟5號
太保市,房地(土地+建物),嘉義縣太保市文化南街12號,96.27,住,,,1091117,土地1建物1車位0,全,4,透天厝,住家用,鋼筋混凝土造,,201.72,3,3,5,有,無,11800000,58497,,0.0,0,,RPXNMLQKRHGGFDQ67CB,嘉邑.富邑,D棟6號
太保市,房地(土地+建物),嘉義縣太保市文化南街16號,99.2,住,,,1090929,土地1建物1車位0,全,4,透天厝,住家用,鋼筋混凝土造,,201.72,3,3,5,有,無,11700000,58001,,0.0,0,,RPOOMLQKRHGGFDQ86CB,嘉邑.富邑,D棟7號
太保市,房地(土地+建物),嘉義縣太保市縣府五街,163.44,住,,,1100129,土地3建物1車位0,全,4,透天厝,住家用,鋼筋混凝土造,,204.11,4,3,5,有,無,14000000,68590,,0.0,0,,RPPOMLQKRHGGFDQ96CB,嘉邑.富御,A棟1號
太保市,房地(土地+建物),嘉義縣太保市縣府五街,104.5,住,,,1100128,土地3建物1車位0,全,4,透天厝,住家用,鋼筋混凝土造,,191.98,4,3,5,有,無,10800000,56256,,0.0,0,,RPQOMLQKRHGGFDQ07CB,嘉邑.富御,A棟2號
太保市,房地(土地+建物),嘉義縣太保市縣府五街,104.5,住,,,1100128,土地3建物1車位0,全,4,透天厝,住家用,鋼筋混凝土造,,191.98,4,3,5,有,無,10500000,54693,,0.0,0,,RPROMLQKRHGGFDQ17CB,嘉邑.富御,A棟3號
太保市,房地(土地+建物),嘉義縣太保市縣府五街,104.5,住,,,1100126,土地3建物1車位0,全,4,透天厝,住家用,鋼筋混凝土造,,191.98,4,3,5,有,無,10550000,54954,,0.0,0,,RPSOMLQKRHGGFDQ27CB,嘉邑.富御,A棟5號
太保市,房地(土地+建物),嘉義縣太保市縣府五街,104.5,住,,,1100126,土地3建物1車位0,全,4,透天厝,住家用,鋼筋混凝土造,,191.98,4,3,5,有,無,10600000,55214,,0.0,0,,RPTOMLQKRHGGFDQ37CB,嘉邑.富御,A棟6號
太保市,房地(土地+建物),嘉義縣太保市縣府五街,104.5,住,,,1100204,土地3建物1車位0,全,4,透天厝,住家用,鋼筋混凝土造,,191.98,4,3,5,有,無,10700000,55735,,0.0,0,,RPUOMLQKRHGGFDQ47CB,嘉邑.富御,A棟7號
太保市,房地(土地+建物),嘉義縣太保市縣府五街,104.5,住,,,1100131,土地4建物1車位0,全,4,透天厝,住家用,鋼筋混凝土造,,186.76,4,3,5,有,無,10160000,54401,,0.0,0,,RPVOMLQKRHGGFDQ57CB,嘉邑.富御,A棟8號
太保市,房地(土地+建物),嘉義縣太保市縣府五街,108.26,住,,,1100208,土地4建物1車位0,全,4,透天厝,住家用,鋼筋混凝土造,,189.11,4,3,5,有,無,10000000,52879,,0.0,0,,RPWOMLQKRHGGFDQ67CB,嘉邑.富御,A棟9號
太保市,房地(土地+建物),嘉義縣太保市縣府五街,160.8,住,,,1100127,土地3建物1車位0,全,4,透天厝,住家用,鋼筋混凝土造,,204.11,4,3,5,有,無,14000000,68590,,0.0,0,,RPXOMLQKRHGGFDQ77CB,嘉邑.富御,B棟1號
太保市,房地(土地+建物),嘉義縣太保市縣府五街,104.5,住,,,1100129,土地3建物1車位0,全,4,透天厝,住家用,鋼筋混凝土造,,191.98,4,3,5,有,無,10600000,55214,,0.0,0,,RPOPMLQKRHGGFDQ96CB,嘉邑.富御,B棟2號
太保市,房地(土地+建物),嘉義縣太保市縣府五街,104.5,住,,,1100125,土地3建物1車位0,全,4,透天厝,住家用,鋼筋混凝土造,,191.98,4,3,5,有,無,10500000,54693,,0.0,0,,RPPPMLQKRHGGFDQ07CB,嘉邑.富御,B棟3號
太保市,房地(土地+建物),嘉義縣太保市縣府五街,104.5,住,,,1100122,土地3建物1車位0,全,4,透天厝,住家用,鋼筋混凝土造,,191.98,4,3,5,有,無,10300000,53651,,0.0,0,,RPQPMLQKRHGGFDQ17CB,嘉邑.富御,B棟5號
太保市,房地(土地+建物),嘉義縣太保市縣府五街,104.5,住,,,1100122,土地3建物1車位0,全,4,透天厝,住家用,鋼筋混凝土造,,191.98,4,3,5,有,無,10300000,53651,,0.0,0,,RPRPMLQKRHGGFDQ27CB,嘉邑.富御,B棟6號
太保市,房地(土地+建物),嘉義縣太保市縣府五街,104.5,住,,,1100130,土地3建物1車位0,全,4,透天厝,住家用,鋼筋混凝土造,,191.98,4,3,5,有,無,10300000,53651,,0.0,0,,RPSPMLQKRHGGFDQ37CB,嘉邑.富御,B棟7號
太保市,房地(土地+建物),嘉義縣太保市縣府五街,104.5,住,,,1100131,土地4建物1車位0,全,4,透天厝,住家用,鋼筋混凝土造,,186.76,4,3,5,有,無,10000000,53545,,0.0,0,,RPTPMLQKRHGGFDQ47CB,嘉邑.富御,B棟8號
太保市,房地(土地+建物),嘉義縣太保市縣府五街,108.26,住,,,1100209,土地4建物1車位0,全,4,透天厝,住家用,鋼筋混凝土造,,189.11,4,3,5,有,無,10000000,52879,,0.0,0,,RPUPMLQKRHGGFDQ57CB,嘉邑.富御,B棟9號
太保市,房地(土地+建物),嘉義縣太保市縣府五街,104.39,住,,,1100128,土地3建物1車位0,全,4,透天厝,住家用,鋼筋混凝土造,,191.98,4,3,5,有,無,10700000,55735,,0.0,0,,RPQQMLQKRHGGFDQ27CB,嘉邑.富御,C棟6號
太保市,房地(土地+建物),嘉義縣太保市縣府五街,148.74,住,,,1100125,土地3建物1車位0,全,4,透天厝,住家用,鋼筋混凝土造,,204.11,4,3,5,有,無,12080000,59184,,0.0,0,,RPRQMLQKRHGGFDQ37CB,嘉邑.富御,C棟1號
太保市,房地(土地+建物),嘉義縣太保市縣府五街,104.39,住,,,1100126,土地3建物1車位0,全,4,透天厝,住家用,鋼筋混凝土造,,191.98,4,3,5,有,無,10700000,55735,,0.0,0,,RPSQMLQKRHGGFDQ47CB,嘉邑.富御,C棟2號
太保市,房地(土地+建物),嘉義縣太保市縣府五街,104.39,住,,,1100127,土地3建物1車位0,全,4,透天厝,住家用,鋼筋混凝土造,,191.98,4,3,5,有,無,10500000,54693,,0.0,0,,RPTQMLQKRHGGFDQ57CB,嘉邑.富御,C棟3號
太保市,房地(土地+建物),嘉義縣太保市縣府五街,104.39,住,,,1100127,土地3建物1車位0,全,4,透天厝,住家用,鋼筋混凝土造,,191.98,4,3,5,有,無,10300000,53651,,0.0,0,,RPUQMLQKRHGGFDQ67CB,嘉邑.富御,C棟5號
太保市,房地(土地+建物),嘉義縣太保市縣府五街,104.39,住,,,1100120,土地3建物1車位0,全,4,透天厝,住家用,鋼筋混凝土造,,191.98,4,3,5,有,無,10980000,57193,,0.0,0,,RPVQMLQKRHGGFDQ77CB,嘉邑.富御,C棟7號
太保市,房地(土地+建物),嘉義縣太保市縣府五街,104.39,住,,,1100128,土地4建物1車位0,全,4,透天厝,住家用,鋼筋混凝土造,,186.76,4,3,5,有,無,10200000,54616,,0.0,0,,RPWQMLQKRHGGFDQ87CB,嘉邑.富御,C棟8號
太保市,房地(土地+建物),嘉義縣太保市縣府五街,108.15,住,,,1100122,土地4建物1車位0,全,4,透天厝,住家用,鋼筋混凝土造,,189.11,4,3,5,有,無,10000000,52879,,0.0,0,,RPXQMLQKRHGGFDQ97CB,嘉邑.富御,C棟9號
太保市,房地(土地+建物),嘉義縣太保市縣府五街,156.17,住,,,1100128,土地3建物1車位0,全,4,透天厝,住家用,鋼筋混凝土造,,204.11,4,3,5,有,無,13300000,65161,,0.0,0,,RPORMLQKRHGGFDQ17CB,嘉邑.富御,D棟1號
太保市,房地(土地+建物),嘉義縣太保市縣府五街,104.39,住,,,1100206,土地3建物1車位0,全,4,透天厝,住家用,鋼筋混凝土造,,191.98,4,3,5,有,無,10750000,55995,,0.0,0,,RPPRMLQKRHGGFDQ27CB,嘉邑.富御,D棟2號
太保市,房地(土地+建物),嘉義縣太保市縣府五街,104.39,住,,,1100122,土地3建物1車位0,全,4,透天厝,住家用,鋼筋混凝土造,,191.98,4,3,5,有,無,10600000,55214,,0.0,0,,RPQRMLQKRHGGFDQ37CB,嘉邑.富御,D棟3號
太保市,房地(土地+建物),嘉義縣太保市縣府五街,104.39,住,,,1100128,土地3建物1車位0,全,4,透天厝,住家用,鋼筋混凝土造,,191.98,4,3,5,有,無,10500000,54693,,0.0,0,,RPRRMLQKRHGGFDQ47CB,嘉邑.富御,D棟5號
太保市,房地(土地+建物),嘉義縣太保市縣府五街,104.39,住,,,1100129,土地3建物1車位0,全,4,透天厝,住家用,鋼筋混凝土造,,191.98,4,3,5,有,無,11000000,57298,,0.0,0,,RPSRMLQKRHGGFDQ57CB,嘉邑.富御,D棟6號
太保市,房地(土地+建物),嘉義縣太保市縣府五街,104.39,住,,,1100129,土地3建物1車位0,全,4,透天厝,住家用,鋼筋混凝土造,,191.98,4,3,5,有,無,11000000,57298,,0.0,0,,RPTRMLQKRHGGFDQ67CB,嘉邑.富御,D棟7號
太保市,房地(土地+建物),嘉義縣太保市縣府五街,104.39,住,,,1100129,土地4建物1車位0,全,4,透天厝,住家用,鋼筋混凝土造,,186.76,4,3,5,有,無,10360000,55472,,0.0,0,,RPURMLQKRHGGFDQ77CB,嘉邑.富御,D棟8號
太保市,房地(土地+建物),嘉義縣太保市縣府五街,108.15,住,,,1100226,土地4建物1車位0,全,4,透天厝,住家用,鋼筋混凝土造,,189.11,4,3,5,有,無,10000000,52879,,0.0,0,,RPVRMLQKRHGGFDQ87CB,嘉邑.富御,D棟9號
太保市,房地(土地+建物),嘉義縣太保市後潭,133.54,住,,,1100907,土地2建物1車位0,全,3,透天厝,住家用,鋼筋混凝土造,,152.08,5,1,3,有,無,7800000,51289,,0.0,0,,RPWRMLQKRHGGFDQ97CB,承家-6期,B1棟0號
太保市,房地(土地+建物),嘉義縣太保市後潭,131.24,住,,,1100910,土地2建物1車位0,全,3,透天厝,住家用,鋼筋混凝土造,,152.08,4,1,3,有,無,7750000,50960,,0.0,0,,RPXRMLQKRHGGFDQ08CB,承家-6期,B2棟0號
太保市,房地(土地+建物),嘉義縣太保市後潭,128.95,住,,,1100914,土地2建物1車位0,全,3,透天厝,住家用,鋼筋混凝土造,,152.08,3,1,3,有,無,7700000,50631,,0.0,0,,RPOSMLQKRHGGFDQ27CB,承家-6期,B3棟0號
太保市,房地(土地+建物),嘉義縣太保市後潭,126.65,住,,,1100912,土地2建物1車位0,全,3,透天厝,住家用,鋼筋混凝土造,,152.08,4,1,3,有,無,7630000,50171,,0.0,0,,RPPSMLQKRHGGFDQ37CB,承家-6期,B5棟0號
民雄鄉,房地(土地+建物)+車位,嘉義縣民雄鄉建國路二段,29.02,住,,,1100818,土地2建物1車位1,三層,6,華廈(10層含以下有電梯),住家用,鋼筋混凝土造,,94.51,3,1,2,有,無,6700000,71786,一樓平面,16.5,1100000,,RPPNMLRKRHGGFCQ86CB,協禾院,A棟3A2號
民雄鄉,房地(土地+建物)+車位,嘉義縣民雄鄉建國路二段,29.02,住,,,1100820,土地2建物1車位1,五層,6,華廈(10層含以下有電梯),住家用,鋼筋混凝土造,,93.79,3,1,2,有,無,6950000,75517,一樓平面,15.0,1000000,,RPQNMLRKRHGGFCQ96CB,協禾院,A棟5A3號
民雄鄉,房地(土地+建物)+車位,嘉義縣民雄鄉建國路二段,29.02,住,,,1100820,土地2建物1車位1,六層,6,華廈(10層含以下有電梯),住家用,鋼筋混凝土造,,93.59,3,1,2,有,無,6900000,75073,一樓平面,15.0,1000000,,RPPNMLSKRHGGFCQ96CB,協禾院,A棟6A3號
民雄鄉,房地(土地+建物),嘉義縣民雄鄉建國路二段,23.02,住,,,1100820,土地2建物1車位0,六層,6,華廈(10層含以下有電梯),住家用,鋼筋混凝土造,,74.96,2,1,1,有,無,4600000,61366,,0.0,0,,RPQNMLSKRHGGFCQ07CB,協禾院,A棟6A5號
民雄鄉,房地(土地+建物)+車位,嘉義縣民雄鄉建國路二段,23.02,住,,,1100823,土地2建物1車位1,四層,6,華廈(10層含以下有電梯),住家用,鋼筋混凝土造,,74.96,2,1,1,有,無,4990000,65043,升降機械,5.16,450000,,RPQNMLKLRHGGFCQ98CB,協禾院,A棟4A5號
民雄鄉,房地(土地+建物)+車位,嘉義縣民雄鄉建國路二段,29.02,住,,,1100824,土地2建物1車位1,四層,6,華廈(10層含以下有電梯),住家用,鋼筋混凝土造,,94.51,3,1,2,有,無,5980000,62451,升降機械,5.16,400000,,RPRNMLKLRHGGFCQ09CB,協禾院,A棟4A2號
民雄鄉,房地(土地+建物)+車位,嘉義縣民雄鄉建國路二段,29.02,住,,,1100825,土地2建物1車位1,六層,6,華廈(10層含以下有電梯),住家用,鋼筋混凝土造,,94.51,3,1,2,有,無,6210000,65585,升降機械,5.16,350000,,RPSNMLKLRHGGFCQ56CB,協禾院,A棟6A2號
民雄鄉,房地(土地+建物)+車位,嘉義縣民雄鄉建國路二段,29.02,住,,,1100825,土地2建物1車位1,四層,6,華廈(10層含以下有電梯),住家用,鋼筋混凝土造,,93.59,3,1,2,有,無,6180000,65362,升降機械,5.16,400000,,RPTNMLKLRHGGFCQ66CB,協禾院,A棟4A3號
民雄鄉,房地(土地+建物),嘉義縣民雄鄉建國路二段,23.02,住,,,1100827,土地2建物1車位0,五層,6,華廈(10層含以下有電梯),住家用,鋼筋混凝土造,,74.36,2,1,1,有,無,4500000,60516,,0.0,0,,RPUNMLKLRHGGFCQ76CB,協禾院,A棟5A1號
民雄鄉,房地(土地+建物),嘉義縣民雄鄉建國路二段,23.02,住,,,1100827,土地2建物1車位0,二層,6,華廈(10層含以下有電梯),住家用,鋼筋混凝土造,,74.96,2,1,1,有,無,4500000,60032,,0.0,0,,RPVNMLKLRHGGFCQ86CB,協禾院,A棟2A5號
民雄鄉,房地(土地+建物),嘉義縣民雄鄉建國路二段,23.02,住,,,1100827,土地2建物1車位0,三層,6,華廈(10層含以下有電梯),住家用,鋼筋混凝土造,,73.26,2,1,1,有,無,4080000,55692,,0.0,0,,RPWNMLKLRHGGFCQ96CB,協禾院,A棟3A1號
太保市,房地(土地+建物),嘉義縣太保市北港路429巷,93.74,住,,,1100914,土地2建物1車位0,全,3,透天厝,住家用,鋼筋混凝土造,,206.88,4,3,5,有,無,10050000,48579,,0.0,0,,RPQOMLNLRHGGFDQ86CB,上荷院7期,7C棟01號
太保市,房地(土地+建物),嘉義縣太保市北港路429巷,93.42,住,,,1100911,土地2建物1車位0,全,3,透天厝,住家用,鋼筋混凝土造,,178.44,4,2,5,有,無,9380000,52567,,0.0,0,,RPOOMLOLRHGGFDQ76CB,上荷院7期,7C棟06號
太保市,房地(土地+建物),嘉義縣太保市北港路429巷,103.38,住,,,1100911,土地5建物1車位0,全,3,透天厝,住家用,鋼筋混凝土造,,151.41,4,2,4,有,無,8450000,55809,,0.0,0,,RPPOMLOLRHGGFDQ86CB,上荷院7期,7B棟07號
太保市,房地(土地+建物),嘉義縣太保市北港路429巷,111.63,住,,,1100912,土地4建物1車位0,全,3,透天厝,住家用,鋼筋混凝土造,,172.95,3,2,4,有,無,9550000,55218,,0.0,0,,RPQOMLOLRHGGFDQ96CB,上荷院7期,7B棟08號
大林鎮,房地(土地+建物),嘉義縣大林鎮水源路19巷,107.0,住,,,1100911,土地1建物1車位0,全,3,透天厝,住家用,鋼筋混凝土造,,147.22,4,2,5,有,無,8180000,55563,,0.0,0,,RPQNMLRLRHGGFCQ07CB,悠活家園,C棟7號
新港鄉,房地(土地+建物)+車位,嘉義縣新港鄉三間厝,41.3,,鄉村區,乙種建築用地,1100915,土地2建物1車位1,四層,5,華廈(10層含以下有電梯),住家用,鋼筋混凝土造,,130.31,3,2,2,有,無,5600000,46233,一樓平面,20.0,500000,,RPQNMLKMRHGGFCQ09CB,好薪福,4 F號
民雄鄉,房地(土地+建物),嘉義縣民雄鄉竹子腳,95.0,,特定農業區,甲種建築用地,1100911,土地1建物1車位0,全,3,透天厝,住家用,鋼筋混凝土造,,162.82,4,2,5,有,無,6830000,41948,,0.0,0,,RPPNMLNJIIGGFCQ18CB,寶格日光市,D6棟0號
朴子市,房地(土地+建物),嘉義縣朴子市文明路,104.63,住,,,1100918,土地1建物1車位0,全,3,透天厝,住家用,鋼筋混凝土造,,211.31,4,2,5,有,無,12390000,58634,,0.0,0,,RPPNMLNJIIGGFBQ08CB,御璟五期,C1棟0號
朴子市,房地(土地+建物),嘉義縣朴子市文明路,103.68,住,,,1100914,土地1建物1車位0,全,3,透天厝,住家用,鋼筋混凝土造,,213.66,3,2,4,有,無,12380000,57943,,0.0,0,,RPRNMLNJIIGGFBQ28CB,御璟五期,C2棟0號
民雄鄉,房地(土地+建物),嘉義縣民雄鄉鴨母?,102.91,住,,,1100917,土地1建物1車位0,全,3,透天厝,住家用,鋼筋混凝土造,,172.69,4,2,3,有,無,8800000,50958,,0.0,0,,RPTNMLOJIIGGFCQ78DB,大豐墅N017,y2棟1號
太保市,房地(土地+建物),嘉義縣太保市太保市13鄰,29.21,住,,,1100914,土地1建物1車位0,四層,5,華廈(10層含以下有電梯),住家用,鋼筋混凝土造,,72.1,2,2,1,有,無,5100000,70735,,0.0,0,,RPPNMLOJIIGGFDQ38CB,桂林園NO．６而立,4G6棟0號
太保市,房地(土地+建物),嘉義縣太保市太保市13鄰,29.21,住,,,1100919,土地1建物1車位0,五層,5,華廈(10層含以下有電梯),住家用,鋼筋混凝土造,,72.1,2,2,1,有,無,5230000,72538,,0.0,0,,RPQNMLOJIIGGFDQ48CB,桂林園NO．６而立,5H8棟0號
大林鎮,房地(土地+建物),嘉義縣大林鎮水源路19巷,103.0,住,,,1100912,土地1建物1車位0,全,3,透天厝,住家用,鋼筋混凝土造,,149.88,4,2,4,有,無,8180000,54577,,0.0,0,,RPSNMLPJIIGGFCQ68CB,悠活家園,C棟3號
六腳鄉,房地(土地+建物)+車位,嘉義縣六腳鄉蘇厝寮,41.05,,鄉村區,乙種建築用地,1100911,土地2建物1車位1,五層,5,華廈(10層含以下有電梯),住家用,鋼筋混凝土造,,123.8,3,2,2,有,無,5470000,47773,一樓平面,25.0,750000,,RPQNMLQJIIGGFBQ58DB,白居易-真享家,I棟5號
六腳鄉,房地(土地+建物)+車位,嘉義縣六腳鄉蘇厝寮,39.69,,鄉村區,乙種建築用地,1100918,土地2建物1車位1,五層,5,華廈(10層含以下有電梯),住家用,鋼筋混凝土造,,120.55,3,2,2,有,無,5330000,47933,一樓平面,25.0,750000,,RPTNMLQJIIGGFBQ88DB,白居易-真享家,H棟5號
六腳鄉,房地(土地+建物)+車位,嘉義縣六腳鄉蘇厝寮,28.22,,鄉村區,乙種建築用地,1100919,土地2建物1車位1,五層,5,華廈(10層含以下有電梯),住家用,鋼筋混凝土造,,92.92,3,2,2,有,無,4050000,49323,一樓平面,25.0,700000,,RPUNMLQJIIGGFBQ98DB,白居易-真享家,C棟5號
六腳鄉,房地(土地+建物),嘉義縣六腳鄉蘇厝寮,85.68,,鄉村區,乙種建築用地,1100914,土地1建物1車位0,全,4,透天厝,見其他登記事項,鋼筋混凝土造,,193.62,5,1,5,有,無,10800000,55779,,0.0,0,,RPXNMLQJIIGGFBQ66DB,白居易-富御傳家,A棟3號
六腳鄉,房地(土地+建物),嘉義縣六腳鄉蘇厝寮,86.07,,鄉村區,乙種建築用地,1100918,土地1建物1車位0,全,4,透天厝,見其他登記事項,鋼筋混凝土造,,193.58,5,1,5,有,無,10800000,55791,,0.0,0,,RPOOMLQJIIGGFBQ48DB,白居易-富御傳家,A棟6號
六腳鄉,房地(土地+建物),嘉義縣六腳鄉蘇厝寮,86.26,,鄉村區,乙種建築用地,1100918,土地1建物1車位0,全,4,透天厝,見其他登記事項,鋼筋混凝土造,,193.62,5,1,5,有,無,10800000,55779,,0.0,0,,RPPOMLQJIIGGFBQ58DB,白居易-富御傳家,A棟7號
太保市,房地(土地+建物),嘉義縣太保市北港路二段429巷61弄,104.33,住,,,1100919,土地2建物1車位0,全,3,透天厝,住家用,鋼筋混凝土造,,160.79,4,3,5,有,無,8750000,54419,,0.0,0,,RPTNMLQJIIGGFDQ98CB,上荷院6期,6E棟02號
太保市,房地(土地+建物),嘉義縣太保市北港路二段429巷61弄,103.61,住,,,1100919,土地5建物1車位0,全,3,透天厝,住家用,鋼筋混凝土造,,158.73,4,2,5,有,無,8600000,54180,,0.0,0,,RPPNMLRJIIGGFDQ68CB,上荷院7期,7B棟11號
六腳鄉,房地(土地+建物)+車位,嘉義縣六腳鄉蘇厝寮,39.89,,鄉村區,乙種建築用地,1100918,土地2建物1車位1,四層,5,華廈(10層含以下有電梯),住家用,鋼筋混凝土造,,121.01,3,2,2,有,無,5320000,47599,一樓平面,25.0,750000,,RPPNMLRJIIGGFBQ58DB,白居易-真享家,D棟4號
六腳鄉,房地(土地+建物),嘉義縣六腳鄉蘇厝寮,91.81,,鄉村區,乙種建築用地,1100919,土地2建物1車位0,全,3,透天厝,見其他登記事項,鋼筋混凝土造,,170.06,4,2,5,有,無,8100000,47630,,0.0,0,,RPRNMLRJIIGGFBQ78DB,白居易-富御傳家,B棟9號
六腳鄉,房地(土地+建物),嘉義縣六腳鄉蘇厝寮,39.89,,鄉村區,乙種建築用地,1100919,土地2建物1車位0,二層,5,華廈(10層含以下有電梯),住家用,鋼筋混凝土造,,96.01,3,2,2,有,無,4500000,46870,,0.0,0,,RPSNMLRJIIGGFBQ88DB,白居易-真享家,D棟2號
新港鄉,房地(土地+建物)+車位,嘉義縣新港鄉三間村三間厝,18.96,,工業區,丁種建築用地,1100916,土地3建物1車位1,五層,5,華廈(10層含以下有電梯),住家用,鋼筋混凝土造,,64.91,2,1,1,有,無,3360000,49072,升降機械,4.59,400000,,RPQNMLMKIIGGFCQ28CB,新港贏家,B2棟5F號
新港鄉,房地(土地+建物),嘉義縣新港鄉三間村三間厝,18.96,,工業區,丁種建築用地,1100912,土地3建物1車位0,二層,5,華廈(10層含以下有電梯),住家用,鋼筋混凝土造,,60.32,2,1,1,有,無,2850000,47248,,0.0,0,,RPRNMLMKIIGGFCQ38CB,新港贏家,B2棟2F號
新港鄉,房地(土地+建物),嘉義縣新港鄉三間村三間厝,18.96,,工業區,丁種建築用地,1100912,土地3建物1車位0,四層,5,華廈(10層含以下有電梯),住家用,鋼筋混凝土造,,60.32,2,1,1,有,無,2680000,44430,,0.0,0,,RPSNMLMKIIGGFCQ48CB,新港贏家,B2棟4F號
大林鎮,房地(土地+建物),嘉義縣大林鎮水源路19巷,123.67,住,,,1100917,土地2建物1車位0,全,3,透天厝,住家用,鋼筋混凝土造,,203.22,4,2,5,有,無,12080000,59443,,0.0,0,,RPPNMLNKIIGGFCQ28CB,悠活家園,F棟1號
大林鎮,房地(土地+建物),嘉義縣大林鎮忠孝路569巷13弄,93.0,住,,,1100919,土地1建物1車位0,全,4,透天厝,住家用,鋼筋混凝土造,,181.97,4,2,3,有,無,9120000,50118,,0.0,0,,RPPNMLPKIIGGFCQ58DB,好運道(12)20戶住宅新建工程,A棟12號
