﻿編號,車位類別,車位價格,車位面積平方公尺,車位所在樓層
Serial number,berth category,berth price,berth area square meter,
RPPNMLRKRHGGFCQ86CB,一樓平面,1100000,16.50,一樓
RPPNMLSKRHGGFCQ96CB,一樓平面,1000000,15.00,一樓
RPQNMLRKRHGGFCQ96CB,一樓平面,1000000,15.00,一樓
RPRNMLKLRHGGFCQ09CB,升降機械,400000,5.16,一樓
RPTNMLKLRHGGFCQ66CB,升降機械,400000,5.16,一樓
RPQNMLKLRHGGFCQ98CB,升降機械,450000,5.16,一樓
RPSNMLKLRHGGFCQ56CB,升降機械,350000,5.16,一樓
RPQNMLQJIIGGFBQ58DB,一樓平面,750000,25.00,一樓
RPUNMLQJIIGGFBQ98DB,一樓平面,700000,25.00,一樓
RPTNMLQJIIGGFBQ88DB,一樓平面,750000,25.00,一樓
RPPNMLRJIIGGFBQ58DB,一樓平面,750000,25.00,一樓
RPQNMLMKIIGGFCQ28CB,升降機械,400000,4.59,一樓
RPQNMLKMRHGGFCQ09CB,一樓平面,500000,20.00,一樓
