﻿鄉鎮市區,交易標的,土地位置建物門牌,土地移轉總面積平方公尺,都市土地使用分區,非都市土地使用分區,非都市土地使用編定,交易年月日,交易筆棟數,移轉層次,總樓層數,建物型態,主要用途,主要建材,建築完成年月,建物移轉總面積平方公尺,建物現況格局-房,建物現況格局-廳,建物現況格局-衛,建物現況格局-隔間,有無管理組織,總價元,單價元平方公尺,車位類別,車位移轉總面積(平方公尺),車位總價元,備註,編號,主建物面積,附屬建物面積,陽台面積,電梯,移轉編號
The villages and towns urban district,transaction sign,land sector position building sector house number plate,land shifting total area square meter,the use zoning or compiles and checks,the non-metropolis land use district,non-metropolis land use,transaction year month and day,transaction pen number,shifting level,total floor number,building state,main use,main building materials,construction to complete the years,building shifting total area,Building present situation pattern - room,building present situation pattern - hall,building present situation pattern - health,building present situation pattern - compartmented,Whether there is manages the organization,total price NTD,the unit price (NTD / square meter),the berth category,berth shifting total area square meter,the berth total price NTD,the note,serial number,,,,,
朴子市,房地(土地+建物),嘉義縣朴子市菜埔３６之６巷１６號,103.21,都市：其他:住宅區,,,1100909,土地1建物1車位0,全,四層,透天厝,住家用,鋼筋混凝土造,1100727,223.28,3,2,4,有,無,10400000,46578,,0.0,0,,RPTNMLSLRHGGFBQ37DA,201.73,21.55,0.0,無,
朴子市,房地(土地+建物),嘉義縣朴子市菜埔３６之６巷１８號,104.86,都市：其他:住宅區,,,1100906,土地1建物1車位0,全,四層,透天厝,住家用,鋼筋混凝土造,1100727,228.05,4,2,6,有,無,10200000,44727,,0.0,0,,RPUNMLSLRHGGFBQ47DA,204.39,23.66,0.0,無,
朴子市,房地(土地+建物),德安段1182-6地號,101.88,都市：其他:住宅區,,,1100906,土地1建物1車位0,,,其他,,,,224.09,3,2,4,有,無,9600000,42840,,0.0,0,,RPXNMLSLRHGGFBQ77DA,0.0,0.0,0.0,無,001
新港鄉,土地,中洋子段354-7地號,377.0,,特定農業區,甲種建築用地,1100803,土地1建物0車位0,,,其他,,,,0.0,0,0,0,有,無,3000000,7958,,0.0,0,,RPOOMLOJQHGGFCQ98DA,0.0,0.0,0.0,無,
新港鄉,房地(土地+建物),嘉義縣新港鄉西庄村１鄰西庄１０６之２號,100.4,,鄉村區,乙種建築用地,1100914,土地2建物1車位0,全,三層,透天厝,住家用,ＲＣ造磚構材料,0840529,142.17,5,2,3,有,無,3900000,27432,,0.0,0,其他增建；,RPQNMLRJIIGGFCQ68DA,134.82,7.35,0.0,無,
大林鎮,土地,內林段內林小段172地號,2277.0,,特定農業區,農牧用地,1100910,土地1建物0車位0,,,其他,,,,0.0,0,0,0,有,無,3187800,1400,,0.0,0,,RPRNMLRJIIGGFCQ78DA,0.0,0.0,0.0,無,
水上鄉,房地(土地+建物),嘉義縣水上鄉三和村５鄰頂寮２８之３號,90.45,都市：其他:住宅區,,,1100908,土地1建物1車位0,全,二層,透天厝,住家用,鋼筋混凝土加強磚造,0700619,96.11,6,2,2,有,無,3500000,36417,,0.0,0,頂樓加蓋；其他增建；,RPUNMLLKRHGGFDQ86DA,96.11,0.0,0.0,無,002
太保市,土地,東新段165-2地號,47.45,,,,1080706,土地1建物0車位0,,,其他,,,,0.0,0,0,0,有,無,358750,7561,,0.0,0,,RPVNMLRLRHGGFDQ67DA,0.0,0.0,0.0,無,
太保市,土地,後潭段後潭小段834地號,2500.0,都市：其他:農業區,,,1100821,土地1建物0車位0,,,其他,,,,0.0,0,0,0,有,無,7300000,2920,,0.0,0,,RPROMLSLRHGGFDQ47DA,0.0,0.0,0.0,無,
水上鄉,土地,水東段15地號,184.09,非都市： ; 非都市編定：,,,1100727,土地2建物0車位0,,,其他,,,,0.0,0,0,0,有,無,3900000,21185,,0.0,0,,RPSNMLKMRHGGFDQ76DA,0.0,0.0,0.0,無,
水上鄉,房地(土地+建物),嘉義縣水上鄉內溪村內溪洲７３號,72.78,,一般農業區,甲種建築用地,1100905,土地1建物1車位0,全,二層,透天厝,住家用,鋼筋混凝土加強磚造,0701209,102.6,3,2,2,有,無,3050000,29727,,0.0,0,,RPVNMLLJIIGGFDQ68DA,100.25,2.35,0.0,無,003
鹿草鄉,土地,下潭段光潭小段154地號,1235.0,,特定農業區,農牧用地,1100727,土地1建物0車位0,,,其他,,,,0.0,0,0,0,有,無,1480000,1198,,0.0,0,,RPSNMLPJIIGGFDQ78DA,0.0,0.0,0.0,無,
中埔鄉,土地,三層崎段143地號,162.25,,山坡地保育區,農牧用地,1100818,土地1建物0車位0,,,其他,,,,0.0,0,0,0,有,無,30827,190,,0.0,0,,RPTNMLPJIIGGFDQ88DA,0.0,0.0,0.0,無,004
中埔鄉,土地,三層崎段151地號,504.96,,山坡地保育區,農牧用地,1100823,土地2建物0車位0,,,其他,,,,0.0,0,0,0,有,無,95941,190,,0.0,0,,RPUNMLPJIIGGFDQ98DA,0.0,0.0,0.0,無,
中埔鄉,土地,三層崎段150-6地號,209.0,,山坡地保育區,丙種建築用地,1100818,土地1建物0車位0,,,其他,,,,0.0,0,0,0,有,無,96140,460,,0.0,0,,RPVNMLPJIIGGFDQ09DA,0.0,0.0,0.0,無,
中埔鄉,土地,三層崎段138-2地號,172.69,,山坡地保育區,農牧用地,1100818,土地1建物0車位0,,,其他,,,,0.0,0,0,0,有,無,32809,190,,0.0,0,,RPWNMLPJIIGGFDQ56DA,0.0,0.0,0.0,無,005
中埔鄉,土地,三層崎段150-2地號,719.62,,山坡地保育區,農牧用地,1100818,土地2建物0車位0,,,其他,,,,0.0,0,0,0,有,無,136727,190,,0.0,0,,RPPNMLQJIIGGFDQ58DA,0.0,0.0,0.0,無,
中埔鄉,土地,三層崎段150-4地號,512.81,,山坡地保育區,農牧用地,1100818,土地1建物0車位0,,,其他,,,,0.0,0,0,0,有,無,97433,190,,0.0,0,,RPRNMLQJIIGGFDQ78DA,0.0,0.0,0.0,無,006
中埔鄉,土地,三層崎段149-2地號,714.94,,山坡地保育區,農牧用地,1100818,土地3建物0車位0,,,其他,,,,0.0,0,0,0,有,無,156828,219,,0.0,0,,RPSNMLQJIIGGFDQ88DA,0.0,0.0,0.0,無,007
中埔鄉,土地,三層崎段149-2地號,220.0,,山坡地保育區,農牧用地,1100823,土地2建物0車位0,,,其他,,,,0.0,0,0,0,有,無,41799,190,,0.0,0,,RPTNMLQJIIGGFDQ98DA,0.0,0.0,0.0,無,007
中埔鄉,房地(土地+建物),嘉義縣中埔鄉樹頭埔８之１號,3063.5,,特定農業區,農牧用地,1100916,土地1建物1車位0,全,一層,透天厝,農業用,鋼筋混凝土補磚造,0801226,161.57,5,2,3,有,無,15600000,96553,,0.0,0,,RPPNMLRJIIGGFDQ68DA,161.57,0.0,0.0,無,
竹崎鄉,土地,瓦厝埔段598地號,1562.0,,山坡地保育區,農牧用地,1100922,土地2建物0車位0,,,其他,,,,0.0,0,0,0,有,無,2200000,1408,,0.0,0,,RPPNMLRJIIGGFEQ78DA,0.0,0.0,0.0,無,
竹崎鄉,土地,番子潭段156-4地號,3187.5,,一般農業區,農牧用地,1100828,土地2建物0車位0,,,其他,,,,0.0,0,0,0,有,無,4050000,1271,,0.0,0,農作物；農業設施；,RPPNMLSJIIGGFEQ88DA,0.0,0.0,0.0,無,
新港鄉,土地,後庄段後庄小段138地號,976.0,,特定農業區,農牧用地,1100904,土地1建物0車位0,,,其他,,,,0.0,0,0,0,有,無,1630000,1670,,0.0,0,未登記建物；,RPPNMLSJIIGGFCQ78EA,0.0,0.0,0.0,無,
水上鄉,房地(土地+建物),嘉義縣水上鄉下寮村鴿溪寮２０號之５３,164.19,都市：其他:住宅區,,,1100917,土地1建物1車位0,全,一層,透天厝,住家用,磚造,0660813,77.46,3,2,2,有,無,3500000,45185,,0.0,0,親友、員工、共有人或其他特殊關係間之交易；,RPQNMLPJIIGGFDQ68EA,77.46,0.0,0.0,無,
太保市,土地,祥和段340地號,485.39,都市：其他:住宅區,,,1100830,土地2建物0車位0,,,其他,,,,0.0,0,0,0,有,無,14680000,30244,,0.0,0,,RPQNMLRJIIGGFDQ88EA,0.0,0.0,0.0,無,
中埔鄉,房地(土地+建物),嘉義縣中埔鄉和美村５鄰司公４２之３６號,52.52,都市：其他:住宅區,,,1100916,土地1建物1車位0,全,二層,透天厝,住家用,鋼筋混凝土加強磚造,0691009,66.65,6,2,3,有,無,624400,9368,,0.0,0,親友、員工、共有人或其他特殊關係間之交易；,RPPNMLSJIIGGFDQ88EA,64.38,2.27,0.0,無,
民雄鄉,房地(土地+建物),嘉義縣民雄鄉東榮村２４鄰文化路４２之１號五樓之一,59.24,都市：其他:住,,,1100914,土地1建物1車位0,五層,五層,公寓(5樓含以下無電梯),住家用,鋼筋混凝土造,0880428,171.82999999999998,4,2,2,有,無,4992000,29052,,0.0,0,政府機關標讓售；,RPSNMLSJIIGGFCQ09EA,124.58,19.34,0.0,無,
番路鄉,土地,番路段450地號,4808.0,,一般農業區,丙種建築用地,1100413,土地2建物0車位0,,,其他,,,,0.0,0,0,0,有,無,24700000,5137,,0.0,0,,RPSNMLLJIIGGFEQ48DA,0.0,0.0,0.0,無,009
竹崎鄉,土地,和平段14地號,614.46,都市：其他:農業區,,,1100709,土地2建物0車位0,,,其他,,,,0.0,0,0,0,有,無,3120000,5078,,0.0,0,親友、員工、共有人或其他特殊關係間之交易；未登記建物；,RPSNMLSJIIGGFEQ66EA,0.0,0.0,0.0,無,
竹崎鄉,房地(土地+建物),嘉義縣竹崎鄉灣橋村灣橋２８１號,69.61,,鄉村區,乙種建築用地,1100927,土地1建物1車位0,全,三層,透天厝,住家用,鋼筋混凝土加強磚造,0700127,160.16,4,2,2,有,無,5500000,34341,,0.0,0,,RPRNMLMKIIGGFEQ68EA,157.34,2.82,0.0,無,
中埔鄉,土地,fa5bfa5d段147-1地號,860.5,,特定農業區,農牧用地,1100930,土地2建物0車位0,,,其他,,,,0.0,0,0,0,有,無,430000,500,,0.0,0,,RPRNMLRJIIGGFDQ88DA,0.0,0.0,0.0,無,
太保市,房地(土地+建物),嘉義縣太保市中山路一段２２８巷１９弄３０號八樓１,10.23,都市：其他:住宅區,,,1100831,土地1建物1車位0,八層,九層,華廈(10層含以下有電梯),住家用,鋼筋混凝土造,0821006,50.11,1,1,1,有,無,1250000,24945,,0.0,0,,RPOOMLQJIIGGFDQ58DA,28.25,4.33,0.0,有,
太保市,房地(土地+建物),嘉義縣太保市麻寮里北港路二段４０３巷２５５弄３７號,94.6,都市：其他:住宅區,,,1100904,土地2建物1車位0,全,三層,透天厝,住家用,鋼筋混凝土造,0890217,146.17,3,2,3,有,無,4900000,33523,,0.0,0,,RPXNMLPJIIGGFDQ66DA,132.54,13.63,0.0,無,010
民雄鄉,房地(土地+建物),嘉義縣民雄鄉興南村頭橋７５０號五樓,22.04,都市：其他:住,,,1100928,土地2建物1車位0,五層,五層,公寓(5樓含以下無電梯),住家用,鋼筋混凝土造,0811130,71.1,2,2,1,有,有,2300000,32349,,0.0,0,含裝潢費；,RPWNMLMKIIGGFCQ88DA,52.72,5.6,0.0,無,
新港鄉,土地,崙子段崙子小段229地號,4447.0,,特定農業區,農牧用地,1100914,土地1建物0車位0,,,其他,,,,0.0,0,0,0,有,無,5558750,1250,,0.0,0,,RPRNMLSJIIGGFCQ88DA,0.0,0.0,0.0,無,
溪口鄉,土地,游厝段游西小段315地號,773.04,,鄉村區,乙種建築用地,1100928,土地2建物0車位0,,,其他,,,,0.0,0,0,0,有,無,2200000,2846,,0.0,0,未登記建物；,RPTNMLMKIIGGFCQ58DA,0.0,0.0,0.0,無,011
民雄鄉,土地,崙子頂段799地號,2074.0,,特定農業區,農牧用地,1100924,土地1建物0車位0,,,其他,,,,0.0,0,0,0,有,無,4000000,1929,,0.0,0,,RPQNMLTJIIGGFCQ88DA,0.0,0.0,0.0,無,
民雄鄉,房地(土地+建物),嘉義縣民雄鄉秀林村林子尾２４號之１３,65.82,,鄉村區,乙種建築用地,1100912,土地1建物1車位0,全,三層,透天厝,住家用,鋼筋混凝土造,0800629,98.13,3,2,2,有,無,3600000,36686,,0.0,0,,RPPNMLOKRHGGFCQ56DA,90.11,8.02,0.0,無,
新港鄉,土地,復興段99地號,100.91,,鄉村區,乙種建築用地,1100929,土地1建物0車位0,,,其他,,,,0.0,0,0,0,有,無,1650000,16351,,0.0,0,此價格為賣方實拿，其他所有費用皆由承買人負擔。含土地增值稅或其他稅費；含地政士服務費；其他；親友、員工、共有人或其他特殊關係間之交易；未登記建物；,RPQNMLOJIIGGFCQ38DA,0.0,0.0,0.0,無,012
義竹鄉,土地,安溪寮段平溪小段829地號,2587.0,,特定農業區,農牧用地,1100907,土地1建物0車位0,,,其他,,,,0.0,0,0,0,有,無,1474000,570,,0.0,0,,RPQNMLTKRHGGFBQ07DA,0.0,0.0,0.0,無,013
朴子市,土地,崁後段南崁小段979-1地號,1368.0,,特定農業區,農牧用地,1100923,土地1建物0車位0,,,其他,,,,0.0,0,0,0,有,無,950000,694,,0.0,0,,RPRNMLNLRHGGFBQ66DA,0.0,0.0,0.0,無,
朴子市,房地(土地+建物),嘉義縣朴子市菜埔３６之６巷３６號,111.86,都市：其他:住宅區,,,1100906,土地1建物1車位0,全,四層,透天厝,住家用,鋼筋混凝土造,1100727,222.84,3,2,3,有,無,10200000,45773,,0.0,0,,RPQOMLSLRHGGFBQ17DA,201.39,21.45,0.0,無,
朴子市,土地,鴨母寮段竹村小段798-3地號,64.19,,鄉村區,乙種建築用地,1100809,土地1建物0車位0,,,其他,,,,0.0,0,0,0,有,無,180000,2804,,0.0,0,地上有廟宇出賣人不點交未登記建物；,RPTNMLRJIIGGFBQ88DA,0.0,0.0,0.0,無,
布袋鎮,房地(土地+建物),嘉義縣布袋鎮九龍二街１５號,87.53,都市：其他:住宅區,,,1100915,土地1建物1車位0,全,二層,透天厝,住商用,加強磚造,0680720,99.2,3,2,2,有,無,1930000,19456,,0.0,0,,RPUNMLRJIIGGFBQ98DA,99.2,0.0,0.0,無,
六腳鄉,土地,蘇厝段55-1地號,9.92,,鄉村區,乙種建築用地,1100924,土地1建物0車位0,,,其他,,,,0.0,0,0,0,有,無,264000,26613,,0.0,0,,RPVNMLRJIIGGFBQ09DA,0.0,0.0,0.0,無,
布袋鎮,土地,龍江段292地號,9298.53,,特定專用區,養殖用地,1100811,土地2建物0車位0,,,其他,,,,0.0,0,0,0,有,無,5400000,581,,0.0,0,親友、員工、共有人或其他特殊關係間之交易；,RPVNMLQJIIGGFBQ98DA,0.0,0.0,0.0,無,
朴子市,土地,南勢竹段南竹小段93地號,3221.1,,特定農業區,農牧用地,1100902,土地1建物0車位0,,,其他,,,,0.0,0,0,0,有,無,3780000,1174,,0.0,0,,RPPNMLTJIIGGFBQ68DA,0.0,0.0,0.0,無,014
東石鄉,土地,頂東石段黎明小段39地號,411.79,,特定專用區,甲種建築用地,1100816,土地2建物0車位0,,,其他,,,,0.0,0,0,0,有,無,5500000,13356,,0.0,0,,RPPNMLLKIIGGFBQ97DA,0.0,0.0,0.0,無,015
朴子市,土地,龜子港段順安小段228地號,1207.26,,特定農業區,農牧用地,1101003,土地2建物0車位0,,,其他,,,,0.0,0,0,0,有,無,1569441,1300,,0.0,0,親友、員工、共有人或其他特殊關係間之交易；,RPPNMLMKIIGGFBQ08DA,0.0,0.0,0.0,無,
東石鄉,土地,海埔段163地號,209.0,,一般農業區,農牧用地,1100829,土地1建物0車位0,,,其他,,,,0.0,0,0,0,有,無,200000,957,,0.0,0,,RPWNMLRJIIGGFBQ56DA,0.0,0.0,0.0,無,
朴子市,土地,鎮安段190地號,140.0,都市：其他:住宅區,,,1100913,土地2建物0車位0,,,其他,,,,0.0,0,0,0,有,無,1694000,12100,,0.0,0,未登記建物；,RPVNMLOJIIGGFBQ78DA,0.0,0.0,0.0,無,016
六腳鄉,土地,六興段401地號,148.38,都市：其他:住宅區,,,1101002,土地2建物0車位0,,,其他,,,,0.0,4,2,2,有,無,5000000,33697,,0.0,0,,RPTNMLPJIIGGFBQ68DA,0.0,0.0,0.0,無,
朴子市,土地,小榔段榔小段99-1地號,159.8,,特定農業區,農牧用地,1100930,土地1建物0車位0,,,其他,,,,0.0,0,0,0,有,無,350000,2190,,0.0,0,親友、員工、共有人或其他特殊關係間之交易；,RPPOMLLJIIGGFBQ97DA,0.0,0.0,0.0,無,017
六腳鄉,土地,竹子腳段竹嘉小段549地號,681.0,,特定農業區,農牧用地,1100924,土地1建物0車位0,,,其他,,,,0.0,0,0,0,有,無,275000,404,,0.0,0,,RPQNMLNJIIGGFBQ18DA,0.0,0.0,0.0,無,
新港鄉,土地,番婆段360-1地號,4970.5,,一般農業區,水利用地,1100907,土地1建物0車位0,,,其他,,,,0.0,0,0,0,有,無,750000,151,,0.0,0,,RPTNMLOJIIGGFCQ68DA,0.0,0.0,0.0,無,
新港鄉,土地,埤頭段共和小段1032地號,1063.0,,特定農業區,農牧用地,1100927,土地1建物0車位0,,,其他,,,,0.0,0,0,0,有,無,1700800,1600,,0.0,0,親友、員工、共有人或其他特殊關係間之交易；,RPVNMLSJIIGGFCQ66DA,0.0,0.0,0.0,無,
太保市,房地(土地+建物),嘉義縣太保市舊埤里新安一街２巷２８號一樓,46.79,,鄉村區,乙種建築用地,1100827,土地2建物1車位0,一層,五層,公寓(5樓含以下無電梯),住家用,鋼筋混凝土造,0880531,98.71000000000001,3,2,2,有,無,353217,3578,,0.0,0,二親等間買賣親友、員工、共有人或其他特殊關係間之交易；,RPPOMLPJIIGGFDQ58DA,79.99,7.85,0.0,無,
中埔鄉,房地(土地+建物),嘉義縣中埔鄉和睦村中山路五段５９３之２號,5065.01,都市：其他:農業區,,,1100705,土地1建物1車位0,全,一層,透天厝,農業用,鋼骨造,0850105,115.32,33,0,33,有,無,95600000,828998,,0.0,0,汽車旅館未登記建物；,RPXNMLSLRHGGFDQ97DA,115.32,0.0,0.0,無,
太保市,土地,麻寮段838地號,147.46,非都市： ; 非都市編定：,,,1100810,土地10建物0車位0,,,其他,,,,0.0,0,0,0,有,無,2956208,20048,,0.0,0,,RPXNMLMLRHGGFDQ37DA,0.0,0.0,0.0,無,
太保市,土地,麻寮段838-1地號,158.0,非都市： ; 非都市編定：,,,1100810,土地10建物0車位0,,,其他,,,,0.0,0,0,0,有,無,3177846,20113,,0.0,0,,RPPOMLMLRHGGFDQ66DA,0.0,0.0,0.0,無,
水上鄉,土地,外溪洲段溪洲小段129地號,2675.0,都市：其他:農業區,,,1100912,土地1建物0車位0,,,其他,,,,0.0,0,0,0,有,無,11300000,4224,,0.0,0,,RPXNMLQJIIGGFDQ76DA,0.0,0.0,0.0,無,
太保市,土地,麻寮段846地號,245.72,非都市： ; 非都市編定：,,,1100806,土地14建物0車位0,,,其他,,,,0.0,0,0,0,有,無,4973178,20239,,0.0,0,,RPVOMLMLRHGGFDQ27DA,0.0,0.0,0.0,無,
鹿草鄉,土地,後庄子段後庄小段47地號,6600.0,,特定農業區,農牧用地,1100916,土地2建物0車位0,,,其他,,,,0.0,0,0,0,有,無,8380000,1270,,0.0,0,,RPPNMLLKIIGGFDQ18DA,0.0,0.0,0.0,無,
新港鄉,土地,番婆段安和小段941地號,2253.0,,特定農業區,農牧用地,1100930,土地1建物0車位0,,,其他,,,,0.0,0,0,0,有,無,2460000,1092,,0.0,0,,RPQNMLNKIIGGFCQ48EA,0.0,0.0,0.0,無,
大林鎮,房地(土地+建物),嘉義縣大林鎮平林里共和街５４號五樓,50.78,都市：其他:住,,,1100913,土地7建物1車位0,五層,五層,公寓(5樓含以下無電梯),住家用,鋼筋混凝土造,0820217,113.21,3,1,2,有,無,1500000,13250,,0.0,0,,RPPNMLTLRHGGFCQ27EA,103.08,0.0,0.0,無,
竹崎鄉,土地,和平段15地號,55.52,都市：其他:農業區,,,1100709,土地1建物0車位0,,,其他,,,,0.0,0,0,0,有,無,80000,1441,,0.0,0,親友、員工、共有人或其他特殊關係間之交易；農業設施；,RPTNMLSJIIGGFEQ76EA,0.0,0.0,0.0,無,
竹崎鄉,土地,和平段56地號,612.5,都市：其他:農業區,,,1100923,土地1建物0車位0,,,其他,,,,0.0,0,0,0,有,無,3700000,6041,,0.0,0,親友、員工、共有人或其他特殊關係間之交易；,RPVNMLSJIIGGFEQ96EA,0.0,0.0,0.0,無,
竹崎鄉,土地,糞箕湖段17-23地號,452.94,,山坡地保育區,農牧用地,1100924,土地1建物0車位0,,,其他,,,,0.0,0,0,0,有,無,10000000,22078,,0.0,0,未登記建物；,RPWNMLSJIIGGFEQ07EA,0.0,0.0,0.0,無,
番路鄉,土地,南下坑段1163地號,343.06,,一般農業區,農牧用地,1100829,土地1建物0車位0,,,其他,,,,0.0,0,0,0,有,無,2100000,6121,,0.0,0,,RPUNMLKKRHGGFEQ86DA,0.0,0.0,0.0,無,018
水上鄉,房地(土地+建物),嘉義縣水上鄉下寮村下寮４１號之１１,96.03,,鄉村區,乙種建築用地,1100930,土地1建物1車位0,全,二層,透天厝,住商用,鋼筋混凝土加強磚造,0701022,153.57,3,2,1,有,無,3000000,19535,,0.0,0,,RPQNMLSJIIGGFDQ98EA,143.24,10.33,0.0,無,
鹿草鄉,房地(土地+建物),嘉義縣鹿草鄉鹿草村長壽路２６９巷１６號,43.64,都市：其他:商業區,,,1100929,土地1建物1車位0,全,二層,透天厝,住家用,加強磚造,0700615,80.37,3,2,2,有,無,1200000,14931,,0.0,0,,RPVNMLSJIIGGFDQ86EA,80.37,0.0,0.0,無,
大林鎮,土地,新大埔美段3155地號,4932.76,,一般農業區,農牧用地,1100816,土地1建物0車位0,,,其他,,,,0.0,0,0,0,有,無,4200000,851,,0.0,0,,RPPNMLOKIIGGFCQ48EA,0.0,0.0,0.0,無,019
大林鎮,土地,排子路段排子路小段28地號,6683.0,,特定農業區,農牧用地,1100913,土地2建物0車位0,,,其他,,,,0.0,0,0,0,有,無,8420580,1260,,0.0,0,,RPSPMLOKIIGGFCQ98EA,0.0,0.0,0.0,無,
竹崎鄉,土地,和平段830地號,465.95,都市：其他:農業區,,,1100922,土地3建物0車位0,,,其他,,,,0.0,0,0,0,有,無,4000000,8585,,0.0,0,,RPPNMLNLRHGGFEQ76DA,0.0,0.0,0.0,無,
番路鄉,土地,轆子腳段152-11地號,3503.0,,一般農業區,農牧用地,1100830,土地1建物0車位0,,,其他,,,,0.0,0,0,0,有,無,11656000,3327,,0.0,0,,RPUNMLOJIIGGFEQ98DA,0.0,0.0,0.0,無,020
大林鎮,房地(土地+建物),嘉義縣大林鎮東林里平和街４５巷１６號,86.5,都市：其他:商,,,1100925,土地1建物1車位0,全,四層,透天厝,住家用,鋼筋混凝土造,1100608,204.09,4,1,4,有,無,12600000,61737,,0.0,0,,RPPNMLNKIIGGFCQ38EA,186.05,18.04,0.0,無,
竹崎鄉,土地,緞厝寮段386-5地號,418.0,,山坡地保育區,丙種建築用地,1100821,土地1建物0車位0,,,其他,,,,0.0,0,0,0,有,無,2500000,5981,,0.0,0,未登記建物；,RPPNMLMKIIGGFEQ38DA,0.0,0.0,0.0,無,
竹崎鄉,土地,糞箕湖段47-7地號,5074.0,,山坡地保育區,農牧用地,1100626,土地1建物0車位0,,,其他,,,,0.0,0,0,0,有,無,2200000,434,,0.0,0,,RPPNMLNKIIGGFEQ48DA,0.0,0.0,0.0,無,
太保市,房地(土地+建物),嘉義縣太保市舊埤里新埤８之５０號,99.0,,特定農業區,甲種建築用地,1100903,土地1建物1車位0,全,四層,透天厝,住家用,鋼筋混凝土造,1060802,235.98,5,2,4,有,無,9800000,41529,,0.0,0,,RPSNMLMKIIGGFDQ58DA,218.98,17.0,0.0,無,021
鹿草鄉,土地,後麻段898地號,62.73,,鄉村區,乙種建築用地,1100923,土地2建物0車位0,,,其他,,,,0.0,0,0,0,有,無,797000,12705,,0.0,0,親友、員工、共有人或其他特殊關係間之交易；,RPSNMLNKIIGGFDQ78EA,0.0,0.0,0.0,無,
太保市,土地,新埤段新埤小段906地號,944.0,,特定農業區,農牧用地,1100731,土地1建物0車位0,,,其他,,,,0.0,0,0,0,有,無,1480000,1568,,0.0,0,,RPPNMLMKIIGGFDQ28DA,0.0,0.0,0.0,無,
太保市,土地,梅花段67-5地號,381.04,,鄉村區,乙種建築用地,1100911,土地2建物0車位0,,,其他,,,,0.0,0,0,0,有,無,3000000,7873,,0.0,0,,RPTNMLSJIIGGFDQ56DA,0.0,0.0,0.0,無,
太保市,土地,麻寮段799地號,308.86,都市：其他:住宅區,,,1100828,土地5建物0車位0,,,其他,,,,0.0,0,0,0,有,無,8212448,26590,,0.0,0,,RPWNMLQJIIGGFDQ66DA,0.0,0.0,0.0,無,
太保市,土地,麻寮段835地號,84.32,非都市： ; 非都市編定：,,,1100810,土地9建物0車位0,,,其他,,,,0.0,0,0,0,有,無,1696562,20121,,0.0,0,,RPQOMLMLRHGGFDQ76DA,0.0,0.0,0.0,無,022
太保市,土地,北新段395地號,22.03,都市：其他:住宅區,,,1100930,土地2建物0車位0,,,其他,,,,0.0,0,0,0,有,無,333000,15116,,0.0,0,,RPOOMLKMRHGGFDQ09DA,0.0,0.0,0.0,無,
水上鄉,土地,大崙段大崙小段161地號,2874.0,,特定農業區,農牧用地,1100916,土地1建物0車位0,,,其他,,,,0.0,0,0,0,有,無,10059000,3500,,0.0,0,,RPPNMLQKRHGGFDQ86DA,0.0,0.0,0.0,無,
水上鄉,房地(土地+建物),嘉義縣水上鄉柳林村柳子林５０之２７１號,111.05,,鄉村區,乙種建築用地,1080603,土地2建物1車位0,全,三層,透天厝,住家用,鋼筋混凝土造,1100531,193.4,3,1,3,有,無,8830000,45657,,0.0,0,,RPOOMLQKRHGGFDQ86DA,178.15,15.25,0.0,無,
水上鄉,房地(土地+建物),嘉義縣水上鄉柳林村柳子林５０之２７３號,111.06,,鄉村區,乙種建築用地,1080618,土地2建物1車位0,全,三層,透天厝,住家用,鋼筋混凝土造,1100531,189.05,5,1,3,有,無,8810250,46603,,0.0,0,,RPPOMLQKRHGGFDQ96DA,173.8,15.25,0.0,無,
水上鄉,房地(土地+建物),嘉義縣水上鄉柳林村柳子林５０之２８１號,102.06,,鄉村區,乙種建築用地,1081109,土地2建物1車位0,全,三層,透天厝,住家用,鋼筋混凝土造,1100531,153.67,3,1,3,有,無,7600000,49457,,0.0,0,,RPSOMLQKRHGGFDQ27DA,138.41,15.26,0.0,無,
民雄鄉,土地,東湖段1302地號,786.11,,特定農業區,農牧用地,1100923,土地1建物0車位0,,,其他,,,,0.0,0,0,0,有,無,674000,857,,0.0,0,含租約；,RPSNMLRJIIGGFCQ88DA,0.0,0.0,0.0,無,
民雄鄉,土地,東湖段1303地號,125.77,,特定農業區,水利用地,1100923,土地1建物0車位0,,,其他,,,,0.0,0,0,0,有,無,50000,398,,0.0,0,,SPSNMLRJIIGGFCQ98DA,0.0,0.0,0.0,無,
義竹鄉,土地,北港子段北華小段29-1地號,4920.0,,特定專用區,農牧用地,1101001,土地3建物0車位0,,,其他,,,,0.0,0,0,0,有,無,1550000,315,,0.0,0,親友、員工、共有人或其他特殊關係間之交易；,RPUNMLNKIIGGFBQ68DA,0.0,0.0,0.0,無,
東石鄉,土地,慈安段294地號,152.38,,鄉村區,乙種建築用地,1100803,土地1建物0車位0,,,其他,,,,0.0,0,0,0,有,無,1050000,6891,,0.0,0,親友、員工、共有人或其他特殊關係間之交易；未登記建物；,RPVNMLNKIIGGFBQ78DA,0.0,0.0,0.0,無,
義竹鄉,土地,新店新段1549-1地號,260.49,,特定專用區,交通用地,1100922,土地1建物0車位0,,,其他,,,,0.0,0,0,0,有,無,153689,590,,0.0,0,政府機關標讓售；,RPPNMLNKIIGGFBQ18DA,0.0,0.0,0.0,無,
朴子市,房地(土地+建物),嘉義縣朴子市博愛街９６號,174.5,都市：其他:住宅區,,,1100602,土地2建物1車位0,全,四層,透天厝,住家用,鋼筋混凝土造,1091204,220.64,4,2,3,有,無,9380000,42513,,0.0,0,,RPUNMLOJIIGGFBQ68DA,193.91,26.73,0.0,無,
布袋鎮,土地,建興段1076地號,59.21,,鄉村區,乙種建築用地,1100907,土地1建物0車位0,,,其他,,,,0.0,0,0,0,有,無,1700000,28711,,0.0,0,包括1棟未保存登記之建物，係2層樓房併入本買賣內一併移轉與承買人。親友、員工、共有人或其他特殊關係間之交易；未登記建物；,RPPNMLMLRHGGFBQ98DA,0.0,0.0,0.0,無,023
朴子市,房地(土地+建物),嘉義縣朴子市菜埔３６之６巷３２號,106.27,都市：其他:住宅區,,,1100906,土地1建物1車位0,全,四層,透天厝,住家用,鋼筋混凝土造,1100727,224.09,4,2,5,有,無,10500000,46856,,0.0,0,,RPPOMLSLRHGGFBQ07DA,201.39,22.7,0.0,無,
東石鄉,土地,圍潭段圍潭小段66地號,2655.0,,一般農業區,農牧用地,1101004,土地1建物0車位0,,,其他,,,,0.0,0,0,0,有,無,3058800,1152,,0.0,0,,RPRNMLPJIIGGFBQ48DA,0.0,0.0,0.0,無,024
六腳鄉,土地,三姓寮段三姓小段75地號,4147.0,,特定農業區,農牧用地,1100914,土地1建物0車位0,,,其他,,,,0.0,0,0,0,有,無,4700000,1133,,0.0,0,,RPQNMLMKIIGGFBQ18DA,0.0,0.0,0.0,無,
六腳鄉,土地,三姓寮段三姓小段76地號,2016.0,,特定農業區,農牧用地,1100914,土地1建物0車位0,,,其他,,,,0.0,0,0,0,有,無,2285000,1133,,0.0,0,,RPRNMLMKIIGGFBQ28DA,0.0,0.0,0.0,無,
義竹鄉,土地,北港子段北華小段117-3地號,192.6,,特定專用區,農牧用地,1101005,土地1建物0車位0,,,其他,,,,0.0,0,0,0,有,無,200000,1038,,0.0,0,親友、員工、共有人或其他特殊關係間之交易；未登記建物；,RPSNMLRJIIGGFBQ78DA,0.0,0.0,0.0,無,025
朴子市,房地(土地+建物),嘉義縣朴子市仁和二路１３７號七樓之５１,5.87,都市：其他:住宅區,,,1100926,土地1建物1車位0,七層,八層,套房(1房1廳1衛),住家用,鋼筋混凝土造,0950828,24.98,1,0,1,有,有,700000,28022,,0.0,0,,RPUNMLMKIIGGFBQ58DA,13.46,1.6,0.0,有,
朴子市,房地(土地+建物),嘉義縣朴子市仁和二路１３７號七樓之５２,5.87,都市：其他:住宅區,,,1100926,土地1建物1車位0,七層,八層,套房(1房1廳1衛),住家用,鋼筋混凝土造,0950828,24.98,1,0,1,有,有,700000,28022,,0.0,0,,RPVNMLMKIIGGFBQ68DA,13.46,1.6,0.0,有,
朴子市,房地(土地+建物),嘉義縣朴子市仁和二路８之２號,141.97,都市：其他:住宅區,,,1100907,土地5建物1車位0,全,四層,透天厝,住家用,鋼筋混凝土造,0930326,255.95999999999998,5,2,3,有,有,9550000,37311,,0.0,0,,RPQNMLSJIIGGFBQ68DA,234.66,15.82,0.0,無,
義竹鄉,土地,岸腳段893地號,241.0,都市：其他:住宅區,,,1101002,土地1建物0車位0,,,其他,,,,0.0,0,0,0,有,無,2880000,11950,,0.0,0,,RPPNMLNJIIGGFBQ08DA,0.0,0.0,0.0,無,
朴子市,土地,鎮安段1278地號,17.4,都市：其他:住宅區,,,1100915,土地1建物0車位0,,,其他,,,,0.0,0,0,0,有,無,609000,35000,,0.0,0,,RPRNMLKMRHGGFBQ09DA,0.0,0.0,0.0,無,026
朴子市,房地(土地+建物),嘉義縣朴子市仁和二路１３７號六樓之３９,5.87,都市：其他:住宅區,,,1100912,土地1建物1車位0,六層,八層,套房(1房1廳1衛),住家用,鋼筋混凝土造,0950828,25.04,1,0,1,有,有,720000,28754,,0.0,0,,RPSNMLNLRHGGFBQ76DA,13.46,1.6,0.0,有,
朴子市,房地(土地+建物),嘉義縣朴子市仁和二路１３７號七樓之５８,5.87,都市：其他:住宅區,,,1100909,土地1建物1車位0,七層,八層,套房(1房1廳1衛),住家用,鋼筋混凝土造,0950828,24.98,1,0,1,有,有,700000,28022,,0.0,0,,RPRNMLNKIIGGFBQ38DA,13.46,1.6,0.0,有,
朴子市,房地(土地+建物),嘉義縣朴子市朴子七路１３８號,93.56,都市：其他:第二種住宅區,,,1100913,土地1建物1車位0,全,四層,透天厝,住商用,鋼筋混凝土造,0920922,181.03,4,2,3,有,無,9850000,54411,,0.0,0,,RPWNMLMLRHGGFBQ07DA,159.25,21.78,0.0,無,
布袋鎮,土地,魍港段403地號,12553.84,,特定專用區,養殖用地,1100830,土地1建物0車位0,,,其他,,,,0.0,0,0,0,有,無,6276920,500,,0.0,0,親友、員工、共有人或其他特殊關係間之交易；,RPTNMLOKIIGGFBQ68DA,0.0,0.0,0.0,無,
東石鄉,土地,頂東石段黎明小段125-4地號,191.63,,特定專用區,甲種建築用地,1100911,土地1建物0車位0,,,其他,,,,0.0,0,0,0,有,無,1350000,7045,,0.0,0,,RPWNMLNKIIGGFBQ88DA,0.0,0.0,0.0,無,
民雄鄉,土地,民農段893-1地號,120.23,都市：其他:住,,,1100829,土地5建物0車位0,,,其他,,,,0.0,0,0,0,有,無,1382000,11495,,0.0,0,,RPPNMLLKIIGGFCQ08DA,0.0,0.0,0.0,無,
民雄鄉,土地,民農段889地號,68.75,都市：其他:商,,,1100829,土地11建物0車位0,,,其他,,,,0.0,0,0,0,有,無,332800,4841,,0.0,0,,RPQNMLLKIIGGFCQ18DA,0.0,0.0,0.0,無,
民雄鄉,土地,民農段894地號,81.5,都市：其他:住,,,1100920,土地2建物0車位0,,,其他,,,,0.0,0,0,0,有,無,936700,11493,,0.0,0,,RPRNMLLKIIGGFCQ28DA,0.0,0.0,0.0,無,
水上鄉,房地(土地+建物),嘉義縣水上鄉民生村仁愛街４１巷１０號,57.12,,鄉村區,乙種建築用地,1100901,土地2建物1車位0,全,三層,透天厝,住家用,加強磚造,0740716,122.4,4,2,3,有,無,4300000,35131,,0.0,0,頂樓加蓋；其他增建；,RPRNMLQJRHGGFDQ96DA,118.0,4.4,0.0,無,027
大林鎮,房地(土地+建物),嘉義縣大林鎮西林里祥和路３０９號,149.0,都市：其他:住,,,1080324,土地1建物1車位0,全,三層,透天厝,住商用,鋼筋混凝土造,1091228,248.18,4,3,5,有,無,22000000,88645,,0.0,0,預售屋、或土地及建物分件登記案件；,RPOQMLOKIIGGFCQ58DA,248.18,0.0,0.0,有,
民雄鄉,房地(土地+建物),嘉義縣民雄鄉東湖村東勢湖１１０之４號,88.27,,鄉村區,乙種建築用地,1100914,土地1建物1車位0,全,三層,透天厝,住家用,見其他登記事項,0700328,184.18,4,1,3,有,無,3400000,18460,,0.0,0,含傢俱設備費；,RPPNMLTJIIGGFCQ78DA,184.18,0.0,0.0,無,
民雄鄉,房地(土地+建物),嘉義縣民雄鄉秀林村林子尾５５之３１號,117.16,,一般農業區,甲種建築用地,1081028,土地3建物1車位0,全,三層,透天厝,住家用,鋼筋混凝土造,1100528,189.43,3,3,3,有,無,8000000,42232,,0.0,0,預售屋、或土地及建物分件登記案件；,RPOOMLOKIIGGFCQ38DA,174.89,14.54,0.0,無,
太保市,房地(土地+建物),嘉義縣太保市春珠里春珠１３９之１２號,130.0,都市：其他:住宅區,,,1100909,土地2建物1車位0,全,二層,透天厝,住家用,加強磚造,0710601,97.05,0,1,2,有,無,1700000,17517,,0.0,0,,RPRNMLLJIIGGFDQ28DA,97.05,0.0,0.0,無,
太保市,房地(土地+建物),嘉義縣太保市安仁里頂港子墘４０之７號三樓之１１,8.07,,鄉村區,乙種建築用地,1100928,土地2建物1車位0,三層,五層,華廈(10層含以下有電梯),住家用,鋼筋混凝土造,0940815,24.07,0,0,0,無,有,610000,25343,,0.0,0,,RPQOMLSLRHGGFDQ37DA,14.18,1.97,0.0,有,
太保市,房地(土地+建物)+車位,嘉義縣太保市春珠里保鐵一路二段９７號二樓之１,43.23,都市：其他:住宅區,,,1100903,土地1建物1車位1,二層,十六層,住宅大樓(11層含以上有電梯),住家用,鋼筋混凝土造,1060421,181.35000000000002,3,2,2,有,有,8200000,45216,坡道平面,29.86,0,,RPUNMLQJIIGGFDQ09DA,93.83,11.12,0.0,有,028
太保市,土地,新埤段新埤小段169地號,2000.0,,特定農業區,農牧用地,1100903,土地1建物0車位0,,,其他,,,,0.0,0,0,0,有,無,4100000,2050,,0.0,0,農作物；,RPWNMLSJIIGGFDQ86DA,0.0,0.0,0.0,無,
中埔鄉,房地(土地+建物),嘉義縣中埔鄉和美村中山新１４３號,200.47,都市：其他:住宅區,,,1100910,土地1建物1車位0,全,二層,透天厝,住商用,鋼筋混凝土加強磚造,0690820,112.64,15,0,17,有,無,7300000,64808,,0.0,0,,RPRNMLMKIIGGFDQ48DA,108.76,3.88,0.0,無,029
中埔鄉,土地,竹頭崎段53地號,3041.0,,山坡地保育區,農牧用地,1100830,土地1建物0車位0,,,其他,,,,0.0,0,0,0,有,無,3000000,987,,0.0,0,,RPPNMLOKIIGGFDQ58EA,0.0,0.0,0.0,無,
新港鄉,土地,港西段1117-2地號,5.0,,,,1101001,土地1建物0車位0,,,其他,,,,0.0,0,0,0,有,無,136125,27225,,0.0,0,親友、員工、共有人或其他特殊關係間之交易；,RPSNMLNKIIGGFCQ68EA,0.0,0.0,0.0,無,
阿里山鄉,土地,樂野段287地號,1040.0,,山坡地保育區,農牧用地,1100824,土地1建物0車位0,,,其他,,,,0.0,0,0,0,有,無,800000,769,,0.0,0,,RPPNMLPKIIGGFEQ78EA,0.0,0.0,0.0,無,
中埔鄉,土地,王爺段981-2地號,9788.47,,特定農業區,農牧用地,1100707,土地3建物0車位0,,,其他,,,,0.0,0,0,0,有,無,44415000,4537,,0.0,0,,RPVNMLMKIIGGFDQ88DA,0.0,0.0,0.0,無,
水上鄉,土地,大崙段大崙小段48地號,2334.0,,特定農業區,農牧用地,1100911,土地1建物0車位0,,,其他,,,,0.0,0,0,0,有,無,6350000,2721,,0.0,0,,RPPNMLNKIIGGFDQ38DA,0.0,0.0,0.0,無,
中埔鄉,土地,和美段1地號,756.64,都市：其他:農業區,,,1100702,土地1建物0車位0,,,其他,,,,0.0,0,0,0,有,無,6000000,7930,,0.0,0,,RPWNMLOKIIGGFDQ56DA,0.0,0.0,0.0,無,030
番路鄉,土地,南下坑段445-1地號,170.43,,一般農業區,丙種建築用地,1100913,土地1建物0車位0,,,其他,,,,0.0,0,0,0,有,無,2000000,11735,,0.0,0,總價款貳佰萬元正無償免除債務貳佰萬元正親友、員工、共有人或其他特殊關係間之交易；,RPQNMLNKIIGGFEQ58DA,0.0,0.0,0.0,無,
竹崎鄉,房地(土地+建物),嘉義縣竹崎鄉灣橋村１９鄰灣橋２７５號,73.8,,鄉村區,乙種建築用地,1100819,土地1建物1車位0,全,三層,透天厝,住商用,鋼筋混凝土加強磚造,0700127,208.97,5,3,3,有,無,6220000,29765,,0.0,0,建物部分跨建灣中段559地號上。其他增建；,RPRNMLNKIIGGFEQ68DA,205.85,3.12,0.0,無,
梅山鄉,土地,大草埔段261-10地號,11382.0,,山坡地保育區,農牧用地,1100822,土地2建物0車位0,,,其他,,,,0.0,0,0,0,有,無,4300000,378,,0.0,0,未登記建物；農作物；,RPQNMLKMRHGGFEQ66DA,0.0,0.0,0.0,無,
溪口鄉,土地,上崙段妙崙小段211地號,4384.0,,特定農業區,農牧用地,1100929,土地1建物0車位0,,,其他,,,,0.0,0,0,0,有,無,6000000,1369,,0.0,0,,RPWPMLOKIIGGFCQ76EA,0.0,0.0,0.0,無,
太保市,土地,東新段692地號,44.86,都市：其他:住宅區,,,1100419,土地1建物0車位0,,,其他,,,,0.0,0,0,0,有,無,1067219,23790,,0.0,0,政府機關標讓售；,RPUNMLMKIIGGFDQ88EA,0.0,0.0,0.0,無,
太保市,房地(土地+建物),嘉義縣太保市麻寮里民生路９０巷６０號四樓之十,20.72,都市：其他:住宅區,,,1100906,土地1建物1車位0,四層,七層,華廈(10層含以下有電梯),住家用,鋼筋混凝土造,0860623,99.58,2,1,1,有,有,2300000,23097,,0.0,0,,RPQNMLNKIIGGFDQ58EA,64.37,9.54,0.0,有,031
大林鎮,土地,中坑段 256-6地號,4954.0,,一般農業區,農牧用地,1101001,土地1建物0車位0,,,其他,,,,0.0,0,0,0,有,無,7492925,1513,,0.0,0,,RPQNMLPKIIGGFCQ68EA,0.0,0.0,0.0,無,032
番路鄉,房地(土地+建物),嘉義縣番路鄉江西村６鄰平２０號十三樓一,4.74,都市：其他:保護區,,,1101002,土地2建物1車位0,十三層,十八層,住宅大樓(11層含以上有電梯),住家用,鋼筋混凝土造,0820401,42.43,1,1,1,有,有,1250000,29460,,0.0,0,,RPRNMLPJIIGGFEQ78DA,29.45,4.45,0.0,有,033
中埔鄉,土地,和美段1地號,782.56,都市：其他:農業區,,,1100806,土地4建物0車位0,,,其他,,,,0.0,0,0,0,有,無,6000000,7667,,0.0,0,,RPOOMLOKIIGGFDQ48DA,0.0,0.0,0.0,無,030
太保市,房地(土地+建物),嘉義縣太保市麻寮里三合路２９９巷６弄２１號,93.51,非都市： ; 非都市編定：,,,1091105,土地3建物1車位0,全,三層,透天厝,住家用,鋼筋混凝土造,1100608,169.36,4,3,5,有,無,6700000,39561,,0.0,0,土地總價：335萬元，建物總價：335萬元。,RPUNMLNKIIGGFDQ88DA,163.53,5.83,0.0,無,
中埔鄉,土地,田寮段473-3地號,46.48,,特定農業區,農牧用地,1100930,土地1建物0車位0,,,其他,,,,0.0,0,0,0,有,無,700000,15060,,0.0,0,,RPTNMLRJIIGGFDQ09DA,0.0,0.0,0.0,無,035
溪口鄉,房地(土地+建物),嘉義縣溪口鄉溪東村民生街１３６號,96.92,都市：其他:市,,,1100919,土地2建物1車位0,全,四層,透天厝,住家用,鋼筋混凝土造,1080725,207.93,5,2,3,有,無,8500000,40879,,0.0,0,,RPPNMLPKIIGGFCQ48DA,191.59,16.34,0.0,無,
新港鄉,土地,埤子頭段埤子小段420地號,2201.0,,特定農業區,農牧用地,1100906,土地1建物0車位0,,,其他,,,,0.0,0,0,0,有,無,2390000,1086,,0.0,0,,RPRNMLPKIIGGFCQ68DA,0.0,0.0,0.0,無,
新港鄉,土地,埤子頭段埤子小段421地號,2583.0,,特定農業區,農牧用地,1100906,土地1建物0車位0,,,其他,,,,0.0,0,0,0,有,無,2960000,1146,,0.0,0,,RPSNMLPKIIGGFCQ78DA,0.0,0.0,0.0,無,
民雄鄉,土地,好收段竹圍後小段1061地號,2457.0,,特定農業區,農牧用地,1100910,土地1建物0車位0,,,其他,,,,0.0,0,0,0,有,無,2880000,1172,,0.0,0,,RPPNMLQKIIGGFCQ58DA,0.0,0.0,0.0,無,
新港鄉,土地,菜公厝段菜公小段143地號,9697.0,,特定農業區,農牧用地,1100903,土地3建物0車位0,,,其他,,,,0.0,0,0,0,有,無,19394000,2000,,0.0,0,,RPPPMLOKIIGGFCQ58DA,0.0,0.0,0.0,無,
新港鄉,土地,菜公厝段菜公小段142地號,2394.0,,特定農業區,農牧用地,1100903,土地1建物0車位0,,,其他,,,,0.0,0,0,0,有,無,4788000,2000,,0.0,0,,RPQPMLOKIIGGFCQ68DA,0.0,0.0,0.0,無,
新港鄉,土地,公園段673地號,127.0,,,,1100315,土地1建物0車位0,,,其他,,,,0.0,0,0,0,有,無,4349115,34245,,0.0,0,協議價購；,RPRPMLOKIIGGFCQ78DA,0.0,0.0,0.0,無,
民雄鄉,房地(土地+建物),嘉義縣民雄鄉鎮北村建國路一段１０２０之２９４０號,132.76,,特定農業區,甲種建築用地,1100919,土地2建物1車位0,全,三層,透天厝,住家用,鋼筋混凝土造,1090214,175.52,4,1,4,有,無,8600000,48997,,0.0,0,,RPRNMLMKIIGGFCQ38DA,158.65,16.87,0.0,無,036
民雄鄉,房地(土地+建物),嘉義縣民雄鄉北斗村光明三街１０６號,77.0,都市：其他:住,,,1100918,土地1建物1車位0,全,三層,透天厝,住家用,鋼筋混凝土造,1081118,148.6,4,2,5,有,無,8600000,57873,,0.0,0,其他增建；,RPXNMLQJIIGGFCQ66DA,140.02,8.58,0.0,無,
民雄鄉,房地(土地+建物),嘉義縣民雄鄉福興村１鄰牛稠溪２之３３號,124.46,,鄉村區,乙種建築用地,1100901,土地2建物1車位0,全,三層,透天厝,住家用,鋼筋混凝土造,0961130,171.77,4,2,3,有,無,7900000,45992,,0.0,0,其他增建；,RPQNMLTLRHGGFCQ27DA,156.79,14.98,0.0,無,037
新港鄉,土地,海豐子段海豐小段97地號,240.0,,特定農業區,農牧用地,1100728,土地1建物0車位0,,,其他,,,,0.0,0,0,0,有,無,169190,705,,0.0,0,,RPQNMLKKRHGGFCQ88DA,0.0,0.0,0.0,無,
朴子市,土地,新庄段農牧小段201地號,16622.0,,特定農業區,農牧用地,1100729,土地4建物0車位0,,,其他,,,,0.0,0,0,0,有,無,41000000,2467,,0.0,0,未登記建物；農業設施；,RPRNMLOKIIGGFBQ48DA,0.0,0.0,0.0,無,
義竹鄉,土地,子寮段456地號,193.16,,一般農業區,養殖用地,1100610,土地1建物0車位0,,,其他,,,,0.0,0,0,0,有,無,90000,466,,0.0,0,親友、員工、共有人或其他特殊關係間之交易；畸零地或有合併使用效益；,RPSNMLOKIIGGFBQ58DA,0.0,0.0,0.0,無,
義竹鄉,土地,新店新段481地號,67.93,,鄉村區,乙種建築用地,1100921,土地1建物0車位0,,,其他,,,,0.0,0,0,0,有,無,99000,1457,,0.0,0,親友、員工、共有人或其他特殊關係間之交易；瑕疵物件；,RPUNMLOKIIGGFBQ78DA,0.0,0.0,0.0,無,
布袋鎮,土地,景山段823地號,172.66,都市：其他:住宅區,,,1101003,土地1建物0車位0,,,其他,,,,0.0,0,0,0,有,無,500000,2896,,0.0,0,親友、員工、共有人或其他特殊關係間之交易；,RPVNMLOKIIGGFBQ88DA,0.0,0.0,0.0,無,
大林鎮,房地(土地+建物),嘉義縣大林鎮過溪里過溪５８９號,6216.74,,一般農業區,丁種建築用地,1100527,土地3建物2車位0,全,一層,透天厝,工業用,鋼架造,0620916,590.91,0,0,0,無,無,210000000,355384,,0.0,0,未登記建物；,RPTNMLMJQHGGFCQ56DA,590.91,0.0,0.0,無,
六腳鄉,土地,港尾寮段港美小段232地號,2631.0,,特定農業區,農牧用地,1100907,土地1建物0車位0,,,其他,,,,0.0,0,0,0,有,無,1560000,593,,0.0,0,親友、員工、共有人或其他特殊關係間之交易；,RPSNMLMLRHGGFBQ66DA,0.0,0.0,0.0,無,
六腳鄉,土地,港尾寮新段106地號,1.58,,鄉村區,乙種建築用地,1101005,土地1建物0車位0,,,其他,,,,0.0,0,0,0,有,無,10000,6329,,0.0,0,,RPPNMLQJIIGGFBQ38DA,0.0,0.0,0.0,無,
六腳鄉,土地,溪墘厝段正義小段61地號,1590.0,,特定農業區,農牧用地,1100924,土地1建物0車位0,,,其他,,,,0.0,0,0,0,有,無,1431000,900,,0.0,0,,RPSNMLMKIIGGFBQ38DA,0.0,0.0,0.0,無,
布袋鎮,土地,過溝段過溝小段241地號,1591.4,,一般農業區,農牧用地,1100930,土地1建物0車位0,,,其他,,,,0.0,0,0,0,有,無,1200000,754,,0.0,0,親友、員工、共有人或其他特殊關係間之交易；,RPPNMLPKIIGGFBQ38DA,0.0,0.0,0.0,無,
朴子市,土地,崁後段南崁小段752地號,2876.0,,特定農業區,農牧用地,1101003,土地1建物0車位0,,,其他,,,,0.0,0,0,0,有,無,2588400,900,,0.0,0,,RPUNMLPKIIGGFBQ88DA,0.0,0.0,0.0,無,
朴子市,房地(土地+建物),嘉義縣朴子市山通路１４２之２號,60.0,都市：其他:商業區,,,1100711,土地1建物1車位0,全,四層,透天厝,商業用,鋼筋混凝土造,0750619,188.82,5,3,6,有,無,12500000,66201,,0.0,0,親友、員工、共有人或其他特殊關係間之交易；,RPQNMLOKIIGGFBQ38DA,180.36,8.46,0.0,無,
溪口鄉,土地,厝子段下厝小段346地號,2341.0,,特定農業區,農牧用地,1100818,土地1建物0車位0,,,其他,,,,0.0,0,0,0,有,無,4200000,1794,,0.0,0,農作物；,RPQNMLQKIIGGFCQ68DA,0.0,0.0,0.0,無,
溪口鄉,土地,柴林?段柴林小段596-1地號,2001.0,,特定農業區,農牧用地,1100922,土地1建物0車位0,,,其他,,,,0.0,0,0,0,有,無,2201000,1100,,0.0,0,,RPPNMLSKIIGGFCQ78DA,0.0,0.0,0.0,無,
溪口鄉,房地(土地+建物),嘉義縣溪口鄉疊溪村下員林２８之４號,163.71,,鄉村區,乙種建築用地,1100926,土地2建物1車位0,全,三層,透天厝,住商用,鋼筋混凝土造,0810630,158.26,3,2,3,有,無,4650000,29382,,0.0,0,其他增建；,RPRNMLSKIIGGFCQ98DA,158.26,0.0,0.0,無,
民雄鄉,房地(土地+建物),嘉義縣民雄鄉金興村武昌街９號,81.18,都市：其他:住,,,1100930,土地1建物1車位0,全,二層,透天厝,住家用,鋼筋混凝土加強磚造,0701229,94.6,3,2,2,有,無,3880000,41015,,0.0,0,頂樓加蓋；,RPSNMLSKIIGGFCQ09DA,87.22,7.38,0.0,無,
大林鎮,房地(土地+建物),嘉義縣大林鎮明和里甘蔗崙８５之８３號,97.0,都市：其他:住,,,1100827,土地1建物1車位0,全,三層,透天厝,住家用,鋼筋混凝土造,1100608,181.11,5,2,3,有,無,7050000,38927,,0.0,0,,RPPOMLOKIIGGFCQ48DA,166.73,14.38,0.0,無,
大林鎮,房地(土地+建物),嘉義縣大林鎮明和里甘蔗崙８５之８５號,100.0,都市：其他:住,,,1100827,土地1建物1車位0,全,三層,透天厝,住家用,鋼筋混凝土造,1100608,180.16,5,1,3,有,無,7020000,38965,,0.0,0,,RPQOMLOKIIGGFCQ58DA,165.36,14.8,0.0,無,
大林鎮,房地(土地+建物),嘉義縣大林鎮明和里甘蔗崙８５之９８號,147.29,都市：其他:農,,,1100827,土地3建物1車位0,全,三層,透天厝,住家用,鋼筋混凝土造,1100608,181.32,5,1,5,有,無,7260000,40040,,0.0,0,,RPTOMLOKIIGGFCQ88DA,166.6,14.72,0.0,無,
大林鎮,房地(土地+建物),嘉義縣大林鎮大美里大埔美４７２號,64.31,,鄉村區,乙種建築用地,1100616,土地1建物1車位0,全,二層,透天厝,住家用,鋼筋混凝土加強磚造,0720702,111.98,3,2,2,有,無,1850000,16521,,0.0,0,頂樓加蓋；其他增建；,RPUNMLMKIIGGFCQ68DA,111.98,0.0,0.0,無,
大林鎮,房地(土地+建物),嘉義縣大林鎮明和里甘蔗崙８５之８７號,101.0,都市：其他:住,,,1100827,土地1建物1車位0,全,三層,透天厝,住家用,鋼筋混凝土造,1100608,202.8,4,2,5,有,無,7800000,38462,,0.0,0,,RPTNMLNKIIGGFCQ68DA,186.38,16.42,0.0,無,
大林鎮,房地(土地+建物),嘉義縣大林鎮明和里甘蔗崙８５之８８號,97.0,都市：其他:住,,,1100827,土地1建物1車位0,全,三層,透天厝,住家用,鋼筋混凝土造,1100608,182.55,5,1,5,有,無,7350000,40263,,0.0,0,,RPUNMLNKIIGGFCQ78DA,168.11,14.44,0.0,無,
大林鎮,房地(土地+建物),嘉義縣大林鎮明和里甘蔗崙８５之８９號,93.0,都市：其他:住,,,1100827,土地1建物1車位0,全,三層,透天厝,住家用,鋼筋混凝土造,1100608,176.28,5,1,5,有,無,7160000,40617,,0.0,0,,RPQNMLOKIIGGFCQ48DA,160.76,15.52,0.0,無,
大林鎮,房地(土地+建物),嘉義縣大林鎮明和里甘蔗崙８５之９１號,86.0,都市：其他:住,,,1100827,土地1建物1車位0,全,三層,透天厝,住家用,鋼筋混凝土造,1100608,188.03,5,2,3,有,無,7550000,40153,,0.0,0,,RPRNMLOKIIGGFCQ58DA,172.65,15.38,0.0,無,
大林鎮,房地(土地+建物),嘉義縣大林鎮明和里甘蔗崙８５之７８號,96.0,都市：其他:住,,,1100827,土地1建物1車位0,全,三層,透天厝,住家用,鋼筋混凝土造,1100608,172.31,5,1,5,有,無,7350000,42656,,0.0,0,,RPUNMLOKIIGGFCQ88DA,155.93,16.38,0.0,無,
大林鎮,房地(土地+建物),嘉義縣大林鎮明和里甘蔗崙８５之８１號,95.0,都市：其他:住,,,1100827,土地1建物1車位0,全,三層,透天厝,住家用,鋼筋混凝土造,1100608,165.96,5,1,5,有,無,6500000,39166,,0.0,0,,RPWNMLOKIIGGFCQ09DA,150.8,15.16,0.0,無,
大林鎮,房地(土地+建物),嘉義縣大林鎮明和里甘蔗崙８５之８２號,90.0,都市：其他:住,,,1100827,土地1建物1車位0,全,三層,透天厝,住家用,鋼筋混凝土造,1100608,178.66,5,2,3,有,無,6800000,38061,,0.0,0,,RPXNMLOKIIGGFCQ56DA,164.48,14.18,0.0,無,
水上鄉,土地,大崙段新興小段55地號,2501.0,,特定農業區,農牧用地,1100824,土地1建物0車位0,,,其他,,,,0.0,0,0,0,有,無,4480000,1791,,0.0,0,農作物；,RPUNMLRJIIGGFDQ56DA,0.0,0.0,0.0,無,
水上鄉,房地(土地+建物),嘉義縣水上鄉寬士村崎子頭１０之１３３號,238.18,,鄉村區,乙種建築用地,1100928,土地1建物1車位0,全,四層,透天厝,住家用,鋼筋混凝土造,0821103,344.6,5,3,5,有,無,11100000,32211,,0.0,0,,RPUNMLTLRHGGFDQ77DA,344.6,0.0,0.0,無,
太保市,土地,新舊埤段1077地號,2160.34,,鄉村區,乙種建築用地,1100502,土地1建物0車位0,,,其他,,,,0.0,0,0,0,有,無,29407500,13612,,0.0,0,,RPPNMLKMRHGGFDQ09DA,0.0,0.0,0.0,無,
水上鄉,土地,三和段512地號,1196.74,都市：其他:住宅區,,,1100924,土地3建物0車位0,,,其他,,,,0.0,0,0,0,有,無,9050000,7562,,0.0,0,包含公共設施保留地用地；,RPTNMLOKIIGGFDQ88DA,0.0,0.0,0.0,無,
水上鄉,土地,南靖段南和小段29地號,1050.0,,特定農業區,農牧用地,1100915,土地1建物0車位0,,,其他,,,,0.0,0,0,0,有,無,2500000,2381,,0.0,0,,RPUNMLOKIIGGFDQ98DA,0.0,0.0,0.0,無,
太保市,房地(土地+建物),嘉義縣太保市安仁里祥和一路東段２５巷１３號五樓１３,10.56,都市：其他:第二種住宅區,,,1101009,土地4建物1車位0,五層,五層,華廈(10層含以下有電梯),住家用,鋼筋混凝土造,0920505,26.73,1,0,1,有,有,1100000,41152,,0.0,0,,RPPOMLOKIIGGFDQ58DA,17.78,3.86,0.0,有,
鹿草鄉,土地,鹿草段鹿東小段179-2地號,1469.0,,特定農業區,農牧用地,1100907,土地1建物0車位0,,,其他,,,,0.0,0,0,0,有,無,2135000,1453,,0.0,0,含地政士服務費15000元；,RPROMLOKIIGGFDQ78DA,0.0,0.0,0.0,無,
太保市,房地(土地+建物),嘉義縣太保市新埤里４鄰新埤１８０之５號,93.76,,鄉村區,乙種建築用地,1101003,土地1建物1車位0,全,三層,透天厝,住商用,鋼筋混凝土造,0810529,159.7,3,2,3,有,無,4100000,25673,,0.0,0,,RPUNMLPKIIGGFDQ09DA,152.28,7.42,0.0,無,
番路鄉,房地(土地+建物),嘉義縣番路鄉江西村６鄰平２０號四樓六,6.51,都市：其他:保護區,,,1100924,土地2建物1車位0,四層,十八層,住宅大樓(11層含以上有電梯),住家用,鋼筋混凝土造,0820401,48.26,1,1,1,有,有,1250000,25901,,0.0,0,,RPPNMLOKIIGGFEQ58DA,33.68,5.15,0.0,有,
鹿草鄉,土地,鹿草段鹿草小段493地號,2325.0,,特定農業區,農牧用地,1100917,土地1建物0車位0,,,其他,,,,0.0,0,0,0,有,無,2000000,860,,0.0,0,親友、員工、共有人或其他特殊關係間之交易；未登記建物；,RPSNMLOKIIGGFDQ88EA,0.0,0.0,0.0,無,
