﻿編號,屋齡,建物移轉面積平方公尺,主要用途,主要建材,建築完成日期,總層數,建物分層
The serial number,room age,building shifting area square meter,the main use,main building materials,construction completes the date,total layer,building lamination
RPUNMLSLRHGGFBQ47DA,,228.05,住家用,鋼筋混凝土造,110年7月27日,四層,一層 二層 三層 四層 陽台
RPTNMLSLRHGGFBQ37DA,,223.28,住家用,鋼筋混凝土造,110年7月27日,四層,一層 二層 三層 四層 陽台
RPXNMLSLRHGGFBQ77DA,,224.09,住家用,鋼筋混凝土造,110年7月27日,四層,
RPQNMLRJIIGGFCQ68DA,26,142.17,住家用,ＲＣ造磚構材料,84年5月29日,三層,一層 二層 三層 陽台 電梯樓梯間
RPVNMLLJIIGGFDQ68DA,40,102.60,住家用,鋼筋混凝土加強磚造,70年12月9日,二層,一層 二層 電梯樓梯間
RPPNMLRJIIGGFDQ68DA,30,161.57,農舍,鋼筋混凝土補磚造,80年12月26日,一層,一層
RPQNMLPJIIGGFDQ68EA,44,77.46,住家用,磚造,66年8月13日,一層,一層
RPPNMLSJIIGGFDQ88EA,41,66.65,住家用,鋼筋混凝土加強磚造,69年10月9日,二層,一層 二層 電梯樓梯間
RPSNMLSJIIGGFCQ09EA,22,143.92,集合住宅,鋼筋混凝土造,88年4月28日,五層,五層 陽台
RPSNMLSJIIGGFCQ09EA,22,27.91,通廊．梯間．水箱．機械房,鋼筋混凝土造,88年4月28日,五層,
RPRNMLMKIIGGFEQ68EA,41,160.16,住家用,鋼筋混凝土加強磚造,70年1月27日,三層,一層 二層 三層 騎樓 電梯樓梯間
RPXNMLPJIIGGFDQ66DA,22,146.17,住家用,鋼筋混凝土造,89年2月17日,三層,一層 二層 三層 見其他登記事項
RPOOMLQJIIGGFDQ58DA,28,1.95,梯間,鋼筋混凝土造,82年10月6日,九層,
RPOOMLQJIIGGFDQ58DA,28,10.61,梯間,鋼筋混凝土造,82年10月6日,九層,
RPOOMLQJIIGGFDQ58DA,28,4.98,避難室、停車場,鋼筋混凝土造,82年10月6日,9,
RPOOMLQJIIGGFDQ58DA,28,32.58,集合住宅,鋼筋混凝土造,82年10月6日,九層,八層 陽台
RPWNMLMKIIGGFCQ88DA,29,6.14,共有部分,鋼筋混凝土造,81年11月30日,地下層,
RPWNMLMKIIGGFCQ88DA,29,6.64,共有部分,鋼筋混凝土造,81年11月30日,五層,
RPWNMLMKIIGGFCQ88DA,29,58.32,住家用,鋼筋混凝土造,81年11月30日,五層,五層 陽台
RPUNMLLKRHGGFDQ86DA,40,96.11,住家用,鋼筋混凝土加強磚造,70年6月19日,二層,一層 二層
RPQOMLSLRHGGFBQ17DA,,222.84,住家用,鋼筋混凝土造,110年7月27日,四層,一層 二層 三層 四層 陽台
RPUNMLRJIIGGFBQ98DA,42,99.20,住商用,加強磚造,68年7月20日,二層,一層 二層
RPPOMLPJIIGGFDQ58DA,22,87.84,集合住宅,鋼筋混凝土造,88年5月31日,五層,一層 陽台
RPPOMLPJIIGGFDQ58DA,22,10.07,樓梯間、機械室、水箱,鋼筋混凝土造,88年5月31日,五層,
RPPOMLPJIIGGFDQ58DA,22,.80,蓄水池,鋼筋混凝土造,88年5月31日,一層,
RPXNMLSLRHGGFDQ97DA,26,115.32,農舍,鋼骨造,85年1月5日,一層,一層
RPPNMLOKRHGGFCQ56DA,30,98.13,住家用,鋼筋混凝土造,80年6月29日,三層,一層 二層 三層 陽台 雨遮
RPQNMLSJIIGGFDQ98EA,40,153.57,住商用,鋼筋混凝土加強磚造,70年10月22日,二層,一層 二層 騎樓 電梯樓梯間
RPVNMLSJIIGGFDQ86EA,40,80.37,住家用,加強磚造,70年6月15日,二層,一層 二層 騎樓
RPPNMLTLRHGGFCQ27EA,29,103.08,集合住宅,鋼筋混凝土造,82年2月17日,五層,五層
RPPNMLTLRHGGFCQ27EA,29,10.13,共有部分,鋼筋混凝土造,82年2月17日,五層,
RPPNMLNKIIGGFCQ38EA,,204.09,停車空間、住宅,鋼筋混凝土造,110年6月8日,四層,一層 二層 三層 四層 見其他登記事項
RPSNMLMKIIGGFDQ58DA,4,235.98,住家用,鋼筋混凝土造,106年8月2日,四層,一層 二層 三層 四層 陽台
RPUNMLOJIIGGFBQ68DA,,220.64,住家用,鋼筋混凝土造,109年12月4日,四層,一層 二層 三層 四層 見其他登記事項
RPPOMLSLRHGGFBQ07DA,,224.09,住家用,鋼筋混凝土造,110年7月27日,四層,一層 二層 三層 四層 陽台
RPUNMLMKIIGGFBQ58DA,15,4.20,共有部分,鋼筋混凝土造,95年8月28日,,
RPUNMLMKIIGGFBQ58DA,15,15.06,住家用,鋼筋混凝土造,95年8月28日,八層,七層 陽台
RPUNMLMKIIGGFBQ58DA,15,5.72,共有部分,鋼筋混凝土造,95年8月28日,,
RPVNMLMKIIGGFBQ68DA,15,4.20,共有部分,鋼筋混凝土造,95年8月28日,,
RPVNMLMKIIGGFBQ68DA,15,15.06,住家用,鋼筋混凝土造,95年8月28日,八層,七層 陽台
RPVNMLMKIIGGFBQ68DA,15,5.72,共有部分,鋼筋混凝土造,95年8月28日,,
RPQNMLSJIIGGFBQ68DA,17,250.48,集合住宅、停車空間、梯間,鋼筋混凝土造,93年3月26日,四層,一層 二層 三層 四層 陽台 見其他登記事項
RPQNMLSJIIGGFBQ68DA,17,5.48,社區遊憩設施,鋼筋混凝土造,93年3月26日,三層,
RPSNMLNLRHGGFBQ76DA,15,4.20,共有部分,鋼筋混凝土造,95年8月28日,,
RPSNMLNLRHGGFBQ76DA,15,15.06,住家用,鋼筋混凝土造,95年8月28日,八層,六層 陽台
RPSNMLNLRHGGFBQ76DA,15,5.78,共有部分,鋼筋混凝土造,95年8月28日,,
RPRNMLNKIIGGFBQ38DA,15,4.20,共有部分,鋼筋混凝土造,95年8月28日,,
RPRNMLNKIIGGFBQ38DA,15,15.06,住家用,鋼筋混凝土造,95年8月28日,八層,七層 陽台
RPRNMLNKIIGGFBQ38DA,15,5.72,共有部分,鋼筋混凝土造,95年8月28日,,
RPWNMLMLRHGGFBQ07DA,18,181.03,住商用,鋼筋混凝土造,92年9月22日,四層,一層 二層 三層 四層 陽台
RPOQMLOKIIGGFCQ58DA,,248.18,店舖、停車空間、住宅、樓梯間,鋼筋混凝土造,109年12月28日,三層,一層 二層 三層 見其他登記事項
RPPNMLTJIIGGFCQ78DA,40,184.18,住家用,見其他登記事項,70年3月28日,三層,一層 二層 三層
RPOOMLOKIIGGFCQ38DA,,189.43,住宅、樓梯間,鋼筋混凝土造,110年5月28日,三層,一層 二層 三層 見其他登記事項 見其他登記事項
RPRNMLLJIIGGFDQ28DA,39,97.05,住家用,加強磚造,71年6月1日,二層,一層 二層
RPQOMLSLRHGGFDQ37DA,16,7.92,停車空間、電信室、台電配電室、機械室、集合住宅,鋼筋混凝土造,94年8月15日,五層,
RPQOMLSLRHGGFDQ37DA,16,16.15,集合住宅,鋼筋混凝土造,94年8月15日,五層,三層 陽台
RPUNMLQJIIGGFDQ09DA,4,104.95,集合住宅,鋼筋混凝土造,106年4月21日,十六層,二層 陽台
RPUNMLQJIIGGFDQ09DA,4,16.79,本共有之項目有公共服務空間、管委會使用空間、防災中心、大廳、迴廊、頂蓋型開放空間、車道、機車停車空間、台電配電室﹝一﹞﹝二﹞﹝三﹞、排風機房、守衛室、垃圾儲藏室、垃圾車暫停區、緊急發電機室、泳池機房、泳池水箱、公共水箱、雨水蓄留機房、儲藏室、消防泵浦、汙水機房、採光井﹝上方投影﹞、電信室、地下一層車位﹝２３１、２３２﹞等２６項　,鋼筋混凝土造,106年4月21日,十六層,
RPUNMLQJIIGGFDQ09DA,4,29.75,本共有之項目有梯廳、梯廳兼排煙室、排煙室、Ｃ棟水箱、水錶室、電錶室、垃圾暫存、樓梯間、電梯機房、水箱、消防水箱等１１項,鋼筋混凝土造,106年4月21日,十六層,
RPUNMLQJIIGGFDQ09DA,4,29.87,本共有之項目有車道、防空避難室兼停車空間、停車空間等３項,鋼筋混凝土造,106年4月21日,十六層,
RPOOMLQKRHGGFDQ86DA,,193.40,住家用,鋼筋混凝土造,110年5月31日,三層,一層 二層 三層 陽台 見其他登記事項
RPRNMLMKIIGGFDQ48DA,41,112.64,住商用,鋼筋混凝土加強磚造,69年8月20日,二層,一層 二層 電梯樓梯間
RPRNMLNKIIGGFEQ68DA,41,208.97,住商用,鋼筋混凝土加強磚造,70年1月27日,三層,一層 二層 三層 騎樓 電梯樓梯間
RPQNMLNKIIGGFDQ58EA,24,73.91,住房、集合住宅,鋼筋混凝土造,86年6月23日,7,四層 陽台 花台
RPQNMLNKIIGGFDQ58EA,24,12.58,見其他登記事項,鋼筋混凝土造,86年6月23日,七層,
RPQNMLNKIIGGFDQ58EA,24,13.09,樓梯間室、機械室、水箱、瞭望台,鋼筋混凝土造,86年6月23日,七層,
RPSOMLQKRHGGFDQ27DA,,153.67,住家用,鋼筋混凝土造,110年5月31日,三層,一層 二層 三層 陽台
RPPOMLQKRHGGFDQ96DA,,189.05,住家用,鋼筋混凝土造,110年5月31日,三層,一層 二層 三層 陽台 見其他登記事項
RPRNMLPJIIGGFEQ78DA,29,33.90,住家用,鋼筋混凝土造,82年4月1日,十八層,十三層 陽台
RPRNMLPJIIGGFEQ78DA,29,6.78,梯間,鋼筋混凝土造,82年4月1日,十八層,
RPRNMLPJIIGGFEQ78DA,29,1.75,守衛室．健身房．游泳池．防空避難室兼停車場,鋼筋混凝土造,82年4月1日,,
RPUNMLNKIIGGFDQ88DA,,169.36,住宅、停車空間,鋼筋混凝土造,110年6月8日,三層,一層 二層 三層 陽台 見其他登記事項
RPPNMLPKIIGGFCQ48DA,2,207.93,店鋪、停車空間、住宅,鋼筋混凝土造,108年7月25日,四層,一層 二層 三層 四層 見其他登記事項
RPXNMLQJIIGGFCQ66DA,2,148.60,住宅、樓梯間,鋼筋混凝土造,108年11月18日,三層,一層 二層 三層 見其他登記事項 見其他登記事項
RPRNMLMKIIGGFCQ38DA,2,175.52,住家用,鋼筋混凝土造,109年2月14日,三層,一層 二層 三層 見其他登記事項
RPQNMLOKIIGGFBQ38DA,35,188.82,店舖、住房、梯間,鋼筋混凝土造,75年6月19日,四層,一層 二層 三層 四層 屋頂突出物 騎樓 見其他登記事項
RPSNMLSKIIGGFCQ09DA,40,94.60,住家用,鋼筋混凝土加強磚造,70年12月29日,二層,一層 二層 陽台
RPPOMLOKIIGGFCQ48DA,,181.11,住宅、梯間,鋼筋混凝土造,110年6月8日,三層,一層 二層 三層 見其他登記事項 見其他登記事項
RPQOMLOKIIGGFCQ58DA,,180.16,住家用,鋼筋混凝土造,110年6月8日,三層,一層 二層 三層 見其他登記事項
RPRNMLSKIIGGFCQ98DA,29,158.26,住商用,鋼筋混凝土造,81年6月30日,三層,一層 二層 三層 電梯樓梯間
RPUNMLMKIIGGFCQ68DA,38,111.98,住家用,鋼筋混凝土加強磚造,72年7月2日,二層,一層 二層 騎樓 電梯樓梯間
RPUNMLNKIIGGFCQ78DA,,182.55,住家用,鋼筋混凝土造,110年6月8日,三層,一層 二層 三層 見其他登記事項
RPTOMLOKIIGGFCQ88DA,,181.32,住宅、梯間,鋼筋混凝土造,110年6月8日,三層,一層 二層 三層 見其他登記事項 見其他登記事項
RPQNMLOKIIGGFCQ48DA,,176.28,住家用,鋼筋混凝土造,110年6月8日,三層,一層 二層 三層 見其他登記事項
RPTNMLNKIIGGFCQ68DA,,202.80,住宅、梯間,鋼筋混凝土造,110年6月8日,三層,一層 二層 三層 見其他登記事項 見其他登記事項
RPUNMLOKIIGGFCQ88DA,,172.31,住宅、梯間,鋼筋混凝土造,110年6月8日,三層,一層 二層 三層 見其他登記事項 見其他登記事項
RPRNMLOKIIGGFCQ58DA,,188.03,住宅、梯間,鋼筋混凝土造,110年6月8日,三層,一層 二層 三層 見其他登記事項 見其他登記事項
RPUNMLTLRHGGFDQ77DA,28,344.60,住家用,鋼筋混凝土造,82年11月3日,四層,一層 二層 三層 四層
RPWNMLOKIIGGFCQ09DA,,165.96,住家用,鋼筋混凝土造,110年6月8日,三層,一層 二層 三層 見其他登記事項
RPXNMLOKIIGGFCQ56DA,,178.66,住宅、梯間,鋼筋混凝土造,110年6月8日,三層,一層 二層 三層 見其他登記事項 見其他登記事項
RPUNMLPKIIGGFDQ09DA,29,159.70,住商用,鋼筋混凝土造,81年5月29日,三層,一層 二層 三層 電梯樓梯間
RPPOMLOKIIGGFDQ58DA,18,5.09,集合住宅,鋼筋混凝土造,92年5月5日,五層,
RPPOMLOKIIGGFDQ58DA,18,21.64,集合住宅,鋼筋混凝土造,92年5月5日,五層,五層 陽台
RPQNMLTLRHGGFCQ27DA,14,171.77,住家用,鋼筋混凝土造,96年11月30日,三層,一層 二層 三層 電梯樓梯間 見其他登記事項
RPPNMLOKIIGGFEQ58DA,28,38.83,住家用,鋼筋混凝土造,82年4月1日,十八層,四層 陽台
RPPNMLOKIIGGFEQ58DA,28,7.68,梯間,鋼筋混凝土造,82年4月1日,十八層,
RPPNMLOKIIGGFEQ58DA,28,1.75,守衛室．健身房．游泳池．防空避難室兼停車場,鋼筋混凝土造,82年4月1日,,
RPRNMLQJRHGGFDQ96DA,36,122.40,住家用,加強磚造,74年7月16日,三層,一層 二層 三層 陽台 騎樓
RPTNMLMJQHGGFCQ56DA,48,576.61,工業用,鋼架造,62年9月16日,一層,一層
RPTNMLMJQHGGFCQ56DA,48,14.30,廁所,磚造,62年9月16日,,一層
