﻿編號,土地位置,土地移轉面積(平方公尺),使用分區或編定,權利人持分分母,權利人持分分子,移轉情形,地號
The serial number, land position,land shifting area square meter,the use zoning or compiles and checks,,,,land parcel
RPWPMLOLQHGGFAT57DA,進興段,1092.63,非都市：一般農業區 ; 非都市編定：農牧用地,1,1,全筆移轉,00210001
RPPQMLOLQHGGFAT96DA,進興段,1092.14,非都市：一般農業區 ; 非都市編定：農牧用地,1,1,全筆移轉,00210002
RPUNMLMJRHGGFAT86DA,灣內段,2681.00,非都市：特定農業區 ; 非都市編定：農牧用地,1,1,全筆移轉,08980000
RPUNMLMJRHGGFAT86DA,灣內段,2681.00,非都市：特定農業區 ; 非都市編定：農牧用地,1,1,全筆移轉,08980003
RPSNMLSLRHGGFAT47DA,萬年段,66.00,都市：其他:住宅區,1,1,全筆移轉,06960000
RPVNMLKKRHGGFAT86DA,九明段,433.16,非都市：一般農業區 ; 非都市編定：交通用地,1,1,全筆移轉,01210000
RPVNMLKKRHGGFAT86DA,九明段,231.18,非都市：一般農業區 ; 非都市編定：交通用地,1,1,全筆移轉,01210001
RPVNMLKKRHGGFAT86DA,九明段,2927.50,非都市：一般農業區 ; 非都市編定：農牧用地,1,1,全筆移轉,01230000
RPVNMLKKRHGGFAT86DA,九明段,2927.51,非都市：一般農業區 ; 非都市編定：農牧用地,1,1,全筆移轉,01230001
RPSQMLPJIIGGFAT09DA,歸義段,5.47,非都市：鄉村區 ; 非都市編定：乙種建築用地,48205,547,持分移轉,06920000
RPSQMLPJIIGGFAT09DA,歸義段,60.42,非都市：鄉村區 ; 非都市編定：乙種建築用地,3,1,持分移轉,06920031
RPVNMLMLRHGGFAT17DA,水源段一小段,39.26,都市：其他:住宅區,1000,56,持分移轉,00930000
RPXNMLRJIIGGFAT86DA,勝興段,18.56,都市：其他:住宅區,800,11,持分移轉,05440000
RPXNMLRJIIGGFAT86DA,勝興段,82.00,都市：其他:住宅區,1,1,全筆移轉,05440012
RPQNMLQJIIGGFAT68DA,勝興段,102.00,都市：其他:住宅區,1,1,全筆移轉,08090021
RPPNMLQJIIGGFAT58DA,勝興段,102.00,都市：其他:住宅區,1,1,全筆移轉,08090020
RPWOMLRJIIGGFAT86DA,大埔段三小段,57.00,都市：其他:住宅區,1,1,全筆移轉,00210000
RPRNMLQJIIGGFAT78DA,勝興段,102.00,都市：其他:住宅區,1,1,全筆移轉,08090018
RPTNMLPJIIGGFAT88DA,進興段,14.30,都市：其他:農業區,8,1,持分移轉,07390001
RPWNMLKLQHGGFCT17DA,新田段,2581.00,非都市：特定農業區 ; 非都市編定：農牧用地,1,1,全筆移轉,08510000
RPXQMLSLRHGGFCT48DA,壽比段,7.62,非都市：一般農業區 ; 非都市編定：甲種建築用地,100000,943,持分移轉,02790000
RPXNMLLJIIGGFAT88DA,新全段,420.00,非都市：特定農業區 ; 非都市編定：農牧用地,1,1,全筆移轉,10310000
RPROMLSJIIGGFCT66DA,壽比段,8.44,非都市：一般農業區 ; 非都市編定：甲種建築用地,100000,1045,持分移轉,02790000
RPOOMLSJIIGGFCT98DA,檨興段,129.00,非都市：一般農業區 ; 非都市編定：甲種建築用地,1,1,全筆移轉,06600002
RPTNMLSJIIGGFCT76DA,明崙段,175.46,非都市：鄉村區 ; 非都市編定：乙種建築用地,1,1,全筆移轉,03570000
RPRNMLRJIIGGFDT56DA,頂孝段,242.39,非都市：一般農業區 ; 非都市編定：農牧用地,4,1,持分移轉,01910000
RPQNMLRJIIGGFDT09DA,頂孝段,30.30,非都市：一般農業區 ; 非都市編定：農牧用地,32,1,持分移轉,01910000
RPQNMLTLRHGGFDT67DA,新帝段,110.09,都市：其他:住宅區,1,1,全筆移轉,04680000
RPRNMLRJIIGGFET66DA,興安段,79.76,都市：其他:住宅區,1,1,全筆移轉,00130000
RPUNMLOJIIGGFDT56DA,新仁段,40.14,都市：其他:住宅區,10000,625,持分移轉,01740000
RPVNMLOJIIGGFDT66DA,新仁段,40.14,都市：其他:住宅區,10000,625,持分移轉,01740000
RPPNMLOJIIGGFDT68DA,新南段,109.89,非都市：鄉村區 ; 非都市編定：乙種建築用地,1,1,全筆移轉,08700000
RPPNMLSJIIGGFFT66DA,東海段,149.00,非都市：工業區 ; 非都市編定：丁種建築用地,1,1,全筆移轉,06410000
RPVNMLRJIIGGFCT96EA,打鐵段,1301.00,非都市：一般農業區 ; 非都市編定：農牧用地,1,1,全筆移轉,01900000
RPVNMLRJIIGGFCT96EA,打鐵段,682.00,非都市：一般農業區 ; 非都市編定：農牧用地,1,1,全筆移轉,01900001
RPVNMLRJIIGGFCT96EA,打鐵段,4464.00,非都市：一般農業區 ; 非都市編定：農牧用地,1,1,全筆移轉,01910000
RPQNMLMKIIGGFFT98EA,人和段,1.75,都市：其他:道路用地,2,1,持分移轉,07050000
RPQNMLMKIIGGFFT98EA,人和段,27.95,都市：其他:住宅區,2,1,持分移轉,07060000
RPRNMLMKIIGGFCT78EA,上東勢段,2979.25,非都市：特定農業區 ; 非都市編定：農牧用地,1,1,全筆移轉,03360000
RPWNMLRJIIGGFCT07EA,打鐵段,468.00,非都市：一般農業區 ; 非都市編定：交通用地,1,1,全筆移轉,01910001
RPPNMLQJIIGGFDT88DA,新愛段,99.99,都市：其他:住宅區,1,1,全筆移轉,04700000
RPTNMLSJIIGGFDT86DA,東新段,93.11,都市：其他:住宅區,1,1,全筆移轉,12060023
RPTNMLMKIIGGFFT66EA,內寮村段,1664.95,非都市：一般農業區 ; 非都市編定：農牧用地,1,1,全筆移轉,04490000
RPQNMLRJIIGGFFT66DA,東海段,83.00,非都市：工業區 ; 非都市編定：丁種建築用地,1,1,全筆移轉,02160001
RPPNMLNLRHGGFET07DA,港口段,32.00,非都市：國家公園區 ; 非都市編定：,1080,36,持分移轉,02450000
RPQOMLSJIIGGFCT56DA,八壽段,18.78,非都市：鄉村區 ; 非都市編定：乙種建築用地,10,1,持分移轉,10580000
RPQOMLSJIIGGFCT56DA,八壽段,91.31,非都市：鄉村區 ; 非都市編定：乙種建築用地,1,1,全筆移轉,10580003
RPTOMLSJIIGGFCT86DA,佳佐段,3000.00,非都市：一般農業區 ; 非都市編定：農牧用地,1,1,全筆移轉,09460154
RPPRMLSLRHGGFCT77DA,壽比段,87.64,非都市：鄉村區 ; 非都市編定：乙種建築用地,1,1,全筆移轉,07950013
RPPRMLSLRHGGFCT77DA,壽比段,17.89,非都市：鄉村區 ; 非都市編定：乙種建築用地,10,1,持分移轉,07950014
RPUOMLSJIIGGFCT96DA,新光華段,58.51,都市：其他:住宅區,1,1,全筆移轉,06370000
RPXNMLOJIIGGFDT86DA,後寮溪段,49.22,都市：其他:住宅區,100000,621,持分移轉,01950000
RPVNMLSJIIGGFDT07DA,頂孝段,530.07,都市：其他:農業區,1,1,全筆移轉,08660005
RPPPMLSLRHGGFCT57DA,佳平段,31.00,非都市：山坡地保育區 ; 非都市編定：丙種建築用地,1,1,全筆移轉,04500001
RPROMLRJIIGGFCT56DA,早角段,2334.36,非都市：一般農業區 ; 非都市編定：農牧用地,1,1,全筆移轉,00020000
RPROMLRJIIGGFCT56DA,早角段,605.33,非都市：一般農業區 ; 非都市編定：交通用地,1,1,全筆移轉,00030000
RPROMLRJIIGGFCT56DA,早角段,65.98,非都市：一般農業區 ; 非都市編定：農牧用地,1,1,全筆移轉,00040000
RPROMLRJIIGGFCT56DA,早角段,1023.84,非都市：一般農業區 ; 非都市編定：農牧用地,1,1,全筆移轉,00050000
RPROMLRJIIGGFCT56DA,早角段,38.20,非都市：一般農業區 ; 非都市編定：農牧用地,1,1,全筆移轉,00070000
RPROMLRJIIGGFCT56DA,早角段,9.61,非都市：一般農業區 ; 非都市編定：農牧用地,1,1,全筆移轉,00080000
RPROMLRJIIGGFCT56DA,早角段,288.56,非都市：一般農業區 ; 非都市編定：農牧用地,1,1,全筆移轉,00200000
RPRNMLPJRHGGFCT07DA,美和段,42.19,非都市：鄉村區 ; 非都市編定：乙種建築用地,16,1,持分移轉,10070005
RPRNMLPJRHGGFCT07DA,美和段,12.82,非都市：鄉村區 ; 非都市編定：乙種建築用地,28,1,持分移轉,10070014
RPXOMLRJIIGGFAT96DA,勝興段,26.87,都市：其他:住宅區,100000,3046,持分移轉,03480000
RPOPMLRJIIGGFAT78DA,勝興段,26.87,都市：其他:住宅區,100000,3046,持分移轉,03480000
RPPPMLRJIIGGFAT88DA,勝興段,26.87,都市：其他:住宅區,100000,3046,持分移轉,03480000
RPTPMLRJIIGGFAT66DA,勝興段,41.20,都市：其他:住宅區,100000,4671,持分移轉,03480000
RPXPMLRJIIGGFAT07DA,繁興段,2236.07,非都市：一般農業區 ; 非都市編定：農牧用地,1,1,全筆移轉,03470000
RPPNMLQJIIGGFCT78DA,壽比段,3188.80,非都市：一般農業區 ; 非都市編定：農牧用地,1,1,全筆移轉,11580000
RPQNMLNJIIGGFCT58DA,壽比段,7.53,非都市：一般農業區 ; 非都市編定：甲種建築用地,100000,610,持分移轉,02790001
RPROMLRJIIGGFAT98DA,勝興段,94.00,都市：其他:住宅區,1,1,全筆移轉,03480003
RPPNMLMKIIGGFBT48EA,舊寮段,581.00,非都市：一般農業區 ; 非都市編定：農牧用地,1,1,全筆移轉,03930010
RPPNMLMKIIGGFBT48EA,舊寮段,1557.00,非都市：一般農業區 ; 非都市編定：農牧用地,1,1,全筆移轉,03960000
RPVNMLRJIIGGFBT86EA,洛陽段,80.01,非都市：鄉村區 ; 非都市編定：乙種建築用地,1,1,全筆移轉,03420000
RPUNMLRJIIGGFAT56DA,勝興段,149.00,都市：其他:住宅區,1,1,全筆移轉,03480004
RPUNMLQJIIGGFAT09DA,長治段,20.29,都市：其他:住宅區,100000,644,持分移轉,00190000
RPVOMLRJIIGGFAT76DA,勝興段,28.57,都市：其他:住宅區,100000,3239,持分移轉,03480000
RPQOMLRJRHGGFCT27DA,美和段,42.19,非都市：鄉村區 ; 非都市編定：乙種建築用地,16,1,持分移轉,10070005
RPQOMLRJRHGGFCT27DA,美和段,12.82,非都市：鄉村區 ; 非都市編定：乙種建築用地,28,1,持分移轉,10070014
RPTOMLSLRHGGFBT77DA,里平段,124.86,都市：其他:住宅區,1,1,全筆移轉,10480013
RPPNMLLKIIGGFBT28DA,新二段,2600.00,非都市：一般農業區 ; 非都市編定：農牧用地,1,1,全筆移轉,00360004
RPPNMLMKIIGGFAT28DA,北勢段,44.23,都市：其他:住宅區,10000,1365,持分移轉,06050047
RPXOMLSJIIGGFAT17EA,農場段,667.75,非都市：一般農業區 ; 非都市編定：農牧用地,2,1,持分移轉,10400000
RPTNMLQJIIGGFBT09DA,永隆段,4656.43,非都市：一般農業區 ; 非都市編定：農牧用地,1,1,全筆移轉,02840000
RPVNMLOJIIGGFAT98DA,新屏段,1274.00,都市：其他:工業區,1,1,全筆移轉,01660012
RPVNMLOJIIGGFAT98DA,新屏段,1275.00,都市：其他:工業區,1,1,全筆移轉,01660013
RPVNMLOJIIGGFAT98DA,新屏段,1260.00,都市：其他:工業區,1,1,全筆移轉,01660019
RPVNMLOJIIGGFAT98DA,新屏段,1260.00,都市：其他:工業區,1,1,全筆移轉,01660020
RPQOMLPJIIGGFAT68DA,勝興段,49.42,都市：其他:住宅區,1000000000,33060000,持分移轉,05360000
RPSNMLOJIIGGFAT68DA,新屏段,1.00,都市：其他:工業區,1,1,全筆移轉,01660026
RPVOMLOJIIGGFAT09DA,清溪段,792.67,非都市：一般農業區 ; 非都市編定：農牧用地,3,1,持分移轉,00500006
RPSNMLOJIIGGFAT68DA,新屏段,1655.00,都市：其他:工業區,1,1,全筆移轉,01660027
RPSNMLOJIIGGFAT68DA,新屏段,1689.00,都市：其他:工業區,1,1,全筆移轉,01660028
RPSNMLOJIIGGFAT68DA,新屏段,35.00,都市：其他:工業區,1,1,全筆移轉,01670002
RPRNMLKKRHGGFET86DA,德和段,811.43,非都市：一般農業區 ; 非都市編定：農牧用地,510054,162286,持分移轉,06860001
RPPOMLMJRHGGFAT09DA,林內段,45.61,都市：其他:住宅區,100000,81,持分移轉,14240000
RPWNMLRLRHGGFAT77DA,崙頂段,5.25,非都市：鄉村區 ; 非都市編定：乙種建築用地,408,21,持分移轉,22540005
RPWNMLRLRHGGFAT77DA,崙頂段,11.50,非都市：鄉村區 ; 非都市編定：乙種建築用地,620,23,持分移轉,22590000
RPWNMLRLRHGGFAT77DA,崙頂段,175.00,非都市：鄉村區 ; 非都市編定：乙種建築用地,1,1,全筆移轉,22590022
RPUOMLSJRHGGFAT57DA,德華段,83.54,非都市：鄉村區 ; 非都市編定：乙種建築用地,10000,1218,持分移轉,02890000
RPVPMLRJIIGGFAT96EA,豐田段,24.06,都市：其他:住宅區,10000,222,持分移轉,07700000
RPVOMLSLRHGGFAT87DA,街頭段三小段,163.00,都市：其他:住宅區,1,1,全筆移轉,03630000
RPQNMLTLRHGGFAT37DA,復興段,.15,非都市：鄉村區 ; 非都市編定：乙種建築用地,16,1,持分移轉,05690001
RPQNMLTLRHGGFAT37DA,復興段,85.13,非都市：鄉村區 ; 非都市編定：乙種建築用地,1,1,全筆移轉,05770000
RPQOMLRLRHGGFAT27DA,萬年段,69.00,都市：其他:住宅區,1,1,全筆移轉,05380007
RPQPMLTLRHGGFAT57DA,信和段,3719.10,非都市：一般農業區 ; 非都市編定：農牧用地,1,1,全筆移轉,00680000
RPOPMLTLRHGGFAT37DA,九如段,1712.00,非都市：一般農業區 ; 非都市編定：農牧用地,1,1,全筆移轉,16480000
RPQOMLKMRHGGFAT66DA,農場段,1964.36,非都市：一般農業區 ; 非都市編定：農牧用地,1,1,全筆移轉,00130000
RPQOMLKMRHGGFAT66DA,農場段,195.52,非都市：一般農業區 ; 非都市編定：農牧用地,1,1,全筆移轉,00140000
RPQOMLKMRHGGFAT66DA,農場段,887.64,非都市：一般農業區 ; 非都市編定：農牧用地,1,1,全筆移轉,00160000
RPPOMLKMRHGGFAT56DA,農場段,2690.45,非都市：一般農業區 ; 非都市編定：農牧用地,1,1,全筆移轉,00120000
RPUNMLOLRHGGFAT27DA,斯文段,53.00,都市：其他:住宅區,1,1,全筆移轉,04160009
RPUNMLOLRHGGFAT27DA,斯文段,29.00,都市：其他:住宅區,1,1,全筆移轉,04170006
RPUNMLOLRHGGFAT27DA,斯文段,11.00,都市：其他:道路用地,1,1,全筆移轉,04210002
RPUNMLOLRHGGFAT27DA,斯文段,3.00,都市：其他:道路用地,1,1,全筆移轉,04210009
RPXPMLRLRHGGFAT08DA,廣興段,47.08,非都市：鄉村區 ; 非都市編定：乙種建築用地,100000,8470,持分移轉,03190000
RPPPMLOLRHGGFAT96DA,廣興段,45.47,非都市：鄉村區 ; 非都市編定：乙種建築用地,10000,818,持分移轉,03190000
RPSNMLLJIIGGFAT38DA,麟義段,1641.05,都市：其他:農業區,1,1,全筆移轉,03250003
RPSNMLLJIIGGFAT38DA,麟義段,1078.97,都市：其他:農業區,1,1,全筆移轉,03250004
RPVNMLLJIIGGFAT68DA,麟義段,930.97,都市：其他:農業區,1,1,全筆移轉,03250001
RPVNMLLJIIGGFAT68DA,麟義段,1242.15,都市：其他:農業區,1,1,全筆移轉,03250002
RPTNMLLJIIGGFAT48DA,麟義段,776.02,都市：其他:農業區,1,1,全筆移轉,03250005
RPWNMLLJIIGGFAT78DA,麟仁段,260.94,都市：其他:農業區,1,1,全筆移轉,11070000
RPWNMLLJIIGGFAT78DA,麟仁段,363.45,都市：其他:農業區,1,1,全筆移轉,11070001
RPWNMLLJIIGGFAT78DA,麟仁段,29.39,都市：其他:農業區,1,1,全筆移轉,11070002
RPWNMLLJIIGGFAT78DA,麟仁段,567.32,都市：其他:農業區,1,1,全筆移轉,11070003
RPWNMLLJIIGGFAT78DA,麟仁段,609.74,都市：其他:農業區,1,1,全筆移轉,11070004
RPTOMLLJIIGGFAT58DA,檳榔腳段二小段,15.00,都市：其他:住宅區,1,1,全筆移轉,13160008
RPTOMLLJIIGGFAT58DA,檳榔腳段二小段,22.00,都市：其他:住宅區,1,1,全筆移轉,13650000
RPTOMLLJIIGGFAT58DA,檳榔腳段二小段,70.00,都市：其他:住宅區,1,1,全筆移轉,13660000
RPOQMLRJIIGGFAT88DA,勝興段,11.38,都市：其他:住宅區,100000,609,持分移轉,00580002
RPTOMLPJIIGGFAT98DA,勝興段,49.17,都市：其他:住宅區,1000000000,32890000,持分移轉,05360000
RPXOMLPJIIGGFAT76DA,勝興段,46.51,都市：其他:住宅區,1000000000,31110000,持分移轉,05360000
RPVOMLPJIIGGFAT56DA,勝興段,50.08,都市：其他:住宅區,1000000000,33500000,持分移轉,05360000
RPROMLPJIIGGFAT78DA,勝興段,50.08,都市：其他:住宅區,1000000000,33500000,持分移轉,05360000
RPSOMLPJIIGGFAT88DA,勝興段,49.17,都市：其他:住宅區,1000000000,32890000,持分移轉,05360000
RPTQMLRJIIGGFAT76DA,麟和段,2500.00,非都市：一般農業區 ; 非都市編定：農牧用地,1,1,全筆移轉,02110000
RPUOMLSJIIGGFAT76DA,九和段,90.86,都市：其他:商業區,1,1,全筆移轉,06750003
RPUOMLPJIIGGFAT09DA,勝興段,49.17,都市：其他:住宅區,1000000000,32890000,持分移轉,05360000
RPWNMLPJIIGGFAT56DA,勝興段,49.83,都市：其他:住宅區,1000000000,33330000,持分移轉,05360000
RPVNMLPJIIGGFAT09DA,勝興段,45.52,都市：其他:住宅區,1000000000,30450000,持分移轉,05360000
RPSNMLPJIIGGFAT78DA,麟仁段,1661.51,都市：其他:農業區,1,1,全筆移轉,00440000
RPPNMLLKIIGGFAT18DA,水泉段,73.48,都市：其他:住宅區,1,1,全筆移轉,07090006
RPPPMLPJIIGGFAT68DA,勝興段,45.52,都市：其他:住宅區,1000000000,30450000,持分移轉,05360000
RPQNMLLKIIGGFAT28DA,水泉段,75.29,都市：其他:住宅區,1,1,全筆移轉,07090007
RPQNMLLKIIGGFAT28DA,水泉段,77.04,都市：其他:住宅區,1,1,全筆移轉,07090008
RPQNMLLKIIGGFAT28DA,水泉段,82.74,都市：其他:住宅區,1,1,全筆移轉,07090009
RPPNMLMLRHGGFAT56DA,香揚段,69.00,都市：其他:住宅區,1,1,全筆移轉,03240000
RPTPMLPJIIGGFAT09DA,勝興段,46.27,都市：其他:住宅區,1000000000,30950000,持分移轉,05360000
RPOOMLPJIIGGFAT48DA,勝興段,50.08,都市：其他:住宅區,1000000000,33500000,持分移轉,05360000
RPRPMLPJIIGGFAT88DA,勝興段,46.27,都市：其他:住宅區,1000000000,30950000,持分移轉,05360000
RPRQMLRJIIGGFAT56DA,九智段,45.88,都市：其他:住宅區,1000,60,持分移轉,05810000
RPWPMLPJIIGGFAT76DA,勝興段,49.83,都市：其他:住宅區,1000000000,33330000,持分移轉,05360000
RPVNMLSLRHGGFCT97DA,中勝段,20.36,都市：其他:住宅區,10000,5192,持分移轉,02490000
RPVNMLSLRHGGFCT97DA,中勝段,163.19,都市：其他:住宅區,1,1,全筆移轉,02500001
RPTNMLSJRHGGFCT57DA,民生段,141.54,非都市：鄉村區 ; 非都市編定：乙種建築用地,1,1,全筆移轉,09380000
RPQNMLSJIIGGFCT09DA,打鐵段,256.00,非都市：一般農業區 ; 非都市編定：甲種建築用地,1,1,全筆移轉,03290011
RPVNMLOJIIGGFCT56DA,新南段,365.17,都市：其他:農業區,3,2,持分移轉,00070000
RPRNMLSJIIGGFCT56DA,五魁段,2702.73,非都市：一般農業區 ; 非都市編定：農牧用地,1,1,全筆移轉,00310000
RPVNMLOJIIGGFCT56DA,新南段,543.41,都市：其他:農業區,3,2,持分移轉,00080000
RPRNMLQJIIGGFCT98DA,八爺段,1667.01,非都市：一般農業區 ; 非都市編定：農牧用地,1,1,全筆移轉,09050000
RPSNMLQJIIGGFCT09DA,八爺段,4365.00,非都市：一般農業區 ; 非都市編定：農牧用地,1,1,全筆移轉,09050003
RPPNMLLKIIGGFCT38DA,明德段,208.30,都市：其他:住宅區,1,1,全筆移轉,12530000
RPUNMLQJIIGGFCT66DA,八爺段,2697.00,非都市：一般農業區 ; 非都市編定：農牧用地,1,1,全筆移轉,09050002
RPUNMLQJIIGGFCT66DA,八爺段,50.99,非都市：一般農業區 ; 非都市編定：農牧用地,1,1,全筆移轉,09060000
RPPNMLMKIIGGFCT48DA,壽比段,6.70,非都市：鄉村區 ; 非都市編定：乙種建築用地,100000,435,持分移轉,05700000
RPQNMLPJIIGGFDT88DA,頂義段,478.83,都市：其他:農業區,1,1,全筆移轉,01360000
RPQNMLPJIIGGFDT88DA,頂義段,412.65,都市：其他:農業區,1,1,全筆移轉,01360028
RPQNMLPJIIGGFDT88DA,頂義段,330.61,都市：其他:農業區,1,1,全筆移轉,01360029
RPQNMLPJIIGGFDT88DA,頂義段,273.54,都市：其他:農業區,1,1,全筆移轉,01360030
RPQNMLPJIIGGFDT88DA,頂義段,216.01,都市：其他:農業區,1,1,全筆移轉,01360031
RPQNMLPJIIGGFDT88DA,頂義段,149.83,都市：其他:農業區,1,1,全筆移轉,01360032
RPRNMLPJIIGGFDT98DA,相埔段,314.69,都市：其他:農業區,3,2,持分移轉,06420004
RPQNMLMKIIGGFDT68DA,東新段,1075.14,都市：其他:乙種工業區,10,4,持分移轉,00600000
RPQNMLMKIIGGFDT68DA,東新段,69.68,都市：其他:河道用地,10,4,持分移轉,00600001
RPQNMLMKIIGGFDT68DA,東新段,804.06,都市：其他:乙種工業區,10,4,持分移轉,00690000
RPQNMLMKIIGGFDT68DA,東新段,57.12,都市：其他:河道用地,10,4,持分移轉,00690001
RPQNMLMKIIGGFDT68DA,東新段,94.41,都市：其他:河道用地,10,4,持分移轉,00700000
RPSNMLNKIIGGFET09DA,後壁湖段,2604.98,非都市：國家公園區 ; 非都市編定：,1,1,全筆移轉,08830000
RPSNMLMKIIGGFFT09DA,人和段,20.04,都市：其他:住宅區,1,1,全筆移轉,08430000
RPSNMLMKIIGGFFT09DA,人和段,56.64,都市：其他:住宅區,1,1,全筆移轉,08440000
RPSNMLMKIIGGFFT09DA,人和段,99.11,都市：其他:住宅區,1,1,全筆移轉,08480001
RPPNMLMKIIGGFET68DA,頂水泉段,16.31,非都市：國家公園區 ; 非都市編定：,96,2,持分移轉,03580000
RPQNMLMKIIGGFET78DA,保力段山腳小段,3176.00,非都市：一般農業區 ; 非都市編定：農牧用地,1,1,全筆移轉,00450001
RPTNMLMKIIGGFCT88DA,南寧段,113.50,都市：其他:住宅區,1,1,全筆移轉,09280000
RPTNMLMKIIGGFCT88DA,南寧段,12.39,都市：其他:道路用地,1,1,全筆移轉,09280001
RPQNMLNKIIGGFCT68DA,壽比段,17.54,非都市：鄉村區 ; 非都市編定：乙種建築用地,10000,81,持分移轉,08840000
RPWNMLMKIIGGFCT56DA,檨興段,1424.84,非都市：一般農業區 ; 非都市編定：農牧用地,1,1,全筆移轉,03580000
RPSNMLMKIIGGFCT78DA,早角段,42.01,非都市：一般農業區 ; 非都市編定：農牧用地,100,6,持分移轉,04580000
RPVNMLPJIIGGFCT76EA,八爺段,2.77,非都市：一般農業區 ; 非都市編定：甲種建築用地,160,4,持分移轉,00920000
RPVNMLPJIIGGFCT76EA,八爺段,8.64,非都市：一般農業區 ; 非都市編定：甲種建築用地,160,4,持分移轉,00940000
RPVNMLPJIIGGFCT76EA,八爺段,2.90,非都市：一般農業區 ; 非都市編定：甲種建築用地,160,4,持分移轉,00950000
RPVNMLPJIIGGFCT76EA,八爺段,3.47,非都市：一般農業區 ; 非都市編定：農牧用地,160,4,持分移轉,00980000
RPVNMLPJIIGGFCT76EA,八爺段,180.16,非都市：一般農業區 ; 非都市編定：農牧用地,160,4,持分移轉,00990000
RPRNMLMKIIGGFFT09EA,新開村段,1492.48,非都市：一般農業區 ; 非都市編定：農牧用地,1,1,全筆移轉,06840000
RPQOMLMKIIGGFCT78EA,三星段,11.94,都市：其他:住宅區,10000,30,持分移轉,02770000
RPWNMLMKIIGGFAT09EA,勝興段,35.16,都市：其他:住宅區,10000,191,持分移轉,04000000
RPRNMLNKIIGGFBT78EA,加蚋埔段,1500.00,非都市：山坡地保育區 ; 非都市編定：農牧用地,1,1,全筆移轉,03310046
RPRNMLNKIIGGFBT78EA,加蚋埔段,1500.00,非都市：山坡地保育區 ; 非都市編定：農牧用地,1,1,全筆移轉,03310047
RPPOMLNKIIGGFCT78EA,壽比段,5.69,非都市：鄉村區 ; 非都市編定：乙種建築用地,10000,36,持分移轉,07640000
RPRNMLNKIIGGFAT68EA,九明段,2500.00,非都市：一般農業區 ; 非都市編定：農牧用地,1,1,全筆移轉,03340000
RPSNMLOKIIGGFAT88EA,崙頂段,1750.00,非都市：一般農業區 ; 非都市編定：農牧用地,1,1,全筆移轉,00340000
RPOOMLMKIIGGFAT38EA,洛陽段,102.00,都市：其他:住宅區,1,1,全筆移轉,00090015
RPSNMLNKIIGGFAT78EA,光明段,99.83,都市：其他:道路用地,1,1,全筆移轉,01060000
RPSNMLNKIIGGFAT78EA,光明段,101.86,都市：其他:住宅區,1,1,全筆移轉,01130000
RPSNMLNKIIGGFAT78EA,光明段,28.47,都市：其他:道路用地,1,1,全筆移轉,01150000
RPQOMLNKIIGGFAT68EA,長治段,77.00,都市：其他:住宅區,1,1,全筆移轉,01800004
RPQNMLSJIIGGFDT56DA,大鵬段,89.04,都市：其他:遊憩區,120,9,持分移轉,08500001
RPQNMLSJIIGGFDT56DA,大鵬段,299.97,都市：其他:遊憩區,1,1,全筆移轉,08500011
RPQNMLSJIIGGFDT56DA,大鵬段,299.97,都市：其他:遊憩區,1,1,全筆移轉,08500012
RPQNMLSJIIGGFDT56DA,大鵬段,299.97,都市：其他:遊憩區,1,1,全筆移轉,08500013
RPPNMLNKIIGGFET78DA,西門段,24.82,都市：其他:住宅區,10000,123,持分移轉,03380000
RPQNMLNKIIGGFDT78DA,下庄段,6334.43,非都市：一般農業區 ; 非都市編定：農牧用地,1,1,全筆移轉,00430000
RPRNMLSJIIGGFDT66DA,大鵬段,299.97,都市：其他:遊憩區,1,1,全筆移轉,08500008
RPRNMLSJIIGGFDT66DA,大鵬段,299.97,都市：其他:遊憩區,1,1,全筆移轉,08500017
RPWNMLPJIIGGFDT86DA,仙隆段,98.07,都市：其他:住宅區,1,1,全筆移轉,02380000
RPWNMLPJIIGGFDT86DA,仙隆段,97.63,都市：其他:住宅區,1,1,全筆移轉,02390000
RPSNMLOJIIGGFDT98DA,鎮林段,79.25,非都市： ; 非都市編定：,1,1,全筆移轉,00030001
RPRNMLLJIIGGFDT58DA,頂愛段,3327.51,非都市：一般農業區 ; 非都市編定：農牧用地,1,1,全筆移轉,04440001
RPSNMLNKIIGGFCT88DA,四春段,1958.42,非都市：一般農業區 ; 非都市編定：農牧用地,1,1,全筆移轉,10680000
RPOOMLMKIIGGFCT48DA,大同段,45.02,非都市：鄉村區 ; 非都市編定：乙種建築用地,16,1,持分移轉,11060000
RPSOMLSJIIGGFCT76DA,明德段,61.73,都市：其他:道路用地,1,1,全筆移轉,04700000
RPSOMLSJIIGGFCT76DA,明德段,17.78,都市：其他:道路用地,1,1,全筆移轉,04710000
RPSOMLLJIIGGFCT68DA,隘寮段,262.00,非都市：鄉村區 ; 非都市編定：乙種建築用地,1,1,全筆移轉,04880013
RPSOMLLJIIGGFCT68DA,隘寮段,200.00,非都市：鄉村區 ; 非都市編定：乙種建築用地,1,1,全筆移轉,04880042
RPROMLMKIIGGFCT78DA,八壽段,86.77,非都市：一般農業區 ; 非都市編定：甲種建築用地,1,1,全筆移轉,13340000
RPQOMLMKIIGGFAT48DA,復興段,.15,非都市：鄉村區 ; 非都市編定：乙種建築用地,16,1,持分移轉,05690001
RPQOMLMKIIGGFAT48DA,復興段,92.59,非都市：鄉村區 ; 非都市編定：乙種建築用地,1,1,全筆移轉,05740000
RPSQMLRJIIGGFAT66DA,九智段,45.88,都市：其他:住宅區,1000,60,持分移轉,05810000
RPOQMLPJIIGGFAT68DA,勝興段,36.94,都市：其他:住宅區,1000000000,24710000,持分移轉,05360000
RPPRMLPJIIGGFAT88DA,金城段,69.96,非都市：鄉村區 ; 非都市編定：乙種建築用地,1,1,全筆移轉,02270000
RPVPMLPJIIGGFAT66DA,勝興段,46.51,都市：其他:住宅區,1000000000,31110000,持分移轉,05360000
RPQQMLPJIIGGFAT88DA,勝興段,36.94,都市：其他:住宅區,1000000000,24710000,持分移轉,05360000
RPSPMLPJIIGGFAT98DA,勝興段,46.51,都市：其他:住宅區,1000000000,31110000,持分移轉,05360000
RPWNMLSJIIGGFAT86DA,斯文段,96.00,都市：其他:住宅區,1,1,全筆移轉,09570001
RPQNMLNKIIGGFAT48DA,建國段,19.98,都市：其他:住宅區,10000,52,持分移轉,15110003
RPQPMLPJIIGGFAT78DA,勝興段,46.51,都市：其他:住宅區,1000000000,31110000,持分移轉,05360000
RPTNMLNKIIGGFAT78DA,北勢段,5.92,都市：其他:住宅區,100000,1016,持分移轉,00980000
RPPNMLNKIIGGFBT48DA,源泉段,1069.98,非都市：一般農業區 ; 非都市編定：農牧用地,1,1,全筆移轉,09120000
RPXNMLPJIIGGFAT66DA,勝興段,49.42,都市：其他:住宅區,1000000000,33060000,持分移轉,05360000
RPOOMLRLRHGGFAT07DA,勝興段,111.00,都市：其他:住宅區,1,1,全筆移轉,13410000
RPWNMLMJRHGGFAT07DA,明正段,57.00,都市：其他:住宅區,1,1,全筆移轉,00480018
RPPNMLSKRHGGFDT37DA,花矸段,16.52,都市：其他:機關用地,72,12,持分移轉,02860000
RPWNMLOLQHGGFAT37DA,九清段,15.68,非都市：鄉村區 ; 非都市編定：乙種建築用地,10000,206,持分移轉,04040054
RPWNMLOLQHGGFAT37DA,九清段,66.00,非都市：鄉村區 ; 非都市編定：乙種建築用地,1,1,全筆移轉,04040079
RPWNMLTKPHGGFAT67DA,萬安段,296.30,都市：其他:住宅區,5500,4255,持分移轉,08240000
RPWNMLTKPHGGFAT67DA,萬安段,507.00,都市：其他:住宅區,1,1,全筆移轉,08440000
RPWNMLTKPHGGFAT67DA,萬安段,21.00,都市：其他:住宅區,1,1,全筆移轉,08480000
RPWNMLTKPHGGFAT67DA,萬安段,8.00,都市：其他:住宅區,1,1,全筆移轉,08530000
RPWNMLTKPHGGFAT67DA,萬安段,451.00,都市：其他:住宅區,1,1,全筆移轉,08540000
RPQQMLRLRHGGFAT47DA,麟仁段,388.87,都市：其他:農業區,1,1,全筆移轉,10240000
RPXNMLTLRHGGFAT08DA,勝興段,20.58,都市：其他:住宅區,10000,87,持分移轉,03360000
RPPOMLLJIIGGFAT18DA,檳榔腳段一小段,52.00,都市：其他:住宅區,1,1,全筆移轉,09690000
RPTNMLOJIIGGFAT78DA,九智段,466.12,都市：其他:農業區,4,1,持分移轉,00920000
RPOPMLPJIIGGFAT58DA,長豐段,216.47,都市：其他:住宅區,1,1,全筆移轉,10180000
RPOPMLPJIIGGFAT58DA,長豐段,4.68,都市：其他:住宅區,1,1,全筆移轉,10190000
RPXOMLOKIIGGFAT76DA,前進段,202.00,都市：其他:農業區,1,1,全筆移轉,01410000
RPRQMLPJIIGGFAT98DA,麟忠段,30.80,非都市：一般農業區 ; 非都市編定：丁種建築用地,1,1,全筆移轉,02260001
RPRQMLPJIIGGFAT98DA,麟忠段,100.22,非都市：一般農業區 ; 非都市編定：丁種建築用地,1,1,全筆移轉,02350001
RPRQMLPJIIGGFAT98DA,麟忠段,16.06,非都市：一般農業區 ; 非都市編定：交通用地,1,1,全筆移轉,02370001
RPRQMLPJIIGGFAT98DA,麟忠段,4.36,非都市：一般農業區 ; 非都市編定：交通用地,1,1,全筆移轉,02370002
RPTQMLPJIIGGFAT56DA,麟忠段,9.57,非都市：一般農業區 ; 非都市編定：水利用地,1,1,全筆移轉,02580001
RPTQMLPJIIGGFAT56DA,麟忠段,16.39,非都市：一般農業區 ; 非都市編定：水利用地,1,1,全筆移轉,02670001
RPTQMLPJIIGGFAT56DA,麟忠段,14.45,非都市：一般農業區 ; 非都市編定：水利用地,1,1,全筆移轉,02670002
RPXNMLQJIIGGFAT76DA,協華段,3424.37,非都市：一般農業區 ; 非都市編定：特定目的事業用地,1,1,全筆移轉,04220000
RPTNMLRJIIGGFAT09DA,香社段,3344.00,非都市：特定農業區 ; 非都市編定：農牧用地,1,1,全筆移轉,02540000
RPOPMLSLRHGGFCT47DA,新豐段,80.71,非都市：工業區 ; 非都市編定：丁種建築用地,1,1,全筆移轉,03040008
RPOPMLSLRHGGFCT47DA,新豐段,13.15,非都市：工業區 ; 非都市編定：丁種建築用地,8,1,持分移轉,03040009
RPTNMLMJPHGGFAT56DA,新全段,102.00,非都市：鄉村區 ; 非都市編定：乙種建築用地,1,1,全筆移轉,06800004
RPTNMLMJPHGGFAT56DA,新全段,36.22,非都市：鄉村區 ; 非都市編定：乙種建築用地,9,1,持分移轉,06800006
RPSNMLRLRHGGFET77DA,保力段保力小段,38.82,非都市：鄉村區 ; 非都市編定：乙種建築用地,10000,284,持分移轉,02990007
RPQOMLNKRHGGFCT96DA,壽比段,25.51,非都市：鄉村區 ; 非都市編定：乙種建築用地,10000,97,持分移轉,09420000
RPTNMLRJRHGGFCT47DA,忠心崙段,53.00,非都市：鄉村區 ; 非都市編定：乙種建築用地,1,1,全筆移轉,04550000
RPROMLNKRHGGFCT07DA,美和段,42.19,非都市：鄉村區 ; 非都市編定：乙種建築用地,16,1,持分移轉,10070005
RPROMLNKRHGGFCT07DA,美和段,12.82,非都市：鄉村區 ; 非都市編定：乙種建築用地,28,1,持分移轉,10070014
RPWNMLKKRHGGFCT17DA,三星段,22.69,都市：其他:住宅區,10000,57,持分移轉,02770000
RPPNMLRKRHGGFBT07DA,興愛段,470.50,非都市：一般農業區 ; 非都市編定：農牧用地,1,1,全筆移轉,04710001
RPQPMLSLRHGGFCT67DA,新豐段,13.15,非都市：工業區 ; 非都市編定：丁種建築用地,16,2,持分移轉,03040009
RPQPMLSLRHGGFCT67DA,新豐段,81.96,非都市：工業區 ; 非都市編定：丁種建築用地,1,1,全筆移轉,03040010
RPVQMLSLRHGGFCT28DA,新豐段,83.90,非都市：工業區 ; 非都市編定：丁種建築用地,1,1,全筆移轉,02290002
RPSPMLSLRHGGFCT87DA,新豐段,13.15,非都市：工業區 ; 非都市編定：丁種建築用地,8,1,持分移轉,03040009
RPWNMLOJIIGGFCT66DA,新東段,198.11,都市：其他:農業區,1,1,全筆移轉,06350000
RPSPMLSLRHGGFCT87DA,新豐段,78.35,非都市：工業區 ; 非都市編定：丁種建築用地,1,1,全筆移轉,03040012
RPSNMLSJRHGGFAT27DA,明正段,62.33,都市：其他:住宅區,10000,2120,持分移轉,19300000
RPVNMLQLQHGGFDT77DA,新吉段,57.00,非都市：鄉村區 ; 非都市編定：乙種建築用地,1,1,全筆移轉,16840000
RPQNMLOKIIGGFCT78DA,忠心崙段,85.31,非都市：一般農業區 ; 非都市編定：農牧用地,13,1,持分移轉,00490011
RPQNMLOKIIGGFCT78DA,忠心崙段,86.75,非都市：一般農業區 ; 非都市編定：農牧用地,8,1,持分移轉,00490043
RPQNMLOKIIGGFCT78DA,忠心崙段,2664.00,非都市：一般農業區 ; 非都市編定：農牧用地,1,1,全筆移轉,00490045
RPQNMLOKIIGGFCT78DA,忠心崙段,3.23,非都市：河川區 ; 非都市編定：農牧用地,13,1,持分移轉,00490049
RPPNMLPKIIGGFCT78DA,榮田段,477.52,都市：其他:工業區,20220,15831,持分移轉,14580000
RPPNMLPKIIGGFCT78DA,榮田段,315.48,都市：其他:工業區,20220,15831,持分移轉,14590000
RPPNMLPKIIGGFCT78DA,榮田段,518.66,都市：其他:工業區,20220,15831,持分移轉,14600000
RPVNMLNKIIGGFCT56DA,頭溝水段,237.42,非都市：一般農業區 ; 非都市編定：農牧用地,4,1,持分移轉,04350000
RPVNMLNKIIGGFCT56DA,頭溝水段,2500.00,非都市：一般農業區 ; 非都市編定：農牧用地,1,1,全筆移轉,04350002
RPSNMLOKIIGGFCT98DA,國中段,28.53,都市：其他:道路用地,2,1,持分移轉,04220000
RPSNMLOKIIGGFCT98DA,國中段,137.03,都市：其他:住宅區,2,1,持分移轉,04260000
RPRNMLOKIIGGFCT88DA,赤山段一小段,23.75,非都市：特定農業區 ; 非都市編定：農牧用地,16,2,持分移轉,01900001
RPRNMLOKIIGGFCT88DA,赤山段一小段,4.50,非都市：特定農業區 ; 非都市編定：農牧用地,16,2,持分移轉,01900002
RPRNMLOKIIGGFCT88DA,赤山段一小段,14.75,非都市：特定農業區 ; 非都市編定：農牧用地,16,2,持分移轉,01900003
RPRNMLOKIIGGFCT88DA,赤山段一小段,660.00,非都市：特定農業區 ; 非都市編定：農牧用地,1,1,全筆移轉,01900005
RPRNMLOKIIGGFCT88DA,赤山段一小段,661.00,非都市：特定農業區 ; 非都市編定：農牧用地,1,1,全筆移轉,01900006
RPRNMLOKIIGGFCT88DA,赤山段一小段,8.12,非都市：特定農業區 ; 非都市編定：農牧用地,16,2,持分移轉,02020001
RPRNMLOKIIGGFCT88DA,赤山段一小段,2.62,非都市：特定農業區 ; 非都市編定：農牧用地,16,2,持分移轉,02020003
RPQNMLSKIIGGFCT56DA,萬金段,70.03,非都市：鄉村區 ; 非都市編定：乙種建築用地,10000,165,持分移轉,09310000
RPWNMLRKRHGGFCT87DA,新田段,2953.00,非都市：特定農業區 ; 非都市編定：農牧用地,1,1,全筆移轉,21460000
RPPNMLSJIIGGFDT09DA,大鵬段,89.04,都市：其他:遊憩區,120,9,持分移轉,08500001
RPPNMLSJIIGGFDT09DA,大鵬段,299.97,都市：其他:遊憩區,1,1,全筆移轉,08500014
RPPNMLSJIIGGFDT09DA,大鵬段,299.97,都市：其他:遊憩區,1,1,全筆移轉,08500015
RPPNMLSJIIGGFDT09DA,大鵬段,299.94,都市：其他:遊憩區,1,1,全筆移轉,08500019
RPTNMLOKIIGGFCT09DA,光華段,21.16,都市：其他:住宅區,10000,164,持分移轉,04760000
RPXNMLNKIIGGFDT86DA,新房段,116.04,非都市：一般農業區 ; 非都市編定：農牧用地,98520,1392,持分移轉,06760000
SPPNMLMKIIGGFDT68DA,船頭段,158.26,都市：其他:綠地,1,1,全筆移轉,02310000
RPPNMLMKIIGGFDT58DA,船頭段,1398.28,都市：其他:乙種工業區,1,1,全筆移轉,02280000
RPPNMLMKIIGGFDT58DA,船頭段,787.75,都市：其他:乙種工業區,1,1,全筆移轉,02300000
RPTNMLOKIIGGFAT98EA,進興段,5569.53,非都市：一般農業區 ; 非都市編定：農牧用地,1,1,全筆移轉,11320002
RPXNMLOKIIGGFAT76EA,萬生段,83.00,都市：其他:住宅區,1,1,全筆移轉,11010000
RPRNMLMKIIGGFDT78DA,三隆段,2375.79,非都市：一般農業區 ; 非都市編定：農牧用地,1,1,全筆移轉,11890000
RPUOMLOKIIGGFAT56EA,九明段,306.88,非都市：一般農業區 ; 非都市編定：農牧用地,2,1,持分移轉,03330000
RPVOMLOKIIGGFAT66EA,九智段,139.55,都市：其他:住宅區,1,1,全筆移轉,06320003
RPVOMLOKIIGGFAT66EA,九智段,.92,都市：其他:住宅區,1,1,全筆移轉,06320008
RPRQMLOKIIGGFAT09EA,玉成段,2645.40,非都市：特定農業區 ; 非都市編定：農牧用地,1,1,全筆移轉,07570000
RPQOMLOKIIGGFAT78EA,九清段,1111.00,非都市：一般農業區 ; 非都市編定：農牧用地,1,1,全筆移轉,07070001
RPQOMLOKIIGGFAT78EA,九清段,2290.00,非都市：一般農業區 ; 非都市編定：農牧用地,1,1,全筆移轉,07080000
RPWOMLOKIIGGFAT76EA,九智段,159.98,都市：其他:住宅區,1,1,全筆移轉,06320002
RPWOMLOKIIGGFAT76EA,九智段,2.31,都市：其他:住宅區,1,1,全筆移轉,06320007
RPWOMLOKIIGGFAT76EA,九智段,15.02,都市：其他:住宅區,1,1,全筆移轉,06710004
RPQNMLMKIIGGFAT48EA,水源段,3123.78,非都市：鄉村區 ; 非都市編定：乙種建築用地,1,1,全筆移轉,03500000
RPQNMLSKIIGGFFT86DA,新開村段,101.15,非都市：鄉村區 ; 非都市編定：乙種建築用地,5,4,持分移轉,01940000
RPXNMLMKIIGGFAT56EA,大連段,79.24,都市：工,9800,2606,持分移轉,00120007
RPXNMLMKIIGGFAT56EA,大連段,116.84,都市：工,10000,2665,持分移轉,00130030
RPXNMLMKIIGGFAT56EA,大連段,1098.78,都市：工,1,1,全筆移轉,00130032
RPTNMLPKIIGGFCT66EA,檨興段,59.69,都市：其他:,1,1,全筆移轉,11310001
RPOOMLNKIIGGFCT68EA,大興段,84.73,非都市：鄉村區 ; 非都市編定：乙種建築用地,1,1,全筆移轉,02800000
RPRNMLMKIIGGFAT58EA,水源段,3096.11,非都市：鄉村區 ; 非都市編定：乙種建築用地,1,1,全筆移轉,06010000
RPSNMLPKIIGGFBT09EA,興愛段,165.20,非都市：一般農業區 ; 非都市編定：農牧用地,100,14,持分移轉,06640000
RPSNMLPKIIGGFFT86EA,加祿段,401.95,非都市：一般農業區 ; 非都市編定：農牧用地,1,1,全筆移轉,03740000
RPQOMLPKIIGGFCT09EA,崙新段,307.65,非都市：鄉村區 ; 非都市編定：乙種建築用地,2,1,持分移轉,08130000
RPQOMLPKIIGGFCT09EA,崙新段,45.18,非都市：鄉村區 ; 非都市編定：乙種建築用地,1,1,全筆移轉,08150000
RPUNMLPKIIGGFCT76EA,萬隆段,5280.61,非都市：一般農業區 ; 非都市編定：農牧用地,1,1,全筆移轉,10190000
RPROMLPKIIGGFAT98EA,檳榔腳段一小段,117.00,都市：其他:住宅區,1,1,全筆移轉,04200000
RPROMLPKIIGGFAT98EA,檳榔腳段一小段,130.00,都市：其他:住宅區,1,1,全筆移轉,04200005
RPRPMLPKIIGGFAT09EA,北勢段,102.00,都市：其他:住宅區,1,1,全筆移轉,06120004
RPPNMLSKIIGGFAT98EA,水源段,592.61,非都市：鄉村區 ; 非都市編定：乙種建築用地,180,25,持分移轉,09660000
RPPNMLSJIIGGFET56DA,德和段,2510.20,非都市：山坡地保育區 ; 非都市編定：農牧用地,1,1,全筆移轉,01290007
RPPNMLPKIIGGFET98DA,?林段,4882.00,非都市：國家公園區 ; 非都市編定：,1,1,全筆移轉,07730002
RPSNMLPKIIGGFET66DA,八瑤段,10056.00,非都市：山坡地保育區 ; 非都市編定：林業用地,1,1,全筆移轉,00300017
RPRNMLPKIIGGFET56DA,八瑤段,10000.00,非都市：山坡地保育區 ; 非都市編定：林業用地,1,1,全筆移轉,00360021
RPUNMLPKIIGGFET86DA,草埔段,331.39,都市：其他:農業區,1,1,全筆移轉,12780000
RPPNMLOKIIGGFFT98DA,獅子段,9700.00,非都市：山坡地保育區 ; 非都市編定：林業用地,1,1,全筆移轉,07090000
RPPNMLPKIIGGFFT09DA,保生段,35.48,都市：其他:住宅區,4,1,持分移轉,10990000
RPTNMLPKIIGGFET76DA,鵝鑾鼻段二小段,68.45,非都市：國家公園區 ; 非都市編定：,1,1,全筆移轉,02560007
RPRNMLNKIIGGFDT88DA,後寮溪段,116.92,都市：其他:乙種工業區,6,1,持分移轉,10280000
RPRNMLNKIIGGFDT88DA,後寮溪段,267.86,都市：其他:乙種工業區,155900,25983,持分移轉,10590000
RPSNMLNKIIGGFDT98DA,永樂段,82.06,都市：其他:住宅區,1,1,全筆移轉,01710000
RPSNMLLJIIGGFDT68DA,越溪段,5281.19,非都市：一般農業區 ; 非都市編定：農牧用地,1,1,全筆移轉,04650000
RPVNMLNKIIGGFDT66DA,龍帝段,78.31,都市：其他:住宅區,10000,1001,持分移轉,08230000
RPOOMLPJIIGGFDT78DA,大潭新庄段,510.91,非都市：一般農業區 ; 非都市編定：農牧用地,1,1,全筆移轉,02270000
RPRNMLOKIIGGFDT98DA,成功段,398.33,非都市：一般農業區 ; 非都市編定：農牧用地,2,1,持分移轉,04280000
RPUNMLTLRHGGFDT08DA,七塊段,2584.43,非都市：一般農業區 ; 非都市編定：農牧用地,2500,941,持分移轉,15250000
RPTNMLSKIIGGFDT96DA,福德段,46.97,都市：其他:商業區,1,1,全筆移轉,04560000
RPTNMLSKIIGGFDT96DA,福德段,3.85,都市：其他:商業區,1,1,全筆移轉,04570000
RPUNMLOKIIGGFCT56DA,?頭鏢段,165.24,非都市：一般農業區 ; 非都市編定：農牧用地,10000,680,持分移轉,11280000
RPUNMLSJIIGGFCT86DA,新埔段,3055.00,非都市：特定農業區 ; 非都市編定：農牧用地,1,1,全筆移轉,13050000
RPSNMLSKIIGGFAT66EA,明正段,19.48,都市：其他:住宅區,10000,253,持分移轉,00480001
RPUNMLSLRHGGFDT97DA,新義段,109.99,都市：其他:住宅區,1,1,全筆移轉,00430000
RPPNMLPLRHGGFCT07DA,榮田段,120.91,都市：其他:住宅區,1,1,全筆移轉,04600004
RPPNMLNKIIGGFAT38DA,榮興段,3031.41,非都市：一般農業區 ; 非都市編定：農牧用地,1,1,全筆移轉,05560001
RPUNMLLKRHGGFDT17DA,仁和段,16.25,都市：其他:道路用地,2049,300,持分移轉,10460001
RPVNMLPJIIGGFDT86EA,東新段,298.89,都市：其他:乙種工業區,10000,1029,持分移轉,00720000
RPVNMLPJIIGGFDT86EA,東新段,20.60,都市：其他:河道用地,10000,1029,持分移轉,00720001
RPVNMLPJIIGGFDT86EA,東新段,650.50,都市：其他:乙種工業區,10000,1029,持分移轉,00740000
RPWNMLQJQHGGFAT37DA,清溪段,1297.00,非都市：一般農業區 ; 非都市編定：丁種建築用地,1,1,全筆移轉,09030001
RPWNMLQJQHGGFAT37DA,清溪段,1688.00,非都市：特定農業區 ; 非都市編定：丁種建築用地,1,1,全筆移轉,09030004
RPOOMLKLQHGGFCT09DA,民生段,1.98,非都市：鄉村區 ; 非都市編定：乙種建築用地,15,2,持分移轉,10780000
RPOOMLKLQHGGFCT09DA,民生段,72.70,非都市：鄉村區 ; 非都市編定：乙種建築用地,1,1,全筆移轉,10810000
RPVNMLQJIIGGFAT56DA,長春段,35.19,都市：其他:住宅區,10000,132,持分移轉,02450000
RPVNMLQJIIGGFAT56DA,長春段,.01,都市：其他:住宅區,10000,132,持分移轉,02450001
RPPPMLOKIIGGFAT68DA,勝興段,26.87,都市：其他:住宅區,100000,3046,持分移轉,03480000
RPTPMLOKIIGGFAT09DA,新全段,913.00,非都市：特定農業區 ; 非都市編定：農牧用地,3413,913,持分移轉,03460000
RPQQMLOKIIGGFAT88DA,勝興段,28.57,都市：其他:住宅區,100000,3239,持分移轉,03480000
RPVPMLOKIIGGFAT66DA,勝興段,41.89,都市：其他:住宅區,100000,4749,持分移轉,03480000
RPUPMLSLRHGGFCT08DA,新豐段,13.15,非都市：工業區 ; 非都市編定：丁種建築用地,8,1,持分移轉,03040009
RPUPMLSLRHGGFCT08DA,新豐段,80.72,非都市：工業區 ; 非都市編定：丁種建築用地,1,1,全筆移轉,03040013
RPSQMLSLRHGGFCT97DA,新豐段,13.15,非都市：工業區 ; 非都市編定：丁種建築用地,16,2,持分移轉,03040014
RPSQMLSLRHGGFCT97DA,新豐段,78.37,非都市：工業區 ; 非都市編定：丁種建築用地,1,1,全筆移轉,03040021
RPWOMLSJIIGGFAT96DA,廣興段,54.04,非都市：鄉村區 ; 非都市編定：交通用地,1,1,全筆移轉,04480000
RPXOMLSJIIGGFAT07DA,社安段,228.00,非都市：一般農業區 ; 非都市編定：農牧用地,1,1,全筆移轉,07930001
RPQNMLPKIIGGFBT78DA,源興段,208.93,非都市：一般農業區 ; 非都市編定：農牧用地,1,1,全筆移轉,08250000
RPQNMLPKIIGGFBT78DA,源興段,334.01,非都市：一般農業區 ; 非都市編定：農牧用地,1,1,全筆移轉,08280000
RPRNMLPKIIGGFBT88DA,永隆段,69.16,非都市：一般農業區 ; 非都市編定：甲種建築用地,4,3,持分移轉,12240000
RPRNMLPKIIGGFBT88DA,永隆段,4.50,非都市：一般農業區 ; 非都市編定：甲種建築用地,4,1,持分移轉,12310000
RPPOMLOKIIGGFAT58DA,九如段,590.00,非都市：一般農業區 ; 非都市編定：甲種建築用地,1,1,全筆移轉,16150000
RPROMLOKIIGGFAT78DA,新林段,2472.00,非都市：特定農業區 ; 非都市編定：農牧用地,1,1,全筆移轉,03170000
RPOOMLOKIIGGFAT48DA,廣興段,231.40,非都市：鄉村區 ; 非都市編定：水利用地,3,2,持分移轉,09380000
RPTQMLSLRHGGFCT08DA,新豐段,13.15,非都市：工業區 ; 非都市編定：丁種建築用地,8,1,持分移轉,03040014
RPTQMLSLRHGGFCT08DA,新豐段,80.69,非都市：工業區 ; 非都市編定：丁種建築用地,1,1,全筆移轉,03040022
RPWPMLSLRHGGFCT28DA,新豐段,13.15,非都市：工業區 ; 非都市編定：丁種建築用地,8,1,持分移轉,03040014
RPWPMLSLRHGGFCT28DA,新豐段,78.35,非都市：工業區 ; 非都市編定：丁種建築用地,1,1,全筆移轉,03040016
RPTOMLOKIIGGFAT98DA,勝興段,198.00,都市：其他:住宅區,1,1,全筆移轉,03480001
RPSOMLOKIIGGFAT88DA,永興段,4160.26,都市：其他:農業區,1,1,全筆移轉,06540001
RPUPMLOLRHGGFAT47DA,北勢段,321.00,都市：其他:住宅區,1,1,全筆移轉,06770001
RPSNMLTJRHGGFAT37DA,檳榔腳段二小段,26.96,都市：其他:住宅區,10000,169,持分移轉,06160011
RPVNMLQKRHGGFAT47DA,民生段,34.90,都市：其他:住宅區,10,1,持分移轉,07020005
RPUNMLOKRHGGFAT17DA,萬年段,109.45,都市：其他:住宅區,1,1,全筆移轉,10110001
RPTOMLQKRHGGFAT37DA,潭頭段,228.31,都市：其他:商業區,1,1,全筆移轉,03550000
RPTOMLQKRHGGFAT37DA,潭頭段,125.67,都市：其他:商業區,1,1,全筆移轉,03560000
RPTOMLQKRHGGFAT37DA,潭頭段,130.32,都市：其他:商業區,1,1,全筆移轉,03570000
RPTOMLQKRHGGFAT37DA,潭頭段,132.06,都市：其他:商業區,1,1,全筆移轉,03580000
RPWOMLSJRHGGFAT77DA,勝興段,45.08,都市：其他:住宅區,100000,114,持分移轉,00580000
RPOOMLRJRHGGFAT86DA,繁華段,112.13,非都市：鄉村區 ; 非都市編定：乙種建築用地,1,1,全筆移轉,08170004
RPQOMLOLRHGGFAT96DA,廣興段,46.25,非都市：鄉村區 ; 非都市編定：乙種建築用地,10000,832,持分移轉,03190000
RPVOMLRJRHGGFAT57DA,繁華段,158.52,非都市：鄉村區 ; 非都市編定：乙種建築用地,1,1,全筆移轉,08170002
RPPNMLPJIIGGFAT48DA,民和段,4.05,都市：其他:住宅區,100000,806,持分移轉,04650000
RPUOMLOJQHGGFAT07DA,建國段,13.83,都市：其他:住宅區,10000,36,持分移轉,15110003
RPPPMLPKRHGGFAT96DA,水源段一小段,45.00,都市：其他:零售市場用地,1,1,全筆移轉,01890001
RPPPMLPKRHGGFAT96DA,水源段一小段,6.10,都市：其他:零售市場用地,88000,610,持分移轉,02000000
RPQOMLSKIIGGFBT56DA,萬興段,4937.10,非都市：一般農業區 ; 非都市編定：農牧用地,1,1,全筆移轉,05220000
RPUNMLRJIIGGFBT66DA,新南段,2764.55,非都市：一般農業區 ; 非都市編定：農牧用地,10000,5802,持分移轉,06450001
RPWPMLTLRHGGFAT18DA,香揚段,71.00,都市：其他:住宅區,1,1,全筆移轉,04480000
RPQOMLOKRHGGFAT86DA,北興段,98.98,都市：其他:住宅區,1,1,全筆移轉,00200003
RPXNMLSKIIGGFAT07DA,北勢段,8.50,都市：其他:住宅區,100000,1458,持分移轉,00980000
RPXOMLSKIIGGFAT17DA,新街段一小段,10.00,都市：其他:道路用地,1,1,全筆移轉,01980000
RPXOMLSKIIGGFAT17DA,新街段一小段,98.00,都市：其他:商業區,1,1,全筆移轉,02310000
RPPOMLOJQHGGFCT76DA,愛國段,249.48,都市：其他:住宅區,1,1,全筆移轉,00020015
RPQPMLSKIIGGFAT56DA,麟孝段,2217.96,非都市：一般農業區 ; 非都市編定：農牧用地,1,1,全筆移轉,05800000
RPQPMLSKIIGGFAT56DA,麟孝段,1043.48,非都市：一般農業區 ; 非都市編定：農牧用地,1,1,全筆移轉,05830000
RPQPMLSKIIGGFAT56DA,麟孝段,441.56,非都市：一般農業區 ; 非都市編定：甲種建築用地,4,2,持分移轉,05840000
RPQPMLSKIIGGFAT56DA,麟孝段,20.88,都市：其他:農業區,4,2,持分移轉,05850000
RPPNMLLKRHGGFBT09DA,振北段,2522.08,非都市：一般農業區 ; 非都市編定：農牧用地,1,1,全筆移轉,10890000
RPUQMLPJIIGGFAT66DA,洛陽段,25.13,都市：其他:住宅區,10000,30,持分移轉,00320000
RPRNMLTKIIGGFAT56DA,溝美段,52.00,都市：其他:住宅區,1,1,全筆移轉,00950010
RPRNMLTKIIGGFAT56DA,溝美段,26.00,都市：其他:住宅區,1,1,全筆移轉,00960012
RPTOMLRJIIGGFAT56DA,新歸來段,284.22,非都市：一般農業區 ; 非都市編定：特定目的事業用地,10000,1944,持分移轉,00540000
RPVQMLPJIIGGFAT76DA,瑞光段,116.00,都市：其他:住宅區,1,1,全筆移轉,07390005
RPTOMLSJRHGGFCT67DA,龍頸段,111.46,都市：其他:住宅區,1,1,全筆移轉,05610000
RPTOMLSJRHGGFCT67DA,龍頸段,15.07,都市：其他:道路用地,1,1,全筆移轉,05620000
RPQOMLQJIIGGFCT98DA,五福段,36.86,都市：其他:住宅區,13,1,持分移轉,06220000
RPQOMLQJIIGGFCT98DA,五福段,95.51,都市：其他:住宅區,1,1,全筆移轉,06220018
RPPNMLTKIIGGFCT56DA,佳平段,11850.00,非都市：山坡地保育區 ; 非都市編定：林業用地,1,1,全筆移轉,16060000
RPOOMLOKRHGGFCT86DA,八壽段,101.02,非都市：鄉村區 ; 非都市編定：乙種建築用地,10000,114,持分移轉,09850000
RPVNMLTKIIGGFCT17DA,新厝段一小段,194.00,非都市：一般農業區 ; 非都市編定：甲種建築用地,1,1,全筆移轉,01850000
RPSOMLPKIIGGFCT56DA,中山段,19.14,都市：其他:住宅區,10000,80,持分移轉,07280000
RPQOMLPKIIGGFCT98DA,五福段,109.07,都市：其他:住宅區,1,1,全筆移轉,00160002
RPXNMLPKIIGGFCT96DA,忠心崙段,14.32,非都市：鄉村區 ; 非都市編定：乙種建築用地,35000,1432,持分移轉,10520000
RPXNMLPKIIGGFCT96DA,忠心崙段,2.00,非都市：鄉村區 ; 非都市編定：乙種建築用地,1,1,全筆移轉,10520014
RPXNMLPKIIGGFCT96DA,忠心崙段,48.00,非都市：鄉村區 ; 非都市編定：乙種建築用地,1,1,全筆移轉,10520032
RPXNMLPKIIGGFCT96DA,忠心崙段,14.00,非都市：鄉村區 ; 非都市編定：乙種建築用地,1,1,全筆移轉,10530012
RPOOMLPKIIGGFCT78DA,五福段,117.08,都市：其他:住宅區,1,1,全筆移轉,00160006
RPPOMLPKIIGGFCT88DA,五福段,108.77,都市：其他:住宅區,1,1,全筆移轉,00160003
RPWNMLNKIIGGFDT76DA,三千段,2547.54,非都市：一般農業區 ; 非都市編定：農牧用地,11842,5242,持分移轉,07220000
RPQNMLLJIIGGFDT48DA,頂仁段,2909.80,都市：其他:農業區,1,1,全筆移轉,13430001
RPPNMLOJIIGGFET78DA,西門段,104.73,都市：其他:住宅區,1,1,全筆移轉,03170001
RPUNMLNKIIGGFDT56DA,大潭新庄段,1261.37,非都市：一般農業區 ; 非都市編定：農牧用地,1,1,全筆移轉,00460000
RPWOMLSKIIGGFAT17EA,繁華段,86.37,非都市：鄉村區 ; 非都市編定：乙種建築用地,2700,400,持分移轉,02560000
RPPNMLOKIIGGFET88DA,一心段,67.73,非都市：國家公園區 ; 非都市編定：,1,1,全筆移轉,11490000
RPPNMLOKIIGGFET88DA,一心段,5.68,非都市：國家公園區 ; 非都市編定：,1,1,全筆移轉,11500000
RPQNMLOLRHGGFBT96DA,?北段,104.18,都市：其他:住宅區,1,1,全筆移轉,06290000
RPRNMLSKIIGGFBT56DA,新德段,85.89,非都市：鄉村區 ; 非都市編定：乙種建築用地,1,1,全筆移轉,08790000
RPQNMLSKIIGGFET76DA,大埔段,108.00,非都市：一般農業區 ; 非都市編定：甲種建築用地,1,1,全筆移轉,07750007
RPQNMLSKIIGGFET76DA,大埔段,51.32,非都市：一般農業區 ; 非都市編定：甲種建築用地,6,1,持分移轉,07750011
RPPNMLSKIIGGFBT09EA,舊寮段,78.00,非都市：鄉村區 ; 非都市編定：乙種建築用地,2,1,持分移轉,03320011
RPQNMLTKIIGGFAT56EA,九仁段,132.42,都市：其他:住宅區,1,1,全筆移轉,04170003
RPQNMLTKIIGGFAT56EA,九仁段,7.76,都市：其他:道路用地,12,1,持分移轉,04180000
RPQNMLTKIIGGFAT56EA,九仁段,9.77,都市：其他:住宅區,15,2,持分移轉,04320000
RPPPMLSKIIGGFAT56EA,香社段,45.00,非都市：鄉村區 ; 非都市編定：乙種建築用地,1,1,全筆移轉,16990000
RPPNMLPKIIGGFBT78EA,東振新段,144.67,非都市：鄉村區 ; 非都市編定：乙種建築用地,6,1,持分移轉,05400000
RPOOMLPKIIGGFAT58DA,和興段,104.00,非都市：一般農業區 ; 非都市編定：農牧用地,1,1,全筆移轉,04020000
RPPRMLOKIIGGFAT88DA,九如段,1568.00,非都市：特定農業區 ; 非都市編定：農牧用地,1,1,全筆移轉,20090000
RPPRMLOKIIGGFAT88DA,九如段,2394.00,非都市：特定農業區 ; 非都市編定：農牧用地,1,1,全筆移轉,20100000
RPPNMLRKIIGGFAT78DA,社上段,12.76,非都市：鄉村區 ; 非都市編定：乙種建築用地,53,1,持分移轉,11290000
RPPNMLRKIIGGFAT78DA,社上段,59.90,非都市：鄉村區 ; 非都市編定：乙種建築用地,1,1,全筆移轉,11290021
RPPNMLRKIIGGFAT78DA,社上段,7.12,非都市：鄉村區 ; 非都市編定：乙種建築用地,53,1,持分移轉,11300000
