﻿編號,車位類別,車位價格,車位面積平方公尺,車位所在樓層
Serial number,berth category,berth price,berth area square meter,
RPPNMLQLRHGGFAT96CB,坡道平面,1200000,20.87,地下一樓
RPPNMLQKRHGGFCT07CB,一樓平面,0,,一樓
RPQNMLPJIIGGFAT58CB,其他,950000,8.25,一樓
RPVNMLPJIIGGFAT09CB,坡道平面,0,27.00,地下二樓
RPWNMLPJIIGGFAT56CB,坡道平面,0,27.00,地下二樓
RPPNMLSJIIGGFAT78CB,坡道平面,0,24.00,地下二樓
RPQNMLSJIIGGFAT88CB,坡道平面,0,27.00,地下二樓
RPXNMLPJIIGGFAT66CB,坡道平面,0,27.00,地下一樓
RPPNMLPKIIGGFAT68DB,一樓平面,0,,一樓
RPQNMLPKIIGGFAT78DB,一樓平面,0,,一樓
RPQNMLPKIIGGFAT68CB,一樓平面,1100000,10.11,一樓
RPPNMLRKRHGGFAT96CB,一樓平面,1300000,20.87,一樓
