﻿鄉鎮市區,交易標的,土地位置建物門牌,土地面積平方公尺,都市土地使用分區,非都市土地使用分區,非都市土地使用編定,租賃年月日,租賃筆棟數,租賃層次,總樓層數,建物型態,主要用途,主要建材,建築完成年月,建物總面積平方公尺,建物現況格局-房,建物現況格局-廳,建物現況格局-衛,建物現況格局-隔間,有無管理組織,有無附傢俱,總額元,單價元平方公尺,車位類別,車位面積平方公尺,車位總額元,備註,編號
The villages and towns urban district,transaction sign,land sector position building sector house number plate,land shifting total area square meter,the use zoning or compiles and checks,the non-metropolis land use district,non-metropolis land use,transaction year month and day,transaction pen number,shifting level,total floor number,building state,main use,main building materials,construction to complete the years,building shifting total area,Building present situation pattern - room,building present situation pattern - hall,building present situation pattern - health,building present situation pattern - compartmented,Whether there is manages the organization,Whether there is attaches the furniture,total price NTD,the unit price (NTD / square meter),the berth category,berth shifting total area square meter,the berth total price NTD,the note,serial number
屏東巿,建物,屏東縣屏東市泰安里日光巷４之２號,0.0,住,,,1100909,土地0建物1車位0,全,1,透天厝,住家用,鋼筋混凝土加強磚造,,76.13,2,2,1,有,無,有,12000,158,,0.0,0,,RPQNMLLKRHGGFAT56CC
屏東巿,建物,屏東縣屏東市大武里武威街１３之４號,0.0,住,,,1100913,土地0建物1車位0,五層,5,公寓(5樓含以下無電梯),國民住宅,鋼筋混凝土造,0720330,78.02,3,2,2,有,無,有,10000,128,,0.0,0,110年度屏東縣政府包租代管計畫,RPTNMLOKRHGGFAT17CC
屏東巿,建物,屏東縣屏東市潭墘里機場北路５２８號４樓,0.0,住,,,1100914,土地0建物1車位0,四層,14,住宅大樓(11層含以上有電梯),集合住宅,鋼筋混凝土造,0881204,155.51,3,2,2,有,有,有,13000,84,,0.0,0,110年度屏東縣政府包租代管計畫,RPWOMLPKRHGGFAT67CC
屏東巿,建物,屏東縣屏東市潭墘里機場北路６９８號９樓,0.0,住,,,1100914,土地0建物1車位0,九層,14,住宅大樓(11層含以上有電梯),集合住宅,鋼筋混凝土造,0881204,158.89,3,2,2,有,有,有,14000,88,,0.0,0,,RPSNMLQKRHGGFAT27CC
屏東巿,建物,屏東縣屏東市光榮里成功路１３５號２樓之５,0.0,住,,,1100916,土地0建物1車位0,二層,5,華廈(10層含以下有電梯),集合住宅,鋼筋混凝土造,1090804,73.99000000000001,2,2,2,有,有,有,13500,182,,0.0,0,,RPOOMLQKRHGGFAT96CC
屏東巿,建物,屏東縣屏東市厚生里公勇路９５之３號１０樓之１,0.0,住,,,1100916,土地0建物1車位0,十層,13,住宅大樓(11層含以上有電梯),住家用,鋼筋混凝土造,0840628,116.8,3,2,2,有,有,有,10500,90,,0.0,0,,RPPOMLQKRHGGFAT07CC
潮州鎮,建物,屏東縣潮州鎮三共里四維路１２１號,0.0,住,,,1100915,土地0建物1車位0,全,2,透天厝,住商用,加強磚造,0550217,88.8,2,2,2,有,無,有,12000,135,,0.0,0,,RPRNMLQKRHGGFCT37CC
