﻿編號,屋齡,建物移轉面積平方公尺,主要用途,主要建材,建築完成日期,總層數,建物分層
The serial number,room age,building shifting area square meter,the main use,main building materials,construction completes the date,total layer,building lamination
RPSNMLSLRHGGFAT47DA,44,89.60,商業用,加強磚造,66年7月26日,二層,一層 二層 騎樓
RPVNMLMLRHGGFAT17DA,28,143.26,住商用,鋼筋混凝土造,82年3月18日,六層,一層 二層 陽台 平台
RPVNMLMLRHGGFAT17DA,28,30.78,防空避難室兼停車空間,鋼筋混凝土造,82年3月18日,六層,
RPXNMLRJIIGGFAT86DA,17,225.90,停車空間、集合住宅,鋼筋混凝土造,93年12月16日,四層,一層 二層 三層 四層 陽台 屋頂突出物
RPQNMLQJIIGGFAT68DA,,211.00,住家用,鋼筋混凝土造,110年5月11日,三層,一層 二層 三層 陽台 屋頂突出物
RPPNMLQJIIGGFAT58DA,,210.79,住家用,鋼筋混凝土造,110年5月11日,三層,一層 二層 三層 陽台 屋頂突出物
RPWOMLRJIIGGFAT86DA,50,72.00,住家用,磚造,60年8月9日,二層,一層 二層
RPRNMLQJIIGGFAT78DA,,205.79,住家用,鋼筋混凝土造,110年5月11日,三層,一層 二層 三層 陽台 屋頂突出物
RPXQMLSLRHGGFCT48DA,22,17.28,住家用,鋼筋混凝土造,88年11月30日,五層,二層 陽台
RPXQMLSLRHGGFCT48DA,22,7.10,梯間、機械室、電信室、台電配電室、水塔、停車空間,鋼筋混凝土造,88年11月30日,五層,
RPROMLSJIIGGFCT66DA,22,17.54,住家用,鋼筋混凝土造,88年11月30日,五層,五層
RPROMLSJIIGGFCT66DA,22,7.86,梯間、機械室、電信室、台電配電室、水塔、停車空間,鋼筋混凝土造,88年11月30日,五層,
RPOOMLSJIIGGFCT98DA,,207.75,住宅、樓梯間,鋼筋混凝土構造,110年5月3日,三層,一層 二層 三層 陽台 見其他登記事項
RPQNMLTLRHGGFDT67DA,13,197.85,住家用,鋼筋混凝土造,97年12月31日,三層,一層 二層 三層 見其他登記事項
RPRNMLRJIIGGFET66DA,40,104.50,住商用,鋼筋混凝土加強磚造,70年12月15日,二層,一層 二層 騎樓
RPUNMLOJIIGGFDT56DA,,86.59,集合住宅,鋼筋混凝土構造,110年7月1日,五層,五層 陽台
RPUNMLOJIIGGFDT56DA,,38.20,本共有部分之項目有停車空間、公共梯間、電信機房、樓梯間、機械房等５項,鋼筋混凝土構造,110年7月1日,五層,
RPVNMLOJIIGGFDT66DA,,86.44,集合住宅,鋼筋混凝土構造,110年7月1日,五層,三層 陽台
RPVNMLOJIIGGFDT66DA,,38.20,本共有部分之項目有停車空間、公共梯間、電信機房、樓梯間、機械房等５項,鋼筋混凝土構造,110年7月1日,五層,
RPPNMLOJIIGGFDT68DA,29,141.23,住家用,鋼筋混凝土造,81年4月10日,三層,一層 二層 三層
RPPNMLQJIIGGFDT88DA,42,184.77,店鋪　住宅,鋼筋混凝土造,68年12月29日,三層,一層 二層 三層 騎樓
RPTNMLSJIIGGFDT86DA,1,268.07,住家用,鋼筋混凝土構造,109年8月7日,四層,一層 二層 三層 四層 陽台 屋頂突出物
RPQNMLRJIIGGFFT66DA,,165.23,住家用,鋼筋混凝土造,110年7月23日,三層,一層 二層 三層 陽台 屋頂突出物
RPQOMLSJIIGGFCT56DA,1,177.54,住宅、樓梯間,鋼筋混凝土構造,110年1月15日,三層,一層 二層 三層 陽台 見其他登記事項
RPPRMLSLRHGGFCT77DA,26,141.66,住商用,鋼筋混凝土造,84年8月4日,三層,一層 二層 三層 陽台 屋頂突出物
RPUOMLSJIIGGFCT96DA,36,68.00,住家用,鋼筋混凝土造,74年11月28日,二層,一層 二層
RPXNMLOJIIGGFDT86DA,7,63.61,梯間、管理委員會空間、電梯機房、水箱、防空避難室兼停車空間,鋼筋混凝土構造,103年10月15日,十四層,
RPXNMLOJIIGGFDT86DA,7,107.17,集合住宅,鋼筋混凝土構造,103年10月15日,十三層,五層 陽台 雨遮
RPRNMLPJRHGGFCT07DA,,93.42,集合住宅,鋼筋混凝土構造,110年4月22日,五層,四層 陽台
RPRNMLPJRHGGFCT07DA,,38.93,本共有部分之項目有停車空間、電梯、共同梯廳、電信機室及樓梯間等五項,鋼筋混凝土構造,110年4月22日,五層,
RPXOMLRJIIGGFAT96DA,,48.34,集合住宅,鋼筋混凝土造,110年6月29日,五層,三層 陽台
RPXOMLRJIIGGFAT96DA,,30.17,停門空間、梯間、電信室、機械室,鋼筋混凝土造,110年6月29日,五層,
RPOPMLRJIIGGFAT78DA,,48.34,集合住宅,鋼筋混凝土造,110年6月29日,五層,四層 陽台
RPOPMLRJIIGGFAT78DA,,30.17,停門空間、梯間、電信室、機械室,鋼筋混凝土造,110年6月29日,五層,
RPPPMLRJIIGGFAT88DA,,48.34,集合住宅,鋼筋混凝土造,110年6月29日,五層,五層 陽台
RPPPMLRJIIGGFAT88DA,,30.17,停門空間、梯間、電信室、機械室,鋼筋混凝土造,110年6月29日,五層,
RPTPMLRJIIGGFAT66DA,,81.50,集合住宅,鋼筋混凝土造,110年6月29日,五層,二層 陽台
RPTPMLRJIIGGFAT66DA,,38.74,停門空間、梯間、電信室、機械室,鋼筋混凝土造,110年6月29日,五層,
RPQNMLNJIIGGFCT58DA,22,6.89,梯間、機械室、電信室、停車空間、水塔、台電配電場,鋼筋混凝土造,88年11月30日,五層,
RPQNMLNJIIGGFCT58DA,22,17.28,住家用,鋼筋混凝土造,88年11月30日,五層,三層 陽台
RPROMLRJIIGGFAT98DA,,203.92,補習班,鋼筋混凝土造,110年6月29日,三層,一層 二層 三層 陽台 屋頂突出物
RPVNMLRJIIGGFBT86EA,28,191.49,住商用,鋼筋混凝土造,83年2月8日,四層,一層 二層 三層 四層 陽台
RPUNMLRJIIGGFAT56DA,,297.00,補習班,鋼筋混凝土造,110年6月29日,三層,一層 二層 三層 陽台 屋頂突出物
RPUNMLQJIIGGFAT09DA,25,91.86,住家用,鋼筋混凝土造,85年6月7日,十一層,三層 陽台 花台
RPUNMLQJIIGGFAT09DA,25,31.52,停車空間，住宅，避難室，梯間，頂蓋型沿步道通路開放空間,鋼筋混凝土造,85年6月7日,十一層,
RPVOMLRJIIGGFAT76DA,,52.67,集合住宅,鋼筋混凝土造,110年6月29日,五層,三層 陽台
RPVOMLRJIIGGFAT76DA,,31.18,停門空間、梯間、電信室、機械室,鋼筋混凝土造,110年6月29日,五層,
RPQOMLRJRHGGFCT27DA,,93.57,集合住宅,鋼筋混凝土構造,110年4月22日,五層,二層 陽台
RPQOMLRJRHGGFCT27DA,,38.93,本共有部分之項目有停車空間、電梯、共同梯廳、電信機室及樓梯間等五項,鋼筋混凝土構造,110年4月22日,五層,
RPTOMLSLRHGGFBT77DA,1,204.06,住家用,鋼筋混凝土造,109年7月13日,三層,一層 二層 三層 陽台 見其他登記事項
RPPNMLMKIIGGFAT28DA,,83.31,集合住宅,鋼筋混凝土造,110年5月26日,五層,三層 陽台
RPPNMLMKIIGGFAT28DA,,44.84,停車空間、法定騎樓、梯間,鋼筋混凝土造,110年5月26日,五層,
RPVNMLOJIIGGFAT98DA,6,1761.43,廠房,鋼骨構造,104年11月10日,一層,一層
RPVNMLOJIIGGFAT98DA,6,1782.76,廠房,鋼骨構造,104年3月12日,一層,一層
RPQOMLPJIIGGFAT68DA,,97.53,集合住宅,鋼筋混凝土造,110年6月11日,五層,五層 陽台
RPQOMLPJIIGGFAT68DA,,42.60,停車空間、公共梯間、電信機房、樓梯間、機械室,鋼筋混凝土造,110年6月11日,五層,
RPSNMLOJIIGGFAT68DA,37,3473.68,廠房、員工娛樂室,鋼筋混凝土造,73年10月1日,四層,一層 二層 三層 四層 屋頂突出物 地下層
RPPOMLMJRHGGFAT09DA,17,114.28,集合住宅,鋼筋混凝土造,93年9月9日,十四層,二層 陽台
RPPOMLMJRHGGFAT09DA,17,66.73,防空避難室、停車空間、活動中心、管理中心、警衛室、門廳、通廊,鋼筋混凝土造,93年9月9日,十四層,
RPUOMLSJRHGGFAT57DA,27,150.08,住家用,鋼筋混凝土造,83年5月30日,四層,一層 二層 三層 四層
RPVPMLRJIIGGFAT96EA,27,91.54,住家用,鋼筋混凝土造,84年1月20日,七層,七層 陽台
RPVPMLRJIIGGFAT96EA,27,40.41,集合住宅，受電室，防空避難室,鋼筋混凝土造,84年1月20日,七層,
RPVOMLSLRHGGFAT87DA,,150.40,住家用,鋼筋混凝土加強磚造,,二層,一層 二層 騎樓
RPQNMLTLRHGGFAT37DA,9,250.21,住商用,鋼筋混凝土造,101年6月19日,四層,一層 二層 三層 四層 陽台 屋頂突出物 雨遮
RPQOMLRLRHGGFAT27DA,36,106.27,住商用,加強磚造,74年5月9日,二層,一層 二層 屋頂突出物 騎樓
RPUNMLOLRHGGFAT27DA,40,180.63,住商用,鋼筋混凝土造,70年12月18日,三層,一層 二層 三層 騎樓
RPXPMLRLRHGGFAT08DA,,108.57,集合住宅,鋼筋混凝土造,110年7月12日,五層,四層 陽台
RPXPMLRLRHGGFAT08DA,,44.06,停車空間、梯間、樓梯間,鋼筋混凝土造,110年7月12日,五層,
RPPPMLOLRHGGFAT96DA,,104.71,集合住宅,鋼筋混凝土造,110年7月12日,五層,四層 陽台
RPPPMLOLRHGGFAT96DA,,42.55,停車空間、梯間、樓梯間,鋼筋混凝土造,110年7月12日,五層,
RPTOMLLJIIGGFAT58DA,45,84.80,住家用,鋼筋混凝土加強磚造,66年2月14日,二層,一層 二層
RPOQMLRJIIGGFAT88DA,22,51.93,集合住宅,鋼筋混凝土造,89年2月2日,十六層,十層 陽台
RPOQMLRJIIGGFAT88DA,22,28.68,停車空間、防空避難室兼停車空間、集合住宅、便利商店、店舖、梯間、機械室、水箱,鋼筋混凝土造,89年2月2日,十六層,
RPTOMLPJIIGGFAT98DA,,97.53,集合住宅,鋼筋混凝土造,110年6月11日,五層,四層 陽台
RPTOMLPJIIGGFAT98DA,,41.87,停車空間、公共梯間、電信機房、樓梯間、機械室,鋼筋混凝土造,110年6月11日,五層,
RPXOMLPJIIGGFAT76DA,,90.34,集合住宅,鋼筋混凝土造,110年6月11日,五層,二層 陽台
RPXOMLPJIIGGFAT76DA,,40.71,停車空間、公共梯間、電信機房、樓梯間、機械室,鋼筋混凝土造,110年6月11日,五層,
RPVOMLPJIIGGFAT56DA,,98.58,集合住宅,鋼筋混凝土造,110年6月11日,五層,四層 陽台
RPVOMLPJIIGGFAT56DA,,43.02,停車空間、公共梯間、電信機房、樓梯間、機械室,鋼筋混凝土造,110年6月11日,五層,
RPSOMLPJIIGGFAT88DA,,97.53,集合住宅,鋼筋混凝土造,110年6月11日,五層,三層 陽台
RPSOMLPJIIGGFAT88DA,,41.87,停車空間、公共梯間、電信機房、樓梯間、機械室,鋼筋混凝土造,110年6月11日,五層,
RPROMLPJIIGGFAT78DA,,98.58,集合住宅,鋼筋混凝土造,110年6月11日,五層,三層 陽台
RPROMLPJIIGGFAT78DA,,43.02,停車空間、公共梯間、電信機房、樓梯間、機械室,鋼筋混凝土造,110年6月11日,五層,
RPUOMLSJIIGGFAT76DA,1,210.27,住家用,鋼筋混凝土造,109年10月19日,三層,一層 二層 三層 陽台 屋頂突出物 騎樓
RPUOMLPJIIGGFAT09DA,,97.53,集合住宅,鋼筋混凝土造,110年6月11日,五層,五層 陽台
RPUOMLPJIIGGFAT09DA,,41.87,停車空間、公共梯間、電信機房、樓梯間、機械室,鋼筋混凝土造,110年6月11日,五層,
RPWNMLPJIIGGFAT56DA,,98.58,集合住宅,鋼筋混凝土造,110年6月11日,五層,五層 陽台
RPWNMLPJIIGGFAT56DA,,42.28,停車空間、公共梯間、電信機房、樓梯間、機械室,鋼筋混凝土造,110年6月11日,五層,
RPVNMLPJIIGGFAT09DA,,89.10,集合住宅,鋼筋混凝土造,110年6月11日,五層,四層 陽台
RPVNMLPJIIGGFAT09DA,,39.56,停車空間、公共梯間、電信機房、樓梯間、機械室,鋼筋混凝土造,110年6月11日,五層,
RPPPMLPJIIGGFAT68DA,,89.10,集合住宅,鋼筋混凝土造,110年6月11日,五層,二層 陽台
RPPPMLPJIIGGFAT68DA,,39.56,停車空間、公共梯間、電信機房、樓梯間、機械室,鋼筋混凝土造,110年6月11日,五層,
RPPNMLMLRHGGFAT56DA,47,78.83,住家用,磚造二樓屋頂平頂,63年6月29日,二層,一層 二層
RPTPMLPJIIGGFAT09DA,,90.34,集合住宅,鋼筋混凝土造,110年6月11日,五層,五層 陽台
RPTPMLPJIIGGFAT09DA,,40.03,停車空間、公共梯間、電信機房、樓梯間、機械室,鋼筋混凝土造,110年6月11日,五層,
RPOOMLPJIIGGFAT48DA,,98.58,集合住宅,鋼筋混凝土造,110年6月11日,五層,二層 陽台
RPOOMLPJIIGGFAT48DA,,43.02,停車空間、公共梯間、電信機房、樓梯間、機械室,鋼筋混凝土造,110年6月11日,五層,
RPRPMLPJIIGGFAT88DA,,90.34,集合住宅,鋼筋混凝土造,110年6月11日,五層,四層 陽台
RPRPMLPJIIGGFAT88DA,,40.03,停車空間、公共梯間、電信機房、樓梯間、機械室,鋼筋混凝土造,110年6月11日,五層,
RPRQMLRJIIGGFAT56DA,1,83.14,集合住宅,鋼筋混凝土造,109年12月7日,五層,四層 陽台
RPRQMLRJIIGGFAT56DA,1,36.88,停車空間、公共梯間、電信機房、樓梯間、機械室,鋼筋混凝土造,109年12月7日,五層,
RPWPMLPJIIGGFAT76DA,,98.58,集合住宅,鋼筋混凝土造,110年6月11日,五層,三層 陽台
RPWPMLPJIIGGFAT76DA,,42.28,停車空間、公共梯間、電信機房、樓梯間、機械室,鋼筋混凝土造,110年6月11日,五層,
RPVNMLSLRHGGFCT97DA,2,243.42,住宅,鋼筋混凝土構造，鋼骨構造,108年5月3日,三層,一層 二層 三層 陽台
RPTNMLSJRHGGFCT57DA,28,180.14,住家用,鋼筋混凝土造,83年1月21日,三層,一層 二層 三層 陽台 屋頂突出物
RPQNMLSJIIGGFCT09DA,38,151.43,住家用,加強磚造,72年9月19日,二層,一層 二層 陽台 屋頂突出物
RPPNMLMKIIGGFCT48DA,18,15.59,集合住宅,鋼筋混凝土,92年5月1日,五層,四層 陽台
RPPNMLMKIIGGFCT48DA,18,5.20,共用部份,鋼筋混凝土造,92年5月1日,五層,
RPPNMLMKIIGGFCT48DA,18,1.76,停車空間,鋼筋混凝土造,92年5月1日,五層,
RPSNMLMKIIGGFFT09DA,40,73.32,住商用,加強磚造,71年1月6日,二層,一層 二層 騎樓
RPQNMLNKIIGGFCT68DA,5,37.38,集合住宅,鋼筋混凝土構造,105年11月4日,七層,五層 陽台
RPQNMLNKIIGGFCT68DA,5,22.14,停車空間、管理委員會使用空間、消房機房（發電機室）、樓梯間、水箱間、電梯機械室,鋼筋混凝土構造,105年11月4日,七層,
RPQOMLMKIIGGFCT78EA,28,17.87,地下室梯間水箱機械室,鋼筋混凝土造,83年1月20日,八層,
RPQOMLMKIIGGFCT78EA,28,63.10,住家用,鋼筋混凝土造,83年1月20日,八層,三層 陽台
RPWNMLMKIIGGFAT09EA,24,110.84,住家用,鋼筋混凝土造,86年10月16日,六層,二層 陽台
RPWNMLMKIIGGFAT09EA,24,35.53,停車空間，機械室，水箱，梯間,鋼筋混凝土造,86年10月16日,六層,
RPPOMLNKIIGGFCT78EA,17,6.32,見使用執照,鋼筋混凝土造,93年7月12日,六層,
RPPOMLNKIIGGFCT78EA,17,1.12,停車空間、機械室,鋼筋混凝土造,93年7月12日,六層,
RPPOMLNKIIGGFCT78EA,17,12.70,見使用執照,鋼筋混凝土造,93年7月12日,六層,三層
RPOOMLMKIIGGFAT38EA,36,142.34,住家用,加強磚造,74年6月24日,二層,一層 二層 屋頂突出物
RPQOMLNKIIGGFAT68EA,26,190.73,住家用,鋼筋混凝土造,84年6月22日,四層,一層 二層 三層 四層 屋頂突出物
RPPNMLNKIIGGFET78DA,27,35.20,共用部份,鋼筋混凝土造,83年9月28日,七層,
RPPNMLNKIIGGFET78DA,27,97.87,住家用,鋼筋混凝土造,83年9月28日,七層,三層 陽台
RPWNMLPJIIGGFDT86DA,48,98.37,,,62年7月10日,二層,一層 二層 騎樓
RPWNMLPJIIGGFDT86DA,54,93.00,住家用,鋼筋混凝土造,57年2月27日,二層,一層 二層 騎樓
RPOOMLMKIIGGFCT48DA,,92.03,集合住宅,鋼筋混凝土構造,110年3月15日,五層,三層 陽台
RPOOMLMKIIGGFCT48DA,,43.64,本共有部分之項目有停車空間、電信機房、公共梯間、夾層及樓梯間等五項。,鋼筋混凝土構造,110年3月15日,五層,
RPSOMLSJIIGGFCT76DA,30,148.84,住家用,鋼筋混凝土造,80年11月23日,三層,一層 二層 三層 屋頂突出物
RPROMLMKIIGGFCT78DA,28,164.61,住家用,鋼筋混凝土造,83年3月22日,三層,一層 二層 三層 陽台 屋頂突出物
RPQOMLMKIIGGFAT48DA,9,253.73,住商用,鋼筋混凝土造,101年6月19日,四層,一層 二層 三層 四層 陽台 屋頂突出物 雨遮
RPSQMLRJIIGGFAT66DA,1,83.14,集合住宅,鋼筋混凝土造,109年12月7日,五層,二層 陽台
RPSQMLRJIIGGFAT66DA,1,36.88,停車空間、公共梯間、電信機房、樓梯間、機械室,鋼筋混凝土造,109年12月7日,五層,
RPOQMLPJIIGGFAT68DA,,70.41,集合住宅,鋼筋混凝土造,110年6月11日,五層,三層 陽台
RPOQMLPJIIGGFAT68DA,,34.54,停車空間、公共梯間、電信機房、樓梯間、機械室,鋼筋混凝土造,110年6月11日,五層,
RPPRMLPJIIGGFAT88DA,40,102.43,住商用,鋼筋混凝土造,70年12月31日,三層,一層 二層 三層 騎樓
RPVPMLPJIIGGFAT66DA,,90.34,集合住宅,鋼筋混凝土造,110年6月11日,五層,五層 陽台
RPVPMLPJIIGGFAT66DA,,40.71,停車空間、公共梯間、電信機房、樓梯間、機械室,鋼筋混凝土造,110年6月11日,五層,
RPQQMLPJIIGGFAT88DA,,70.41,集合住宅,鋼筋混凝土造,110年6月11日,五層,五層 陽台
RPQQMLPJIIGGFAT88DA,,34.54,停車空間、公共梯間、電信機房、樓梯間、機械室,鋼筋混凝土造,110年6月11日,五層,
RPSPMLPJIIGGFAT98DA,,90.34,集合住宅,鋼筋混凝土造,110年6月11日,五層,四層 陽台
RPSPMLPJIIGGFAT98DA,,40.71,停車空間、公共梯間、電信機房、樓梯間、機械室,鋼筋混凝土造,110年6月11日,五層,
RPWNMLSJIIGGFAT86DA,20,205.38,住家用,鋼筋混凝土造,90年4月2日,四層,一層 二層 三層 四層
RPQNMLNKIIGGFAT48DA,27,142.88,住商用,鋼筋混凝土造,83年7月1日,十六層,一層 二層 陽台 平台 騎樓
RPQNMLNKIIGGFAT48DA,27,17.30,樓梯間，開放空間，公共設施，防空避難室，停車空間,鋼筋混凝土造,83年7月1日,十六層,
RPQPMLPJIIGGFAT78DA,,90.34,集合住宅,鋼筋混凝土造,110年6月11日,五層,三層 陽台
RPQPMLPJIIGGFAT78DA,,40.71,停車空間、公共梯間、電信機房、樓梯間、機械室,鋼筋混凝土造,110年6月11日,五層,
RPTNMLNKIIGGFAT78DA,14,9.78,辦公室,鋼筋混凝土造,97年3月5日,四層,一層 陽台 雨遮
RPTNMLNKIIGGFAT78DA,14,4.83,辦公室、機電空間、梯廳,鋼筋混凝土造,97年3月5日,四層,
RPXNMLPJIIGGFAT66DA,,97.53,集合住宅,鋼筋混凝土造,110年6月11日,五層,三層 陽台
RPXNMLPJIIGGFAT66DA,,42.60,停車空間、公共梯間、電信機房、樓梯間、機械室,鋼筋混凝土造,110年6月11日,五層,
RPOOMLRLRHGGFAT07DA,,107.88,住家用,鋼筋混凝土加強磚造,,二層,一層 二層
RPWNMLMJRHGGFAT07DA,,105.51,住家用,鋼筋混凝土造,,三層,一層 二層 三層
RPWNMLOLQHGGFAT37DA,26,110.70,住家用,鋼筋混凝土造,84年9月8日,三層,一層 二層 三層 陽台
RPWNMLTKPHGGFAT67DA,,519.75,商業用,鋼筋混凝土加強磚造,,一層,一層 騎樓
RPXNMLTLRHGGFAT08DA,4,53.33,集合住宅,鋼筋混凝土造,107年3月15日,十四層,三層 陽台 雨遮
RPXNMLTLRHGGFAT08DA,4,37.96,停車空間、防空避難室間停車空間、門廳、門廊、公共服務空間、管理委員會使用空間、頂蓋型沿街步道開放空間、梯間、樓梯間、水箱、機械房,鋼筋混凝土造,107年3月15日,十四層,
RPPOMLLJIIGGFAT18DA,,86.24,住商用,鋼筋混凝土加強磚造,,二層,一層 二層 騎樓
RPOPMLPJIIGGFAT58DA,53,82.82,住家用,磚造,58年1月20日,一層,一層 騎樓
RPXOMLOKIIGGFAT76DA,,183.45,住家用,鋼筋混凝土造,110年7月9日,二層,一層 二層 陽台
RPXNMLQJIIGGFAT76DA,11,1455.51,應回收廢棄物回收處理業設施﹝倉庫、辦公室、餐廳、作業廠房、車庫﹞,加強磚構造、鋼鐵構造有牆、鋼鐵構造無牆,99年5月11日,二層,一層 二層 陽台 屋頂突出物
RPTNMLRJIIGGFAT09DA,,2589.18,畜牧設施,鋼骨構造、鋼鐵構造有牆,110年3月15日,二層,一層 二層
RPOPMLSLRHGGFCT47DA,,149.56,門廊、住宅,鋼筋混凝土構造,110年6月21日,三層,一層 二層 三層 陽台 見其他登記事項
RPTNMLMJPHGGFAT56DA,,177.41,住家用,鋼筋混凝土造,110年6月1日,三層,一層 二層 三層 陽台
RPSNMLRLRHGGFET77DA,4,105.25,Ｈ２集合住宅,鋼筋混凝土構造　　,106年7月5日,五層,五層 陽台
RPSNMLRLRHGGFET77DA,4,38.72,停車空間、安全梯、共用梯廳及停車位等,鋼筋混凝土構造,106年7月5日,五層,
RPQOMLNKRHGGFCT96DA,7,44.57,本共有部分之項目有停車空間、樓梯間、水箱間及電梯機械室等四項。,鋼筋混凝土構造,103年12月17日,七層,
RPQOMLNKRHGGFCT96DA,7,56.40,集合住宅,鋼筋混凝土構造,103年12月17日,七層,六層 陽台
RPROMLNKRHGGFCT07DA,,93.57,集合住宅,鋼筋混凝土構造,110年4月22日,五層,四層 陽台
RPROMLNKRHGGFCT07DA,,38.93,本共有部分之項目有停車空間、電梯、共同梯廳、電信機室及樓梯間等五項,鋼筋混凝土構造,110年4月22日,五層,
RPWNMLKKRHGGFCT17DA,28,33.59,地下室梯間水箱機械室,鋼筋混凝土造,83年1月20日,八層,
RPWNMLKKRHGGFCT17DA,28,121.03,住家用,鋼筋混凝土造,83年1月20日,八層,五層 陽台
RPQPMLSLRHGGFCT67DA,,149.56,門廊、住宅,鋼筋混凝土構造,110年6月21日,三層,一層 二層 三層 陽台 見其他登記事項
RPVQMLSLRHGGFCT28DA,,156.69,門廊、住宅,鋼筋混凝土構造,110年6月29日,三層,一層 二層 三層 陽台 見其他登記事項
RPSPMLSLRHGGFCT87DA,,149.61,門廊、住宅,鋼筋混凝土構造,110年6月21日,三層,一層 二層 三層 陽台 見其他登記事項
RPSNMLSJRHGGFAT27DA,32,97.33,住家用,鋼筋混凝土造,78年11月24日,五層,三層
RPSNMLSJRHGGFAT27DA,32,7.08,住家用,鋼筋混凝土造,78年11月24日,五層,
RPVNMLQLQHGGFDT77DA,45,95.16,住家用,鋼筋混凝土造,65年12月16日,二層,一層 二層
RPQNMLSKIIGGFCT56DA,27,137.41,住家用,鋼筋混凝土造,84年1月17日,三層,一層 二層 三層 陽台 平台 屋頂突出物
RPWNMLRKRHGGFCT87DA,18,1841.00,豬舍、倉儲設施、堆肥舍、汙水池,鋼鐵造、加強磚造,92年7月17日,一層,一層
RPWNMLRKRHGGFCT87DA,26,306.73,自用農舍,加強磚造,83年11月11日,三層,一層 二層 三層
RPTNMLOKIIGGFCT09DA,27,88.61,住家用,鋼筋混凝土造,83年11月8日,七層,二層 陽台 花台
RPTNMLOKIIGGFCT09DA,27,28.64,防空避難室、停車空間樓梯間、機械室、水箱門廳,鋼筋混凝土造,83年11月8日,七層,
RPXNMLOKIIGGFAT76EA,41,107.60,住商用,鋼筋混凝土造,69年6月3日,二層,一層 二層 騎樓
RPOOMLNKIIGGFCT68EA,36,87.60,住家用,加強磚造,74年7月8日,二層,一層 二層
RPRPMLPKIIGGFAT09EA,41,98.06,住家用,加強磚造,69年12月2日,二層,一層 二層
RPVNMLNKIIGGFDT66DA,28,6.86,公共設施,鋼筋混凝土造,82年4月1日,,
RPVNMLNKIIGGFDT66DA,28,147.36,店舖，住宅,鋼筋混凝土造,82年4月1日,三層,一層 二層 三層 陽台 騎樓
RPTNMLSKIIGGFDT96DA,49,118.77,店鋪、住宅,磚造,61年9月14日,三層,一層 二層 三層
RPSNMLSKIIGGFAT66EA,40,52.65,公寓,鋼筋混凝土造,70年4月20日,五層,三層
RPPNMLPLRHGGFCT07DA,11,193.45,住家用,鋼筋混凝土造,99年5月6日,三層,一層 二層 三層 陽台 屋頂突出物
RPPNMLNKIIGGFAT38DA,15,308.70,農舍,鋼骨造,95年3月17日,一層,一層
RPOOMLKLQHGGFCT09DA,28,132.01,住家用,鋼筋混凝土造,82年9月17日,三層,一層 二層 三層 陽台 屋頂突出物
RPVNMLQJIIGGFAT56DA,30,129.42,住家用,鋼筋混凝土造,80年10月16日,七層,六層 陽台
RPVNMLQJIIGGFAT56DA,30,54.40,地下室，梯間，車道，守衛室,鋼筋混凝土造,80年10月16日,七層,
RPPPMLOKIIGGFAT68DA,,48.34,集合住宅,鋼筋混凝土造,110年6月29日,五層,二層 陽台
RPPPMLOKIIGGFAT68DA,,30.17,停門空間、梯間、電信室、機械室,鋼筋混凝土造,110年6月29日,五層,
RPQQMLOKIIGGFAT88DA,,52.67,集合住宅,鋼筋混凝土造,110年6月29日,五層,四層 陽台
RPQQMLOKIIGGFAT88DA,,31.18,停門空間、梯間、電信室、機械室,鋼筋混凝土造,110年6月29日,五層,
RPVPMLOKIIGGFAT66DA,,83.15,集合住宅,鋼筋混凝土造,110年6月29日,五層,四層 陽台
RPVPMLOKIIGGFAT66DA,,39.14,停門空間、梯間、電信室、機械室,鋼筋混凝土造,110年6月29日,五層,
RPUPMLSLRHGGFCT08DA,,149.70,門廊、住宅,鋼筋混凝土構造,110年6月21日,三層,一層 二層 三層 陽台 見其他登記事項
RPSQMLSLRHGGFCT97DA,,149.61,門廊、住宅,鋼筋混凝土構造,110年6月21日,三層,一層 二層 三層 陽台 見其他登記事項
RPTQMLSLRHGGFCT08DA,,149.70,門廊、住宅,鋼筋混凝土構造,110年6月21日,三層,一層 二層 三層 陽台 見其他登記事項
RPWPMLSLRHGGFCT28DA,,149.61,門廊、住宅,鋼筋混凝土構造,110年6月21日,三層,一層 二層 三層 陽台 見其他登記事項
RPTOMLOKIIGGFAT98DA,,402.89,補習班,鋼筋混凝土造,110年6月29日,三層,一層 二層 三層 陽台 屋頂突出物
RPSOMLOKIIGGFAT88DA,20,220.38,農舍,加強磚造,90年4月19日,一層,一層
RPSNMLTJRHGGFAT37DA,30,34.38,共用部份,鋼筋混凝土造,80年8月29日,十一層,
RPSNMLTJRHGGFAT37DA,30,115.00,集合住宅,鋼筋混凝土造,80年8月29日,十一層,九層 陽台
RPVNMLQKRHGGFAT47DA,40,15.61,集合住宅，樓梯，防空避難,鋼筋混凝土造,70年12月31日,五層,
RPVNMLQKRHGGFAT47DA,40,95.48,集合住宅,鋼筋混凝土造,70年12月31日,五層,四層
RPUNMLOKRHGGFAT17DA,1,223.35,住家用,鋼筋混凝土造,109年11月23日,三層,一層 二層 三層 陽台 屋頂突出物
RPWOMLSJRHGGFAT77DA,22,244.76,集合住宅,鋼筋混凝土造,88年12月4日,十四層,十三層 十四層 陽台
RPWOMLSJRHGGFAT77DA,22,93.15,走廊、辦公室、管理員室梯間、俱樂部梯間、公共空間、停車空間、防空避難室、屋頂突出物、陽台,鋼筋混凝土造,88年12月4日,十四層,
RPOOMLRJRHGGFAT86DA,,182.97,住宅、樓梯間,鋼筋混凝土造,110年7月2日,三層,一層 二層 三層 陽台 屋頂突出物
RPQOMLOLRHGGFAT96DA,,106.56,集合住宅,鋼筋混凝土造,110年7月12日,五層,三層 陽台
RPQOMLOLRHGGFAT96DA,,43.28,停車空間、梯間、樓梯間,鋼筋混凝土造,110年7月12日,五層,
RPVOMLRJRHGGFAT57DA,,205.51,住宅、樓梯間,鋼筋混凝土造,110年7月2日,三層,一層 二層 三層 陽台 屋頂突出物
RPPNMLPJIIGGFAT48DA,14,8.81,辦公室,鋼筋混凝土造,96年5月30日,八層,三層 陽台 雨遮
RPPNMLPJIIGGFAT48DA,14,8.31,梯廳、防空避難室、停車空間、水箱、機械室,鋼筋混凝土造,96年5月30日,八層,
RPUOMLOJQHGGFAT07DA,27,83.65,集合住宅,鋼筋混凝土造,83年7月1日,十六層,十三層 陽台
RPUOMLOJQHGGFAT07DA,27,25.95,樓梯間，開放空間，公共設施，防空避難室，停車空間,鋼筋混凝土造,83年7月1日,十六層,
RPPPMLPKRHGGFAT96DA,40,130.20,商業用,鋼筋混凝土造,70年7月30日,三層,一層 二層 三層 騎樓
RPWPMLTLRHGGFAT18DA,48,73.08,住家用,鋼筋混凝土加強磚造,62年10月19日,二層,一層 二層
RPQOMLOKRHGGFAT86DA,,221.90,住商用,鋼筋混凝土造,110年6月23日,四層,一層 二層 三層 四層 陽台
RPXOMLSKIIGGFAT17DA,,131.54,住家用,鋼筋混凝土加強磚造,,三層,一層 二層 三層
RPXNMLSKIIGGFAT07DA,14,14.04,辦公室,鋼筋混凝土造,97年3月5日,四層,三層 陽台 雨遮
RPXNMLSKIIGGFAT07DA,14,6.93,辦公室、機電空間、梯廳,鋼筋混凝土造,97年3月5日,四層,
RPXOMLSKIIGGFAT17DA,43,138.57,住商用,鋼筋混凝土造,67年9月15日,四層,一層 二層 三層 四層 屋頂突出物 騎樓
RPPOMLOJQHGGFCT76DA,14,432.79,住家用,鋼筋混凝土造,97年1月7日,三層,一層 二層 三層 陽台 屋頂突出物
RPUQMLPJIIGGFAT66DA,28,114.16,住家用,鋼筋混凝土造,82年12月4日,十五層,十三層 陽台
RPUQMLPJIIGGFAT66DA,28,41.12,走道，梯間，開放空間，地下室等公共設施,鋼筋混凝土造,82年12月4日,十五層,
RPRNMLTKIIGGFAT56DA,41,96.24,住家用,加強磚造,69年10月15日,二層,一層 二層
RPTOMLRJIIGGFAT56DA,16,326.09,老人住宅,鋼筋混凝土造,95年1月27日,四層,一層 二層 三層 四層 陽台 屋頂突出物
RPVQMLPJIIGGFAT76DA,22,309.44,店鋪及住宅、梯間,鋼筋混凝土造,89年1月31日,五層,一層 二層 三層 四層 五層 陽台 騎樓
RPTOMLSJRHGGFCT67DA,1,198.40,自行增設停車空間、住宅、樓梯間,鋼筋混凝土構造,109年8月26日,三層,一層 二層 三層 陽台 見其他登記事項
RPQOMLQJIIGGFCT98DA,,201.65,住宅、樓梯間,鋼筋混凝土構造,110年8月25日,三層,一層 二層 三層 陽台 見其他登記事項
RPOOMLOKRHGGFCT86DA,28,222.86,住家用,鋼筋混凝土造,82年8月7日,四層,一層 二層 三層 四層 陽台 騎樓 見使用執照
RPSOMLPKIIGGFCT56DA,27,20.58,防空避難室、停車空間、梯間,鋼筋混凝土造,84年1月4日,十一層,
RPSOMLPKIIGGFCT56DA,27,103.44,住家用,鋼筋混凝土造,84年1月4日,十一層,四層 陽台
RPQOMLPKIIGGFCT98DA,,219.73,住宅、樓梯間,鋼筋混凝土構造,110年4月16日,三層,一層 二層 三層 陽台 見其他登記事項
RPXNMLPKIIGGFCT96DA,27,104.36,住家用,鋼筋混凝土造,83年9月27日,三層,一層 二層 三層 陽台
RPOOMLPKIIGGFCT78DA,,236.93,門廊、住宅、樓梯間,鋼筋混凝土構造,110年4月16日,三層,一層 二層 三層 陽台 見其他登記事項
RPPOMLPKIIGGFCT88DA,,219.73,住宅、樓梯間,鋼筋混凝土構造,110年4月16日,三層,一層 二層 三層 陽台 見其他登記事項
RPPNMLOJIIGGFET78DA,2,216.45,Ｈ２－住宅,鋼筋混凝土構造,108年7月24日,三層,一層 二層 三層 陽台 屋頂突出物
RPPNMLOKIIGGFET88DA,40,69.12,住宅,加強磚造,70年12月10日,二層,一層 二層
RPQNMLOLRHGGFBT96DA,41,96.59,住商用,鋼筋混凝土造,70年3月14日,二層,一層 二層 騎樓
RPRNMLSKIIGGFBT56DA,31,119.49,住家用,加強磚造,79年9月14日,二層,一層 二層 屋頂突出物
RPQNMLSKIIGGFET76DA,5,405.74,Ｈ２住宅,鋼筋混凝土構造,105年3月28日,五層,一層 二層 三層 四層 五層 陽台 屋頂突出物 雨遮 見其他登記事項
RPPRMLOKIIGGFAT88DA,40,244.22,農舍,加強磚造,70年12月30日,三層,一層 二層 三層 地下層
RPPNMLRKIIGGFAT78DA,28,176.95,住家用,鋼筋混凝土造,82年12月28日,四層,一層 二層 三層 四層 陽台 平台 見其他登記事項
