﻿鄉鎮市區,交易標的,土地位置建物門牌,土地移轉總面積平方公尺,都市土地使用分區,非都市土地使用分區,非都市土地使用編定,交易年月日,交易筆棟數,移轉層次,總樓層數,建物型態,主要用途,主要建材,建築完成年月,建物移轉總面積平方公尺,建物現況格局-房,建物現況格局-廳,建物現況格局-衛,建物現況格局-隔間,有無管理組織,總價元,單價元平方公尺,車位類別,車位移轉總面積(平方公尺),車位總價元,備註,編號,主建物面積,附屬建物面積,陽台面積,電梯,移轉編號
The villages and towns urban district,transaction sign,land sector position building sector house number plate,land shifting total area square meter,the use zoning or compiles and checks,the non-metropolis land use district,non-metropolis land use,transaction year month and day,transaction pen number,shifting level,total floor number,building state,main use,main building materials,construction to complete the years,building shifting total area,Building present situation pattern - room,building present situation pattern - hall,building present situation pattern - health,building present situation pattern - compartmented,Whether there is manages the organization,total price NTD,the unit price (NTD / square meter),the berth category,berth shifting total area square meter,the berth total price NTD,the note,serial number,,,,,
長治鄉,土地,進興段21-1地號,1092.63,,一般農業區,農牧用地,1100819,土地1建物0車位0,,,其他,,,,0.0,0,0,0,有,無,1500000,1373,,0.0,0,農作物；,RPWPMLOLQHGGFAT57DA,0.0,0.0,0.0,無,
長治鄉,土地,進興段21-2地號,1092.14,,一般農業區,農牧用地,1100819,土地1建物0車位0,,,其他,,,,0.0,0,0,0,有,無,1500000,1373,,0.0,0,農作物；,RPPQMLOLQHGGFAT96DA,0.0,0.0,0.0,無,
萬丹鄉,土地,灣內段898地號,5362.0,,特定農業區,農牧用地,1100812,土地2建物0車位0,,,其他,,,,0.0,0,0,0,有,無,22050000,4112,,0.0,0,,RPUNMLMJRHGGFAT86DA,0.0,0.0,0.0,無,
九如鄉,土地,九明段123地號,6519.35,,一般農業區,農牧用地,1100803,土地4建物0車位0,,,其他,,,,0.0,0,0,0,有,無,12000000,1841,,0.0,0,,RPVNMLKKRHGGFAT86DA,0.0,0.0,0.0,無,
屏東巿,房地(土地+建物),屏東縣屏東巿建豐路１９５巷１９號,39.26,都市：其他:住宅區,,,1100814,土地1建物1車位0,一層，二層,六層,華廈(10層含以下有電梯),住商用,鋼筋混凝土造,0820318,174.04,4,2,3,有,有,6200000,35624,,0.0,0,陽台外推；,RPVNMLMLRHGGFAT17DA,131.33,11.93,0.0,有,
屏東巿,房地(土地+建物),屏東縣屏東巿大武路４０３巷９號,66.0,都市：其他:住宅區,,,1100926,土地1建物1車位0,全,二層,透天厝,商業用,加強磚造,0660726,89.6,1,2,2,有,無,4100000,45759,,0.0,0,頂樓加蓋；其他增建；,RPSNMLSLRHGGFAT47DA,89.6,0.0,0.0,無,
萬丹鄉,土地,新全段1031地號,420.0,,特定農業區,農牧用地,1100908,土地1建物0車位0,,,其他,,,,0.0,0,0,0,有,無,2100000,5000,,0.0,0,,RPXNMLLJIIGGFAT88DA,0.0,0.0,0.0,無,001
長治鄉,土地,進興段739-1地號,14.3,都市：其他:農業區,,,1100927,土地1建物0車位0,,,其他,,,,0.0,0,0,0,有,無,51800,3622,,0.0,0,,RPTNMLPJIIGGFAT88DA,0.0,0.0,0.0,無,002
屏東巿,土地,歸義段692-31地號,65.89,,鄉村區,乙種建築用地,1101005,土地2建物0車位0,,,其他,,,,0.0,0,0,0,有,無,797267,12100,,0.0,0,,RPSQMLPJIIGGFAT09DA,0.0,0.0,0.0,無,003
屏東巿,房地(土地+建物),屏東縣屏東巿崇陽街１０８號,102.0,都市：其他:住宅區,,,1100505,土地1建物1車位0,全,三層,透天厝,住家用,鋼筋混凝土造,1100511,210.79,5,2,4,有,無,13500000,64045,,0.0,0,,RPPNMLQJIIGGFAT58DA,192.43,18.36,0.0,無,
屏東巿,房地(土地+建物),屏東縣屏東巿崇陽街１０６號,102.0,都市：其他:住宅區,,,1100218,土地1建物1車位0,全,三層,透天厝,住家用,鋼筋混凝土造,1100511,211.0,5,2,4,有,無,13350000,63270,,0.0,0,,RPQNMLQJIIGGFAT68DA,193.18,17.82,0.0,無,
屏東巿,房地(土地+建物),屏東縣屏東巿崇陽街１１２號,102.0,都市：其他:住宅區,,,1100806,土地1建物1車位0,全,三層,透天厝,住家用,鋼筋混凝土造,1100511,205.79,5,2,4,有,無,12950000,62928,,0.0,0,,RPRNMLQJIIGGFAT78DA,188.73,17.06,0.0,無,
屏東巿,房地(土地+建物),屏東縣屏東巿廣東路１４９８巷７號,100.56,都市：其他:住宅區,,,1100924,土地2建物1車位0,全,四層,透天厝,住家用,鋼筋混凝土造,0931216,225.9,4,2,4,有,無,7800000,34529,,0.0,0,頂樓加蓋；其他增建；,RPXNMLRJIIGGFAT86DA,198.78,27.12,0.0,無,004
屏東巿,房地(土地+建物),屏東縣屏東巿博愛路１４６巷１２號,57.0,都市：其他:住宅區,,,1100928,土地1建物1車位0,全,二層,透天厝,住家用,磚造,0600809,72.0,3,2,1,有,無,2300000,31944,,0.0,0,,RPWOMLRJIIGGFAT86DA,72.0,0.0,0.0,無,
竹田鄉,土地,新田段851地號,2581.0,,特定農業區,農牧用地,1100818,土地1建物0車位0,,,其他,,,,0.0,0,0,0,有,無,6918600,2681,,0.0,0,,RPWNMLKLQHGGFCT17DA,0.0,0.0,0.0,無,
內埔鄉,房地(土地+建物),屏東縣內埔鄉統嶺巷２７０號二樓之５,7.62,,一般農業區,甲種建築用地,1100925,土地1建物1車位0,二層,五層,公寓(5樓含以下無電梯),住家用,鋼筋混凝土造,0881130,24.380000000000003,1,0,1,有,有,570000,23380,,0.0,0,,RPXQMLSLRHGGFCT48DA,15.84,1.44,0.0,無,005
潮州鎮,土地,明崙段357地號,175.46,,鄉村區,乙種建築用地,1100721,土地1建物0車位0,,,其他,,,,0.0,0,0,0,有,無,1780000,10145,,0.0,0,,RPTNMLSJIIGGFCT76DA,0.0,0.0,0.0,無,
潮州鎮,房地(土地+建物),屏東縣潮州鎮興美二巷１５號,129.0,,一般農業區,甲種建築用地,1100815,土地1建物1車位0,全,三層,透天厝,住家用,鋼筋混凝土構造,1100503,207.75,5,2,4,有,無,10800000,51986,,0.0,0,,RPOOMLSJIIGGFCT98DA,190.1,17.65,0.0,無,
內埔鄉,房地(土地+建物),屏東縣內埔鄉統嶺巷２６６號五樓之３,8.44,,一般農業區,甲種建築用地,1100923,土地1建物1車位0,五層,五層,公寓(5樓含以下無電梯),住家用,鋼筋混凝土造,0881130,25.4,1,0,1,有,有,500000,19685,,0.0,0,,RPROMLSJIIGGFCT66DA,17.54,0.0,0.0,無,006
東港鎮,房地(土地+建物),屏東縣東港鎮興東二街１８號,110.09,都市：其他:住宅區,,,1100824,土地1建物1車位0,全,三層,透天厝,住家用,鋼筋混凝土造,0971231,197.85,4,2,5,有,無,11200000,56609,,0.0,0,,RPQNMLTLRHGGFDT67DA,186.69,11.16,0.0,無,
東港鎮,房地(土地+建物)+車位,屏東縣東港鎮明德路４４巷２５號五樓之三,40.14,都市：其他:住宅區,,,1100901,土地1建物1車位1,五層,五層,華廈(10層含以下有電梯),住家用,鋼筋混凝土構造,1100701,124.79,3,2,2,有,有,6680000,53526,一樓平面,0.0,0,,RPUNMLOJIIGGFDT56DA,77.72,8.87,0.0,有,
東港鎮,房地(土地+建物)+車位,屏東縣東港鎮明德路４４巷２５號三樓之五,40.14,都市：其他:住宅區,,,1091221,土地1建物1車位1,三層,五層,華廈(10層含以下有電梯),住家用,鋼筋混凝土構造,1100701,124.64,3,2,2,有,有,6400000,51348,一樓平面,0.0,0,,RPVNMLOJIIGGFDT66DA,77.72,8.72,0.0,有,
新園鄉,房地(土地+建物),屏東縣新園鄉媽祖三巷９５之３號,109.89,,鄉村區,乙種建築用地,1100922,土地1建物1車位0,全,三層,透天厝,住家用,鋼筋混凝土造,0810410,141.23,4,3,3,有,無,3700000,26198,,0.0,0,親友、員工、共有人或其他特殊關係間之交易；,RPPNMLOJIIGGFDT68DA,141.23,0.0,0.0,無,
崁頂鄉,土地,頂孝段191地號,30.3,,一般農業區,農牧用地,1100912,土地1建物0車位0,,,其他,,,,0.0,0,0,0,有,無,100000,3300,,0.0,0,,RPQNMLRJIIGGFDT09DA,0.0,0.0,0.0,無,007
崁頂鄉,土地,頂孝段191地號,242.39,,一般農業區,農牧用地,1100912,土地1建物0車位0,,,其他,,,,0.0,0,0,0,有,無,400000,1650,,0.0,0,,RPRNMLRJIIGGFDT56DA,0.0,0.0,0.0,無,007
恆春鎮,土地,德和段686-1地號,811.43,,一般農業區,農牧用地,1100909,土地1建物0車位0,,,其他,,,,0.0,0,0,0,有,無,1670000,2058,,0.0,0,二親等買賣。親友、員工、共有人或其他特殊關係間之交易；未登記建物；,RPRNMLKKRHGGFET86DA,0.0,0.0,0.0,無,009
滿州鄉,土地,港口段245地號,32.0,,國家公園區,,1100812,土地1建物0車位0,,,其他,,,,0.0,0,0,0,有,無,130000,4063,,0.0,0,賣清親友、員工、共有人或其他特殊關係間之交易；,RPPNMLNLRHGGFET07DA,0.0,0.0,0.0,無,010
車城鄉,房地(土地+建物),屏東縣車城鄉忠孝路３１號,79.76,都市：其他:住宅區,,,1100822,土地1建物1車位0,全,二層,透天厝,住商用,鋼筋混凝土加強磚造,0701215,104.5,3,1,2,有,無,2010000,19234,,0.0,0,親友、員工、共有人或其他特殊關係間之交易；,RPRNMLRJIIGGFET66DA,104.5,0.0,0.0,無,
枋寮鄉,土地,東海段641地號,149.0,,工業區,丁種建築用地,1100929,土地1建物0車位0,,,其他,,,,0.0,0,0,0,有,無,1450000,9732,,0.0,0,,RPPNMLSJIIGGFFT66DA,0.0,0.0,0.0,無,
屏東巿,房地(土地+建物)+車位,屏東縣屏東巿豐華街１３號七樓之二,24.06,都市：其他:住宅區,,,1100928,土地1建物1車位1,七層,七層,華廈(10層含以下有電梯),住家用,鋼筋混凝土造,0840120,131.95,2,1,2,有,有,2100000,15915,一樓平面,0.0,0,親友、員工、共有人或其他特殊關係間之交易；,RPVPMLRJIIGGFAT96EA,77.08,14.46,0.0,有,
fa72埔鄉,房地(土地+建物),屏東縣鹽埔鄉七份路９之６號,80.01,,鄉村區,乙種建築用地,1100829,土地1建物1車位0,全,四層,透天厝,住商用,鋼筋混凝土造,0830208,191.49,5,2,3,有,無,4700000,24544,,0.0,0,,RPVNMLRJIIGGFBT86EA,173.54,17.95,0.0,無,
高樹鄉,土地,舊寮段396地號,2138.0,,一般農業區,農牧用地,1101004,土地2建物0車位0,,,其他,,,,0.0,0,0,0,有,無,1000000,468,,0.0,0,,RPPNMLMKIIGGFBT48EA,0.0,0.0,0.0,無,
麟洛鄉,土地,農場段1040地號,667.75,,一般農業區,農牧用地,1100902,土地1建物0車位0,,,其他,,,,0.0,0,0,0,有,無,1000000,1498,,0.0,0,親友、員工、共有人或其他特殊關係間之交易；農作物；機電設備；,RPXOMLSJIIGGFAT17EA,0.0,0.0,0.0,無,
新埤鄉,土地,打鐵段191地號,6447.0,,一般農業區,農牧用地,1100922,土地3建物0車位0,,,其他,,,,0.0,0,0,0,有,無,6647300,1031,,0.0,0,,RPVNMLRJIIGGFCT96EA,0.0,0.0,0.0,無,
新埤鄉,土地,打鐵段191-1地號,468.0,,一般農業區,交通用地,1100922,土地1建物0車位0,,,其他,,,,0.0,0,0,0,有,無,409700,875,,0.0,0,,RPWNMLRJIIGGFCT07EA,0.0,0.0,0.0,無,
內埔鄉,土地,上東勢段336地號,2979.25,,特定農業區,農牧用地,1100827,土地1建物0車位0,,,其他,,,,0.0,0,0,0,有,無,9500000,3189,,0.0,0,,RPRNMLMKIIGGFCT78EA,0.0,0.0,0.0,無,
枋寮鄉,土地,人和段706地號,29.7,都市：其他:住宅區,,,1101004,土地2建物0車位0,,,其他,,,,0.0,0,0,0,有,無,400000,13468,,0.0,0,親友、員工、共有人或其他特殊關係間之交易；未登記建物；,RPQNMLMKIIGGFFT98EA,0.0,0.0,0.0,無,
枋寮鄉,土地,內寮村段449地號,1664.95,,一般農業區,農牧用地,1100918,土地1建物0車位0,,,其他,,,,0.0,0,0,0,有,無,1100000,661,,0.0,0,農作物；,RPTNMLMKIIGGFFT66EA,0.0,0.0,0.0,無,
東港鎮,房地(土地+建物),屏東縣東港鎮新興二街４４巷１９號,99.99,都市：其他:住宅區,,,1100918,土地1建物1車位0,全,三層,透天厝,住家用,鋼筋混凝土造,0681229,184.77,3,2,3,有,無,6000000,32473,,0.0,0,,RPPNMLQJIIGGFDT88DA,184.77,0.0,0.0,無,
枋寮鄉,房地(土地+建物),屏東縣枋寮鄉工業路１８５號,83.0,,工業區,丁種建築用地,1100910,土地1建物1車位0,全,三層,透天厝,住家用,鋼筋混凝土造,1100723,165.23,4,2,5,有,無,6580000,39823,,0.0,0,,RPQNMLRJIIGGFFT66DA,153.55,11.68,0.0,無,
東港鎮,房地(土地+建物),屏東縣東港鎮興東一街５５巷１２號,93.11,都市：其他:住宅區,,,1100929,土地1建物1車位0,全,四層,透天厝,住家用,鋼筋混凝土構造,1090807,268.07,4,2,5,有,無,14500000,54090,,0.0,0,親友、員工、共有人或其他特殊關係間之交易；,RPTNMLSJIIGGFDT86DA,248.27,19.8,0.0,有,
崁頂鄉,土地,頂孝段866-5地號,530.07,都市：其他:農業區,,,1100604,土地1建物0車位0,,,其他,,,,0.0,0,0,0,有,無,3200000,6037,,0.0,0,,RPVNMLSJIIGGFDT07DA,0.0,0.0,0.0,無,011
東港鎮,房地(土地+建物)+車位,屏東縣東港鎮共和街１００號五樓之三,49.22,都市：其他:住宅區,,,1100818,土地1建物1車位1,五層,十三層,住宅大樓(11層含以上有電梯),住家用,鋼筋混凝土構造,1031015,170.78,3,2,2,有,有,4700000,27521,坡道平面,0.0,0,車位編號:127號。,RPXNMLOJIIGGFDT86DA,94.02,13.15,0.0,有,
內埔鄉,房地(土地+建物),屏東縣內埔鄉永定巷４６之１９號,110.09,,鄉村區,乙種建築用地,1100816,土地2建物1車位0,全,三層,透天厝,住家用,鋼筋混凝土構造,1100115,177.54,5,2,5,有,無,7380000,41568,,0.0,0,,RPQOMLSJIIGGFCT56DA,164.62,12.92,0.0,無,
萬巒鄉,土地,佳佐段946-154地號,3000.0,,一般農業區,農牧用地,1100904,土地1建物0車位0,,,其他,,,,0.0,0,0,0,有,無,5200000,1733,,0.0,0,未登記建物；,RPTOMLSJIIGGFCT86DA,0.0,0.0,0.0,無,
潮州鎮,房地(土地+建物),屏東縣潮州鎮南京路５６巷２弄１１號,58.51,都市：其他:住宅區,,,1100926,土地1建物1車位0,全,二層,透天厝,住家用,鋼筋混凝土造,0741128,68.0,2,2,2,有,無,3300000,48529,,0.0,0,,RPUOMLSJIIGGFCT96DA,68.0,0.0,0.0,無,012
內埔鄉,房地(土地+建物),屏東縣內埔鄉福泰路２１６號,105.53,,鄉村區,乙種建築用地,1100830,土地2建物1車位0,全,三層,透天厝,住商用,鋼筋混凝土造,0840804,141.66,4,2,3,有,無,4000000,28237,,0.0,0,,RPPRMLSLRHGGFCT77DA,121.46,20.2,0.0,無,013
泰武鄉,土地,佳平段450-1地號,31.0,,山坡地保育區,丙種建築用地,1100731,土地1建物0車位0,,,其他,,,,0.0,0,0,0,有,無,150000,4839,,0.0,0,買賣標的為買方佔用賣方土地部分。,RPPPMLSLRHGGFCT57DA,0.0,0.0,0.0,無,
內埔鄉,土地,壽比段1158地號,3188.8,,一般農業區,農牧用地,1100827,土地1建物0車位0,,,其他,,,,0.0,0,0,0,有,無,10500000,3293,,0.0,0,,RPPNMLQJIIGGFCT78DA,0.0,0.0,0.0,無,
內埔鄉,房地(土地+建物)+車位,屏東縣內埔鄉統嶺巷２５２號三樓之六,7.53,,一般農業區,甲種建築用地,1100923,土地1建物1車位1,三層,五層,公寓(5樓含以下無電梯),住家用,鋼筋混凝土造,0881130,24.17,1,0,1,有,有,500000,20687,一樓平面,0.0,0,車位為一固定機車停車位,RPQNMLNJIIGGFCT58DA,15.72,1.56,0.0,無,
內埔鄉,土地,早角段2地號,4365.88,,一般農業區,農牧用地,1100913,土地7建物0車位0,,,其他,,,,0.0,0,0,0,有,無,13600000,3115,,0.0,0,農作物；,RPROMLRJIIGGFCT56DA,0.0,0.0,0.0,無,
屏東巿,房地(土地+建物)+車位,屏東縣屏東巿廣東路７４４巷６號三樓之二,44.23,都市：其他:住宅區,,,1100804,土地1建物1車位1,三層,五層,華廈(10層含以下有電梯),住家用,鋼筋混凝土造,1100526,128.15,3,2,2,有,有,7100000,55404,一樓平面,0.0,0,,RPPNMLMKIIGGFAT28DA,74.66,8.65,0.0,有,
內埔鄉,房地(土地+建物)+車位,屏東縣內埔鄉海平路４６之２０號二樓之３,55.01,,鄉村區,乙種建築用地,1100908,土地2建物1車位1,二層,五層,華廈(10層含以下有電梯),住家用,鋼筋混凝土構造,1100422,132.5,3,2,2,有,有,5000000,37736,坡道平面,0.0,0,含裝潢費600000元；,RPQOMLRJRHGGFCT27DA,86.49,7.08,0.0,有,
內埔鄉,房地(土地+建物)+車位,屏東縣內埔鄉海平路４６之２０號四樓之５,55.01,,鄉村區,乙種建築用地,1100907,土地2建物1車位1,四層,五層,華廈(10層含以下有電梯),住家用,鋼筋混凝土構造,1100422,132.35,3,2,2,有,有,4460000,33699,坡道平面,0.0,0,,RPRNMLPJRHGGFCT07DA,85.58,7.84,0.0,有,
屏東巿,房地(土地+建物)+車位,屏東縣屏東巿古松西巷３９８之１號三樓之五,26.87,都市：其他:住宅區,,,1100829,土地1建物1車位1,三層,五層,華廈(10層含以下有電梯),住家用,鋼筋混凝土造,1100629,78.51,2,2,1,有,有,4250000,54133,一樓平面,0.0,950000,,RPXOMLRJIIGGFAT96DA,45.44,2.9,0.0,有,
屏東巿,房地(土地+建物)+車位,屏東縣屏東巿古松西巷３９８之１號四樓之五,26.87,都市：其他:住宅區,,,1100814,土地1建物1車位1,四層,五層,華廈(10層含以下有電梯),住家用,鋼筋混凝土造,1100629,78.51,2,2,1,有,有,4250000,54133,一樓平面,0.0,950000,,RPOPMLRJIIGGFAT78DA,45.44,2.9,0.0,有,
屏東巿,房地(土地+建物)+車位,屏東縣屏東巿古松西巷３９８之１號五樓之五,26.87,都市：其他:住宅區,,,1100814,土地1建物1車位1,五層,五層,華廈(10層含以下有電梯),住家用,鋼筋混凝土造,1100629,78.51,2,2,1,有,有,4200000,53496,一樓平面,0.0,950000,,RPPPMLRJIIGGFAT88DA,45.44,2.9,0.0,有,
屏東巿,房地(土地+建物)+車位,屏東縣屏東巿古松西巷３９８之１號二樓之二,41.2,都市：其他:住宅區,,,1100814,土地1建物1車位1,二層,五層,華廈(10層含以下有電梯),住家用,鋼筋混凝土造,1100629,120.24000000000001,3,2,2,有,有,6160000,51231,一樓平面,0.0,750000,,RPTPMLRJIIGGFAT66DA,72.93,8.57,0.0,有,
長治鄉,土地,繁興段347地號,2236.07,,一般農業區,農牧用地,1101001,土地1建物0車位0,,,其他,,,,0.0,0,0,0,有,無,2300000,1029,,0.0,0,,RPXPMLRJIIGGFAT07DA,0.0,0.0,0.0,無,
屏東巿,房地(土地+建物),屏東縣屏東巿機場北路５００號十樓之一,11.38,都市：其他:住宅區,,,1100907,土地1建物1車位0,十層,十六層,住宅大樓(11層含以上有電梯),住家用,鋼筋混凝土造,0890202,80.61,1,1,1,有,有,2600000,32254,,0.0,0,,RPOQMLRJIIGGFAT88DA,46.28,5.65,0.0,有,014
屏東巿,房地(土地+建物),屏東縣屏東巿廣東路１４４０號,94.0,都市：其他:住宅區,,,1100905,土地1建物1車位0,全,三層,透天厝,其他,鋼筋混凝土造,1100629,203.92,4,0,3,有,無,15550000,76255,,0.0,0,,RPROMLRJIIGGFAT98DA,187.97,15.95,0.0,無,
長治鄉,房地(土地+建物),屏東縣長治鄉瑞源路２４０號三樓之二,20.29,都市：其他:住宅區,,,1100820,土地1建物1車位0,三層,十一層,住宅大樓(11層含以上有電梯),住家用,鋼筋混凝土造,0850607,123.38,3,2,2,有,有,4900000,39715,,0.0,0,,RPUNMLQJIIGGFAT09DA,74.66,17.2,0.0,有,015
屏東巿,房地(土地+建物),屏東縣屏東巿廣東路１４４２號,149.0,都市：其他:住宅區,,,1100905,土地1建物1車位0,全,三層,透天厝,其他,鋼筋混凝土造,1100629,297.0,6,0,3,有,無,24650000,82997,,0.0,0,,RPUNMLRJIIGGFAT56DA,276.57,20.43,0.0,有,
屏東巿,房地(土地+建物)+車位,屏東縣屏東巿古松西巷３９８之１號三樓之三,28.57,都市：其他:住宅區,,,1100814,土地1建物1車位1,三層,五層,華廈(10層含以下有電梯),住家用,鋼筋混凝土造,1100629,83.85,2,2,1,有,有,4430000,52832,一樓平面,0.0,950000,,RPVOMLRJIIGGFAT76DA,49.12,3.55,0.0,有,
麟洛鄉,土地,麟和段211地號,2500.0,,一般農業區,農牧用地,1100825,土地1建物0車位0,,,其他,,,,0.0,0,0,0,有,無,3900000,1560,,0.0,0,,RPTQMLRJIIGGFAT76DA,0.0,0.0,0.0,無,
九如鄉,房地(土地+建物),屏東縣九如鄉東富街４１號,90.86,都市：其他:商業區,,,1100910,土地1建物1車位0,全,三層,透天厝,住家用,鋼筋混凝土造,1091019,210.27,6,2,4,有,無,10650000,50649,,0.0,0,,RPUOMLSJIIGGFAT76DA,204.19,6.08,0.0,無,
里港鄉,房地(土地+建物),屏東縣里港鄉和平路７９號,124.86,都市：其他:住宅區,,,1100916,土地1建物1車位0,全,三層,透天厝,住家用,鋼筋混凝土造,1090713,204.06,5,2,4,有,無,10200000,49985,,0.0,0,,RPTOMLSLRHGGFBT77DA,191.38,12.68,0.0,無,
fa72埔鄉,土地,永隆段284地號,4656.43,,一般農業區,農牧用地,1100604,土地1建物0車位0,,,其他,,,,0.0,0,0,0,有,無,8640000,1855,,0.0,0,本案土地地號:永隆段284。,RPTNMLQJIIGGFBT09DA,0.0,0.0,0.0,無,
fa72埔鄉,土地,新二段36-4地號,2600.0,,一般農業區,農牧用地,1101001,土地1建物0車位0,,,其他,,,,0.0,0,0,0,有,無,4200000,1615,,0.0,0,親友、員工、共有人或其他特殊關係間之交易；,RPPNMLLKIIGGFBT28DA,0.0,0.0,0.0,無,
屏東巿,房地(土地+建物)+車位,屏東縣屏東巿古松西巷３８５之６５號五樓之五,49.42,都市：其他:住宅區,,,1091206,土地1建物1車位1,五層,五層,華廈(10層含以下有電梯),住家用,鋼筋混凝土造,1100611,140.13,3,2,2,有,有,8250000,58874,一樓平面,0.0,0,,RPQOMLPJIIGGFAT68DA,87.29,10.24,0.0,有,
屏東巿,房地(土地+建物),屏東縣屏東巿工業六路西段３號,3380.0,都市：其他:工業區,,,1100910,土地4建物1車位0,全,四層,透天厝,工業用,鋼筋混凝土造,0731001,3473.68,0,0,0,無,無,88540981,25489,,0.0,0,其他增建；,RPSNMLOJIIGGFAT68DA,3453.83,19.85,0.0,無,
屏東巿,房地(土地+建物),屏東縣屏東巿工業四路３７號,5069.0,都市：其他:工業區,,,1100910,土地4建物2車位0,全,一層,透天厝,工業用,鋼骨構造,1040312,3544.19,0,0,0,無,無,129344933,36495,,0.0,0,,RPVNMLOJIIGGFAT98DA,3544.19,0.0,0.0,無,
屏東巿,土地,清溪段50-6地號,792.67,,一般農業區,農牧用地,1100823,土地1建物0車位0,,,其他,,,,0.0,0,0,0,有,無,4800000,6055,,0.0,0,親友、員工、共有人或其他特殊關係間之交易；,RPVOMLOJIIGGFAT09DA,0.0,0.0,0.0,無,
萬丹鄉,土地,崙頂段2259-22地號,191.75,,鄉村區,乙種建築用地,1100920,土地3建物0車位0,,,其他,,,,0.0,0,0,0,有,無,2668000,13914,,0.0,0,買賣範圍包括地上未辦保存登記建物一棟,RPWNMLRLRHGGFAT77DA,0.0,0.0,0.0,無,
屏東巿,房地(土地+建物),屏東縣屏東巿公德街３２號,96.0,都市：其他:道路用地,,,1100826,土地4建物1車位0,全,三層,透天厝,住商用,鋼筋混凝土造,0701218,180.63,4,3,2,有,無,6400000,35432,,0.0,0,,RPUNMLOLRHGGFAT27DA,180.63,0.0,0.0,無,016
屏東巿,房地(土地+建物)+車位,屏東縣屏東巿華盛街２７號二樓之四,45.61,都市：其他:住宅區,,,1100830,土地1建物1車位1,二層,十四層,住宅大樓(11層含以上有電梯),住家用,鋼筋混凝土造,0930909,181.01,3,2,2,有,有,5400000,29833,坡道平面,0.0,0,,RPPOMLMJRHGGFAT09DA,102.59,11.69,0.0,有,
長治鄉,房地(土地+建物),屏東縣長治鄉德和路８５之５號,83.54,,鄉村區,乙種建築用地,1100828,土地1建物1車位0,全,四層,透天厝,住家用,鋼筋混凝土造,0830530,150.08,5,2,3,有,無,4000000,26652,,0.0,0,頂樓加蓋；其他增建；,RPUOMLSJRHGGFAT57DA,150.08,0.0,0.0,無,
萬丹鄉,房地(土地+建物),屏東縣萬丹鄉大勇路１１巷５號,138.22,,鄉村區,乙種建築用地,1100611,土地2建物1車位0,全,三層,透天厝,住家用,鋼筋混凝土造,1100601,177.41,5,2,4,有,無,7150000,40302,,0.0,0,,RPTNMLMJPHGGFAT56DA,164.28,13.13,0.0,無,
屏東巿,房地(土地+建物)+車位,屏東縣屏東巿廣興４９號四樓之二,45.47,,鄉村區,乙種建築用地,1100722,土地1建物1車位1,四層,五層,華廈(10層含以下有電梯),住家用,鋼筋混凝土造,1100712,147.26,3,2,2,有,有,7360000,49980,一樓平面,0.0,0,,RPPPMLOLRHGGFAT96DA,92.54,12.17,0.0,有,
屏東巿,房地(土地+建物),屏東縣屏東巿中正路４１５巷８弄１１號,98.98,都市：其他:住宅區,,,1100827,土地1建物1車位0,全,四層,透天厝,住商用,鋼筋混凝土造,1100623,221.9,5,2,5,有,無,14900000,67147,,0.0,0,,RPQOMLOKRHGGFAT86DA,207.58,14.32,0.0,無,
屏東巿,房地(土地+建物),屏東縣屏東巿忠孝路１３８之７號,163.0,都市：其他:住宅區,,,1100828,土地1建物1車位0,全,二層,透天厝,住家用,鋼筋混凝土加強磚造,,150.4,3,2,2,有,無,12500000,83112,,0.0,0,,RPVOMLSLRHGGFAT87DA,150.4,0.0,0.0,無,
長治鄉,房地(土地+建物),屏東縣長治鄉中興路５６６之６號,85.28,,鄉村區,乙種建築用地,1100910,土地2建物1車位0,全,四層,透天厝,住商用,鋼筋混凝土造,1010619,250.21,5,2,5,有,無,8680000,34691,,0.0,0,,RPQNMLTLRHGGFAT37DA,224.98,25.23,0.0,無,017
屏東巿,房地(土地+建物),屏東縣屏東巿武愛街１０７號,69.0,都市：其他:住宅區,,,1100907,土地1建物1車位0,全,二層,透天厝,住商用,加強磚造,0740509,106.27,3,2,2,有,無,4600000,43286,,0.0,0,親友、員工、共有人或其他特殊關係間之交易；未登記建物；,RPQOMLRLRHGGFAT27DA,92.92,13.35,0.0,無,
屏東巿,房地(土地+建物)+車位,屏東縣屏東巿廣興４９號四樓之一,47.08,,鄉村區,乙種建築用地,1100722,土地1建物1車位1,四層,五層,華廈(10層含以下有電梯),住家用,鋼筋混凝土造,1100712,152.63,3,2,2,有,有,7800000,51104,一樓平面,0.0,0,,RPXPMLRLRHGGFAT08DA,95.32,13.25,0.0,有,
九如鄉,土地,九如段1648地號,1712.0,,一般農業區,農牧用地,1100820,土地1建物0車位0,,,其他,,,,0.0,0,0,0,有,無,5380000,3143,,0.0,0,,RPOPMLTLRHGGFAT37DA,0.0,0.0,0.0,無,018
屏東巿,土地,信和段68地號,3719.1,,一般農業區,農牧用地,1100513,土地1建物0車位0,,,其他,,,,0.0,0,0,0,有,無,9800000,2635,,0.0,0,,RPQPMLTLRHGGFAT57DA,0.0,0.0,0.0,無,
麟洛鄉,土地,農場段12地號,2690.45,,一般農業區,農牧用地,1100930,土地1建物0車位0,,,其他,,,,0.0,0,0,0,有,無,4709000,1750,,0.0,0,農作物；,RPPOMLKMRHGGFAT56DA,0.0,0.0,0.0,無,
麟洛鄉,土地,農場段13地號,3047.52,,一般農業區,農牧用地,1100930,土地3建物0車位0,,,其他,,,,0.0,0,0,0,有,無,5380000,1765,,0.0,0,農作物；,RPQOMLKMRHGGFAT66DA,0.0,0.0,0.0,無,
麟洛鄉,土地,麟義段325-3地號,2720.02,都市：其他:農業區,,,1100901,土地2建物0車位0,,,其他,,,,0.0,0,0,0,有,無,10340000,3801,,0.0,0,,RPSNMLLJIIGGFAT38DA,0.0,0.0,0.0,無,
麟洛鄉,土地,麟義段325-5地號,776.02,都市：其他:農業區,,,1100815,土地1建物0車位0,,,其他,,,,0.0,0,0,0,有,無,2950000,3801,,0.0,0,,RPTNMLLJIIGGFAT48DA,0.0,0.0,0.0,無,
麟洛鄉,土地,麟義段325-2地號,2173.12,都市：其他:農業區,,,1100901,土地2建物0車位0,,,其他,,,,0.0,0,0,0,有,無,11770000,5416,,0.0,0,,RPVNMLLJIIGGFAT68DA,0.0,0.0,0.0,無,
麟洛鄉,土地,麟仁段1107-4地號,1830.84,都市：其他:農業區,,,1100901,土地5建物0車位0,,,其他,,,,0.0,0,0,0,有,無,4050000,2212,,0.0,0,,RPWNMLLJIIGGFAT78DA,0.0,0.0,0.0,無,
屏東巿,房地(土地+建物),屏東縣屏東巿蘭州街８６巷３號,107.0,都市：其他:住宅區,,,1100918,土地3建物1車位0,全,二層,透天厝,住家用,鋼筋混凝土加強磚造,0660214,84.8,5,2,5,有,無,8500000,100236,,0.0,0,頂樓加蓋；其他增建；,RPTOMLLJIIGGFAT58DA,84.8,0.0,0.0,無,019
屏東巿,房地(土地+建物)+車位,屏東縣屏東巿古松西巷３８５之６５號三樓之一,50.08,都市：其他:住宅區,,,1090705,土地1建物1車位1,三層,五層,華廈(10層含以下有電梯),住家用,鋼筋混凝土造,1100611,141.6,4,2,2,有,有,7700000,54379,一樓平面,0.0,0,,RPROMLPJIIGGFAT78DA,88.39,10.19,0.0,有,
屏東巿,房地(土地+建物)+車位,屏東縣屏東巿古松西巷３８５之６３號三樓之一,49.17,都市：其他:住宅區,,,1090524,土地1建物1車位1,三層,五層,公寓(5樓含以下無電梯),住家用,鋼筋混凝土造,1100611,139.4,3,2,2,有,無,7550000,54161,一樓平面,0.0,0,,RPSOMLPJIIGGFAT88DA,87.29,10.24,0.0,無,
屏東巿,房地(土地+建物)+車位,屏東縣屏東巿古松西巷３８５之６３號四樓之一,49.17,都市：其他:住宅區,,,1091017,土地1建物1車位1,四層,五層,華廈(10層含以下有電梯),住家用,鋼筋混凝土造,1100611,139.4,3,2,2,有,有,7390000,53013,一樓平面,0.0,0,,RPTOMLPJIIGGFAT98DA,87.29,10.24,0.0,有,
屏東巿,房地(土地+建物)+車位,屏東縣屏東巿古松西巷３８５之６３號五樓之一,49.17,都市：其他:住宅區,,,1100314,土地1建物1車位1,五層,五層,華廈(10層含以下有電梯),住家用,鋼筋混凝土造,1100611,139.4,3,2,2,有,有,7880000,56528,一樓平面,0.0,0,,RPUOMLPJIIGGFAT09DA,87.29,10.24,0.0,有,
屏東巿,房地(土地+建物)+車位,屏東縣屏東巿古松西巷３８５之６５號四樓之一,50.08,都市：其他:住宅區,,,1091104,土地1建物1車位1,四層,五層,華廈(10層含以下有電梯),住家用,鋼筋混凝土造,1100611,141.6,3,2,2,有,有,7550000,53319,一樓平面,0.0,0,,RPVOMLPJIIGGFAT56DA,88.39,10.19,0.0,有,
屏東巿,房地(土地+建物)+車位,屏東縣屏東巿古松西巷３８５之６５號二樓之二,46.51,都市：其他:住宅區,,,1100814,土地1建物1車位1,二層,五層,華廈(10層含以下有電梯),住家用,鋼筋混凝土造,1100611,131.05,3,2,2,有,有,7550000,57612,一樓平面,0.0,0,,RPXOMLPJIIGGFAT76DA,79.73,10.61,0.0,有,
屏東巿,房地(土地+建物)+車位,屏東縣屏東巿古松西巷３８５之６３號四樓之二,45.52,都市：其他:住宅區,,,1090522,土地1建物1車位1,四層,五層,華廈(10層含以下有電梯),住家用,鋼筋混凝土造,1100611,128.66,3,2,2,有,有,6930000,53863,一樓平面,0.0,0,,RPVNMLPJIIGGFAT09DA,78.3,10.8,0.0,有,
屏東巿,房地(土地+建物)+車位,屏東縣屏東巿古松西巷３８５之６３號五樓之五,49.83,都市：其他:住宅區,,,1100412,土地1建物1車位1,五層,五層,華廈(10層含以下有電梯),住家用,鋼筋混凝土造,1100611,140.86,3,2,2,有,有,7880000,55942,一樓平面,0.0,0,,RPWNMLPJIIGGFAT56DA,88.39,10.19,0.0,有,
屏東巿,房地(土地+建物),屏東縣屏東巿民生路４１巷１１號,69.0,都市：其他:住宅區,,,1100917,土地1建物1車位0,全,二層,透天厝,住家用,磚造二樓屋頂平頂,0630629,78.83,3,2,2,有,無,2700000,34251,,0.0,0,,RPPNMLMLRHGGFAT56DA,78.83,0.0,0.0,無,
麟洛鄉,土地,麟仁段44地號,1661.51,都市：其他:農業區,,,1100828,土地1建物0車位0,,,其他,,,,0.0,0,0,0,有,無,6000000,3611,,0.0,0,農作物；,RPSNMLPJIIGGFAT78DA,0.0,0.0,0.0,無,020
屏東巿,房地(土地+建物)+車位,屏東縣屏東巿古松西巷３８５之６３號二樓之二,45.52,都市：其他:住宅區,,,1100509,土地1建物1車位1,二層,五層,華廈(10層含以下有電梯),住家用,鋼筋混凝土造,1100611,128.66,3,2,2,有,有,7120000,55340,一樓平面,0.0,0,,RPPPMLPJIIGGFAT68DA,78.3,10.8,0.0,有,
fa72埔鄉,土地,興愛段471-1地號,470.5,,一般農業區,農牧用地,1100831,土地1建物0車位0,,,其他,,,,0.0,0,0,0,有,無,1250000,2657,,0.0,0,農作物；,RPPNMLRKRHGGFBT07DA,0.0,0.0,0.0,無,021
萬丹鄉,土地,水泉段709-6地號,73.48,都市：其他:住宅區,,,1100710,土地1建物0車位0,,,其他,,,,0.0,0,0,0,有,無,1780000,24224,,0.0,0,,RPPNMLLKIIGGFAT18DA,0.0,0.0,0.0,無,
萬丹鄉,土地,水泉段709-9地號,235.07,都市：其他:住宅區,,,1100710,土地3建物0車位0,,,其他,,,,0.0,0,0,0,有,無,5690000,24206,,0.0,0,,RPQNMLLKIIGGFAT28DA,0.0,0.0,0.0,無,
屏東巿,房地(土地+建物)+車位,屏東縣屏東巿古松西巷３８５之６３號四樓之三,46.27,都市：其他:住宅區,,,1090531,土地1建物1車位1,四層,五層,華廈(10層含以下有電梯),住家用,鋼筋混凝土造,1100611,130.37,3,2,2,有,有,6920000,53080,一樓平面,0.0,0,,RPRPMLPJIIGGFAT88DA,79.73,10.61,0.0,有,
屏東巿,房地(土地+建物)+車位,屏東縣屏東巿古松西巷３８５之６３號五樓之三,46.27,都市：其他:住宅區,,,1090808,土地1建物1車位1,五層,五層,華廈(10層含以下有電梯),住家用,鋼筋混凝土造,1100611,130.37,3,2,2,有,有,7250000,55611,一樓平面,0.0,0,,RPTPMLPJIIGGFAT09DA,79.73,10.61,0.0,有,
屏東巿,房地(土地+建物)+車位,屏東縣屏東巿古松西巷３８５之６３號三樓之五,49.83,都市：其他:住宅區,,,1090606,土地1建物1車位1,三層,五層,華廈(10層含以下有電梯),住家用,鋼筋混凝土造,1100611,140.86,3,2,2,有,有,7580000,53812,一樓平面,0.0,0,,RPWPMLPJIIGGFAT76DA,88.39,10.19,0.0,有,
屏東巿,房地(土地+建物)+車位,屏東縣屏東巿古松西巷３８５之６５號二樓之一,50.08,都市：其他:住宅區,,,1100116,土地1建物1車位1,二層,五層,華廈(10層含以下有電梯),住家用,鋼筋混凝土造,1100611,141.6,4,2,2,有,有,7930000,56003,一樓平面,0.0,0,,RPOOMLPJIIGGFAT48DA,88.39,10.19,0.0,有,
九如鄉,房地(土地+建物)+車位,屏東縣九如鄉九里路３３號四樓之二,45.88,都市：其他:住宅區,,,1100910,土地1建物1車位1,四層,五層,華廈(10層含以下有電梯),住家用,鋼筋混凝土造,1091207,120.02000000000001,3,2,2,有,有,5510000,45909,一樓平面,0.0,0,,RPRQMLRJIIGGFAT56DA,79.54,3.6,0.0,有,
內埔鄉,房地(土地+建物),屏東縣內埔鄉福泰路３之２號六樓,25.51,,鄉村區,乙種建築用地,1100823,土地1建物1車位0,六層,七層,華廈(10層含以下有電梯),住家用,鋼筋混凝土構造,1031217,100.97,3,3,3,有,有,4300000,42587,,0.0,0,,RPQOMLNKRHGGFCT96DA,49.5,6.9,0.0,有,022
內埔鄉,房地(土地+建物),屏東縣內埔鄉新勝路２９號,183.55,都市：其他:住宅區,,,1100914,土地2建物1車位0,全,三層,透天厝,住家用,鋼筋混凝土構造，鋼骨構造,1080503,243.42,4,2,3,有,無,7980000,32783,,0.0,0,,RPVNMLSLRHGGFCT97DA,230.46,12.96,0.0,無,
萬巒鄉,房地(土地+建物),屏東縣萬巒鄉民生路８４號,141.54,,鄉村區,乙種建築用地,1100831,土地1建物1車位0,全,三層,透天厝,住家用,鋼筋混凝土造,0830121,180.14,4,2,3,有,無,2800000,15543,,0.0,0,頂樓加蓋；其他增建；,RPTNMLSJRHGGFCT57DA,166.98,13.16,0.0,無,
新埤鄉,房地(土地+建物),屏東縣新埤鄉南興路４９之１號,256.0,,一般農業區,甲種建築用地,1100914,土地1建物1車位0,全,二層,透天厝,住家用,加強磚造,0720919,151.43,5,1,2,有,無,1600000,10566,,0.0,0,親友、員工、共有人或其他特殊關係間之交易；,RPQNMLSJIIGGFCT09DA,139.41,12.02,0.0,無,023
潮州鎮,土地,五魁段31地號,2702.73,,一般農業區,農牧用地,1100908,土地1建物0車位0,,,其他,,,,0.0,0,0,0,有,無,6600000,2442,,0.0,0,農作物；,RPRNMLSJIIGGFCT56DA,0.0,0.0,0.0,無,
新埤鄉,土地,新南段8地號,908.58,都市：其他:農業區,,,1100927,土地2建物0車位0,,,其他,,,,0.0,0,0,0,有,無,1500000,1651,,0.0,0,親友、員工、共有人或其他特殊關係間之交易；,RPVNMLOJIIGGFCT56DA,0.0,0.0,0.0,無,
潮州鎮,土地,八爺段905地號,1667.01,,一般農業區,農牧用地,1100729,土地1建物0車位0,,,其他,,,,0.0,0,0,0,有,無,3600000,2160,,0.0,0,,RPRNMLQJIIGGFCT98DA,0.0,0.0,0.0,無,
潮州鎮,土地,八爺段905-3地號,4365.0,,一般農業區,農牧用地,1100707,土地1建物0車位0,,,其他,,,,0.0,0,0,0,有,無,9000000,2062,,0.0,0,,RPSNMLQJIIGGFCT09DA,0.0,0.0,0.0,無,
潮州鎮,土地,八爺段905-2地號,2747.99,,一般農業區,農牧用地,1100901,土地2建物0車位0,,,其他,,,,0.0,0,0,0,有,無,5560000,2023,,0.0,0,,RPUNMLQJIIGGFCT66DA,0.0,0.0,0.0,無,
潮州鎮,土地,明德段1253地號,208.3,都市：其他:住宅區,,,1100909,土地1建物0車位0,,,其他,,,,0.0,0,0,0,有,無,3000000,14402,,0.0,0,,RPPNMLLKIIGGFCT38DA,0.0,0.0,0.0,無,
內埔鄉,房地(土地+建物),屏東縣內埔鄉壽比路２６１號四樓之２１,6.7,,鄉村區,乙種建築用地,1100930,土地1建物1車位0,四層,五層,華廈(10層含以下有電梯),住家用,鋼筋混凝土,0920501,22.55,1,1,1,有,有,415000,18404,,0.0,0,,RPPNMLMKIIGGFCT48DA,10.89,4.7,0.0,有,
內埔鄉,土地,早角段458地號,42.01,,一般農業區,農牧用地,1101028,土地1建物0車位0,,,其他,,,,0.0,0,0,0,有,無,66000,1571,,0.0,0,,RPSNMLMKIIGGFCT78DA,0.0,0.0,0.0,無,024
內埔鄉,土地,南寧段928地號,125.89,都市：其他:道路用地,,,1100716,土地2建物0車位0,,,其他,,,,0.0,0,0,0,有,無,3050000,24228,,0.0,0,,RPTNMLMKIIGGFCT88DA,0.0,0.0,0.0,無,
潮州鎮,土地,檨興段358地號,1424.84,,一般農業區,農牧用地,1100923,土地1建物0車位0,,,其他,,,,0.0,0,0,0,有,無,2420000,1698,,0.0,0,,RPWNMLMKIIGGFCT56DA,0.0,0.0,0.0,無,
內埔鄉,房地(土地+建物),屏東縣內埔鄉壽比路２３０號五樓之３,17.54,,鄉村區,乙種建築用地,1100806,土地1建物1車位0,五層,七層,華廈(10層含以下有電梯),住家用,鋼筋混凝土構造,1051104,59.52,2,1,2,有,有,2650000,44523,,0.0,0,,RPQNMLNKIIGGFCT68DA,32.65,4.73,0.0,有,025
崁頂鄉,土地,頂義段136地號,1861.47,都市：其他:農業區,,,1100830,土地6建物0車位0,,,其他,,,,0.0,0,0,0,有,無,5600000,3008,,0.0,0,,RPQNMLPJIIGGFDT88DA,0.0,0.0,0.0,無,
琉球鄉,土地,相埔段642-4地號,314.69,都市：其他:農業區,,,1100914,土地1建物0車位0,,,其他,,,,0.0,0,0,0,有,無,2855400,9074,,0.0,0,親友、員工、共有人或其他特殊關係間之交易；,RPRNMLPJIIGGFDT98DA,0.0,0.0,0.0,無,
東港鎮,土地,東新段60地號,2100.4,都市：其他:河道用地,,,1100121,土地5建物0車位0,,,其他,,,,0.0,0,0,0,有,無,20900000,9950,,0.0,0,,RPQNMLMKIIGGFDT68DA,0.0,0.0,0.0,無,
恆春鎮,土地,後壁湖段883地號,2604.98,,國家公園區,,1100806,土地1建物0車位0,,,其他,,,,0.0,0,0,0,有,無,4690000,1800,,0.0,0,,RPSNMLNKIIGGFET09DA,0.0,0.0,0.0,無,026
枋寮鄉,房地(土地+建物),屏東縣枋寮鄉民族路１３號,175.79,都市：其他:住宅區,,,1100824,土地3建物1車位0,全,二層,透天厝,住商用,加強磚造,0710106,73.32,3,2,2,有,無,4500000,61375,,0.0,0,未登記建物；包含公共設施保留地用地；,RPSNMLMKIIGGFFT09DA,73.32,0.0,0.0,無,
恆春鎮,土地,頂水泉段358地號,16.31,,國家公園區,,1100929,土地1建物0車位0,,,其他,,,,0.0,0,0,0,有,無,296000,18148,,0.0,0,,RPPNMLMKIIGGFET68DA,0.0,0.0,0.0,無,027
車城鄉,土地,保力段山腳小段45-1地號,3176.0,,一般農業區,農牧用地,1100924,土地1建物0車位0,,,其他,,,,0.0,0,0,0,有,無,4760000,1499,,0.0,0,,RPQNMLMKIIGGFET78DA,0.0,0.0,0.0,無,
屏東巿,房地(土地+建物),屏東縣屏東巿廣東路９５４巷３弄９號,102.0,都市：其他:住宅區,,,1100821,土地1建物1車位0,全,二層,透天厝,住家用,加強磚造,0740624,142.34,5,2,3,有,無,6350000,44611,,0.0,0,,RPOOMLMKIIGGFAT38EA,125.48,16.86,0.0,無,
東港鎮,土地,東新段74地號,969.98,都市：其他:乙種工業區,,,1100929,土地3建物0車位0,,,其他,,,,0.0,0,0,0,有,無,4560000,4701,,0.0,0,親友、員工、共有人或其他特殊關係間之交易；,RPVNMLPJIIGGFDT86EA,0.0,0.0,0.0,無,
枋寮鄉,土地,新開村段684地號,1492.48,,一般農業區,農牧用地,1100929,土地1建物0車位0,,,其他,,,,0.0,0,0,0,有,無,1200000,804,,0.0,0,農作物；,RPRNMLMKIIGGFFT09EA,0.0,0.0,0.0,無,
潮州鎮,土地,八爺段99地號,197.93,,一般農業區,農牧用地,1100927,土地5建物0車位0,,,其他,,,,0.0,0,0,0,有,無,600000,3031,,0.0,0,親友、員工、共有人或其他特殊關係間之交易；,RPVNMLPJIIGGFCT76EA,0.0,0.0,0.0,無,
潮州鎮,房地(土地+建物)+車位,屏東縣潮州鎮三德路２５號三樓之２７,11.94,都市：其他:住宅區,,,1100812,土地1建物1車位1,三層,八層,華廈(10層含以下有電梯),住家用,鋼筋混凝土造,0830120,80.97,2,1,1,有,有,3500000,43226,坡道平面,0.0,0,,RPQOMLMKIIGGFCT78EA,59.2,3.9,0.0,有,
屏東巿,房地(土地+建物)+車位,屏東縣屏東巿崇德一路１９１號二樓之三,35.16,都市：其他:住宅區,,,1100830,土地1建物1車位1,二層,六層,華廈(10層含以下有電梯),住家用,鋼筋混凝土造,0861016,146.37,3,2,2,有,有,5450000,37234,一樓平面,0.0,0,,RPWNMLMKIIGGFAT09EA,97.56,13.28,0.0,有,
高樹鄉,土地,加蚋埔段331-46地號,3000.0,,山坡地保育區,農牧用地,1100826,土地2建物0車位0,,,其他,,,,0.0,0,0,0,有,無,3800000,1267,,0.0,0,,RPRNMLNKIIGGFBT78EA,0.0,0.0,0.0,無,028
內埔鄉,房地(土地+建物),屏東縣內埔鄉南山路８８號三樓之２９,5.69,,鄉村區,乙種建築用地,1100914,土地1建物1車位0,三層,六層,華廈(10層含以下有電梯),其他,鋼筋混凝土造,0930712,20.14,1,1,1,有,有,560000,27805,,0.0,0,,RPPOMLNKIIGGFCT78EA,12.7,0.0,0.0,有,
九如鄉,土地,九明段334地號,2500.0,,一般農業區,農牧用地,1100527,土地1建物0車位0,,,其他,,,,0.0,0,0,0,有,無,4000000,1600,,0.0,0,,RPRNMLNKIIGGFAT68EA,0.0,0.0,0.0,無,
屏東巿,土地,光明段113地號,230.16,都市：其他:道路用地,,,1100910,土地3建物0車位0,,,其他,,,,0.0,0,0,0,有,無,24500000,106448,,0.0,0,未登記建物；,RPSNMLNKIIGGFAT78EA,0.0,0.0,0.0,無,
長治鄉,房地(土地+建物),屏東縣長治鄉香楊路１巷３６弄２號,77.0,都市：其他:住宅區,,,1100904,土地1建物1車位0,全,四層,透天厝,住家用,鋼筋混凝土造,0840622,190.73,6,2,4,有,無,8000000,41944,,0.0,0,,RPQOMLNKIIGGFAT68EA,183.43,7.3,0.0,無,029
萬丹鄉,土地,崙頂段34地號,1750.0,,一般農業區,農牧用地,1100915,土地1建物0車位0,,,其他,,,,0.0,0,0,0,有,無,5000000,2857,,0.0,0,農作物；,RPSNMLOKIIGGFAT88EA,0.0,0.0,0.0,無,
恆春鎮,房地(土地+建物),屏東縣恆春鎮復興路１１２巷１１弄１３號三樓,24.82,都市：其他:住宅區,,,1100927,土地1建物1車位0,三層,七層,華廈(10層含以下有電梯),住家用,鋼筋混凝土造,0830928,133.07,3,2,2,有,有,4250000,31938,,0.0,0,,RPPNMLNKIIGGFET78DA,85.94,11.93,0.0,有,030
東港鎮,土地,大鵬段850-11地號,988.95,都市：其他:遊憩區,,,1100709,土地4建物0車位0,,,其他,,,,0.0,0,0,0,有,無,14957700,15125,,0.0,0,標的無水面部分,RPQNMLSJIIGGFDT56DA,0.0,0.0,0.0,無,
東港鎮,土地,大鵬段850-8地號,599.94,都市：其他:遊憩區,,,1100709,土地2建物0車位0,,,其他,,,,0.0,0,0,0,有,無,9074024,15125,,0.0,0,標的無水面部分,RPRNMLSJIIGGFDT66DA,0.0,0.0,0.0,無,
林邊鄉,土地,下庄段43地號,6334.43,,一般農業區,農牧用地,1100827,土地1建物0車位0,,,其他,,,,0.0,0,0,0,有,無,8947000,1412,,0.0,0,,RPQNMLNKIIGGFDT78DA,0.0,0.0,0.0,無,031
車城鄉,房地(土地+建物)+車位,屏東縣車城鄉龍井路１之２０號５樓之９,38.82,,鄉村區,乙種建築用地,1100903,土地1建物1車位1,五層,五層,公寓(5樓含以下無電梯),住家用,鋼筋混凝土構造　　,1060705,143.97,2,2,2,有,無,5600000,38897,一樓平面,0.0,0,,RPSNMLRLRHGGFET77DA,89.03,16.22,0.0,無,
新園鄉,房地(土地+建物),屏東縣新園鄉仙吉路１４５號,195.7,都市：其他:住宅區,,,1100917,土地2建物2車位0,全,二層,透天厝,其他,,0620710,191.37,8,4,6,有,無,3241780,16940,,0.0,0,親友、員工、共有人或其他特殊關係間之交易；,RPWNMLPJIIGGFDT86DA,191.37,0.0,0.0,無,
崁頂鄉,土地,頂愛段444-1地號,3327.51,,一般農業區,農牧用地,1100604,土地1建物0車位0,,,其他,,,,0.0,0,0,0,有,無,7000000,2104,,0.0,0,,RPRNMLLJIIGGFDT58DA,0.0,0.0,0.0,無,032
林邊鄉,土地,鎮林段3-1地號,79.25,,,,1100924,土地1建物0車位0,,,其他,,,,0.0,0,0,0,有,無,427158,5390,,0.0,0,政府機關標讓售；,RPSNMLOJIIGGFDT98DA,0.0,0.0,0.0,無,
潮州鎮,土地,四春段1068地號,1958.42,,一般農業區,農牧用地,1100830,土地1建物0車位0,,,其他,,,,0.0,0,0,0,有,無,7500000,3830,,0.0,0,,RPSNMLNKIIGGFCT88DA,0.0,0.0,0.0,無,033
潮州鎮,房地(土地+建物)+車位,屏東縣潮州鎮介壽路３３７號三樓,45.02,,鄉村區,乙種建築用地,1100902,土地1建物1車位1,三層,五層,公寓(5樓含以下無電梯),住家用,鋼筋混凝土構造,1100315,135.67000000000002,3,1,2,有,無,6420000,47321,一樓平面,0.0,0,,RPOOMLMKIIGGFCT48DA,81.64,10.39,0.0,無,034
內埔鄉,房地(土地+建物),屏東縣內埔鄉永田路８５號,86.77,,一般農業區,甲種建築用地,1100923,土地1建物1車位0,全,三層,透天厝,住家用,鋼筋混凝土造,0830322,164.61,4,2,3,有,無,3600000,21870,,0.0,0,親友、員工、共有人或其他特殊關係間之交易；,RPROMLMKIIGGFCT78DA,149.04,15.57,0.0,無,
潮州鎮,房地(土地+建物),屏東縣潮州鎮光輪路１００號,79.51,都市：其他:道路用地,,,1100823,土地2建物1車位0,全,三層,透天厝,住家用,鋼筋混凝土造,0801123,148.84,3,2,3,有,無,6200000,41655,,0.0,0,,RPSOMLSJIIGGFCT76DA,145.68,3.16,0.0,無,
琉球鄉,土地,花矸段286地號,16.52,都市：其他:機關用地,,,1100914,土地1建物0車位0,,,其他,,,,0.0,0,0,0,有,無,280000,16949,,0.0,0,親友、員工、共有人或其他特殊關係間之交易；,RPPNMLSKRHGGFDT37DA,0.0,0.0,0.0,無,035
內埔鄉,土地,隘寮段488-13地號,462.0,,鄉村區,乙種建築用地,1100311,土地2建物0車位0,,,其他,,,,0.0,0,0,0,有,無,2200000,4762,,0.0,0,未登記建物；,RPSOMLLJIIGGFCT68DA,0.0,0.0,0.0,無,
長治鄉,房地(土地+建物),屏東縣長治鄉中興路５６６之９號,92.74,,鄉村區,乙種建築用地,1100928,土地2建物1車位0,全,四層,透天厝,住商用,鋼筋混凝土造,1010619,253.73,4,1,5,有,無,12000000,47294,,0.0,0,,RPQOMLMKIIGGFAT48DA,228.75,24.98,0.0,無,036
九如鄉,房地(土地+建物),屏東縣九如鄉九里路３３號二樓之二,45.88,都市：其他:住宅區,,,1100910,土地1建物1車位0,二層,五層,華廈(10層含以下有電梯),住家用,鋼筋混凝土造,1091207,120.02000000000001,3,2,2,有,有,5680000,47325,,0.0,0,,RPSQMLRJIIGGFAT66DA,79.54,3.6,0.0,有,
屏東巿,房地(土地+建物),屏東縣屏東巿金城街５５巷６４號,69.96,,鄉村區,乙種建築用地,1100901,土地1建物1車位0,全,三層,透天厝,住商用,鋼筋混凝土造,0701231,102.43,2,1,2,有,無,2000000,19526,,0.0,0,,RPPRMLPJIIGGFAT88DA,102.43,0.0,0.0,無,
屏東巿,房地(土地+建物)+車位,屏東縣屏東巿古松西巷３８５之６５號三樓之三,36.94,都市：其他:住宅區,,,1090522,土地1建物1車位1,三層,五層,華廈(10層含以下有電梯),住家用,鋼筋混凝土造,1100611,104.94999999999999,2,2,2,有,有,5930000,56503,一樓平面,0.0,0,,RPOQMLPJIIGGFAT68DA,60.96,9.45,0.0,有,
屏東巿,房地(土地+建物)+車位,屏東縣屏東巿古松西巷３８５之６５號五樓之三,36.94,都市：其他:住宅區,,,1100522,土地1建物1車位1,五層,五層,華廈(10層含以下有電梯),住家用,鋼筋混凝土造,1100611,104.94999999999999,2,2,2,有,有,5730000,54597,一樓平面,0.0,0,,RPQQMLPJIIGGFAT88DA,60.96,9.45,0.0,有,
屏東巿,房地(土地+建物)+車位,屏東縣屏東巿古松西巷３８５之６５號五樓之二,46.51,都市：其他:住宅區,,,1090822,土地1建物1車位1,五層,五層,華廈(10層含以下有電梯),住家用,鋼筋混凝土造,1100611,131.05,3,2,2,有,有,7270000,55475,一樓平面,0.0,0,,RPVPMLPJIIGGFAT66DA,79.73,10.61,0.0,有,
屏東巿,房地(土地+建物)+車位,屏東縣屏東巿古松西巷３８５之６５號四樓之二,46.51,都市：其他:住宅區,,,1090607,土地1建物1車位1,四層,五層,華廈(10層含以下有電梯),住家用,鋼筋混凝土造,1100611,131.05,3,2,2,有,有,6960000,53110,一樓平面,0.0,0,,RPSPMLPJIIGGFAT98DA,79.73,10.61,0.0,有,
屏東巿,房地(土地+建物),屏東縣屏東巿公德街９號,96.0,都市：其他:住宅區,,,1100906,土地1建物1車位0,全,四層,透天厝,住家用,鋼筋混凝土造,0900402,205.38,6,2,3,有,無,1920000,9349,,0.0,0,親友、員工、共有人或其他特殊關係間之交易；,RPWNMLSJIIGGFAT86DA,205.38,0.0,0.0,無,
屏東巿,房地(土地+建物),屏東縣屏東巿棒球路３４號,19.98,都市：其他:住宅區,,,1100628,土地1建物1車位0,一層，二層，騎樓,十六層,住宅大樓(11層含以上有電梯),住商用,鋼筋混凝土造,0830701,160.18,4,2,3,有,有,8000000,49944,,0.0,0,,RPQNMLNKIIGGFAT48DA,136.36,6.52,0.0,有,
屏東巿,房地(土地+建物),屏東縣屏東巿公裕街３５３巷３６號,5.92,都市：其他:住宅區,,,1100927,土地1建物1車位0,一層,四層,華廈(10層含以下有電梯),辦公用,鋼筋混凝土造,0970305,14.61,1,1,1,有,有,800000,54757,,0.0,0,,RPTNMLNKIIGGFAT78DA,6.27,3.51,0.0,有,037
高樹鄉,土地,源泉段912地號,1069.98,,一般農業區,農牧用地,1100430,土地1建物0車位0,,,其他,,,,0.0,0,0,0,有,無,2200000,2056,,0.0,0,此金額包含源泉段913及914地號國有地轉讓權,RPPNMLNKIIGGFBT48DA,0.0,0.0,0.0,無,
屏東巿,房地(土地+建物)+車位,屏東縣屏東巿古松西巷３８５之６５號三樓之二,46.51,都市：其他:住宅區,,,1090705,土地1建物1車位1,三層,五層,華廈(10層含以下有電梯),住家用,鋼筋混凝土造,1100611,131.05,3,2,2,有,有,7200000,54941,一樓平面,0.0,0,,RPQPMLPJIIGGFAT78DA,79.73,10.61,0.0,有,
屏東巿,房地(土地+建物)+車位,屏東縣屏東巿古松西巷３８５之６５號三樓之五,49.42,都市：其他:住宅區,,,1100417,土地1建物1車位1,三層,五層,華廈(10層含以下有電梯),住家用,鋼筋混凝土造,1100611,140.13,3,2,2,有,有,7600000,54235,一樓平面,0.0,0,,RPXNMLPJIIGGFAT66DA,87.29,10.24,0.0,有,
屏東巿,房地(土地+建物),屏東縣屏東巿崇安街８巷２６號,111.0,都市：其他:住宅區,,,1100901,土地1建物1車位0,全,二層,透天厝,住家用,鋼筋混凝土加強磚造,,107.88,5,5,5,有,無,4700000,43567,,0.0,0,,RPOOMLRLRHGGFAT07DA,107.88,0.0,0.0,無,
九如鄉,房地(土地+建物),屏東縣九如鄉三環路１０４巷４１號,81.68,,鄉村區,乙種建築用地,1100823,土地2建物1車位0,全,三層,透天厝,住家用,鋼筋混凝土造,0840908,110.7,3,2,3,有,無,4060000,36676,,0.0,0,其他增建；,RPWNMLOLQHGGFAT37DA,103.2,7.5,0.0,無,
屏東巿,房地(土地+建物),屏東縣屏東巿廣東路４０９巷２５號,57.0,都市：其他:住宅區,,,1100828,土地1建物1車位0,全,三層,透天厝,住家用,鋼筋混凝土造,,105.51,4,1,3,有,無,4300000,40754,,0.0,0,其他增建；,RPWNMLMJRHGGFAT07DA,105.51,0.0,0.0,無,
屏東巿,土地,清溪段903-4地號,2985.0,,特定農業區,丁種建築用地,1100804,土地2建物0車位0,,,其他,,,,0.0,0,0,0,有,無,55983675,18755,,0.0,0,,RPWNMLQJQHGGFAT37DA,0.0,0.0,0.0,無,
萬丹鄉,房地(土地+建物),屏東縣萬丹鄉和平東路９巷７號,1283.3,都市：其他:住宅區,,,1091108,土地5建物1車位0,全,一層,透天厝,商業用,鋼筋混凝土加強磚造,,519.75,1,0,1,有,無,50465000,97095,,0.0,0,本買賣總價款以土地每坪13萬計算之金額計50465000元地上建物萬丹鄉和平東路939巷7號不計價但以買賣方式登記予買方。因地上建物老舊不堪使用。,RPWNMLTKPHGGFAT67DA,519.75,0.0,0.0,無,
屏東巿,房地(土地+建物),屏東縣屏東巿大武路２０９號,109.45,都市：其他:住宅區,,,1100906,土地1建物1車位0,全,三層,透天厝,住家用,鋼筋混凝土造,1091123,223.35,5,2,5,有,無,20100000,89993,,0.0,0,,RPUNMLOKRHGGFAT17DA,213.41,9.94,0.0,無,
屏東巿,房地(土地+建物),屏東縣屏東巿長春街２５之４號,62.33,都市：其他:住宅區,,,1100905,土地1建物1車位0,三層,五層,公寓(5樓含以下無電梯),住家用,鋼筋混凝土造,0781124,104.41,4,2,2,有,無,2600000,24902,,0.0,0,,RPSNMLSJRHGGFAT27DA,97.33,0.0,0.0,無,038
麟洛鄉,土地,麟仁段1024地號,388.87,都市：其他:農業區,,,1100922,土地1建物0車位0,,,其他,,,,0.0,0,0,0,有,無,855514,2200,,0.0,0,親友、員工、共有人或其他特殊關係間之交易；未登記建物；瑕疵物件；,RPQQMLRLRHGGFAT47DA,0.0,0.0,0.0,無,
屏東巿,房地(土地+建物)+車位,屏東縣屏東巿廣東路１４３０之２號三樓之一,20.58,都市：其他:住宅區,,,1100916,土地1建物1車位1,三層,十四層,住宅大樓(11層含以上有電梯),住家用,鋼筋混凝土造,1070315,91.28999999999999,2,1,1,有,有,5100000,55866,坡道機械,15.91,0,,RPXNMLTLRHGGFAT08DA,45.23,8.1,0.0,有,039
屏東巿,房地(土地+建物),屏東縣屏東巿青島街１８４號,52.0,都市：其他:住宅區,,,1100917,土地1建物1車位0,全,二層,透天厝,住商用,鋼筋混凝土加強磚造,,86.24,3,1,1,有,無,1600000,18553,,0.0,0,親友、員工、共有人或其他特殊關係間之交易；,RPPOMLLJIIGGFAT18DA,86.24,0.0,0.0,無,
九如鄉,土地,九智段92地號,466.12,都市：其他:農業區,,,1100916,土地1建物0車位0,,,其他,,,,0.0,0,0,0,有,無,2500000,5363,,0.0,0,含地政士服務費；其他；,RPTNMLOJIIGGFAT78DA,0.0,0.0,0.0,無,040
長治鄉,房地(土地+建物),屏東縣長治鄉長興路４７６之１號,221.15,都市：其他:住宅區,,,1100913,土地2建物1車位0,全,一層,透天厝,住家用,磚造,0580120,82.82,8,2,2,有,無,7000000,84521,,0.0,0,親友、員工、共有人或其他特殊關係間之交易；其他增建；,RPOPMLPJIIGGFAT58DA,82.82,0.0,0.0,無,
屏東巿,房地(土地+建物),屏東縣屏東巿大豐路３５巷４７號,202.0,都市：其他:農業區,,,1100301,土地1建物1車位0,全,二層,透天厝,住家用,鋼筋混凝土造,1100709,183.45,4,2,3,有,無,14500000,79041,,0.0,0,,RPXOMLOKIIGGFAT76DA,175.08,8.37,0.0,無,
麟洛鄉,土地,麟忠段235-1地號,151.44,,一般農業區,丁種建築用地,1101013,土地4建物0車位0,,,其他,,,,0.0,0,0,0,有,無,1911981,12625,,0.0,0,協議價購；,RPRQMLPJIIGGFAT98DA,0.0,0.0,0.0,無,
麟洛鄉,土地,麟忠段267-1地號,40.41,,一般農業區,水利用地,1101013,土地3建物0車位0,,,其他,,,,0.0,0,0,0,有,無,243673,6030,,0.0,0,協議價購；,RPTQMLPJIIGGFAT56DA,0.0,0.0,0.0,無,
長治鄉,房地(土地+建物),屏東縣長治鄉福德街２之１０號,3424.37,,一般農業區,特定目的事業用地,1100729,土地1建物1車位0,全,二層,透天厝,辦公用,加強磚構造、鋼鐵構造有牆、鋼鐵構造無牆,0990511,1455.51,15,2,5,有,無,11100000,7626,,0.0,0,其他增建；,RPXNMLQJIIGGFAT76DA,1424.08,31.43,0.0,無,041
萬丹鄉,房地(土地+建物),屏東縣萬丹鄉寶田路１０巷１３５號,3344.0,,特定農業區,農牧用地,1100817,土地1建物1車位0,全,二層,透天厝,其他,鋼骨構造、鋼鐵構造有牆,1100315,2589.18,0,0,0,無,無,24500000,9462,,0.0,0,農業設施；,RPTNMLRJIIGGFAT09DA,2589.18,0.0,0.0,無,
內埔鄉,房地(土地+建物),屏東縣內埔鄉建文路２之６號,93.86,,工業區,丁種建築用地,1100730,土地2建物1車位0,全,三層,透天厝,住家用,鋼筋混凝土構造,1100621,149.56,4,2,3,有,無,6800000,45467,,0.0,0,,RPOPMLSLRHGGFCT47DA,137.05,12.51,0.0,無,
竹田鄉,房地(土地+建物),屏東縣竹田鄉永興路５９之１５號,2953.0,,特定農業區,農牧用地,1100201,土地1建物2車位0,全,一層,透天厝,工業用,鋼鐵造、加強磚造,0920717,2147.73,5,2,3,有,無,18200000,8474,,0.0,0,新田段700建號為農業設施,RPWNMLRKRHGGFCT87DA,2147.73,0.0,0.0,無,
內埔鄉,房地(土地+建物)+車位,屏東縣內埔鄉海平路４６之２０號四樓之３,55.01,,鄉村區,乙種建築用地,1100914,土地2建物1車位1,四層,五層,華廈(10層含以下有電梯),住家用,鋼筋混凝土構造,1100422,132.5,3,2,2,有,有,4500000,33962,一樓平面,0.0,0,,RPROMLNKRHGGFCT07DA,86.49,7.08,0.0,有,
內埔鄉,土地,忠心崙段455地號,53.0,,鄉村區,乙種建築用地,1100826,土地1建物0車位0,,,其他,,,,0.0,0,0,0,有,無,100000,1887,,0.0,0,,RPTNMLRJRHGGFCT47DA,0.0,0.0,0.0,無,
潮州鎮,房地(土地+建物),屏東縣潮州鎮三德路２５號五樓之１６,22.69,都市：其他:住宅區,,,1100831,土地1建物1車位0,五層,八層,華廈(10層含以下有電梯),住家用,鋼筋混凝土造,0830120,154.62,4,2,2,有,有,3500000,22636,,0.0,0,,RPWNMLKKRHGGFCT17DA,103.57,17.46,0.0,有,042
內埔鄉,房地(土地+建物),屏東縣內埔鄉建文路３之１號,83.9,,工業區,丁種建築用地,1100718,土地1建物1車位0,全,三層,透天厝,住家用,鋼筋混凝土構造,1100629,156.69,4,2,3,有,無,6600000,42121,,0.0,0,,RPVQMLSLRHGGFCT28DA,143.05,13.64,0.0,無,
內埔鄉,房地(土地+建物),屏東縣內埔鄉建文路１之１號,95.11,,工業區,丁種建築用地,1100709,土地2建物1車位0,全,三層,透天厝,住家用,鋼筋混凝土構造,1100621,149.56,4,2,3,有,無,6500000,43461,,0.0,0,,RPQPMLSLRHGGFCT67DA,137.05,12.51,0.0,無,
內埔鄉,房地(土地+建物),屏東縣內埔鄉建文路１之３號,91.5,,工業區,丁種建築用地,1100803,土地2建物1車位0,全,三層,透天厝,住家用,鋼筋混凝土構造,1100621,149.61,4,2,3,有,無,6500000,43446,,0.0,0,,RPSPMLSLRHGGFCT87DA,137.05,12.56,0.0,無,
內埔鄉,房地(土地+建物),屏東縣內埔鄉建文路１之５號,93.87,,工業區,丁種建築用地,1100803,土地2建物1車位0,全,三層,透天厝,住家用,鋼筋混凝土構造,1100621,149.7,4,2,3,有,無,6500000,43420,,0.0,0,,RPUPMLSLRHGGFCT08DA,137.22,12.48,0.0,無,
新埤鄉,土地,新東段635地號,198.11,都市：其他:農業區,,,1100927,土地1建物0車位0,,,其他,,,,0.0,0,0,0,有,無,500000,2524,,0.0,0,親友、員工、共有人或其他特殊關係間之交易；,RPWNMLOJIIGGFCT66DA,0.0,0.0,0.0,無,
新園鄉,房地(土地+建物),屏東縣新園鄉興安路１巷３５號,57.0,,鄉村區,乙種建築用地,1100802,土地1建物1車位0,全,二層,透天厝,住家用,鋼筋混凝土造,0651216,95.16,3,2,1,有,無,1550000,16288,,0.0,0,,RPVNMLQLQHGGFDT77DA,95.16,0.0,0.0,無,
萬巒鄉,房地(土地+建物),屏東縣萬巒鄉建興路３１之５７號,70.03,,鄉村區,乙種建築用地,1100910,土地1建物1車位0,全,三層,透天厝,住家用,鋼筋混凝土造,0840117,137.41,4,1,2,有,無,2200000,16010,,0.0,0,,RPQNMLSKIIGGFCT56DA,113.4,24.01,0.0,無,
潮州鎮,土地,榮田段1460地號,1311.66,都市：其他:工業區,,,1100901,土地3建物0車位0,,,其他,,,,0.0,0,0,0,有,無,17854000,13612,,0.0,0,,RPPNMLPKIIGGFCT78DA,0.0,0.0,0.0,無,
萬巒鄉,土地,頭溝水段435-2地號,2737.42,,一般農業區,農牧用地,1100910,土地2建物0車位0,,,其他,,,,0.0,0,0,0,有,無,4500000,1644,,0.0,0,,RPVNMLNKIIGGFCT56DA,0.0,0.0,0.0,無,
內埔鄉,土地,忠心崙段49-45地號,2839.29,,一般農業區,農牧用地,1100726,土地4建物0車位0,,,其他,,,,0.0,0,0,0,有,無,6300000,2219,,0.0,0,,RPQNMLOKIIGGFCT78DA,0.0,0.0,0.0,無,043
萬巒鄉,土地,赤山段一小段190-6地號,1374.75,,特定農業區,農牧用地,1100919,土地7建物0車位0,,,其他,,,,0.0,0,0,0,有,無,3000000,2182,,0.0,0,,RPRNMLOKIIGGFCT88DA,0.0,0.0,0.0,無,
潮州鎮,土地,國中段426地號,165.56,都市：其他:住宅區,,,1101001,土地2建物0車位0,,,其他,,,,0.0,0,0,0,有,無,4000000,24160,,0.0,0,,RPSNMLOKIIGGFCT98DA,0.0,0.0,0.0,無,
潮州鎮,房地(土地+建物),屏東縣潮州鎮三星路２０號二樓之七,21.16,都市：其他:住宅區,,,1100911,土地1建物1車位0,二層,七層,華廈(10層含以下有電梯),住家用,鋼筋混凝土造,0831108,117.25,3,1,2,有,有,2650000,22601,,0.0,0,,RPTNMLOKIIGGFCT09DA,74.87,13.74,0.0,有,044
東港鎮,土地,大鵬段850-14地號,988.92,都市：其他:遊憩區,,,1100709,土地4建物0車位0,,,其他,,,,0.0,0,0,0,有,無,14957200,15125,,0.0,0,標的無水面部分,RPPNMLSJIIGGFDT09DA,0.0,0.0,0.0,無,
東港鎮,土地,船頭段228地號,2186.03,都市：其他:乙種工業區,,,1100927,土地2建物0車位0,,,其他,,,,0.0,0,0,0,有,無,28240352,12919,,0.0,0,,RPPNMLMKIIGGFDT58DA,0.0,0.0,0.0,無,
東港鎮,土地,船頭段231地號,158.26,都市：其他:綠地,,,1100927,土地1建物0車位0,,,其他,,,,0.0,0,0,0,有,無,759648,4800,,0.0,0,,SPPNMLMKIIGGFDT68DA,0.0,0.0,0.0,無,
新園鄉,土地,新房段676地號,116.04,,一般農業區,農牧用地,1101009,土地1建物0車位0,,,其他,,,,0.0,0,0,0,有,無,250000,2154,,0.0,0,,RPXNMLNKIIGGFDT86DA,0.0,0.0,0.0,無,045
東港鎮,土地,三隆段1189地號,2375.79,,一般農業區,農牧用地,1100911,土地1建物0車位0,,,其他,,,,0.0,0,0,0,有,無,8260000,3477,,0.0,0,,RPRNMLMKIIGGFDT78DA,0.0,0.0,0.0,無,046
長治鄉,土地,進興段1132-2地號,5569.53,,一般農業區,農牧用地,1100929,土地1建物0車位0,,,其他,,,,0.0,0,0,0,有,無,26500000,4758,,0.0,0,農業設施；,RPTNMLOKIIGGFAT98EA,0.0,0.0,0.0,無,
萬丹鄉,房地(土地+建物),屏東縣萬丹鄉萬新路１４０２號,83.0,都市：其他:住宅區,,,1100914,土地1建物1車位0,全,二層,透天厝,住商用,鋼筋混凝土造,0690603,107.6,3,2,3,有,無,1500000,13941,,0.0,0,親友、員工、共有人或其他特殊關係間之交易；,RPXNMLOKIIGGFAT76EA,107.6,0.0,0.0,無,
九如鄉,土地,九清段708地號,3401.0,,一般農業區,農牧用地,1100923,土地2建物0車位0,,,其他,,,,0.0,0,0,0,有,無,13263900,3900,,0.0,0,,RPQOMLOKIIGGFAT78EA,0.0,0.0,0.0,無,
九如鄉,土地,九明段333地號,306.88,,一般農業區,農牧用地,1100930,土地1建物0車位0,,,其他,,,,0.0,0,0,0,有,無,490000,1597,,0.0,0,親友、員工、共有人或其他特殊關係間之交易；農作物；,RPUOMLOKIIGGFAT56EA,0.0,0.0,0.0,無,
九如鄉,土地,九智段632-3地號,140.47,都市：其他:住宅區,,,1101004,土地2建物0車位0,,,其他,,,,0.0,0,0,0,有,無,5375263,38266,,0.0,0,,RPVOMLOKIIGGFAT66EA,0.0,0.0,0.0,無,
九如鄉,土地,九智段632-2地號,177.31,都市：其他:住宅區,,,1101004,土地3建物0車位0,,,其他,,,,0.0,0,0,0,有,無,6784991,38266,,0.0,0,,RPWOMLOKIIGGFAT76EA,0.0,0.0,0.0,無,
屏東巿,土地,玉成段757地號,2645.4,,特定農業區,農牧用地,1100916,土地1建物0車位0,,,其他,,,,0.0,0,0,0,有,無,11726100,4433,,0.0,0,,RPRQMLOKIIGGFAT09EA,0.0,0.0,0.0,無,
枋寮鄉,土地,新開村段194地號,101.15,,鄉村區,乙種建築用地,1100915,土地1建物0車位0,,,其他,,,,0.0,0,0,0,有,無,888000,8779,,0.0,0,地清或未辦繼承標售；,RPQNMLSKIIGGFFT86DA,0.0,0.0,0.0,無,
長治鄉,土地,水源段350地號,3123.78,,鄉村區,乙種建築用地,1100818,土地1建物0車位0,,,其他,,,,0.0,0,0,0,有,無,26458320,8470,,0.0,0,農作物；,RPQNMLMKIIGGFAT48EA,0.0,0.0,0.0,無,
長治鄉,土地,水源段601地號,3096.11,,鄉村區,乙種建築用地,1100830,土地1建物0車位0,,,其他,,,,0.0,0,0,0,有,無,24149658,7800,,0.0,0,,RPRNMLMKIIGGFAT58EA,0.0,0.0,0.0,無,
屏東巿,土地,大連段13-32地號,1294.87,工,,,1100120,土地3建物0車位0,,,其他,,,,0.0,0,0,0,有,無,23502000,18150,,0.0,0,,RPXNMLMKIIGGFAT56EA,0.0,0.0,0.0,無,
內埔鄉,房地(土地+建物),屏東縣內埔鄉大新路７１３號,84.73,,鄉村區,乙種建築用地,1100904,土地1建物1車位0,全,二層,透天厝,住家用,加強磚造,0740708,87.6,4,2,2,有,無,2800000,31963,,0.0,0,頂樓加蓋；其他增建；,RPOOMLNKIIGGFCT68EA,87.6,0.0,0.0,無,
fa72埔鄉,土地,興愛段664地號,165.2,,一般農業區,農牧用地,1100924,土地1建物0車位0,,,其他,,,,0.0,0,0,0,有,無,141000,854,,0.0,0,親友、員工、共有人或其他特殊關係間之交易；,RPSNMLPKIIGGFBT09EA,0.0,0.0,0.0,無,
潮州鎮,土地,檨興段1131-1地號,59.69,都市：其他:,一般農業區,農牧用地,1100902,土地1建物0車位0,,,其他,,,,0.0,0,0,0,有,無,50000,838,,0.0,0,畸零地或有合併使用效益；,RPTNMLPKIIGGFCT66EA,0.0,0.0,0.0,無,
新埤鄉,土地,萬隆段1019地號,5280.61,,一般農業區,農牧用地,1100917,土地1建物0車位0,,,其他,,,,0.0,0,0,0,有,無,12000000,2272,,0.0,0,未登記建物；,RPUNMLPKIIGGFCT76EA,0.0,0.0,0.0,無,047
潮州鎮,土地,崙新段813地號,352.83,,鄉村區,乙種建築用地,1100922,土地2建物0車位0,,,其他,,,,0.0,0,0,0,有,無,1000000,2834,,0.0,0,親友、員工、共有人或其他特殊關係間之交易；未登記建物；,RPQOMLPKIIGGFCT09EA,0.0,0.0,0.0,無,
枋山鄉,土地,加祿段374地號,401.95,,一般農業區,農牧用地,1101012,土地1建物0車位0,,,其他,,,,0.0,0,0,0,有,無,320000,796,,0.0,0,親友、員工、共有人或其他特殊關係間之交易；農作物；,RPSNMLPKIIGGFFT86EA,0.0,0.0,0.0,無,
屏東巿,土地,檳榔腳段一小段420-5地號,247.0,都市：其他:住宅區,,,1100916,土地2建物0車位0,,,其他,,,,0.0,0,0,0,有,無,20671430,83690,,0.0,0,政府機關標讓售；,RPROMLPKIIGGFAT98EA,0.0,0.0,0.0,無,
屏東巿,房地(土地+建物),屏東縣屏東巿廣東路７４４巷８１號,102.0,都市：其他:住宅區,,,1100812,土地1建物1車位0,全,二層,透天厝,住家用,加強磚造,0691202,98.06,4,2,2,有,無,6000000,61187,,0.0,0,頂樓加蓋；其他增建；,RPRPMLPKIIGGFAT09EA,98.06,0.0,0.0,無,048
長治鄉,土地,水源段966地號,592.61,,鄉村區,乙種建築用地,1101012,土地1建物0車位0,,,其他,,,,0.0,0,0,0,有,無,6000000,10125,,0.0,0,親友、員工、共有人或其他特殊關係間之交易；,RPPNMLSKIIGGFAT98EA,0.0,0.0,0.0,無,
屏東巿,房地(土地+建物),屏東縣屏東巿廣東路４０９巷２８號,19.48,都市：其他:住宅區,,,1100913,土地1建物1車位0,三層,五層,公寓(5樓含以下無電梯),住家用,鋼筋混凝土造,0700420,52.65,3,1,1,有,無,2050000,38936,,0.0,0,陽台外推；,RPSNMLSKIIGGFAT66EA,52.65,0.0,0.0,無,
恆春鎮,土地,德和段129-7地號,2510.2,,山坡地保育區,農牧用地,1100910,土地1建物0車位0,,,其他,,,,0.0,0,0,0,有,無,3000000,1195,,0.0,0,,RPPNMLSJIIGGFET56DA,0.0,0.0,0.0,無,049
滿州鄉,土地,fde5林段773-2地號,4882.0,,國家公園區,,1101007,土地1建物0車位0,,,其他,,,,0.0,0,0,0,有,無,1415780,290,,0.0,0,,RPPNMLPKIIGGFET98DA,0.0,0.0,0.0,無,
牡丹鄉,土地,八瑤段36-21地號,10000.0,,山坡地保育區,林業用地,1101009,土地1建物0車位0,,,其他,,,,0.0,0,0,0,有,無,305000,31,,0.0,0,,RPRNMLPKIIGGFET56DA,0.0,0.0,0.0,無,
牡丹鄉,土地,八瑤段30-17地號,10056.0,,山坡地保育區,林業用地,1101009,土地1建物0車位0,,,其他,,,,0.0,0,0,0,有,無,306700,30,,0.0,0,,RPSNMLPKIIGGFET66DA,0.0,0.0,0.0,無,
恆春鎮,土地,鵝鑾鼻段二小段256-7地號,68.45,,國家公園區,,1101006,土地1建物0車位0,,,其他,,,,0.0,0,0,0,有,無,5270650,77000,,0.0,0,政府機關標讓售；,RPTNMLPKIIGGFET76DA,0.0,0.0,0.0,無,
恆春鎮,土地,草埔段1278地號,331.39,都市：其他:農業區,,,1100927,土地1建物0車位0,,,其他,,,,0.0,0,0,0,有,無,3080000,9294,,0.0,0,,RPUNMLPKIIGGFET86DA,0.0,0.0,0.0,無,050
獅子鄉,土地,獅子段709地號,9700.0,,山坡地保育區,林業用地,1101006,土地1建物0車位0,,,其他,,,,0.0,0,0,0,有,無,20000,2,,0.0,0,,RPPNMLOKIIGGFFT98DA,0.0,0.0,0.0,無,
枋寮鄉,土地,保生段1099地號,35.48,都市：其他:住宅區,,,1101002,土地1建物0車位0,,,其他,,,,0.0,0,0,0,有,無,375000,10569,,0.0,0,共有土地買賣未登記建物；,RPPNMLPKIIGGFFT09DA,0.0,0.0,0.0,無,
東港鎮,土地,後寮溪段1059地號,384.78,都市：其他:乙種工業區,,,1100928,土地2建物0車位0,,,其他,,,,0.0,0,0,0,有,無,4422748,11494,,0.0,0,,RPRNMLNKIIGGFDT88DA,0.0,0.0,0.0,無,
林邊鄉,土地,永樂段171地號,82.06,都市：其他:住宅區,,,1100916,土地1建物0車位0,,,其他,,,,0.0,0,0,0,有,無,2978700,36299,,0.0,0,畸零地或有合併使用效益；,RPSNMLNKIIGGFDT98DA,0.0,0.0,0.0,無,
林邊鄉,土地,成功段428地號,398.33,,一般農業區,農牧用地,1101006,土地1建物0車位0,,,其他,,,,0.0,0,0,0,有,無,1676337,4208,,0.0,0,親友、員工、共有人或其他特殊關係間之交易；,RPRNMLOKIIGGFDT98DA,0.0,0.0,0.0,無,051
東港鎮,房地(土地+建物),屏東縣東港鎮中正路３４號,50.82,都市：其他:商業區,,,1101008,土地2建物1車位0,全,三層,透天厝,住家用,磚造,0610914,118.77,4,3,3,有,無,9200000,77461,,0.0,0,,RPTNMLSKIIGGFDT96DA,118.77,0.0,0.0,無,
東港鎮,房地(土地+建物),屏東縣東港鎮興東路６５之８３號,78.31,都市：其他:住宅區,,,1100923,土地1建物1車位0,全,三層,透天厝,住商用,鋼筋混凝土造,0820401,154.22000000000003,3,2,2,有,無,5060000,32810,,0.0,0,,RPVNMLNKIIGGFDT66DA,135.36,12.0,0.0,無,052
崁頂鄉,土地,越溪段465地號,5281.19,,一般農業區,農牧用地,1100803,土地1建物0車位0,,,其他,,,,0.0,0,0,0,有,無,16062000,3041,,0.0,0,,RPSNMLLJIIGGFDT68DA,0.0,0.0,0.0,無,
南州鄉,土地,七塊段1525地號,2584.43,,一般農業區,農牧用地,1100915,土地1建物0車位0,,,其他,,,,0.0,0,0,0,有,無,3810000,1474,,0.0,0,,RPUNMLTLRHGGFDT08DA,0.0,0.0,0.0,無,
東港鎮,土地,大潭新庄段227地號,510.91,,一般農業區,農牧用地,1100806,土地1建物0車位0,,,其他,,,,0.0,0,0,0,有,無,2766000,5414,,0.0,0,,RPOOMLPJIIGGFDT78DA,0.0,0.0,0.0,無,
內埔鄉,土地,頭鏢段1128地號,165.24,,一般農業區,農牧用地,1101004,土地1建物0車位0,,,其他,,,,0.0,0,0,0,有,無,300000,1816,,0.0,0,親友、員工、共有人或其他特殊關係間之交易；,RPUNMLOKIIGGFCT56DA,0.0,0.0,0.0,無,
內埔鄉,土地,新埔段1305地號,3055.0,,特定農業區,農牧用地,1100916,土地1建物0車位0,,,其他,,,,0.0,0,0,0,有,無,9000000,2946,,0.0,0,,RPUNMLSJIIGGFCT86DA,0.0,0.0,0.0,無,053
林邊鄉,土地,仁和段1046-1地號,16.25,都市：其他:道路用地,,,1100910,土地1建物0車位0,,,其他,,,,0.0,0,0,0,有,無,184125,11331,,0.0,0,,RPUNMLLKRHGGFDT17DA,0.0,0.0,0.0,無,054
東港鎮,土地,新義段43地號,109.99,都市：其他:住宅區,,,1100914,土地1建物0車位0,,,其他,,,,0.0,0,0,0,有,無,6030000,54823,,0.0,0,,RPUNMLSLRHGGFDT97DA,0.0,0.0,0.0,無,055
內埔鄉,房地(土地+建物),屏東縣內埔鄉建平路２之２號,91.5,,工業區,丁種建築用地,1100802,土地2建物1車位0,全,三層,透天厝,住家用,鋼筋混凝土構造,1100621,149.61,4,2,3,有,無,6600000,44115,,0.0,0,,RPWPMLSLRHGGFCT28DA,137.05,12.56,0.0,無,
內埔鄉,房地(土地+建物),屏東縣內埔鄉建平路１號,91.52,,工業區,丁種建築用地,1100805,土地2建物1車位0,全,三層,透天厝,住家用,鋼筋混凝土構造,1100621,149.61,4,2,3,有,無,6500000,43446,,0.0,0,,RPSQMLSLRHGGFCT97DA,137.05,12.56,0.0,無,
內埔鄉,房地(土地+建物),屏東縣內埔鄉建平路１之１號,93.84,,工業區,丁種建築用地,1100806,土地2建物1車位0,全,三層,透天厝,住家用,鋼筋混凝土構造,1100621,149.7,4,2,3,有,無,6500000,43420,,0.0,0,,RPTQMLSLRHGGFCT08DA,137.22,12.48,0.0,無,
潮州鎮,房地(土地+建物),屏東縣潮州鎮杭州街２０號,120.91,都市：其他:住宅區,,,1100912,土地1建物1車位0,全,三層,透天厝,住家用,鋼筋混凝土造,0990506,193.45,5,2,3,有,無,10380000,53657,,0.0,0,,RPPNMLPLRHGGFCT07DA,164.78,28.67,0.0,無,056
長治鄉,房地(土地+建物),屏東縣長治鄉下寮巷６１號,3031.41,,一般農業區,農牧用地,1100820,土地1建物1車位0,全,一層,透天厝,農業用,鋼骨造,0950317,308.7,5,4,3,有,無,12000000,38873,,0.0,0,其他增建；,RPPNMLNKIIGGFAT38DA,308.7,0.0,0.0,無,
萬巒鄉,房地(土地+建物),屏東縣萬巒鄉永安路５之９號,74.68,,鄉村區,乙種建築用地,1100818,土地2建物1車位0,全,三層,透天厝,住家用,鋼筋混凝土造,0820917,132.01,4,2,3,有,無,3100000,23483,,0.0,0,其他增建；,RPOOMLKLQHGGFCT09DA,120.67,11.34,0.0,無,057
內埔鄉,房地(土地+建物),屏東縣內埔鄉光明路２０２巷２５號,126.53,都市：其他:道路用地,,,1100904,土地2建物1車位0,全,三層,透天厝,住家用,鋼筋混凝土構造,1090826,198.4,6,2,4,有,無,9600000,48387,,0.0,0,其他增建；,RPTOMLSJRHGGFCT67DA,185.33,13.07,0.0,無,
屏東巿,房地(土地+建物),屏東縣屏東巿民生路１２巷１２之５號,35.2,都市：其他:住宅區,,,1100823,土地2建物1車位0,六層,七層,華廈(10層含以下有電梯),住家用,鋼筋混凝土造,0801016,183.82,3,1,2,有,有,4050000,22032,,0.0,0,,RPVNMLQJIIGGFAT56DA,108.52,20.9,0.0,有,
屏東巿,房地(土地+建物)+車位,屏東縣屏東巿古松西巷３９８之１號二樓之五,26.87,都市：其他:住宅區,,,1100828,土地1建物1車位1,二層,五層,華廈(10層含以下有電梯),住家用,鋼筋混凝土造,1100629,78.51,2,2,1,有,有,4180000,53242,一樓平面,0.0,950000,,RPPPMLOKIIGGFAT68DA,45.44,2.9,0.0,有,
萬丹鄉,土地,新全段346地號,913.0,,特定農業區,農牧用地,1100826,土地1建物0車位0,,,其他,,,,0.0,0,0,0,有,無,2350000,2574,,0.0,0,未登記建物；,RPTPMLOKIIGGFAT09DA,0.0,0.0,0.0,無,058
屏東巿,房地(土地+建物)+車位,屏東縣屏東巿古松西巷３９８之１號四樓之六,41.89,都市：其他:住宅區,,,1100929,土地1建物1車位1,四層,五層,華廈(10層含以下有電梯),住家用,鋼筋混凝土造,1100629,122.29,3,2,2,有,有,6750000,55197,一樓平面,0.0,1000000,,RPVPMLOKIIGGFAT66DA,74.2,8.95,0.0,有,
屏東巿,房地(土地+建物)+車位,屏東縣屏東巿古松西巷３９８之１號四樓之三,28.57,都市：其他:住宅區,,,1100905,土地1建物1車位1,四層,五層,華廈(10層含以下有電梯),住家用,鋼筋混凝土造,1100629,83.85,2,2,1,有,有,4450000,53071,一樓平面,0.0,950000,,RPQQMLOKIIGGFAT88DA,49.12,3.55,0.0,有,
九如鄉,房地(土地+建物),屏東縣九如鄉清聖街４６巷３５號,3962.0,,特定農業區,農牧用地,1100904,土地2建物1車位0,全,三層,透天厝,農業用,加強磚造,0701230,244.22,3,2,2,有,無,15000000,61420,,0.0,0,,RPPRMLOKIIGGFAT88DA,244.22,0.0,0.0,無,
屏東巿,土地,和興段402地號,104.0,,一般農業區,農牧用地,1100907,土地1建物0車位0,,,其他,,,,0.0,0,0,0,有,無,3000000,28846,,0.0,0,農作物；,RPOOMLPKIIGGFAT58DA,0.0,0.0,0.0,無,
屏東巿,土地,廣興段448地號,54.04,,鄉村區,交通用地,1100930,土地1建物0車位0,,,其他,,,,0.0,0,0,0,有,無,350000,6477,,0.0,0,包含公共設施保留地用地；,RPWOMLSJIIGGFAT96DA,0.0,0.0,0.0,無,059
萬丹鄉,土地,社安段793-1地號,228.0,,一般農業區,農牧用地,1100915,土地1建物0車位0,,,其他,,,,0.0,0,0,0,有,無,676000,2965,,0.0,0,親友、員工、共有人或其他特殊關係間之交易；,RPXOMLSJIIGGFAT07DA,0.0,0.0,0.0,無,
高樹鄉,土地,源興段828地號,542.94,,一般農業區,農牧用地,1101001,土地2建物0車位0,,,其他,,,,0.0,0,0,0,有,無,1000000,1842,,0.0,0,,RPQNMLPKIIGGFBT78DA,0.0,0.0,0.0,無,
fa72埔鄉,土地,永隆段1224地號,73.66,,一般農業區,甲種建築用地,1100927,土地2建物0車位0,,,其他,,,,0.0,0,0,0,有,無,184155,2500,,0.0,0,親友、員工、共有人或其他特殊關係間之交易；,RPRNMLPKIIGGFBT88DA,0.0,0.0,0.0,無,
屏東巿,土地,廣興段938地號,231.4,,鄉村區,水利用地,1101007,土地1建物0車位0,,,其他,,,,0.0,0,0,0,有,無,3543312,15312,,0.0,0,,RPOOMLOKIIGGFAT48DA,0.0,0.0,0.0,無,060
九如鄉,土地,九如段1615地號,590.0,,一般農業區,甲種建築用地,1100727,土地1建物0車位0,,,其他,,,,0.0,0,0,0,有,無,5510000,9339,,0.0,0,,RPPOMLOKIIGGFAT58DA,0.0,0.0,0.0,無,
萬丹鄉,土地,新林段317地號,2472.0,,特定農業區,農牧用地,1100920,土地1建物0車位0,,,其他,,,,0.0,0,0,0,有,無,9686200,3918,,0.0,0,機電設備；,RPROMLOKIIGGFAT78DA,0.0,0.0,0.0,無,
長治鄉,房地(土地+建物),屏東縣長治鄉長春街二段１５０巷１３號,4160.26,都市：其他:農業區,,,1100802,土地1建物1車位0,全,一層,透天厝,農業用,加強磚造,0900419,220.38,3,1,1,有,無,28000000,127053,,0.0,0,,RPSOMLOKIIGGFAT88DA,220.38,0.0,0.0,無,
屏東巿,房地(土地+建物),屏東縣屏東巿廣東路１４３６號,198.0,都市：其他:住宅區,,,1100906,土地1建物1車位0,全,三層,透天厝,其他,鋼筋混凝土造,1100629,402.89,4,0,4,有,無,30880000,76646,,0.0,0,,RPTOMLOKIIGGFAT98DA,387.47,15.42,0.0,有,
屏東巿,房地(土地+建物),屏東縣屏東巿自立路１８９之３號,34.9,都市：其他:住宅區,,,1100908,土地1建物1車位0,四層,五層,公寓(5樓含以下無電梯),住家用,鋼筋混凝土造,0701231,111.09,3,2,1,有,無,2100000,18904,,0.0,0,其他增建；,RPVNMLQKRHGGFAT47DA,95.48,0.0,0.0,無,061
長治鄉,土地,潭頭段355地號,616.36,都市：其他:商業區,,,1100716,土地4建物0車位0,,,其他,,,,0.0,0,0,0,有,無,30763900,49912,,0.0,0,,RPTOMLQKRHGGFAT37DA,0.0,0.0,0.0,無,
屏東巿,土地,北勢段677-1地號,321.0,都市：其他:住宅區,,,1100630,土地1建物0車位0,,,其他,,,,0.0,0,0,0,有,無,568000,1769,,0.0,0,包含公共設施保留地用地；,RPUPMLOLRHGGFAT47DA,0.0,0.0,0.0,無,
屏東巿,房地(土地+建物),屏東縣屏東巿迪化二街６４號九樓之四,26.96,都市：其他:住宅區,,,1100828,土地1建物1車位0,九層,十一層,住宅大樓(11層含以上有電梯),住家用,鋼筋混凝土造,0800829,149.38,4,2,2,有,有,5100000,34141,,0.0,0,,RPSNMLTJRHGGFAT37DA,98.59,16.41,0.0,有,
屏東巿,房地(土地+建物),屏東縣屏東巿建興南路８號十三樓之一,13.83,都市：其他:住宅區,,,1100801,土地1建物1車位0,十三層,十六層,住宅大樓(11層含以上有電梯),住家用,鋼筋混凝土造,0830701,109.60000000000001,3,2,2,有,有,3800000,34672,,0.0,0,陽台外推；,RPUOMLOJQHGGFAT07DA,75.03,8.62,0.0,有,062
屏東巿,房地(土地+建物)+車位,屏東縣屏東巿機場北路４５０號十三樓,45.08,都市：其他:住宅區,,,1100906,土地1建物1車位1,十三層，十四層,十四層,住宅大樓(11層含以上有電梯),住家用,鋼筋混凝土造,0881204,337.90999999999997,4,3,4,有,有,8200000,24267,坡道平面,24.01,0,,RPWOMLSJRHGGFAT77DA,227.74,17.02,0.0,有,
長治鄉,房地(土地+建物),屏東縣長治鄉復華街６５０號,112.13,,鄉村區,乙種建築用地,1100717,土地1建物1車位0,全,三層,透天厝,住家用,鋼筋混凝土造,1100702,182.97,5,2,3,有,無,8000000,43723,,0.0,0,其他增建；,RPOOMLRJRHGGFAT86DA,167.46,15.51,0.0,無,
長治鄉,房地(土地+建物),屏東縣長治鄉復華街６５６號,158.52,,鄉村區,乙種建築用地,1100715,土地1建物1車位0,全,三層,透天厝,住家用,鋼筋混凝土造,1100702,205.51,5,2,3,有,無,8500000,41361,,0.0,0,其他增建；,RPVOMLRJRHGGFAT57DA,191.54,13.97,0.0,無,
屏東巿,房地(土地+建物)+車位,屏東縣屏東巿廣興４９號三樓之三,46.25,,鄉村區,乙種建築用地,1100717,土地1建物1車位1,三層,五層,華廈(10層含以下有電梯),住家用,鋼筋混凝土造,1100712,149.84,3,2,2,有,有,7480000,49920,一樓平面,0.0,0,,RPQOMLOLRHGGFAT96DA,94.27,12.29,0.0,有,
屏東巿,房地(土地+建物),屏東縣屏東巿建豐路２７５巷２弄３號,51.1,都市：其他:零售市場用地,,,1100829,土地2建物1車位0,全,三層,透天厝,商業用,鋼筋混凝土造,0700730,130.2,3,2,2,有,無,6200000,47619,,0.0,0,頂樓加蓋；,RPPPMLPKRHGGFAT96DA,130.2,0.0,0.0,無,
屏東巿,房地(土地+建物),屏東縣屏東巿民和二路４８之１５號三樓,4.05,都市：其他:住宅區,,,1100925,土地1建物1車位0,三層,八層,華廈(10層含以下有電梯),辦公用,鋼筋混凝土造,0960530,17.12,1,1,1,有,有,790000,46145,,0.0,0,,RPPNMLPJIIGGFAT48DA,6.51,2.3,0.0,有,
屏東巿,房地(土地+建物),屏東縣屏東巿菸廠東巷７號,71.0,都市：其他:住宅區,,,1100922,土地1建物1車位0,全,二層,透天厝,住家用,鋼筋混凝土加強磚造,0621019,73.08,2,2,2,有,無,3300000,45156,,0.0,0,頂樓加蓋；,RPWPMLTLRHGGFAT18DA,73.08,0.0,0.0,無,
fa72埔鄉,房地(土地+建物),屏東縣鹽埔鄉所前二巷４號,104.18,都市：其他:住宅區,,,1100923,土地1建物1車位0,全,二層,透天厝,住商用,鋼筋混凝土造,0700314,96.59,2,2,2,有,無,1300000,13459,,0.0,0,親友、員工、共有人或其他特殊關係間之交易；頂樓加蓋；其他增建；未登記建物；,RPQNMLOLRHGGFBT96DA,96.59,0.0,0.0,無,
fa72埔鄉,房地(土地+建物),屏東縣鹽埔鄉德協路３０之６號,85.89,,鄉村區,乙種建築用地,1101005,土地1建物1車位0,全,二層,透天厝,住家用,加強磚造,0790914,119.49,2,2,2,有,無,2900000,24270,,0.0,0,,RPRNMLSKIIGGFBT56DA,104.5,14.99,0.0,無,
高樹鄉,土地,萬興段522地號,4937.1,,一般農業區,農牧用地,1100921,土地1建物0車位0,,,其他,,,,0.0,0,0,0,有,無,8000000,1620,,0.0,0,,RPQOMLSKIIGGFBT56DA,0.0,0.0,0.0,無,
潮州鎮,房地(土地+建物),屏東縣潮州鎮愛國路９３號,249.48,都市：其他:住宅區,,,1100802,土地1建物1車位0,全,三層,透天厝,住家用,鋼筋混凝土造,0970107,432.79,5,2,7,有,無,21000000,48522,,0.0,0,親友、員工、共有人或其他特殊關係間之交易；,RPPOMLOJQHGGFCT76DA,378.88,53.91,0.0,無,
高樹鄉,土地,新南段645-1地號,2764.55,,一般農業區,農牧用地,1100922,土地1建物0車位0,,,其他,,,,0.0,0,0,0,有,無,2422500,876,,0.0,0,其他；親友、員工、共有人或其他特殊關係間之交易；,RPUNMLRJIIGGFBT66DA,0.0,0.0,0.0,無,
萬丹鄉,房地(土地+建物),屏東縣萬丹鄉吉祥路５２號,79.78,,鄉村區,乙種建築用地,1101007,土地3建物1車位0,全,四層,透天厝,住家用,鋼筋混凝土造,0821228,176.95,5,2,3,有,無,4200000,23736,,0.0,0,,RPPNMLRKIIGGFAT78DA,160.0,16.95,0.0,無,
屏東巿,房地(土地+建物),屏東縣屏東巿公裕街３５３巷３８之２３號三樓,8.5,都市：其他:住宅區,,,1101009,土地1建物1車位0,三層,四層,華廈(10層含以下有電梯),辦公用,鋼筋混凝土造,0970305,20.97,1,1,1,有,有,720000,34335,,0.0,0,,RPXNMLSKIIGGFAT07DA,8.61,5.43,0.0,有,
屏東巿,房地(土地+建物),屏東縣屏東巿民族路１１１號,108.0,都市：其他:商業區,,,1100826,土地2建物2車位0,全,四層,透天厝,住商用,鋼筋混凝土造,0670915,270.11,5,2,3,有,無,15000000,55533,,0.0,0,,RPXOMLSKIIGGFAT17DA,267.46,2.65,0.0,無,
麟洛鄉,土地,麟孝段580地號,3723.89,,一般農業區,農牧用地,1101008,土地4建物0車位0,,,其他,,,,0.0,0,0,0,有,無,5360000,1439,,0.0,0,親友、員工、共有人或其他特殊關係間之交易；未登記建物；,RPQPMLSKIIGGFAT56DA,0.0,0.0,0.0,無,
屏東巿,房地(土地+建物),屏東縣屏東巿中正路６８８巷４６弄１１４號,78.0,都市：其他:住宅區,,,1100827,土地2建物1車位0,全,二層,透天厝,住家用,加強磚造,0691015,96.24,4,2,2,有,無,5850000,60786,,0.0,0,,RPRNMLTKIIGGFAT56DA,96.24,0.0,0.0,無,
fa72埔鄉,土地,振北段1089地號,2522.08,,一般農業區,農牧用地,1100907,土地1建物0車位0,,,其他,,,,0.0,0,0,0,有,無,7280000,2887,,0.0,0,,RPPNMLLKRHGGFBT09DA,0.0,0.0,0.0,無,
屏東巿,房地(土地+建物),屏東縣屏東巿廣東路９９２號十三樓之四,25.13,都市：其他:住宅區,,,1100831,土地1建物1車位0,十三層,十五層,住宅大樓(11層含以上有電梯),住家用,鋼筋混凝土造,0821204,155.28,4,2,2,有,有,5000000,32200,,0.0,0,,RPUQMLPJIIGGFAT66DA,102.84,11.32,0.0,有,
屏東巿,房地(土地+建物),屏東縣屏東巿民生東路９０號,116.0,都市：其他:住宅區,,,1100911,土地1建物1車位0,全,五層,透天厝,住家用,鋼筋混凝土造,0890131,309.44,4,2,4,有,無,12100000,39103,,0.0,0,頂樓加蓋；其他增建；,RPVQMLPJIIGGFAT76DA,280.55,28.89,0.0,無,
屏東巿,房地(土地+建物),屏東縣屏東巿歸禮巷７０號,284.22,,一般農業區,特定目的事業用地,1100816,土地1建物1車位0,全,四層,透天厝,住家用,鋼筋混凝土造,0950127,326.09,4,2,4,有,有,7300000,22386,,0.0,0,頂樓加蓋；,RPTOMLRJIIGGFAT56DA,280.2,45.89,0.0,無,
內埔鄉,房地(土地+建物),屏東縣內埔鄉永興２巷２７號,101.02,,鄉村區,乙種建築用地,1100828,土地1建物1車位0,全,四層,透天厝,住家用,鋼筋混凝土造,0820807,222.86,3,2,3,有,無,2500000,11218,,0.0,0,含傢俱設備費；,RPOOMLOKRHGGFCT86DA,185.95,36.91,0.0,無,
潮州鎮,房地(土地+建物),屏東縣潮州鎮萬學街８巷２號,132.37,都市：其他:住宅區,,,1100911,土地2建物1車位0,全,三層,透天厝,住家用,鋼筋混凝土構造,1100825,201.65,5,2,4,有,無,10900000,54054,,0.0,0,,RPQOMLQJIIGGFCT98DA,182.07,19.58,0.0,無,
泰武鄉,土地,佳平段1606地號,11850.0,,山坡地保育區,林業用地,1101004,土地1建物0車位0,,,其他,,,,0.0,0,0,0,有,無,1500000,127,,0.0,0,,RPPNMLTKIIGGFCT56DA,0.0,0.0,0.0,無,
萬巒鄉,土地,新厝段一小段185地號,194.0,,一般農業區,甲種建築用地,1100924,土地1建物0車位0,,,其他,,,,0.0,0,0,0,有,無,886580,4570,,0.0,0,政府機關標讓售；,RPVNMLTKIIGGFCT17DA,0.0,0.0,0.0,無,
內埔鄉,房地(土地+建物),屏東縣內埔鄉四維路１５巷３０號,78.32,,鄉村區,乙種建築用地,1100903,土地4建物1車位0,全,三層,透天厝,住家用,鋼筋混凝土造,0830927,104.36,4,2,3,有,無,3920000,37562,,0.0,0,,RPXNMLPKIIGGFCT96DA,94.35,10.01,0.0,無,
潮州鎮,房地(土地+建物),屏東縣潮州鎮自由路２５９號,117.08,都市：其他:住宅區,,,1100722,土地1建物1車位0,全,三層,透天厝,住家用,鋼筋混凝土構造,1100416,236.93,4,2,5,有,無,12900000,54446,,0.0,0,,RPOOMLPKIIGGFCT78DA,218.46,18.47,0.0,無,
潮州鎮,房地(土地+建物),屏東縣潮州鎮自由路２５３號,108.77,都市：其他:住宅區,,,1100723,土地1建物1車位0,全,三層,透天厝,住家用,鋼筋混凝土構造,1100416,219.73,4,2,5,有,無,12700000,57798,,0.0,0,,RPPOMLPKIIGGFCT88DA,202.58,17.15,0.0,無,
潮州鎮,房地(土地+建物),屏東縣潮州鎮自由路２５１號,109.07,都市：其他:住宅區,,,1100707,土地1建物1車位0,全,三層,透天厝,住家用,鋼筋混凝土構造,1100416,219.73,4,2,5,有,無,12700000,57798,,0.0,0,,RPQOMLPKIIGGFCT98DA,202.58,17.15,0.0,無,
潮州鎮,房地(土地+建物)+車位,屏東縣潮州鎮壽星路８號四樓之十一,19.14,都市：其他:住宅區,,,1100910,土地1建物1車位1,四層,十一層,住宅大樓(11層含以上有電梯),住家用,鋼筋混凝土造,0840104,124.02,3,1,2,有,有,4500000,36284,坡道平面,0.0,0,,RPSOMLPKIIGGFCT56DA,91.43,12.01,0.0,有,
崁頂鄉,土地,頂仁段1343-1地號,2909.8,都市：其他:農業區,,,1100804,土地1建物0車位0,,,其他,,,,0.0,0,0,0,有,無,5100000,1753,,0.0,0,,RPQNMLLJIIGGFDT48DA,0.0,0.0,0.0,無,
南州鄉,土地,三千段722地號,2547.54,,一般農業區,農牧用地,1101004,土地1建物0車位0,,,其他,,,,0.0,0,0,0,有,無,2363400,928,,0.0,0,親友、員工、共有人或其他特殊關係間之交易；,RPWNMLNKIIGGFDT76DA,0.0,0.0,0.0,無,
恆春鎮,房地(土地+建物),屏東縣恆春鎮復興路１１２巷１１弄３２號,104.73,都市：其他:住宅區,,,1101001,土地1建物1車位0,全,三層,透天厝,住家用,鋼筋混凝土構造,1080724,216.45,4,1,5,有,無,13500000,62370,,0.0,0,,RPPNMLOJIIGGFET78DA,201.43,15.02,0.0,無,
東港鎮,土地,大潭新庄段46地號,1261.37,,一般農業區,農牧用地,1100915,土地1建物0車位0,,,其他,,,,0.0,0,0,0,有,無,1250000,991,,0.0,0,農作物；,RPUNMLNKIIGGFDT56DA,0.0,0.0,0.0,無,
恆春鎮,房地(土地+建物),屏東縣恆春鎮南灣路信義巷４弄９號,73.41,,國家公園區,,1100710,土地2建物1車位0,全,二層,透天厝,住家用,加強磚造,0701210,69.12,4,2,2,有,無,4200000,60764,,0.0,0,,RPPNMLOKIIGGFET88DA,69.12,0.0,0.0,無,
恆春鎮,房地(土地+建物),屏東縣恆春鎮大埔路１６之５號,159.32,,一般農業區,甲種建築用地,1100901,土地2建物1車位0,全,五層,透天厝,住家用,鋼筋混凝土構造,1050328,405.74,8,2,9,有,無,25800000,63588,,0.0,0,,RPQNMLSKIIGGFET76DA,363.39,42.35,0.0,有,
長治鄉,土地,繁華段256地號,86.37,,鄉村區,乙種建築用地,1100928,土地1建物0車位0,,,其他,,,,0.0,0,0,0,有,無,757770,8774,,0.0,0,親友、員工、共有人或其他特殊關係間之交易；,RPWOMLSKIIGGFAT17EA,0.0,0.0,0.0,無,
萬丹鄉,土地,香社段1699地號,45.0,,鄉村區,乙種建築用地,1100927,土地1建物0車位0,,,其他,,,,0.0,0,0,0,有,無,1000000,22222,,0.0,0,,RPPPMLSKIIGGFAT56EA,0.0,0.0,0.0,無,
九如鄉,土地,九仁段417-3地號,149.95,都市：其他:住宅區,,,1100910,土地3建物0車位0,,,其他,,,,0.0,0,0,0,有,無,2822805,18825,,0.0,0,含未保存建物乙棟九清村文明街8號含土地增值稅或其他稅費22805元；,RPQNMLTKIIGGFAT56EA,0.0,0.0,0.0,無,
高樹鄉,土地,舊寮段332-11地號,78.0,,鄉村區,乙種建築用地,1101012,土地1建物0車位0,,,其他,,,,0.0,0,0,0,有,無,280000,3590,,0.0,0,,RPPNMLSKIIGGFBT09EA,0.0,0.0,0.0,無,
高樹鄉,土地,東振新段540地號,144.67,,鄉村區,乙種建築用地,1101004,土地1建物0車位0,,,其他,,,,0.0,0,0,0,有,無,200000,1382,,0.0,0,未登記建物；,RPPNMLPKIIGGFBT78EA,0.0,0.0,0.0,無,
