﻿編號,土地位置,土地移轉面積(平方公尺),使用分區或編定,權利人持分分母,權利人持分分子,移轉情形,地號
The serial number, land position,land shifting area square meter,the use zoning or compiles and checks,,,,land parcel
RPPNMLOKRHGGFAU76CB,仁恥段,27.78,都市：住,100000,4599,持分移轉,03950000
RPPNMLQKRHGGFAU96CB,仁廉段,2.67,都市：住,100000,2756,持分移轉,04300000
RPPNMLQKRHGGFAU96CB,仁廉段,1.38,都市：住,100000,2756,持分移轉,04300001
RPPNMLQKRHGGFAU96CB,仁廉段,.41,都市：住,100000,2756,持分移轉,04300002
RPPNMLQKRHGGFAU96CB,仁廉段,24.34,都市：住,100000,2756,持分移轉,04480000
RPQNMLNKRHGGFAU76CB,仁恥段,30.74,都市：住,100000,5090,持分移轉,03950000
RPQNMLPKRHGGFAU96CB,福興段,90.32,都市：住,100000,12372,持分移轉,11320002
RPSNMLOKRHGGFAU07CB,仁恥段,27.78,都市：住,100000,4599,持分移轉,03950000
RPQNMLOKRHGGFAU86CB,仁恥段,23.39,都市：住,100000,3872,持分移轉,03950000
RPRNMLOKRHGGFAU96CB,仁恥段,23.39,都市：住,100000,3872,持分移轉,03950000
RPUNMLOKRHGGFAU27CB,仁恥段,23.39,都市：住,100000,3872,持分移轉,03950000
RPSNMLNKRHGGFAU96CB,仁恥段,30.74,都市：住,100000,5090,持分移轉,03950000
RPRNMLNKRHGGFAU86CB,仁恥段,30.74,都市：住,100000,5090,持分移轉,03950000
RPXNMLQKRHGGFAU77CB,仁恥段,27.78,都市：住,100000,4599,持分移轉,03950000
RPVNMLQKRHGGFAU57CB,裕民段,10.65,都市：商,10000,230,持分移轉,05490000
RPQOMLQKRHGGFAU17CB,仁恥段,30.74,都市：住,100000,5090,持分移轉,03950000
RPTNMLQKRHGGFAU37CB,仁廉段,2.39,都市：住,100000,2468,持分移轉,04300000
RPTNMLQKRHGGFAU37CB,仁廉段,1.23,都市：住,100000,2468,持分移轉,04300001
RPTNMLQKRHGGFAU37CB,仁廉段,.37,都市：住,100000,2468,持分移轉,04300002
RPTNMLQKRHGGFAU37CB,仁廉段,21.79,都市：住,100000,2468,持分移轉,04480000
RPPOMLQKRHGGFAU07CB,仁恥段,30.74,都市：住,100000,5090,持分移轉,03950000
RPPNMLRKRHGGFAU07CB,宜昌段,34.20,都市：住,10000,1049,持分移轉,02820000
RPSNMLQKRHGGFAU37DB,宜寧段,32.64,都市：商,10000,293,持分移轉,04440000
RPSNMLQKRHGGFAU37DB,宜寧段,2.08,都市：商,10000,293,持分移轉,04450000
RPRNMLQKRHGGFAU27DB,宜寧段,29.30,都市：商,10000,263,持分移轉,04440000
RPRNMLQKRHGGFAU27DB,宜寧段,1.87,都市：商,10000,263,持分移轉,04450000
RPUNMLQKRHGGFAU47CB,裕民段,10.65,都市：商,10000,230,持分移轉,05490000
RPPNMLQKRHGGFAU07DB,宜寧段,28.74,都市：商,10000,258,持分移轉,04440000
RPPNMLQKRHGGFAU07DB,宜寧段,1.83,都市：商,10000,258,持分移轉,04450000
RPQNMLRKRHGGFAU17CB,德安段,34.06,都市：住,100000,5176,持分移轉,18650000
RPTNMLQKRHGGFAU47DB,宜寧段,32.64,都市：商,10000,293,持分移轉,04440000
RPTNMLQKRHGGFAU47DB,宜寧段,2.08,都市：商,10000,293,持分移轉,04450000
RPQNMLQKRHGGFAU17DB,宜寧段,29.30,都市：商,10000,263,持分移轉,04440000
RPQNMLQKRHGGFAU17DB,宜寧段,1.87,都市：商,10000,263,持分移轉,04450000
RPRNMLRKRHGGFAU27CB,裕民段,10.65,都市：商,10000,230,持分移轉,05490000
RPQOMLRKRHGGFAU27CB,莊敬段,30.39,都市：住,204,10,持分移轉,07540000
RPSOMLRKRHGGFAU47CB,莊敬段,39.51,都市：住,204,13,持分移轉,07540000
RPTNMLRKRHGGFAU47CB,德安段,25.88,都市：住,100000,3933,持分移轉,18650000
RPWNMLRKRHGGFAU77CB,莊敬段,30.39,都市：住,204,10,持分移轉,07540000
RPXNMLRKRHGGFAU87CB,莊敬段,30.39,都市：住,204,10,持分移轉,07540000
RPROMLRKRHGGFAU37CB,莊敬段,39.51,都市：住,204,13,持分移轉,07540000
RPOOMLRKRHGGFAU07CB,莊敬段,30.39,都市：住,204,10,持分移轉,07540000
RPPOMLRKRHGGFAU17CB,莊敬段,30.39,都市：住,204,10,持分移轉,07540000
RPTOMLRKRHGGFAU57CB,莊敬段,30.39,都市：住,204,10,持分移轉,07540000
RPUOMLRKRHGGFAU67CB,莊敬段,30.39,都市：住,204,10,持分移轉,07540000
RPQNMLMLRHGGFAU86DB,四維段,89.16,都市：農,10000,487,持分移轉,02960000
RPWOMLRKRHGGFAU87CB,莊敬段,30.39,都市：住,204,10,持分移轉,07540000
RPSPMLNLRHGGFAU27CB,樹人段,4.44,都市：商,10000,244,持分移轉,07000000
RPSPMLNLRHGGFAU27CB,樹人段,4.05,都市：商,10000,244,持分移轉,07010000
RPXOMLRKRHGGFAU97CB,莊敬段,30.39,都市：住,204,10,持分移轉,07540000
RPROMLRLRHGGFAU47CB,國風段,21.69,都市：住,10000,202,持分移轉,14500000
RPVOMLRKRHGGFAU77CB,莊敬段,30.39,都市：住,204,10,持分移轉,07540000
RPXPMLNLRHGGFAU77CB,樹人段,3.37,都市：商,10000,185,持分移轉,07000000
RPXPMLNLRHGGFAU77CB,樹人段,3.07,都市：商,10000,185,持分移轉,07010000
RPRPMLNLRHGGFAU17CB,樹人段,6.08,都市：商,10000,334,持分移轉,07000000
RPRPMLNLRHGGFAU17CB,樹人段,5.54,都市：商,10000,334,持分移轉,07010000
RPWOMLOLRHGGFAU67CB,樹人段,4.44,都市：商,10000,244,持分移轉,07000000
RPWOMLOLRHGGFAU67CB,樹人段,4.05,都市：商,10000,244,持分移轉,07010000
RPWPMLTLRHGGFAU28CB,富國段,13.32,都市：住,1000,40,持分移轉,01780000
RPUNMLQJIIGGFAU56CB,樹人段,4.99,都市：商,10000,274,持分移轉,07000000
RPUNMLQJIIGGFAU56CB,樹人段,4.55,都市：商,10000,274,持分移轉,07010000
RPTOMLTLRHGGFAU87CB,宜安段,32.23,都市：住,100000,772,持分移轉,06410000
RPPNMLSJIIGGFAU88CB,太昌段,46.83,都市：住,6,1,持分移轉,07820000
RPTNMLOJIIGGFAU88CB,光華段二小段,15.82,非都市：工業區 ; 非都市編定：丁種建築用地,1000,35,持分移轉,01170005
RPTNMLOJIIGGFAU88CB,光華段二小段,13.96,非都市：工業區 ; 非都市編定：丁種建築用地,1000,35,持分移轉,01170004
RPRNMLOKIIGGFAU88DB,太昌段,46.83,都市：住,6,1,持分移轉,07820000
RPVNMLQJIIGGFAU66CB,樹人段,3.37,都市：商,10000,185,持分移轉,07000000
RPVNMLQJIIGGFAU66CB,樹人段,3.07,都市：商,10000,185,持分移轉,07010000
RPSNMLRJIIGGFAU09CB,莊敬段,36.91,都市：住,10000,364,持分移轉,05270000
RPTNMLQJIIGGFAU09CB,樹人段,4.44,都市：商,10000,244,持分移轉,07000000
RPTNMLQJIIGGFAU09CB,樹人段,4.05,都市：商,10000,244,持分移轉,07010000
RPQNMLOKIIGGFAU68CB,永興段,71.28,非都市：特定農業區 ; 非都市編定：甲種建築用地,10,1,持分移轉,06000000
RPUOMLSLRHGGFAU87CB,裕民段,26.45,都市：住,100000,2674,持分移轉,04390000
RPPOMLOKIIGGFAU78DB,新興段,29.92,都市：住,25,1,持分移轉,01280000
RPOOMLOKIIGGFAU68DB,新興段,29.92,都市：住,25,1,持分移轉,01280000
