﻿鄉鎮市區,交易標的,土地位置建物門牌,土地移轉總面積平方公尺,都市土地使用分區,非都市土地使用分區,非都市土地使用編定,交易年月日,交易筆棟數,移轉層次,總樓層數,建物型態,主要用途,主要建材,建築完成年月,建物移轉總面積平方公尺,建物現況格局-房,建物現況格局-廳,建物現況格局-衛,建物現況格局-隔間,有無管理組織,總價元,單價元平方公尺,車位類別,車位移轉總面積(平方公尺),車位總價元,備註,編號,主建物面積,附屬建物面積,陽台面積,電梯,移轉編號
The villages and towns urban district,transaction sign,land sector position building sector house number plate,land shifting total area square meter,the use zoning or compiles and checks,the non-metropolis land use district,non-metropolis land use,transaction year month and day,transaction pen number,shifting level,total floor number,building state,main use,main building materials,construction to complete the years,building shifting total area,Building present situation pattern - room,building present situation pattern - hall,building present situation pattern - health,building present situation pattern - compartmented,Whether there is manages the organization,total price NTD,the unit price (NTD / square meter),the berth category,berth shifting total area square meter,the berth total price NTD,the note,serial number,,,,,
新城鄉,房地(土地+建物),花蓮縣新城鄉民有街１８２號,31.06,住,,,1100820,土地1建物1車位0,一層,六層,華廈(10層含以下有電梯),商業用,鋼筋混凝土造,1100204,80.03,0,0,1,有,有,3200000,39985,,0.0,0,政府機關標讓售；預售屋、或土地及建物分件登記案件；,RPVNMLLMQHGGFAU17DA,54.23,0.0,0.0,有,
新城鄉,房地(土地+建物),花蓮縣新城鄉光復路４９５號,31.06,住,,,1100820,土地1建物1車位0,一層,六層,華廈(10層含以下有電梯),商業用,鋼筋混凝土造,1100204,80.1,0,0,1,有,有,3200000,39950,,0.0,0,政府機關標讓售；預售屋、或土地及建物分件登記案件；,RPWNMLLMQHGGFAU27DA,54.29,0.0,0.0,有,
新城鄉,房地(土地+建物),花蓮縣新城鄉光復路４９５號二樓之六,33.2,住,,,1100820,土地1建物1車位0,二層,六層,華廈(10層含以下有電梯),住家用,鋼筋混凝土造,1100204,86.66,2,2,2,有,有,2500000,28848,,0.0,0,政府機關標讓售；預售屋、或土地及建物分件登記案件；,RPXNMLLMQHGGFAU37DA,54.65,3.4,0.0,有,
新城鄉,房地(土地+建物),花蓮縣新城鄉光復路４９５號二樓之九,33.47,住,,,1100820,土地1建物1車位0,二層,六層,華廈(10層含以下有電梯),住家用,鋼筋混凝土造,1100204,87.67,2,2,2,有,有,2500000,28516,,0.0,0,政府機關標讓售；預售屋、或土地及建物分件登記案件；,RPOOMLLMQHGGFAU56DA,55.28,3.55,0.0,有,
新城鄉,房地(土地+建物)+車位,花蓮縣新城鄉光復路４９５號二樓之十三,33.2,住,,,1100820,土地1建物1車位1,二層,六層,華廈(10層含以下有電梯),住家用,鋼筋混凝土造,1100204,86.66,2,2,2,有,有,3000000,34618,其他,0.0,500000,政府機關標讓售；預售屋、或土地及建物分件登記案件；,RPPOMLLMQHGGFAU66DA,54.65,3.4,0.0,有,
新城鄉,房地(土地+建物),花蓮縣新城鄉光復路４９５號三樓之十一,33.2,住,,,1100820,土地1建物1車位0,三層,六層,華廈(10層含以下有電梯),住家用,鋼筋混凝土造,1100204,86.81,2,2,2,有,有,2500000,28799,,0.0,0,政府機關標讓售；預售屋、或土地及建物分件登記案件；,RPQOMLLMQHGGFAU76DA,54.65,3.55,0.0,有,
新城鄉,房地(土地+建物)+車位,花蓮縣新城鄉光復路４９５號四樓之十六,32.94,住,,,1100820,土地1建物1車位1,四層,六層,華廈(10層含以下有電梯),住家用,鋼筋混凝土造,1100204,100.1,2,2,2,有,有,3000000,28992,坡道平面,13.87,500000,政府機關標讓售；預售屋、或土地及建物分件登記案件；,RPROMLLMQHGGFAU86DA,54.1,3.72,0.0,有,
新城鄉,房地(土地+建物),花蓮縣新城鄉光復路４９５號四樓之十八,33.74,住,,,1100820,土地1建物1車位0,四層,六層,華廈(10層含以下有電梯),住家用,鋼筋混凝土造,1100204,88.94,2,2,2,有,有,2500000,28109,,0.0,0,政府機關標讓售；預售屋、或土地及建物分件登記案件；,RPTOMLLMQHGGFAU07DA,54.67,4.38,0.0,有,
新城鄉,房地(土地+建物)+車位,花蓮縣新城鄉光復路４９５號四樓之八,33.2,住,,,1100820,土地1建物1車位1,四層,六層,華廈(10層含以下有電梯),住家用,鋼筋混凝土造,1100204,101.65,2,2,2,有,有,3000000,28383,坡道平面,13.57,500000,政府機關標讓售；預售屋、或土地及建物分件登記案件；,RPUOMLLMQHGGFAU17DA,56.32,3.15,0.0,有,
新城鄉,房地(土地+建物)+車位,花蓮縣新城鄉光復路４９５號五樓之一,33.74,住,,,1100820,土地1建物1車位1,五層,六層,華廈(10層含以下有電梯),住家用,鋼筋混凝土造,1100204,102.82,2,2,2,有,有,3000000,28106,坡道平面,13.87,500000,政府機關標讓售；預售屋、或土地及建物分件登記案件；,RPVOMLLMQHGGFAU27DA,54.67,4.38,0.0,有,
新城鄉,房地(土地+建物),花蓮縣新城鄉光復路４９５號五樓之十六,32.94,住,,,1100820,土地1建物1車位0,五層,六層,華廈(10層含以下有電梯),住家用,鋼筋混凝土造,1100204,86.23,2,2,2,有,有,2500000,28992,,0.0,0,政府機關標讓售；預售屋、或土地及建物分件登記案件；,RPXOMLLMQHGGFAU47DA,54.1,3.72,0.0,有,
新城鄉,房地(土地+建物),花蓮縣新城鄉光復路４９５號五樓之十七,33.47,住,,,1100820,土地1建物1車位0,五層,六層,華廈(10層含以下有電梯),住家用,鋼筋混凝土造,1100204,88.08,2,2,2,有,有,2500000,28383,,0.0,0,政府機關標讓售；預售屋、或土地及建物分件登記案件；,RPOPMLLMQHGGFAU66DA,54.07,4.38,0.0,有,
新城鄉,房地(土地+建物),花蓮縣新城鄉光復路４９５號六樓之一,33.2,住,,,1100820,土地1建物1車位0,六層,六層,華廈(10層含以下有電梯),住家用,鋼筋混凝土造,1100204,86.91,2,2,2,有,有,2500000,28765,,0.0,0,政府機關標讓售；預售屋、或土地及建物分件登記案件；,RPPPMLLMQHGGFAU76DA,54.56,3.72,0.0,有,
新城鄉,房地(土地+建物),花蓮縣新城鄉光復路４９５號六樓之八,33.2,住,,,1100820,土地1建物1車位0,六層,六層,華廈(10層含以下有電梯),住家用,鋼筋混凝土造,1100204,86.50999999999999,2,2,2,有,有,2500000,28898,,0.0,0,政府機關標讓售；預售屋、或土地及建物分件登記案件；,RPQPMLLMQHGGFAU86DA,54.65,3.25,0.0,有,
新城鄉,房地(土地+建物),花蓮縣新城鄉光復路４９７之１７號,30.53,住,,,1100820,土地1建物1車位0,一層,六層,華廈(10層含以下有電梯),商業用,鋼筋混凝土造,1100204,79.41,0,0,1,有,有,3200000,40297,,0.0,0,政府機關標讓售；預售屋、或土地及建物分件登記案件；,RPRPMLLMQHGGFAU96DA,53.33,0.0,0.0,有,
新城鄉,房地(土地+建物),花蓮縣新城鄉光復路４９７之２１號,30.53,住,,,1100820,土地1建物1車位0,一層,六層,華廈(10層含以下有電梯),商業用,鋼筋混凝土造,1100204,79.41,0,0,1,有,有,3200000,40297,,0.0,0,政府機關標讓售；預售屋、或土地及建物分件登記案件；,RPTPMLLMQHGGFAU17DA,53.33,0.0,0.0,有,
新城鄉,房地(土地+建物)+車位,花蓮縣新城鄉光復路４９７號二樓之二,33.47,住,,,1100820,土地1建物1車位1,二層,六層,華廈(10層含以下有電梯),住家用,鋼筋混凝土造,1100204,100.9,2,2,2,有,有,3000000,28726,坡道平面,13.87,500000,政府機關標讓售；預售屋、或土地及建物分件登記案件；,RPUPMLLMQHGGFAU27DA,54.07,4.38,0.0,有,
新城鄉,房地(土地+建物)+車位,花蓮縣新城鄉光復路４９７號三樓之一,33.74,住,,,1100820,土地1建物1車位1,三層,六層,華廈(10層含以下有電梯),住家用,鋼筋混凝土造,1100204,101.78,2,2,2,有,有,3000000,28438,坡道平面,13.87,500000,政府機關標讓售；預售屋、或土地及建物分件登記案件；,RPWPMLLMQHGGFAU47DA,54.67,4.38,0.0,有,
新城鄉,房地(土地+建物)+車位,花蓮縣新城鄉光復路４９７號三樓之十二,33.2,住,,,1100820,土地1建物1車位1,三層,六層,華廈(10層含以下有電梯),住家用,鋼筋混凝土造,1100204,100.49000000000001,2,2,2,有,有,3000000,28862,坡道平面,13.87,500000,政府機關標讓售；預售屋、或土地及建物分件登記案件；,RPXPMLLMQHGGFAU57DA,54.65,3.55,0.0,有,
新城鄉,房地(土地+建物),花蓮縣新城鄉光復路４９７號四樓之九,33.2,住,,,1100820,土地1建物1車位0,四層,六層,華廈(10層含以下有電梯),住家用,鋼筋混凝土造,1100204,86.61,2,2,2,有,有,2500000,28865,,0.0,0,政府機關標讓售；預售屋、或土地及建物分件登記案件；,RPOQMLLMQHGGFAU76DA,54.65,3.55,0.0,有,
新城鄉,房地(土地+建物)+車位,花蓮縣新城鄉光復路４９７號五樓之十三,33.2,住,,,1100820,土地1建物1車位1,五層,六層,華廈(10層含以下有電梯),住家用,鋼筋混凝土造,1100204,100.49000000000001,2,2,2,有,有,3000000,28862,坡道平面,13.87,500000,政府機關標讓售；預售屋、或土地及建物分件登記案件；,RPPQMLLMQHGGFAU86DA,54.65,3.55,0.0,有,
新城鄉,房地(土地+建物)+車位,花蓮縣新城鄉光復路４９７號六樓之三,33.2,住,,,1100820,土地1建物1車位1,六層,六層,華廈(10層含以下有電梯),住家用,鋼筋混凝土造,1100204,100.36,2,2,2,有,有,3000000,28905,坡道平面,13.87,500000,政府機關標讓售；預售屋、或土地及建物分件登記案件；,RPSQMLLMQHGGFAU17DA,54.65,3.4,0.0,有,
新城鄉,房地(土地+建物)+車位,花蓮縣新城鄉光復路４９７號六樓之十二,33.2,住,,,1100820,土地1建物1車位1,六層,六層,華廈(10層含以下有電梯),住家用,鋼筋混凝土造,1100204,100.21000000000001,2,2,2,有,有,3000000,28955,坡道平面,13.87,500000,政府機關標讓售；預售屋、或土地及建物分件登記案件；,RPUQMLLMQHGGFAU37DA,54.65,3.25,0.0,有,
花蓮市,房地(土地+建物),花蓮縣花蓮市國盛五街５２號五樓之一,7.87,住,,,1100909,土地1建物1車位0,五層,五層,華廈(10層含以下有電梯),住家用,鋼筋混凝土造,0810303,28.09,1,1,1,有,有,2100000,74760,,0.0,0,其他增建；,RPOOMLRJIIGGFAU78DA,20.17,4.08,0.0,有,001
壽豐鄉,土地,忠孝段1012-1地號,1096.25,農,,,1100828,土地1建物0車位0,,,其他,,,,0.0,0,0,0,有,無,2300000,2098,,0.0,0,,RPQOMLRJIIGGFAU98DA,0.0,0.0,0.0,無,002
花蓮市,房地(土地+建物),花蓮縣花蓮市長安街２７號八樓之七,5.7,住,,,1100923,土地1建物1車位0,八層,十六層,住宅大樓(11層含以上有電梯),住家用,鋼筋混凝土造,0851029,42.34,1,0,1,有,有,2200000,51960,,0.0,0,含傢俱設備費；陽台外推；,RPSOMLRJIIGGFAU56DA,24.54,5.31,0.0,有,003
花蓮市,房地(土地+建物),花蓮縣花蓮市國民八街６３號五樓之五,6.45,商,,,1100920,土地1建物1車位0,五層,七層,華廈(10層含以下有電梯),住家用,鋼筋混凝土造,0831117,46.64,1,1,1,有,無,1700000,36449,,0.0,0,,RPTOMLRJIIGGFAU66DA,33.49,1.84,0.0,有,
花蓮市,房地(土地+建物),花蓮縣花蓮市國興一街９５號五樓之十四,15.04,都市：其他:倉儲區,,,1100924,土地1建物1車位0,五層,八層,華廈(10層含以下有電梯),工業用,鋼筋混凝土造,0810930,90.36000000000001,2,2,2,有,有,3460000,38291,,0.0,0,,RPOOMLSJIIGGFAU88DA,73.51,0.0,0.0,有,
花蓮市,房地(土地+建物),花蓮縣花蓮市中興路６號三樓之五,5.51,商,,,1100925,土地1建物1車位0,三層,十層,華廈(10層含以下有電梯),住家用,鋼筋混凝土造,0870507,46.74,1,0,1,有,有,2398000,51305,,0.0,0,,RPTOMLSJIIGGFAU76DA,35.84,1.94,0.0,有,004
光復鄉,土地,新庄段805地號,1188.47,,一般農業區,農牧用地,1100930,土地1建物0車位0,,,其他,,,,0.0,0,0,0,有,無,1200000,1010,,0.0,0,本買賣標的：花蓮縣光復鄉新庄段805地號土地面積：1188.47平方公尺；權利範圍：全部1/1土地一筆及其地上現有之地上物及農業電設施在內併同移予買方所有。機電設備；,RPPNMLRJIIGGFBU88DA,0.0,0.0,0.0,無,
鳳林鎮,土地,鳳信段198-1地號,3127.45,,特定農業區,農牧用地,1100911,土地1建物0車位0,,,其他,,,,0.0,0,0,0,有,無,1600000,512,,0.0,0,親友、員工、共有人或其他特殊關係間之交易；,RPRNMLRJIIGGFBU09DA,0.0,0.0,0.0,無,
光復鄉,土地,大安段29地號,6601.0,,特定農業區,農牧用地,1100818,土地1建物0車位0,,,其他,,,,0.0,0,0,0,有,無,1095000,166,,0.0,0,,RPQNMLSJIIGGFBU09DA,0.0,0.0,0.0,無,
玉里鎮,房地(土地+建物),花蓮縣玉里鎮城西一街１００號,109.0,,,,1090602,土地1建物1車位0,全,三層,透天厝,住家用,鋼筋混凝土造,1100701,179.26,4,2,4,有,無,8500000,47417,,0.0,0,,RPTNMLQJIIGGFCU66DA,168.17,11.09,0.0,無,
玉里鎮,房地(土地+建物),花蓮縣玉里鎮城西一街９６號,105.0,,,,1081114,土地1建物1車位0,全,三層,透天厝,住家用,鋼筋混凝土造,1100701,170.1,4,2,4,有,無,8250000,48501,,0.0,0,,RPUNMLQJIIGGFCU76DA,158.65,11.45,0.0,無,
鳳林鎮,土地,鳳信段60-1地號,24.41,,鄉村區,乙種建築用地,1100928,土地1建物0車位0,,,其他,,,,0.0,0,0,0,有,無,250000,10242,,0.0,0,含土地增值稅或其他稅費20000元；含仲介費30000元；含地政士服務費20000元；未登記建物；畸零地或有合併使用效益；,RPPNMLSJIIGGFBU09EA,0.0,0.0,0.0,無,
光復鄉,房地(土地+建物),花蓮縣光復鄉中華路３０１巷２２號一樓,38.5,都市：其他:住宅區,,,1100918,土地1建物1車位0,一層,四層,公寓(5樓含以下無電梯),住家用,鋼筋混凝土造,0880706,86.65,3,2,2,有,無,2980000,34391,,0.0,0,其他增建；,RPSNMLOJIIGGFBU88DA,73.89,4.78,0.0,無,005
花蓮市,土地,四維段171地號,667.12,農,,,1100802,土地1建物0車位0,,,其他,,,,0.0,0,0,0,有,無,3632400,5445,,0.0,0,,RPVOMLSJIIGGFAU96DA,0.0,0.0,0.0,無,
壽豐鄉,土地,東華段1067地號,3929.71,農,,,1100920,土地1建物0車位0,,,其他,,,,0.0,0,0,0,有,無,7000000,1781,,0.0,0,,RPPNMLLKIIGGFAU28DA,0.0,0.0,0.0,無,
花蓮市,土地,民心段121-41地號,348.0,住,,,1100923,土地1建物0車位0,,,其他,,,,0.0,0,0,0,有,無,4000000,11494,,0.0,0,未登記建物；,RPPOMLSJIIGGFAU98DA,0.0,0.0,0.0,無,
吉安鄉,房地(土地+建物),花蓮縣吉安鄉南埔十三街１６１號,81.0,住,,,1100828,土地1建物1車位0,全,二層,透天厝,住家用,鋼筋混凝土造,0730302,118.6,3,2,2,有,無,7950000,67032,,0.0,0,頂樓加蓋；其他增建；,RPXNMLSJIIGGFAU07DA,118.6,0.0,0.0,無,
花蓮市,房地(土地+建物),花蓮縣花蓮市國民八街８號五樓之五,15.18,商,,,1100919,土地1建物1車位0,五層,十一層,住宅大樓(11層含以上有電梯),住家用,鋼筋混凝土造,1080808,91.21000000000001,2,2,2,有,有,7300000,80035,,0.0,0,,RPSNMLNKIIGGFAU78DA,54.6,4.92,0.0,有,
吉安鄉,房地(土地+建物),花蓮縣吉安鄉東里三街２９號三樓,23.51,住,,,1100923,土地2建物1車位0,三層,四層,公寓(5樓含以下無電梯),住家用,鋼筋混凝土造,0831223,67.7,2,2,1,有,無,3600000,53176,,0.0,0,其他增建；,RPQPMLRJIIGGFAU09DA,49.84,3.8,0.0,無,006
花蓮市,房地(土地+建物),花蓮縣花蓮市中美路８９巷１０號,20.66,商,,,1100914,土地2建物1車位0,一層，二層，騎樓,七層,華廈(10層含以下有電梯),住商用,鋼筋混凝土造,0820109,126.15,0,0,2,有,有,7050000,55886,,0.0,0,,RPRPMLRJIIGGFAU56DA,96.46,7.62,0.0,有,007
吉安鄉,房地(土地+建物),花蓮縣吉安鄉中山路一段２２２號十三樓之一,14.53,住,,,1100806,土地1建物1車位0,十三層,十五層,住宅大樓(11層含以上有電梯),住家用,鋼筋混凝土造,0850216,119.82,2,3,2,有,有,5450000,45485,,0.0,0,,RPSPMLRJIIGGFAU66DA,87.32,6.71,0.0,有,008
花蓮市,房地(土地+建物),花蓮縣花蓮市國富十一街３２號二樓之三,8.94,住,,,1100917,土地1建物1車位0,二層,五層,華廈(10層含以下有電梯),住家用,鋼筋混凝土造,0851005,35.86,1,1,1,有,有,2150000,59955,,0.0,0,含裝潢費；含傢俱設備費；,RPVOMLQJIIGGFAU76DA,26.02,4.43,0.0,有,009
壽豐鄉,房地(土地+建物)+車位,花蓮縣壽豐鄉志學新１８２之３號,52.75,住,,,1100825,土地1建物1車位1,四層，五層，見其他登記事項,五層,公寓(5樓含以下無電梯),住家用,鋼筋混凝土造,0880520,152.85,4,2,2,有,有,3060000,20020,一樓平面,13.4,0,,RPQNMLRJIIGGFAU88DA,104.76,9.02,0.0,無,
吉安鄉,房地(土地+建物)+車位,花蓮縣吉安鄉南昌北路７６號八樓之五,23.07,都市：其他:商業區(二),,,1100911,土地1建物1車位1,八層,九層,華廈(10層含以下有電梯),住家用,鋼筋混凝土造,1090828,147.94,3,2,3,有,有,9060000,62491,升降機械,10.96,500000,,RPWNMLRJIIGGFAU86DA,90.33,9.88,0.0,有,
壽豐鄉,土地,平和段1222地號,1718.3,農,,,1100903,土地1建物0車位0,,,其他,,,,0.0,0,0,0,有,無,6000000,3492,,0.0,0,,RPSSMLNJRHGGFAU37DA,0.0,0.0,0.0,無,
新城鄉,房地(土地+建物),花蓮縣新城鄉光復路５０１之３號,30.53,住,,,1100825,土地1建物1車位0,一層,七層,華廈(10層含以下有電梯),商業用,鋼筋混凝土造,1080725,77.27,0,0,1,有,有,3200000,41413,,0.0,0,政府機關標讓售；預售屋、或土地及建物分件登記案件；,RPVNMLQJRHGGFAU47DA,53.33,0.0,0.0,有,
新城鄉,房地(土地+建物),花蓮縣新城鄉光復路５０１之２號,30.53,住,,,1100825,土地1建物1車位0,一層,七層,華廈(10層含以下有電梯),商業用,鋼筋混凝土造,1080725,77.42,0,0,1,有,有,3200000,41333,,0.0,0,政府機關標讓售；預售屋、或土地及建物分件登記案件；,RPWNMLQJRHGGFAU57DA,53.48,0.0,0.0,有,
新城鄉,房地(土地+建物),花蓮縣新城鄉光復路５０１號三樓之二十,33.74,住,,,1100825,土地1建物1車位0,三層,七層,華廈(10層含以下有電梯),住家用,鋼筋混凝土造,1080725,87.17,2,2,2,有,有,2500000,28680,,0.0,0,政府機關標讓售；預售屋、或土地及建物分件登記案件；,RPXNMLQJRHGGFAU67DA,54.67,4.38,0.0,有,
新城鄉,房地(土地+建物),花蓮縣新城鄉光復路５０１號六樓之十六,33.2,住,,,1100825,土地1建物1車位0,六層,七層,華廈(10層含以下有電梯),住家用,鋼筋混凝土造,1080725,84.85,2,2,2,有,有,2500000,29464,,0.0,0,政府機關標讓售；預售屋、或土地及建物分件登記案件；,RPOOMLQJRHGGFAU86DA,54.65,3.25,0.0,有,
新城鄉,房地(土地+建物)+車位,花蓮縣新城鄉光復路４９３號二樓之十一,33.2,住,,,1100825,土地1建物1車位1,二層,七層,華廈(10層含以下有電梯),住家用,鋼筋混凝土造,1100204,86.22,2,2,2,有,有,3000000,34795,其他,0.0,500000,政府機關標讓售；預售屋、或土地及建物分件登記案件；,RPPOMLQJRHGGFAU96DA,54.65,3.55,0.0,有,
新城鄉,房地(土地+建物),花蓮縣新城鄉光復路４９３號五樓之十,33.2,住,,,1100825,土地1建物1車位0,五層,七層,華廈(10層含以下有電梯),住家用,鋼筋混凝土造,1100204,86.22,2,2,2,有,有,2500000,28996,,0.0,0,政府機關標讓售；預售屋、或土地及建物分件登記案件；,RPQOMLQJRHGGFAU07DA,54.65,3.55,0.0,有,
花蓮市,房地(土地+建物),花蓮縣花蓮市中美十三街７８號五樓之九,16.42,住,,,1100816,土地1建物1車位0,五層，夾層,五層,華廈(10層含以下有電梯),住家用,鋼筋混凝土、木造,0851012,63.980000000000004,1,1,1,有,無,2800000,43764,,0.0,0,含傢俱設備費；其他增建；,RPQPMLSJRHGGFAU37DA,44.88,0.0,0.0,有,010
新城鄉,房地(土地+建物),花蓮縣新城鄉樹人街３號,31.06,住,,,1100830,土地1建物1車位0,一層,七層,華廈(10層含以下有電梯),商業用,鋼筋混凝土造,1100204,79.52,0,0,1,有,有,3200000,40241,,0.0,0,政府機關標讓售；預售屋、或土地及建物分件登記案件；,RPRNMLLKRHGGFAU66DA,54.23,0.0,0.0,有,
新城鄉,房地(土地+建物)+車位,花蓮縣新城鄉光復路４９３號六樓之一,33.74,住,,,1100830,土地1建物1車位1,六層,七層,華廈(10層含以下有電梯),住家用,鋼筋混凝土造,1100204,102.18,2,2,2,有,有,3000000,28309,坡道平面,13.87,500000,政府機關標讓售；預售屋、或土地及建物分件登記案件；,RPSNMLLKRHGGFAU76DA,54.67,4.38,0.0,有,
新城鄉,房地(土地+建物),花蓮縣新城鄉光復路４９１之３０號,30.53,住,,,1100830,土地1建物1車位0,一層,七層,華廈(10層含以下有電梯),商業用,鋼筋混凝土造,1100204,77.24,0,0,1,有,有,3200000,41429,,0.0,0,政府機關標讓售；預售屋、或土地及建物分件登記案件；,RPTNMLLKRHGGFAU86DA,53.48,0.0,0.0,有,
新城鄉,房地(土地+建物)+車位,花蓮縣新城鄉光復路４９１號三樓之一,33.74,住,,,1100830,土地1建物1車位1,三層,七層,華廈(10層含以下有電梯),住家用,鋼筋混凝土造,1100204,100.85,2,2,2,有,有,3000000,28742,坡道平面,13.87,500000,政府機關標讓售；預售屋、或土地及建物分件登記案件；,RPUNMLLKRHGGFAU96DA,54.67,4.38,0.0,有,
花蓮市,房地(土地+建物),花蓮縣花蓮市美崙市場１３號,37.0,都市：其他:市場用地,,,1100905,土地1建物1車位0,全,三層,透天厝,住商用,鋼筋混凝土加強磚造,0611129,117.35,3,2,2,有,無,4200000,35790,,0.0,0,其他增建；,RPWNMLLJIIGGFAU88DA,117.35,0.0,0.0,無,
壽豐鄉,土地,東升段922地號,4.0,,鄉村區,乙種建築用地,1101004,土地1建物0車位0,,,其他,,,,0.0,0,0,0,有,無,10000,2500,,0.0,0,,RPWNMLOJIIGGFAU56DA,0.0,0.0,0.0,無,
花蓮市,房地(土地+建物),花蓮縣花蓮市國興二街１３６號四樓之二,12.74,住,,,1100924,土地1建物1車位0,四層,五層,華廈(10層含以下有電梯),住家用,鋼筋混凝土造,1070622,36.57,1,0,1,有,有,2880000,78753,,0.0,0,,RPROMLRJIIGGFAU09DA,18.4,2.87,0.0,有,011
吉安鄉,房地(土地+建物),花蓮縣吉安鄉文化八街１３０號,138.91,農,,,1100720,土地1建物1車位0,全,三層,透天厝,住家用,鋼筋混凝土造,0860903,199.24,4,2,3,有,無,10600000,53202,,0.0,0,其他增建；,RPSNMLPJIIGGFAU88DA,173.98,25.26,0.0,無,
花蓮市,房地(土地+建物),花蓮縣花蓮市沙基拉雅街３９巷３０弄９９號,87.91,,一般農業區,甲種建築用地,1100904,土地1建物1車位0,全,四層,透天厝,住家用,鋼筋混凝土造,0860429,191.53,4,2,4,有,無,5800000,30282,,0.0,0,含裝潢費；含傢俱設備費；,RPXNMLRKRHGGFAU87DA,182.09,9.44,0.0,無,012
壽豐鄉,房地(土地+建物),花蓮縣壽豐鄉中山路七段２４號,662.49,,鄉村區,乙種建築用地,1100904,土地1建物1車位0,全,二層,透天厝,住家用,加強磚造,07003,111.1,3,2,2,有,無,9300000,83708,,0.0,0,含傢俱設備費；,RPUOMLNKIIGGFAU09DA,111.1,0.0,0.0,無,013
花蓮市,房地(土地+建物),花蓮縣花蓮市北濱街２號三樓之五,18.52,住,,,1100917,土地1建物1車位0,三層,五層,公寓(5樓含以下無電梯),住家用,鋼筋混凝土造,0760113,71.87,3,2,1,有,無,3100000,43133,,0.0,0,,RPPNMLOKIIGGFAU58DA,54.74,7.58,0.0,無,
吉安鄉,房地(土地+建物),花蓮縣吉安鄉東海十街２８號,115.0,住,,,1100914,土地1建物1車位0,全,二層,透天厝,住商用,鋼筋混凝土造,0721204,155.65,4,3,2,有,無,9200000,59107,,0.0,0,頂樓加蓋；其他增建；,RPQOMLNKIIGGFAU68DA,152.0,3.65,0.0,無,
吉安鄉,房地(土地+建物),花蓮縣吉安鄉勝安三街２８號,96.0,住,,,1091113,土地1建物1車位0,全,三層,透天厝,住家用,鋼筋混凝土造,1100812,199.43,4,2,5,有,無,14300000,71704,,0.0,0,,RPROMLNKIIGGFAU78DA,191.99,7.44,0.0,無,
壽豐鄉,土地,光榮段19地號,934.58,,一般農業區,農牧用地,1100902,土地3建物0車位0,,,其他,,,,0.0,0,0,0,有,無,7500000,8025,,0.0,0,,RPSOMLNKIIGGFAU88DA,0.0,0.0,0.0,無,
花蓮市,房地(土地+建物)+車位,花蓮縣花蓮市化道路８９巷１２號九樓之一,19.3,住,,,1100910,土地1建物1車位1,九層,十層,華廈(10層含以下有電梯),住家用,鋼筋混凝土造,0830401,140.0,4,2,2,有,有,6360000,45334,坡道機械,4.34,210000,,RPROMLSJIIGGFAU56DA,94.8,9.85,0.0,有,
鳳林鎮,土地,鳳凰段640-1地號,2514.4,,一般農業區,農牧用地,1100910,土地1建物0車位0,,,其他,,,,0.0,0,0,0,有,無,2500000,994,,0.0,0,,RPPNMLLKIIGGFBU38DA,0.0,0.0,0.0,無,
玉里鎮,土地,玉泉段349地號,1373.0,,特定農業區,農牧用地,1100826,土地1建物0車位0,,,其他,,,,0.0,0,0,0,有,無,1050000,765,,0.0,0,,RPPNMLSJIIGGFCU09DA,0.0,0.0,0.0,無,
鳳林鎮,土地,北林段523地號,4783.31,,特定農業區,丁種建築用地,1100910,土地2建物0車位0,,,其他,,,,0.0,0,0,0,有,無,36173750,7562,,0.0,0,,RPUNMLMLRHGGFBU27DA,0.0,0.0,0.0,無,
花蓮市,土地,功學段732地號,9.35,住,,,1100928,土地1建物0車位0,,,其他,,,,0.0,0,0,0,有,無,313225,33500,,0.0,0,,RPUNMLOKIIGGFAU09DA,0.0,0.0,0.0,無,
花蓮市,房地(土地+建物),花蓮縣花蓮市國盛三街８７號,104.0,住,,,1100929,土地1建物1車位0,全,三層,透天厝,住家用,鋼筋混凝土造,0920710,169.44,4,2,3,有,無,11000000,64920,,0.0,0,含傢俱設備費；,RPVNMLOKIIGGFAU56DA,143.1,26.34,0.0,無,014
花蓮市,房地(土地+建物),花蓮縣花蓮市成功街４１號四樓之二,40.12,住,,,1100905,土地2建物1車位0,四層,七層,華廈(10層含以下有電梯),住家用,鋼筋混凝土造,0821015,176.62,3,2,2,有,有,7300000,41332,,0.0,0,,RPVOMLOKIIGGFAU66DA,133.62,9.3,0.0,有,
吉安鄉,房地(土地+建物),花蓮縣吉安鄉南海三街２０２巷１號,145.74,,鄉村區,乙種建築用地,1100829,土地2建物1車位0,全,三層,透天厝,住家用,鋼筋混凝土造,1100201,179.79,3,2,4,有,無,13550000,75366,,0.0,0,,RPTOMLOKIIGGFAU09DA,162.43,17.36,0.0,無,
花蓮市,房地(土地+建物),花蓮縣花蓮市建和街４５巷５號,73.44,住,,,1100907,土地6建物1車位0,全,三層,透天厝,住家用,鋼筋混凝土造,0830929,122.55,4,2,2,有,無,5600000,45696,,0.0,0,其他增建；,RPUNMLPKIIGGFAU56DA,111.71,10.84,0.0,無,
吉安鄉,房地(土地+建物),花蓮縣吉安鄉福興三街４９之１號,203.0,住,,,1100830,土地1建物1車位0,全,四層,透天厝,住家用,鋼筋混凝土造,1030627,313.35,7,1,7,有,無,13800000,44040,,0.0,0,其他增建；,RPWOMLOKIIGGFAU76DA,298.38,14.97,0.0,無,015
花蓮市,房地(土地+建物),花蓮縣花蓮市福建街８２號,98.0,住,,,1100823,土地1建物1車位0,全,四層,透天厝,住家用,鋼筋混凝土造,0950623,189.67,5,2,4,有,無,10500000,55359,,0.0,0,,RPPPMLOKIIGGFAU78DA,173.74,15.93,0.0,無,
吉安鄉,房地(土地+建物),花蓮縣吉安鄉南海三街２０２巷１３號,118.74,,鄉村區,乙種建築用地,1100904,土地2建物1車位0,全,三層,透天厝,住家用,鋼筋混凝土造,1100201,175.78,3,2,4,有,無,12600000,71681,,0.0,0,,RPSOMLOKIIGGFAU98DA,158.73,17.05,0.0,無,
光復鄉,土地,大安段1622-11地號,236.0,都市：其他:住宅區,,,1100803,土地1建物0車位0,,,其他,,,,0.0,0,0,0,有,無,2700000,11441,,0.0,0,,RPPNMLKKQHGGFBU98DA,0.0,0.0,0.0,無,016
玉里鎮,房地(土地+建物),花蓮縣玉里鎮酸柑５６之４２號,166.77,,一般農業區,甲種建築用地,1100908,土地1建物1車位0,全,一層,透天厝,住家用,木構架加強磚造,0761023,74.76,2,2,1,有,無,2500000,33440,,0.0,0,土地價格新台幣200萬元整建物價格50萬元整,RPPNMLMKIIGGFCU58DA,74.76,0.0,0.0,無,
萬榮鄉,土地,新白陽段767地號,5130.09,,山坡地保育區,林業用地,1100913,土地1建物0車位0,,,其他,,,,0.0,0,0,0,有,無,250000,49,,0.0,0,親友、員工、共有人或其他特殊關係間之交易；,RPQNMLOKIIGGFBU88EA,0.0,0.0,0.0,無,
吉安鄉,房地(土地+建物),花蓮縣吉安鄉南海四街２２９巷１２之１號,180.0,,鄉村區,乙種建築用地,1100829,土地1建物1車位0,全,二層,透天厝,住家用,鋼筋混凝土加強磚造,0701015,133.16,4,2,2,有,無,8200000,61580,,0.0,0,其他增建；,RPTOMLNKIIGGFAU98DA,133.16,0.0,0.0,無,
吉安鄉,土地,慈勝段244地號,1904.93,都市：住,,,1100828,土地4建物0車位0,,,其他,,,,0.0,0,0,0,有,無,54730096,28731,,0.0,0,包含公共設施保留地用地；,RPRNMLOKIIGGFAU78DA,0.0,0.0,0.0,無,
花蓮市,房地(土地+建物),花蓮縣花蓮市軒轅路２號六樓之十一,4.19,商,,,1101004,土地2建物1車位0,六層,九層,華廈(10層含以下有電梯),住家用,鋼筋混凝土造,0750531,37.91,1,1,1,有,有,2100000,55394,,0.0,0,含裝潢費；含傢俱設備費；,RPOOMLNKIIGGFAU48DA,29.38,0.0,0.0,有,017
花蓮市,房地(土地+建物),花蓮縣花蓮市公正街３７號六樓之十三,6.2,商,,,1100924,土地1建物1車位0,六層,十二層,住宅大樓(11層含以上有電梯),商業用,鋼筋混凝土造,0830630,41.04,1,1,1,有,有,2200000,53606,,0.0,0,,RPOOMLPKIIGGFAU68DA,27.58,0.0,0.0,有,018
花蓮市,房地(土地+建物),花蓮縣花蓮市東興二街１２巷７號,104.0,住,,,1100829,土地1建物1車位0,全,三層,透天厝,住家用,鋼筋混凝土造,0950801,204.28,3,3,4,有,無,12550000,61435,,0.0,0,其他增建；,RPPOMLPKIIGGFAU78DA,176.12,28.16,0.0,無,
新城鄉,房地(土地+建物),花蓮縣新城鄉光復路４９９號五樓之十一,33.47,住,,,1100816,土地1建物1車位0,五層,六層,華廈(10層含以下有電梯),住家用,鋼筋混凝土造,1100204,86.78999999999999,2,2,2,有,有,2500000,28805,,0.0,0,政府機關標讓售；預售屋、或土地及建物分件登記案件；,RPQNMLNLRHGGFAU86DA,54.65,3.4,0.0,有,
新城鄉,房地(土地+建物)+車位,花蓮縣新城鄉光復路４９９號四樓之二,33.74,住,,,1100816,土地1建物1車位1,四層,六層,華廈(10層含以下有電梯),住家用,鋼筋混凝土造,1100204,102.09,2,2,2,有,有,3000000,28338,坡道平面,13.87,500000,政府機關標讓售；預售屋、或土地及建物分件登記案件；,RPRWMLOLQHGGFAU87DA,54.07,4.38,0.0,有,
新城鄉,房地(土地+建物)+車位,花蓮縣新城鄉光復路４９９號四樓之五,34.27,住,,,1100816,土地1建物1車位1,四層,六層,華廈(10層含以下有電梯),住家用,鋼筋混凝土造,1100204,103.41999999999999,2,2,2,有,有,3000000,27917,坡道平面,13.87,500000,政府機關標讓售；預售屋、或土地及建物分件登記案件；,RPSWMLOLQHGGFAU97DA,55.85,3.66,0.0,有,
新城鄉,房地(土地+建物)+車位,花蓮縣新城鄉光復路４９９號四樓之六,33.47,住,,,1100816,土地1建物1車位1,四層,六層,華廈(10層含以下有電梯),住家用,鋼筋混凝土造,1100204,99.72,2,2,2,有,有,3000000,29121,坡道平面,13.87,500000,政府機關標讓售；預售屋、或土地及建物分件登記案件；,RPTWMLOLQHGGFAU08DA,54.65,3.4,0.0,有,
新城鄉,房地(土地+建物)+車位,花蓮縣新城鄉光復路４９９號四樓之十三,33.47,住,,,1100816,土地1建物1車位1,四層,六層,華廈(10層含以下有電梯),住家用,鋼筋混凝土造,1100204,99.87,2,2,2,有,有,3000000,29070,坡道平面,13.87,500000,政府機關標讓售；預售屋、或土地及建物分件登記案件；,RPUWMLOLQHGGFAU18DA,54.65,3.55,0.0,有,
新城鄉,房地(土地+建物)+車位,花蓮縣新城鄉光復路４９９號四樓之十五,33.47,住,,,1100816,土地1建物1車位1,四層,六層,華廈(10層含以下有電梯),住家用,鋼筋混凝土造,1100204,100.82,2,2,2,有,有,3000000,28752,坡道平面,13.87,500000,政府機關標讓售；預售屋、或土地及建物分件登記案件；,RPWWMLOLQHGGFAU38DA,54.65,3.55,0.0,有,
新城鄉,房地(土地+建物)+車位,花蓮縣新城鄉光復路４９９號四樓之二十二,34.01,住,,,1100816,土地1建物1車位1,四層,六層,華廈(10層含以下有電梯),住家用,鋼筋混凝土造,1100204,100.89,2,2,2,有,有,3000000,28729,坡道平面,13.87,500000,政府機關標讓售；預售屋、或土地及建物分件登記案件；,RPXWMLOLQHGGFAU48DA,54.67,4.38,0.0,有,
新城鄉,房地(土地+建物)+車位,花蓮縣新城鄉光復路４９９號四樓之十八,33.47,住,,,1100816,土地1建物1車位1,四層,六層,華廈(10層含以下有電梯),住家用,鋼筋混凝土造,1100204,100.41999999999999,2,2,2,有,有,3000000,28885,坡道平面,13.87,500000,政府機關標讓售；預售屋、或土地及建物分件登記案件；,RPONNLOLQHGGFAU76DA,54.65,3.15,0.0,有,
新城鄉,房地(土地+建物)+車位,花蓮縣新城鄉光復路４９９號四樓之十二,33.47,住,,,1100816,土地1建物1車位1,四層,六層,華廈(10層含以下有電梯),住家用,鋼筋混凝土造,1100204,102.49,2,2,2,有,有,3000000,28210,坡道平面,13.87,500000,政府機關標讓售；預售屋、或土地及建物分件登記案件；,RPPNNLOLQHGGFAU86DA,56.32,3.55,0.0,有,
新城鄉,房地(土地+建物)+車位,花蓮縣新城鄉光復路４９９號五樓之三,33.2,住,,,1100816,土地1建物1車位1,五層,六層,華廈(10層含以下有電梯),住家用,鋼筋混凝土造,1100204,99.3,2,2,2,有,有,3000000,29264,坡道平面,13.87,500000,政府機關標讓售；預售屋、或土地及建物分件登記案件；,RPQNNLOLQHGGFAU96DA,54.1,3.72,0.0,有,
新城鄉,房地(土地+建物)+車位,花蓮縣新城鄉光復路４９９號五樓之五,34.27,住,,,1100816,土地1建物1車位1,五層,六層,華廈(10層含以下有電梯),住家用,鋼筋混凝土造,1100204,103.41999999999999,2,2,2,有,有,3000000,27917,坡道平面,13.87,500000,政府機關標讓售；預售屋、或土地及建物分件登記案件；,RPRNNLOLQHGGFAU07DA,55.85,3.66,0.0,有,
新城鄉,房地(土地+建物),花蓮縣新城鄉光復路４９９號五樓之六,33.47,住,,,1100816,土地1建物1車位0,五層,六層,華廈(10層含以下有電梯),住家用,鋼筋混凝土造,1100204,85.84,2,2,2,有,有,2500000,29124,,0.0,0,政府機關標讓售；預售屋、或土地及建物分件登記案件；,RPSNNLOLQHGGFAU17DA,54.65,3.4,0.0,有,
新城鄉,房地(土地+建物)+車位,花蓮縣新城鄉光復路４９９號五樓之九,33.74,住,,,1100816,土地1建物1車位1,五層,六層,華廈(10層含以下有電梯),住家用,鋼筋混凝土造,1100204,100.58,2,2,2,有,有,3000000,28832,坡道平面,13.87,500000,政府機關標讓售；預售屋、或土地及建物分件登記案件；,RPTNNLOLQHGGFAU27DA,55.28,3.55,0.0,有,
新城鄉,房地(土地+建物)+車位,花蓮縣新城鄉光復路４９９號五樓之十三,33.47,住,,,1100816,土地1建物1車位1,五層,六層,華廈(10層含以下有電梯),住家用,鋼筋混凝土造,1100204,99.87,2,2,2,有,有,3000000,29070,坡道平面,13.87,500000,政府機關標讓售；預售屋、或土地及建物分件登記案件；,RPVNNLOLQHGGFAU47DA,54.65,3.55,0.0,有,
新城鄉,房地(土地+建物)+車位,花蓮縣新城鄉光復路４９９號五樓之十五,33.47,住,,,1100816,土地1建物1車位1,五層,六層,華廈(10層含以下有電梯),住家用,鋼筋混凝土造,1100204,100.82,2,2,2,有,有,3000000,28752,坡道平面,13.87,500000,政府機關標讓售；預售屋、或土地及建物分件登記案件；,RPWNNLOLQHGGFAU57DA,54.65,3.55,0.0,有,
新城鄉,房地(土地+建物)+車位,花蓮縣新城鄉光復路４９９號五樓之十九,34.27,住,,,1100816,土地1建物1車位1,五層,六層,華廈(10層含以下有電梯),住家用,鋼筋混凝土造,1100204,102.28,2,2,2,有,有,3000000,28277,坡道平面,13.87,500000,政府機關標讓售；預售屋、或土地及建物分件登記案件；,RPXNNLOLQHGGFAU67DA,55.85,3.66,0.0,有,
新城鄉,房地(土地+建物)+車位,花蓮縣新城鄉光復路４９９號五樓之二十,33.2,住,,,1100816,土地1建物1車位1,五層,六層,華廈(10層含以下有電梯),住家用,鋼筋混凝土造,1100204,99.49000000000001,2,2,2,有,有,3000000,29199,坡道平面,13.87,500000,政府機關標讓售；預售屋、或土地及建物分件登記案件；,RPOONLOLQHGGFAU86DA,54.1,3.72,0.0,有,
新城鄉,房地(土地+建物)+車位,花蓮縣新城鄉光復路４９９號五樓之二十二,34.01,住,,,1100816,土地1建物1車位1,五層,六層,華廈(10層含以下有電梯),住家用,鋼筋混凝土造,1100204,100.89,2,2,2,有,有,3000000,28729,坡道平面,13.87,500000,政府機關標讓售；預售屋、或土地及建物分件登記案件；,RPPONLOLQHGGFAU96DA,54.67,4.38,0.0,有,
新城鄉,房地(土地+建物)+車位,花蓮縣新城鄉光復路４９９號六樓之一,33.47,住,,,1100816,土地1建物1車位1,六層,六層,華廈(10層含以下有電梯),住家用,鋼筋混凝土造,1100204,99.99000000000001,2,2,2,有,有,3000000,29029,坡道平面,13.87,500000,政府機關標讓售；預售屋、或土地及建物分件登記案件；,RPRONLOLQHGGFAU17DA,54.56,3.72,0.0,有,
新城鄉,房地(土地+建物),花蓮縣新城鄉光復路４９９號六樓之二,34.27,住,,,1100816,土地1建物1車位0,六層,六層,華廈(10層含以下有電梯),住家用,鋼筋混凝土造,1100204,89.53999999999999,2,2,2,有,有,2500000,27920,,0.0,0,政府機關標讓售；預售屋、或土地及建物分件登記案件；,RPSONLOLQHGGFAU27DA,55.85,3.66,0.0,有,
新城鄉,房地(土地+建物)+車位,花蓮縣新城鄉光復路４９９號六樓之九,33.47,住,,,1100816,土地1建物1車位1,六層,六層,華廈(10層含以下有電梯),住家用,鋼筋混凝土造,1100204,100.69,2,2,2,有,有,3000000,28795,坡道平面,13.87,500000,政府機關標讓售；預售屋、或土地及建物分件登記案件；,RPTONLOLQHGGFAU37DA,54.65,3.4,0.0,有,
新城鄉,房地(土地+建物),花蓮縣新城鄉光復路４９９號六樓之十一,33.47,住,,,1100816,土地1建物1車位0,六層,六層,華廈(10層含以下有電梯),住家用,鋼筋混凝土造,1100204,86.34,2,2,2,有,有,2500000,28955,,0.0,0,政府機關標讓售；預售屋、或土地及建物分件登記案件；,RPUONLOLQHGGFAU47DA,54.65,3.55,0.0,有,
新城鄉,房地(土地+建物)+車位,花蓮縣新城鄉光復路４９９號六樓之十五,33.47,住,,,1100816,土地1建物1車位1,六層,六層,華廈(10層含以下有電梯),住家用,鋼筋混凝土造,1100204,99.74,2,2,2,有,有,3000000,29114,坡道平面,13.87,500000,政府機關標讓售；預售屋、或土地及建物分件登記案件；,RPVONLOLQHGGFAU57DA,54.65,3.4,0.0,有,
新城鄉,房地(土地+建物)+車位,花蓮縣新城鄉光復路４９９號六樓之十七,34.27,住,,,1100816,土地1建物1車位1,六層,六層,華廈(10層含以下有電梯),住家用,鋼筋混凝土造,1100204,102.41,2,2,2,有,有,3000000,28236,坡道平面,13.87,500000,政府機關標讓售；預售屋、或土地及建物分件登記案件；,RPWONLOLQHGGFAU67DA,55.85,3.66,0.0,有,
新城鄉,房地(土地+建物)+車位,花蓮縣新城鄉光復路４９９號六樓之十六,33.47,住,,,1100816,土地1建物1車位1,六層,六層,華廈(10層含以下有電梯),住家用,鋼筋混凝土造,1100204,100.53999999999999,2,2,2,有,有,3000000,28845,坡道平面,13.87,500000,政府機關標讓售；預售屋、或土地及建物分件登記案件；,RPXONLOLQHGGFAU77DA,54.65,3.25,0.0,有,
新城鄉,房地(土地+建物)+車位,花蓮縣新城鄉光復路４９９號六樓之八,33.47,住,,,1100816,土地1建物1車位1,六層,六層,華廈(10層含以下有電梯),住家用,鋼筋混凝土造,1100204,99.59,2,2,2,有,有,3000000,29165,坡道平面,13.87,500000,政府機關標讓售；預售屋、或土地及建物分件登記案件；,RPOPNLOLQHGGFAU96DA,54.65,3.25,0.0,有,
新城鄉,房地(土地+建物),花蓮縣新城鄉光復路４９９號六樓之六,33.74,住,,,1100816,土地1建物1車位0,六層,六層,華廈(10層含以下有電梯),住家用,鋼筋混凝土造,1100204,86.75,2,2,2,有,有,2500000,28818,,0.0,0,政府機關標讓售；預售屋、或土地及建物分件登記案件；,RPQPNLOLQHGGFAU17DA,54.65,3.25,0.0,有,
新城鄉,房地(土地+建物),花蓮縣新城鄉光復路５０１號四樓之十九,33.47,住,,,1100830,土地1建物1車位0,四層,七層,華廈(10層含以下有電梯),住家用,鋼筋混凝土造,1080725,86.34,2,2,2,有,有,2500000,28955,,0.0,0,政府機關標讓售；預售屋、或土地及建物分件登記案件；,RPQNMLMKRHGGFAU66DA,54.07,4.38,0.0,有,
新城鄉,房地(土地+建物),花蓮縣新城鄉光復路５０１號六樓之十五,33.2,住,,,1100830,土地1建物1車位0,六層,七層,華廈(10層含以下有電梯),住家用,鋼筋混凝土造,1080725,85.0,2,2,2,有,有,2500000,29412,,0.0,0,政府機關標讓售；預售屋、或土地及建物分件登記案件；,RPRNMLMKRHGGFAU76DA,54.65,3.4,0.0,有,
新城鄉,房地(土地+建物),花蓮縣新城鄉光復路５０１號六樓之二十,33.74,住,,,1100830,土地1建物1車位0,六層,七層,華廈(10層含以下有電梯),住家用,鋼筋混凝土造,1080725,87.17,2,2,2,有,有,2500000,28680,,0.0,0,政府機關標讓售；預售屋、或土地及建物分件登記案件；,RPSNMLMKRHGGFAU86DA,54.67,4.38,0.0,有,
新城鄉,房地(土地+建物)+車位,花蓮縣新城鄉光復路４９３號三樓之七,33.2,住,,,1100830,土地1建物1車位1,三層,七層,華廈(10層含以下有電梯),住家用,鋼筋混凝土造,1100204,100.1,2,2,2,有,有,3000000,28992,坡道平面,13.87,500000,政府機關標讓售；預售屋、或土地及建物分件登記案件；,RPTNMLMKRHGGFAU96DA,54.65,3.55,0.0,有,
新城鄉,房地(土地+建物),花蓮縣新城鄉光復路４９３號四樓之十六,33.2,住,,,1100830,土地1建物1車位0,四層,七層,華廈(10層含以下有電梯),住家用,鋼筋混凝土造,1100204,85.82,2,2,2,有,有,2500000,29131,,0.0,0,政府機關標讓售；預售屋、或土地及建物分件登記案件；,RPUNMLMKRHGGFAU07DA,54.65,3.15,0.0,有,
新城鄉,房地(土地+建物)+車位,花蓮縣新城鄉光復路４９３號五樓之十八,32.94,住,,,1100830,土地1建物1車位1,五層,七層,華廈(10層含以下有電梯),住家用,鋼筋混凝土造,1100204,99.52000000000001,2,2,2,有,有,3000000,29189,坡道平面,13.87,500000,政府機關標讓售；預售屋、或土地及建物分件登記案件；,RPWNMLMKRHGGFAU27DA,54.1,3.72,0.0,有,
新城鄉,房地(土地+建物),花蓮縣新城鄉光復路５０１之６號,30.53,住,,,1100830,土地1建物1車位0,一層,七層,華廈(10層含以下有電梯),商業用,鋼筋混凝土造,1080725,77.27,0,0,1,有,有,3200000,41413,,0.0,0,政府機關標讓售；預售屋、或土地及建物分件登記案件；,RPOOMLMKRHGGFAU56DA,53.33,0.0,0.0,有,
新城鄉,房地(土地+建物),花蓮縣新城鄉光復路４９３之７號,30.53,住,,,1100906,土地1建物1車位0,一層,七層,華廈(10層含以下有電梯),商業用,鋼筋混凝土造,1100204,78.18,0,0,1,有,有,3200000,40931,,0.0,0,政府機關標讓售；預售屋、或土地及建物分件登記案件；,RPXNMLNLRHGGFAU57DA,53.33,0.0,0.0,有,
新城鄉,房地(土地+建物),花蓮縣新城鄉光復路４９３之１９號,30.53,住,,,1100906,土地1建物1車位0,一層,七層,華廈(10層含以下有電梯),商業用,鋼筋混凝土造,1100204,78.16,0,0,1,有,有,3200000,40942,,0.0,0,政府機關標讓售；預售屋、或土地及建物分件登記案件；,RPPOMLNLRHGGFAU86DA,53.33,0.0,0.0,有,
新城鄉,房地(土地+建物),花蓮縣新城鄉光復路４９３之２３號,30.53,住,,,1100906,土地1建物1車位0,一層,七層,華廈(10層含以下有電梯),商業用,鋼筋混凝土造,1100204,78.33,0,0,1,有,有,3200000,40853,,0.0,0,政府機關標讓售；預售屋、或土地及建物分件登記案件；,RPQOMLNLRHGGFAU96DA,53.48,0.0,0.0,有,
新城鄉,房地(土地+建物),花蓮縣新城鄉光復路４９１之６號,30.53,住,,,1100906,土地1建物1車位0,一層,七層,華廈(10層含以下有電梯),商業用,鋼筋混凝土造,1100204,77.09,0,0,1,有,有,3200000,41510,,0.0,0,政府機關標讓售；預售屋、或土地及建物分件登記案件；,RPSOMLNLRHGGFAU17DA,53.33,0.0,0.0,有,
吉安鄉,房地(土地+建物),花蓮縣吉安鄉慶南一街１２４號,181.0,住,,,1100901,土地1建物1車位0,全,二層,透天厝,住家用,鋼筋混凝土造,0760107,162.35,4,3,2,有,無,12000000,73914,,0.0,0,頂樓加蓋；其他增建；,RPTNMLPJIIGGFAU98DA,156.72,5.63,0.0,無,
花蓮市,房地(土地+建物),花蓮縣花蓮市建昌路２２８號二樓之一,19.85,住,,,1100923,土地2建物1車位0,二層,七層,華廈(10層含以下有電梯),住家用,鋼筋混凝土造,1091127,79.81,2,2,1,有,無,6600000,82696,,0.0,0,含裝潢費；,RPSNMLSJIIGGFAU56DA,50.28,5.99,0.0,有,
花蓮市,房地(土地+建物),花蓮縣花蓮市林森路２９３巷１弄３１號,81.0,都市：其他:公園兼兒童遊樂場用地,,,1100901,土地1建物1車位0,全,二層,透天厝,住家用,鋼筋混凝土加強磚造,0621121,119.42,4,2,2,有,無,7000000,58617,,0.0,0,陽台外推；其他增建；,RPPNMLPJIIGGFAU58DA,119.42,0.0,0.0,無,019
吉安鄉,房地(土地+建物),花蓮縣吉安鄉吉興一街３７３巷６９號,89.0,住,,,1101004,土地1建物1車位0,全,三層,透天厝,住家用,鋼筋混凝土造,0880928,184.24,4,2,3,有,無,9000000,48849,,0.0,0,其他增建；,RPQOMLPKIIGGFAU88DA,159.73,24.51,0.0,無,020
花蓮市,房地(土地+建物),花蓮縣花蓮市和平路３３６號七樓之八,3.14,商,,,1101006,土地1建物1車位0,七層,十二層,住宅大樓(11層含以上有電梯),住家用,鋼筋混凝土造,0811009,39.33,1,1,1,有,有,2100000,53394,,0.0,0,,RPROMLPKIIGGFAU98DA,28.86,0.0,0.0,有,021
吉安鄉,房地(土地+建物),花蓮縣吉安鄉海岸路６４５巷１７號,106.0,,特定農業區,甲種建築用地,1100725,土地1建物1車位0,全,三層,透天厝,住家用,鋼筋混凝土造,0931216,186.63,3,2,4,有,無,7200000,38579,,0.0,0,其他增建；,RPTOMLPKIIGGFAU56DA,167.05,19.58,0.0,無,
吉安鄉,房地(土地+建物),花蓮縣吉安鄉南海三街１６６之６號,97.93,,特定農業區,甲種建築用地,1100913,土地1建物1車位0,全,四層,透天厝,住家用,鋼筋混凝土造,1090731,195.09,4,2,4,有,無,12300000,63048,,0.0,0,,RPUOMLPKIIGGFAU66DA,179.73,15.36,0.0,無,022
花蓮市,房地(土地+建物)+車位,花蓮縣花蓮市國聯四路６５號十一樓,49.11,商,,,1100908,土地1建物1車位1,十一層,十二層,住宅大樓(11層含以上有電梯),商業用,鋼筋混凝土造,0831121,593.02,1,1,2,有,有,33000000,55647,坡道平面,0.0,0,,RPVOMLPKIIGGFAU76DA,446.01,9.56,0.0,有,
花蓮市,房地(土地+建物),花蓮縣花蓮市林政街１９巷１８號五樓之一,20.13,住,,,1100930,土地1建物1車位0,五層,五層,華廈(10層含以下有電梯),住家用,鋼筋混凝土造,1100120,54.0,1,0,1,有,無,4100000,75926,,0.0,0,,RPOPMLPKIIGGFAU78DA,32.28,3.49,0.0,有,023
花蓮市,房地(土地+建物),花蓮縣花蓮市長安街２７號二樓之六,17.5,住,,,1100913,土地1建物1車位0,二層,十六層,住宅大樓(11層含以上有電梯),住家用,鋼筋混凝土造,0851029,120.54,3,2,2,有,有,5800000,48117,,0.0,0,含裝潢費；,RPPPMLPKIIGGFAU88DA,73.35,9.35,0.0,有,024
吉安鄉,土地,東昌段571-2地號,2575.67,,一般農業區,農牧用地,1100928,土地1建物0車位0,,,其他,,,,0.0,0,0,0,有,無,6500000,2524,,0.0,0,,RPQPMLPKIIGGFAU98DA,0.0,0.0,0.0,無,
花蓮市,房地(土地+建物),花蓮縣花蓮市華興街１５巷４號,112.0,住,,,1100902,土地1建物1車位0,全,二層,透天厝,住家用,鋼筋混凝土加強磚造,0711018,118.72,4,2,3,有,無,8000000,67385,,0.0,0,其他增建；,RPSPMLPKIIGGFAU56DA,118.72,0.0,0.0,無,025
吉安鄉,房地(土地+建物),花蓮縣吉安鄉荳蘭三街１３號,75.0,住,,,1100823,土地1建物1車位0,全,二層,透天厝,住商用,鋼筋混凝土加強磚造,0670501,99.24,2,2,3,有,無,3000000,30230,,0.0,0,親友、員工、共有人或其他特殊關係間之交易；頂樓加蓋；,RPTPMLPKIIGGFAU66DA,99.24,0.0,0.0,無,
花蓮市,房地(土地+建物),花蓮縣花蓮市林森路２１７巷１７號,69.0,住,,,1100902,土地1建物1車位0,全,二層,透天厝,住家用,鋼筋混凝土加強磚造,0650316,90.99,3,2,2,有,無,7000000,76932,,0.0,0,頂樓加蓋；其他增建；,RPPNMLNKIIGGFAU48DA,90.99,0.0,0.0,無,
光復鄉,土地,大和段475地號,524.11,,鄉村區,乙種建築用地,1100906,土地1建物0車位0,,,其他,,,,0.0,0,0,0,有,無,6580000,12555,,0.0,0,未登記建物；,RPPNMLPKIIGGFBU78DA,0.0,0.0,0.0,無,026
光復鄉,房地(土地+建物),花蓮縣光復鄉復興街１７號,83.76,,特定農業區,甲種建築用地,1101005,土地1建物1車位0,全,二層,透天厝,住家用,鋼筋混凝土加強磚造,0710715,103.24,3,2,2,有,無,2600000,25184,,0.0,0,本買賣標的：花蓮縣光復鄉新庄段1061地號土地一筆及新庄段243建號建物一棟含未辦保存登記建物增、改建部分併同移轉。陽台外推；頂樓加蓋；其他增建；,RPQNMLPKIIGGFBU88DA,103.24,0.0,0.0,無,
瑞穗鄉,土地,源北段1437地號,159.18,,特定農業區,農牧用地,1100803,土地1建物0車位0,,,其他,,,,0.0,0,0,0,有,無,88168,554,,0.0,0,地清或未辦繼承標售；,RPPNMLSKIIGGFCU66EA,0.0,0.0,0.0,無,
花蓮市,房地(土地+建物),花蓮縣花蓮市介仁街５巷１４號,118.0,住,,,1100929,土地1建物1車位0,全,四層,透天厝,住家用,鋼筋混凝土造,0821215,257.78,4,2,4,有,無,11218500,43520,,0.0,0,,RPXOMLSKIIGGFAU27DA,245.98,11.8,0.0,無,
花蓮市,房地(土地+建物),花蓮縣花蓮市建昌路２２８號三樓之二,19.71,住,,,1100930,土地2建物1車位0,三層,七層,華廈(10層含以下有電梯),住家用,鋼筋混凝土造,1091127,79.45,2,2,1,有,無,6200000,78037,,0.0,0,,RPOOMLOKIIGGFAU58DA,50.23,5.85,0.0,有,
壽豐鄉,土地,光榮段695地號,1332.86,,一般農業區,農牧用地,1101003,土地1建物0車位0,,,其他,,,,0.0,0,0,0,有,無,2600000,1951,,0.0,0,,RPWPMLOKIIGGFAU86DA,0.0,0.0,0.0,無,027
吉安鄉,房地(土地+建物),花蓮縣吉安鄉中華路二段２５５號,97.73,都市：其他:商業區(一),,,1100819,土地6建物1車位0,全,三層,透天厝,住商用,鋼筋混凝土造,0701201,179.38,4,2,3,有,無,17150000,95607,,0.0,0,,RPXPMLOKIIGGFAU96DA,179.38,0.0,0.0,無,028
花蓮市,房地(土地+建物),花蓮縣花蓮市中和街２１７號五樓之二,8.57,住,,,1100923,土地2建物1車位0,五層,十二層,住宅大樓(11層含以上有電梯),住家用,鋼筋混凝土造,0890807,65.23,2,1,1,有,有,3450000,52890,,0.0,0,其他增建；,RPVNMLPKIIGGFAU66DA,35.89,9.5,0.0,有,029
吉安鄉,房地(土地+建物),花蓮縣吉安鄉東里十五街１２１巷１之２號,157.5,農,,,1100726,土地1建物1車位0,全,四層,透天厝,住家用,鋼筋混凝土造,1040608,287.66,4,2,5,有,無,14836000,51575,,0.0,0,,RPXNMLPKIIGGFAU86DA,269.69,17.97,0.0,有,030
花蓮市,房地(土地+建物),花蓮縣花蓮市球崙二路１１號,87.0,住,,,1100825,土地1建物1車位0,全,四層,透天厝,住家用,鋼筋混凝土造,0940330,186.61,5,2,4,有,無,12000000,64305,,0.0,0,,RPUOMLOKIIGGFAU56DA,170.29,16.32,0.0,無,
花蓮市,房地(土地+建物),花蓮縣花蓮市球崙二路２１８號,82.0,住,,,1100810,土地1建物1車位0,全,二層,透天厝,住商用,鋼筋混凝土造,0731214,108.98,4,2,2,有,無,9400000,86254,,0.0,0,頂樓加蓋；,RPSPMLSKIIGGFAU86DA,108.98,0.0,0.0,無,031
花蓮市,房地(土地+建物)+車位,花蓮縣花蓮市國盛一街１６８號六樓之二,12.4,商,,,1100720,土地1建物2車位2,六層,七層,華廈(10層含以下有電梯),住家用,鋼筋混凝土造,1100528,119.33,1,1,1,有,有,7000000,58661,坡道機械,49.66,0,,RPTPMLSKIIGGFAU96DA,36.9,8.63,0.0,有,
秀林鄉,土地,古魯社段429-3地號,811.41,,,,1100914,土地2建物0車位0,,,其他,,,,0.0,0,0,0,有,無,350000,431,,0.0,0,,RPWPMLSKIIGGFAU27DA,0.0,0.0,0.0,無,
秀林鄉,土地,古魯社段429-1地號,1765.42,都市：其他:農業區,,,1100924,土地1建物0車位0,,,其他,,,,0.0,0,0,0,有,無,900000,510,,0.0,0,,RPPNMLTKIIGGFAU09DA,0.0,0.0,0.0,無,
花蓮市,土地,主權段106地號,339.87,住,,,1101004,土地6建物0車位0,,,其他,,,,0.0,0,0,0,有,無,43180494,127050,,0.0,0,親友、員工、共有人或其他特殊關係間之交易；,RPVNMLTKIIGGFAU07DA,0.0,0.0,0.0,無,
花蓮市,房地(土地+建物),花蓮縣花蓮市南京街２４２號,73.0,商,,,1100920,土地3建物1車位0,全,二層,透天厝,住家用,木造,,107.21,2,1,1,有,無,7150000,66692,,0.0,0,包含公共設施保留地用地；,RPWNMLOKIIGGFAU66DA,107.21,0.0,0.0,無,
花蓮市,房地(土地+建物),花蓮縣花蓮市公正街３７號二樓之三十,1.24,商,,,1101004,土地1建物1車位0,二層,十二層,住宅大樓(11層含以上有電梯),商業用,鋼筋混凝土造,0830630,11.57,0,0,0,無,有,200000,17286,,0.0,0,買方負擔全部稅費。,RPPPMLSKIIGGFAU56DA,3.82,3.05,0.0,有,
吉安鄉,房地(土地+建物),花蓮縣吉安鄉建國路二段１６７巷１９號四樓,46.28,住,,,1100930,土地1建物1車位0,四層,五層,華廈(10層含以下有電梯),住家用,鋼筋混凝土造,1071123,117.53,3,2,2,有,有,8530000,72577,,0.0,0,,RPQPMLSKIIGGFAU66DA,86.26,10.95,0.0,有,
鳳林鎮,土地,鳳光段193-1地號,3832.0,都市：其他:農業區,,,1100913,土地1建物0車位0,,,其他,,,,0.0,0,0,0,有,無,12000000,3132,,0.0,0,,RPRNMLSJIIGGFBU56DA,0.0,0.0,0.0,無,
瑞穗鄉,土地,興北段1206地號,7944.16,,一般農業區,農牧用地,1100930,土地1建物0車位0,,,其他,,,,0.0,0,0,0,有,無,3350000,422,,0.0,0,,RPQNMLSKIIGGFCU66DA,0.0,0.0,0.0,無,
壽豐鄉,土地,壽農段1602-4地號,7.33,,鄉村區,乙種建築用地,1101005,土地1建物0車位0,,,其他,,,,0.0,0,0,0,有,無,100000,13643,,0.0,0,,RPOPMLSKIIGGFAU56EA,0.0,0.0,0.0,無,
花蓮市,房地(土地+建物),花蓮縣花蓮市海濱街１２之９號,95.0,住,,,1100826,土地1建物1車位0,全,二層,透天厝,住商用,鋼筋混凝土造,0681217,118.96,3,2,2,有,無,15000000,126093,,0.0,0,,RPPOMLTKIIGGFAU66EA,118.96,0.0,0.0,無,
光復鄉,土地,加里洞段327地號,1208.22,,山坡地保育區,農牧用地,1100926,土地1建物0車位0,,,其他,,,,0.0,0,0,0,有,無,300000,248,,0.0,0,農作物；,RPSNMLTKIIGGFBU96EA,0.0,0.0,0.0,無,
花蓮市,房地(土地+建物),花蓮縣花蓮市民樂三街２號七樓之一,9.92,住,,,1100920,土地1建物1車位0,七層,十四層,住宅大樓(11層含以上有電梯),住家用,鋼筋混凝土造,0870218,96.68,1,2,1,有,有,5800000,59992,,0.0,0,陽台外推；,RPPNMLQKIIGGFAU78DA,56.99,15.85,0.0,有,
花蓮市,房地(土地+建物),花蓮縣花蓮市德安五街２０號,94.0,住,,,1100820,土地1建物1車位0,全,三層,透天厝,住家用,鋼筋混凝土造,0700220,170.35,4,2,3,有,無,7200000,42266,,0.0,0,親友、員工、共有人或其他特殊關係間之交易；其他增建；,RPPNMLRKIIGGFAU88DA,170.35,0.0,0.0,無,
花蓮市,房地(土地+建物),花蓮縣花蓮市福建街７８號,89.0,住,,,1100929,土地1建物1車位0,全,四層,透天厝,住家用,鋼筋混凝土造,0950623,186.01,3,3,3,有,無,10750000,57793,,0.0,0,其他增建；,RPRNMLSKIIGGFAU56DA,170.29,15.72,0.0,無,
花蓮市,房地(土地+建物),花蓮縣花蓮市德安六街６２巷１弄１號,128.0,都市：其他:住宅區,,,1100918,土地2建物1車位0,全,二層,透天厝,住家用,鋼筋混凝土加強磚造,0701214,127.51,5,2,4,有,無,9800000,76857,,0.0,0,頂樓加蓋；其他增建；,RPQOMLSKIIGGFAU56DA,127.51,0.0,0.0,無,
壽豐鄉,房地(土地+建物),花蓮縣壽豐鄉仁愛街５８巷２號,111.0,,鄉村區,乙種建築用地,1100901,土地1建物1車位0,全,三層,透天厝,住家用,鋼筋混凝土造,0840310,186.53,6,3,3,有,無,4500000,24125,,0.0,0,其他增建；,RPSOMLSKIIGGFAU76DA,169.04,17.49,0.0,無,
花蓮市,土地,石壁段444-12地號,727.27,,一般農業區,養殖用地,1100807,土地3建物0車位0,,,其他,,,,0.0,0,0,0,有,無,3762000,5173,,0.0,0,,RPTOMLSKIIGGFAU86DA,0.0,0.0,0.0,無,
吉安鄉,土地,東昌段296地號,2645.0,農,,,1100817,土地2建物0車位0,,,其他,,,,0.0,0,0,0,有,無,12300000,4650,,0.0,0,,RPVOMLSKIIGGFAU07DA,0.0,0.0,0.0,無,
秀林鄉,土地,帛士林段475地號,1631.4,,一般農業區,農牧用地,1100927,土地1建物0車位0,,,其他,,,,0.0,0,0,0,有,無,1800000,1103,,0.0,0,,RPVOMLRLRHGGFAU87DA,0.0,0.0,0.0,無,
新城鄉,房地(土地+建物),花蓮縣新城鄉光復路４９３號七樓之五,33.2,住,,,1100917,土地1建物1車位0,七層,七層,華廈(10層含以下有電梯),住家用,鋼筋混凝土造,1100204,86.22,2,2,2,有,有,2500000,28996,,0.0,0,政府機關標讓售；預售屋、或土地及建物分件登記案件；,RPOOMLSLRHGGFAU27DA,54.65,3.55,0.0,有,
新城鄉,房地(土地+建物),花蓮縣新城鄉光復路４９１之１８號,30.53,住,,,1100917,土地1建物1車位0,一層,七層,華廈(10層含以下有電梯),商業用,鋼筋混凝土造,1100204,77.43,0,0,1,有,有,3200000,41328,,0.0,0,政府機關標讓售；預售屋、或土地及建物分件登記案件；,RPPOMLSLRHGGFAU37DA,53.6,0.0,0.0,有,
