﻿編號,屋齡,建物移轉面積平方公尺,主要用途,主要建材,建築完成日期,總層數,建物分層
The serial number,room age,building shifting area square meter,the main use,main building materials,construction completes the date,total layer,building lamination
RPUOMLLMQHGGFAU17DA,1,59.47,集合住宅,鋼筋混凝土造,110年2月4日,六層,四層 陽台
RPUOMLLMQHGGFAU17DA,1,10.43,共有部份,鋼筋混凝土造,110年2月4日,七層,
RPVOMLLMQHGGFAU27DA,1,59.05,集合住宅,鋼筋混凝土造,110年2月4日,六層,五層 陽台
RPUOMLLMQHGGFAU17DA,1,18.18,共有部份,鋼筋混凝土造,110年2月4日,六層,
RPVOMLLMQHGGFAU27DA,1,10.60,共有部份,鋼筋混凝土造,110年2月4日,七層,
RPUOMLLMQHGGFAU17DA,1,13.57,共有部份（停車空間）,鋼筋混凝土造,110年2月4日,七層,
RPVOMLLMQHGGFAU27DA,1,19.29,共有部份,鋼筋混凝土造,110年2月4日,六層,
RPVOMLLMQHGGFAU27DA,1,13.88,共有部份（停車空間）,鋼筋混凝土造,110年2月4日,七層,
RPTOMLLMQHGGFAU07DA,1,59.05,集合住宅,鋼筋混凝土造,110年2月4日,六層,四層 陽台
RPTOMLLMQHGGFAU07DA,1,10.60,共有部份,鋼筋混凝土造,110年2月4日,七層,
RPTOMLLMQHGGFAU07DA,1,19.29,共有部份,鋼筋混凝土造,110年2月4日,六層,
RPVNMLLMQHGGFAU17DA,1,54.23,店舖,鋼筋混凝土造,110年2月4日,六層,一層
RPVNMLLMQHGGFAU17DA,1,9.76,共有部份,鋼筋混凝土造,110年2月4日,七層,
RPVNMLLMQHGGFAU17DA,1,16.04,共有部份,鋼筋混凝土造,110年2月4日,六層,
RPWNMLLMQHGGFAU27DA,1,54.29,店舖,鋼筋混凝土造,110年2月4日,六層,一層
RPWNMLLMQHGGFAU27DA,1,9.76,共有部份,鋼筋混凝土造,110年2月4日,七層,
RPWNMLLMQHGGFAU27DA,1,16.06,共有部份,鋼筋混凝土造,110年2月4日,六層,
RPPOMLLMQHGGFAU66DA,1,58.05,集合住宅,鋼筋混凝土造,110年2月4日,六層,二層 陽台
RPPOMLLMQHGGFAU66DA,1,10.43,共有部份,鋼筋混凝土造,110年2月4日,七層,
RPPOMLLMQHGGFAU66DA,1,18.18,共有部份,鋼筋混凝土造,110年2月4日,六層,
RPROMLLMQHGGFAU86DA,1,57.82,集合住宅,鋼筋混凝土造,110年2月4日,六層,四層 陽台
RPROMLLMQHGGFAU86DA,1,10.34,共有部份,鋼筋混凝土造,110年2月4日,七層,
RPROMLLMQHGGFAU86DA,1,18.06,共有部份,鋼筋混凝土造,110年2月4日,六層,
RPXNMLLMQHGGFAU37DA,1,58.05,集合住宅,鋼筋混凝土造,110年2月4日,六層,二層 陽台
RPROMLLMQHGGFAU86DA,1,13.88,共有部份（停車空間）,鋼筋混凝土造,110年2月4日,七層,
RPXNMLLMQHGGFAU37DA,1,10.43,共有部份,鋼筋混凝土造,110年2月4日,七層,
RPXNMLLMQHGGFAU37DA,1,18.18,共有部份,鋼筋混凝土造,110年2月4日,六層,
RPQOMLLMQHGGFAU76DA,1,58.20,集合住宅,鋼筋混凝土造,110年2月4日,六層,三層 陽台
RPQOMLLMQHGGFAU76DA,1,10.43,共有部份,鋼筋混凝土造,110年2月4日,七層,
RPQOMLLMQHGGFAU76DA,1,18.18,共有部份,鋼筋混凝土造,110年2月4日,六層,
RPOOMLLMQHGGFAU56DA,1,58.83,集合住宅,鋼筋混凝土造,110年2月4日,六層,二層 陽台
RPOOMLLMQHGGFAU56DA,1,10.51,共有部份,鋼筋混凝土造,110年2月4日,七層,
RPOOMLLMQHGGFAU56DA,1,18.32,共有部份,鋼筋混凝土造,110年2月4日,六層,
RPOPMLLMQHGGFAU66DA,1,58.45,集合住宅,鋼筋混凝土造,110年2月4日,六層,五層 陽台
RPOPMLLMQHGGFAU66DA,1,10.51,共有部份,鋼筋混凝土造,110年2月4日,七層,
RPOPMLLMQHGGFAU66DA,1,19.11,共有部份,鋼筋混凝土造,110年2月4日,六層,
RPXOMLLMQHGGFAU47DA,1,57.82,集合住宅,鋼筋混凝土造,110年2月4日,六層,五層 陽台
RPXOMLLMQHGGFAU47DA,1,10.34,共有部份,鋼筋混凝土造,110年2月4日,七層,
RPXOMLLMQHGGFAU47DA,1,18.06,共有部份,鋼筋混凝土造,110年2月4日,六層,
RPPPMLLMQHGGFAU76DA,1,58.28,集合住宅,鋼筋混凝土造,110年2月4日,六層,六層 陽台
RPPPMLLMQHGGFAU76DA,1,10.43,共有部份,鋼筋混凝土造,110年2月4日,七層,
RPPPMLLMQHGGFAU76DA,1,18.20,共有部份,鋼筋混凝土造,110年2月4日,六層,
RPQPMLLMQHGGFAU86DA,1,57.90,集合住宅,鋼筋混凝土造,110年2月4日,六層,六層 陽台
RPQPMLLMQHGGFAU86DA,1,10.43,共有部份,鋼筋混凝土造,110年2月4日,七層,
RPQPMLLMQHGGFAU86DA,1,18.18,共有部份,鋼筋混凝土造,110年2月4日,六層,
RPPQMLLMQHGGFAU86DA,1,58.20,集合住宅,鋼筋混凝土造,110年2月4日,六層,五層 陽台
RPPQMLLMQHGGFAU86DA,1,10.43,共有部份,鋼筋混凝土造,110年2月4日,七層,
RPPQMLLMQHGGFAU86DA,1,17.98,共有部份,鋼筋混凝土造,110年2月4日,六層,
RPPQMLLMQHGGFAU86DA,1,13.88,共有部份（停車空間）,鋼筋混凝土造,110年2月4日,七層,
RPOQMLLMQHGGFAU76DA,1,58.20,集合住宅,鋼筋混凝土造,110年2月4日,六層,四層 陽台
RPOQMLLMQHGGFAU76DA,1,10.43,共有部份,鋼筋混凝土造,110年2月4日,七層,
RPOQMLLMQHGGFAU76DA,1,17.98,共有部份,鋼筋混凝土造,110年2月4日,六層,
RPSQMLLMQHGGFAU17DA,1,58.05,集合住宅,鋼筋混凝土造,110年2月4日,六層,六層 陽台
RPSQMLLMQHGGFAU17DA,1,10.43,共有部份,鋼筋混凝土造,110年2月4日,七層,
RPSQMLLMQHGGFAU17DA,1,18.00,共有部份,鋼筋混凝土造,110年2月4日,六層,
RPSQMLLMQHGGFAU17DA,1,13.88,共有部份（停車空間）,鋼筋混凝土造,110年2月4日,七層,
RPRPMLLMQHGGFAU96DA,1,53.33,店舖,鋼筋混凝土造,110年2月4日,六層,一層
RPRPMLLMQHGGFAU96DA,1,9.59,共有部份,鋼筋混凝土造,110年2月4日,七層,
RPRPMLLMQHGGFAU96DA,1,16.49,共有部份,鋼筋混凝土造,110年2月4日,六層,
RPWPMLLMQHGGFAU47DA,1,59.05,集合住宅,鋼筋混凝土造,110年2月4日,六層,三層 陽台
RPWPMLLMQHGGFAU47DA,1,10.60,共有部份,鋼筋混凝土造,110年2月4日,七層,
RPWPMLLMQHGGFAU47DA,1,18.26,共有部份,鋼筋混凝土造,110年2月4日,六層,
RPWPMLLMQHGGFAU47DA,1,13.88,共有部份（停車空間）,鋼筋混凝土造,110年2月4日,七層,
RPUPMLLMQHGGFAU27DA,1,58.45,集合住宅,鋼筋混凝土造,110年2月4日,六層,二層 陽台
RPUPMLLMQHGGFAU27DA,1,10.51,共有部份,鋼筋混凝土造,110年2月4日,七層,
RPUPMLLMQHGGFAU27DA,1,18.06,共有部份,鋼筋混凝土造,110年2月4日,六層,
RPUPMLLMQHGGFAU27DA,1,13.88,共有部份（停車空間）,鋼筋混凝土造,110年2月4日,七層,
RPXPMLLMQHGGFAU57DA,1,58.20,集合住宅,鋼筋混凝土造,110年2月4日,六層,三層 陽台
RPXPMLLMQHGGFAU57DA,1,10.43,共有部份,鋼筋混凝土造,110年2月4日,七層,
RPXPMLLMQHGGFAU57DA,1,17.98,共有部份,鋼筋混凝土造,110年2月4日,六層,
RPXPMLLMQHGGFAU57DA,1,13.88,共有部份（停車空間）,鋼筋混凝土造,110年2月4日,七層,
RPTPMLLMQHGGFAU17DA,1,53.33,店舖,鋼筋混凝土造,110年2月4日,六層,一層
RPTPMLLMQHGGFAU17DA,1,9.59,共有部份,鋼筋混凝土造,110年2月4日,七層,
RPTPMLLMQHGGFAU17DA,1,16.49,共有部份,鋼筋混凝土造,110年2月4日,六層,
RPTOMLSJIIGGFAU76DA,23,37.78,住家用,鋼筋混凝土造,87年5月7日,十層,三層 陽台
RPTOMLSJIIGGFAU76DA,23,8.96,共有部份,鋼筋混凝土造,87年5月7日,十層,
RPSNMLOJIIGGFBU88DA,22,78.67,集合住宅,鋼筋混凝土造,88年7月6日,四層,一層 平台
RPSNMLOJIIGGFBU88DA,22,7.98,樓梯間,鋼筋混凝土造,88年7月6日,,
RPOOMLSJIIGGFAU88DA,29,73.51,倉儲,鋼筋混凝土造,81年9月30日,八層,五層
RPOOMLSJIIGGFAU88DA,29,16.85,共有部份,鋼筋混凝土造,81年9月30日,八層,
RPUQMLLMQHGGFAU37DA,1,57.90,集合住宅,鋼筋混凝土造,110年2月4日,六層,六層 陽台
RPUQMLLMQHGGFAU37DA,1,10.43,共有部份,鋼筋混凝土造,110年2月4日,七層,
RPUQMLLMQHGGFAU37DA,1,18.00,共有部份,鋼筋混凝土造,110年2月4日,六層,
RPUQMLLMQHGGFAU37DA,1,13.88,共有部份（停車空間）,鋼筋混凝土造,110年2月4日,七層,
RPSNMLNKIIGGFAU78DA,2,59.52,集合住宅,鋼筋混凝土造,108年8月8日,十一層,五層 陽台
RPSNMLNKIIGGFAU78DA,2,31.69,本共有部分之項目有（地下一層：停車空間、車道、昇降設備、安全梯、電信室、台電配電室、電錶區及發電機室等）（地下二層：防空避難室兼停車空間、車道、昇降設備、安全梯、消防機械室及組合式水箱等）（一層：騎樓、門廳、管委會使用空間、梯廳、安全梯及昇降設備等）,鋼筋混凝土造,108年8月8日,十一層,
RPRPMLRJIIGGFAU56DA,29,104.08,住商用,鋼筋混凝土造,82年1月9日,七層,一層 二層 陽台 騎樓
RPRPMLRJIIGGFAU56DA,29,10.21,共有部份,鋼筋混凝土造,82年1月9日,七層,
RPRPMLRJIIGGFAU56DA,29,11.85,共有部份,鋼筋混凝土造,82年1月9日,七層,
RPSPMLRJIIGGFAU66DA,25,94.03,住家用,鋼筋混凝土造,85年2月16日,十五層,十三層 陽台
RPSPMLRJIIGGFAU66DA,25,25.79,共有部份,鋼筋混凝土造,85年2月16日,十五層,
RPQPMLRJIIGGFAU09DA,27,53.64,住家用,鋼筋混凝土造,83年12月23日,四層,三層 陽台
RPQPMLRJIIGGFAU09DA,27,14.06,共有部份,鋼筋混凝土造,83年12月23日,四層,
RPTNMLQJIIGGFCU66DA,,179.26,住家用,鋼筋混凝土造,110年7月1日,三層,一層 二層 三層 陽台
RPVOMLQJIIGGFAU76DA,25,30.45,住家用,鋼筋混凝土造,85年10月5日,五層,二層 陽台
RPVOMLQJIIGGFAU76DA,25,5.41,共有部份,鋼筋混凝土造,85年10月5日,五層,
RPUNMLQJIIGGFCU76DA,,170.10,住家用,鋼筋混凝土造,110年7月1日,三層,一層 二層 三層 陽台
RPXNMLSJIIGGFAU07DA,37,118.60,住家用,鋼筋混凝土造,73年3月2日,二層,一層 二層 屋頂突出物 夾層
RPQNMLRJIIGGFAU88DA,22,113.78,住家用,鋼筋混凝土造,88年5月20日,五層,四層 五層 陽台 見其他登記事項
RPQNMLRJIIGGFAU88DA,22,13.40,停車空間,鋼筋混凝土造,88年5月20日,五層,
RPQNMLRJIIGGFAU88DA,22,25.67,共有部份,鋼筋混凝土造,88年5月20日,五層,
RPOOMLRJIIGGFAU78DA,30,24.25,住家用,鋼筋混凝土造,81年3月3日,五層,五層 陽台
RPOOMLRJIIGGFAU78DA,30,3.84,共有部份,鋼筋混凝土造,81年3月3日,五層,
RPXNMLQJRHGGFAU67DA,2,59.05,集合住宅,鋼筋混凝土造,108年7月25日,七層,三層 陽台
RPXNMLQJRHGGFAU67DA,1,10.60,共有部份,鋼筋混凝土造,110年2月4日,七層,
RPXNMLQJRHGGFAU67DA,2,17.52,共有部份,鋼筋混凝土造,108年7月25日,七層,
RPWNMLRJIIGGFAU86DA,1,100.21,集合住宅,鋼筋混凝土造,109年8月28日,九層,八層 陽台
RPWNMLRJIIGGFAU86DA,1,36.76,本共有部分之項目有停車空間、機電設備空間、騎樓、樓梯間、梯廳、昇降設備機械房、台電配電場所、消防設備室、屋頂突出物１、２層等,鋼筋混凝土造,109年8月28日,九層,
RPWNMLRJIIGGFAU86DA,1,10.97,停車空間,鋼筋混凝土造,109年8月28日,九層,
RPSOMLRJIIGGFAU56DA,25,29.85,住家用,鋼筋混凝土造,85年10月29日,十六層,八層 陽台
RPSOMLRJIIGGFAU56DA,25,4.94,共有部份,鋼筋混凝土造,85年10月29日,十六層,
RPSOMLRJIIGGFAU56DA,25,7.55,共有部份,鋼筋混凝土造,85年10月29日,十六層,
RPTOMLRJIIGGFAU66DA,27,35.33,住家用,鋼筋混凝土造,83年11月17日,七層,五層 陽台
RPTOMLRJIIGGFAU66DA,27,11.31,共有部份,鋼筋混凝土造,83年11月17日,七層,
RPPOMLQJRHGGFAU96DA,1,58.20,集合住宅,鋼筋混凝土造,110年2月4日,七層,二層 陽台
RPPOMLQJRHGGFAU96DA,1,10.43,共有部份,鋼筋混凝土造,110年2月4日,七層,
RPPOMLQJRHGGFAU96DA,1,17.59,共有部份,鋼筋混凝土造,110年2月4日,七層,
RPOOMLQJRHGGFAU86DA,2,57.90,集合住宅,鋼筋混凝土造,108年7月25日,七層,六層 陽台
RPOOMLQJRHGGFAU86DA,1,10.43,共有部份,鋼筋混凝土造,110年2月4日,七層,
RPOOMLQJRHGGFAU86DA,2,16.52,共有部份,鋼筋混凝土造,108年7月25日,七層,
RPWNMLLJIIGGFAU88DA,49,117.35,住商用,鋼筋混凝土加強磚造,61年11月29日,三層,一層 二層 三層 地下層
RPWNMLQJRHGGFAU57DA,2,53.48,店舖,鋼筋混凝土造,108年7月25日,七層,一層
RPWNMLQJRHGGFAU57DA,1,9.59,共有部份,鋼筋混凝土造,110年2月4日,七層,
RPWNMLQJRHGGFAU57DA,2,14.35,共有部份,鋼筋混凝土造,108年7月25日,七層,
RPVNMLQJRHGGFAU47DA,2,53.33,店舖,鋼筋混凝土造,108年7月25日,七層,一層
RPVNMLQJRHGGFAU47DA,1,9.59,共有部份,鋼筋混凝土造,110年2月4日,七層,
RPVNMLQJRHGGFAU47DA,2,14.35,共有部份,鋼筋混凝土造,108年7月25日,七層,
RPROMLRJIIGGFAU09DA,3,21.27,集合住宅,鋼筋混凝土造,107年6月22日,五層,四層 陽台
RPROMLRJIIGGFAU09DA,3,15.30,共有部份,鋼筋混凝土造,107年6月22日,五層,
RPQOMLQJRHGGFAU07DA,1,58.20,集合住宅,鋼筋混凝土造,110年2月4日,七層,五層 陽台
RPQOMLQJRHGGFAU07DA,1,10.43,共有部份,鋼筋混凝土造,110年2月4日,七層,
RPQOMLQJRHGGFAU07DA,1,17.59,共有部份,鋼筋混凝土造,110年2月4日,七層,
RPTNMLLKRHGGFAU86DA,1,53.48,店舖,鋼筋混凝土造,110年2月4日,七層,一層
RPTNMLLKRHGGFAU86DA,1,9.59,共有部份,鋼筋混凝土造,110年2月4日,七層,
RPTNMLLKRHGGFAU86DA,1,14.17,共有部份,鋼筋混凝土造,110年2月4日,七層,
RPSNMLLKRHGGFAU76DA,1,59.05,集合住宅,鋼筋混凝土造,110年2月4日,七層,六層 陽台
RPSNMLLKRHGGFAU76DA,1,10.60,共有部份,鋼筋混凝土造,110年2月4日,七層,
RPSNMLLKRHGGFAU76DA,1,18.65,共有部份,鋼筋混凝土造,110年2月4日,七層,
RPSNMLLKRHGGFAU76DA,1,13.88,共有部份（停車空間）,鋼筋混凝土造,110年2月4日,七層,
RPRNMLLKRHGGFAU66DA,1,54.23,店舖,鋼筋混凝土造,110年2月4日,七層,一層
RPRNMLLKRHGGFAU66DA,1,9.76,共有部份,鋼筋混凝土造,110年2月4日,七層,
RPRNMLLKRHGGFAU66DA,1,15.54,共有部份,鋼筋混凝土造,110年2月4日,七層,
RPROMLNKIIGGFAU78DA,,199.43,住家用,鋼筋混凝土造,110年8月12日,三層,一層 二層 三層 陽台 屋頂突出物
RPQOMLNKIIGGFAU68DA,38,155.65,住商用,鋼筋混凝土造,72年12月4日,二層,一層 二層 陽台 屋頂突出物 騎樓
RPXNMLRKRHGGFAU87DA,24,191.53,住家用,鋼筋混凝土造,86年4月29日,四層,一層 二層 三層 四層 陽台 停車場
RPROMLSJIIGGFAU56DA,27,104.65,住家用,鋼筋混凝土造,83年4月1日,十層,九層 陽台 花台
RPROMLSJIIGGFAU56DA,27,35.35,共有部份,鋼筋混凝土造,83年4月1日,十層,
RPQPMLSJRHGGFAU37DA,25,44.88,住家用,鋼筋混凝土、木造,85年10月12日,五層,五層 夾層
RPQPMLSJRHGGFAU37DA,25,19.10,共有部份,鋼筋混凝土造,85年10月12日,五層,
RPUNMLPKIIGGFAU56DA,27,122.55,住家用,鋼筋混凝土造,83年9月29日,三層,一層 二層 三層 陽台 平台 屋頂突出物 花台
RPWOMLOKIIGGFAU76DA,7,313.35,住家用,鋼筋混凝土造,103年6月27日,四層,一層 二層 三層 四層 陽台
RPTOMLOKIIGGFAU09DA,1,179.79,住家用,鋼筋混凝土造,110年2月1日,三層,一層 二層 三層 陽台
RPVNMLOKIIGGFAU56DA,18,169.44,住家用,鋼筋混凝土造,92年7月10日,三層,一層 二層 三層 陽台
RPPPMLOKIIGGFAU78DA,15,189.67,住家用,鋼筋混凝土造,95年6月23日,四層,一層 二層 三層 四層 陽台
RPUOMLNKIIGGFAU09DA,41,111.10,住家用,加強磚造,,二層,一層 二層
RPVOMLOKIIGGFAU66DA,28,127.92,住家用,鋼筋混凝土造,82年10月15日,七層,四層 陽台
RPVOMLOKIIGGFAU66DA,28,5.00,倉庫,鋼筋混凝土造,82年10月15日,七層,地下層
RPVOMLOKIIGGFAU66DA,28,5.00,倉庫,鋼筋混凝土造,82年10月15日,七層,地下層
RPVOMLOKIIGGFAU66DA,28,5.00,倉庫,鋼筋混凝土造,82年10月15日,七層,地下層
RPVOMLOKIIGGFAU66DA,28,29.90,共有部份,鋼筋混凝土造,82年10月15日,七層,
RPVOMLOKIIGGFAU66DA,28,1.27,共有部份,鋼筋混凝土造,82年10月15日,七層,
RPVOMLOKIIGGFAU66DA,28,1.27,共有部份,鋼筋混凝土造,82年10月15日,七層,
RPVOMLOKIIGGFAU66DA,28,1.27,共有部份,鋼筋混凝土造,82年10月15日,七層,
RPPNMLOKIIGGFAU58DA,35,62.32,住家用,鋼筋混凝土造,76年1月13日,五層,三層 陽台
RPPNMLOKIIGGFAU58DA,35,3.37,共有部份,鋼筋混凝土造,76年1月13日,五層,
RPPNMLOKIIGGFAU58DA,35,6.18,共有部份,鋼筋混凝土造,76年1月13日,五層,
RPSOMLOKIIGGFAU98DA,1,175.78,住家用,鋼筋混凝土造,110年2月1日,三層,一層 二層 三層 陽台
RPPNMLMKIIGGFCU58DA,34,74.76,住家用,木構架加強磚造,76年10月23日,一層,一層
RPTOMLNKIIGGFAU98DA,40,133.16,住家用,鋼筋混凝土加強磚造,70年10月15日,二層,一層 二層
RPOOMLPKIIGGFAU68DA,27,5.20,共有部份,鋼筋混凝土造,83年6月30日,十二層,
RPOOMLPKIIGGFAU68DA,27,8.26,共有部份,鋼筋混凝土造,83年6月30日,十二層,
RPOOMLPKIIGGFAU68DA,27,27.58,商業用,鋼筋混凝土造,83年6月30日,十二層,六層
RPPOMLPKIIGGFAU78DA,15,204.28,住家用,鋼筋混凝土造,95年8月1日,三層,一層 二層 三層 陽台 雨遮 夾層
RPSNMLPJIIGGFAU88DA,24,199.24,住家用,鋼筋混凝土造,86年9月3日,三層,一層 二層 三層 陽台 平台
RPOOMLNKIIGGFAU48DA,35,8.53,共有部份,鋼筋混凝土造,75年5月31日,九層,
RPOOMLNKIIGGFAU48DA,35,29.38,住家用,鋼筋混凝土造,75年5月31日,九層,六層
RPXWMLOLQHGGFAU48DA,1,59.05,集合住宅,鋼筋混凝土造,110年2月4日,六層,四層 陽台
RPXWMLOLQHGGFAU48DA,1,10.68,共有部份,鋼筋混凝土造,110年2月4日,七層,
RPXWMLOLQHGGFAU48DA,1,17.28,共有部份,鋼筋混凝土造,110年2月4日,六層,
RPXWMLOLQHGGFAU48DA,1,13.88,共有部份（停車空間）,鋼筋混凝土造,110年2月4日,七層,
RPWWMLOLQHGGFAU38DA,1,58.20,集合住宅,鋼筋混凝土造,110年2月4日,六層,四層 陽台
RPWWMLOLQHGGFAU38DA,1,10.51,共有部份,鋼筋混凝土造,110年2月4日,七層,
RPWWMLOLQHGGFAU38DA,1,18.23,共有部份,鋼筋混凝土造,110年2月4日,六層,
RPWWMLOLQHGGFAU38DA,1,13.88,共有部份（停車空間）,鋼筋混凝土造,110年2月4日,七層,
RPQNMLNLRHGGFAU86DA,1,58.05,集合住宅,鋼筋混凝土造,110年2月4日,六層,五層 陽台
RPQNMLNLRHGGFAU86DA,1,10.51,共有部份,鋼筋混凝土造,110年2月4日,七層,
RPQNMLNLRHGGFAU86DA,1,18.23,共有部份,鋼筋混凝土造,110年2月4日,六層,
RPUNMLLKRHGGFAU96DA,1,59.05,集合住宅,鋼筋混凝土造,110年2月4日,七層,三層 陽台
RPUNMLLKRHGGFAU96DA,1,10.60,共有部份,鋼筋混凝土造,110年2月4日,七層,
RPUNMLLKRHGGFAU96DA,1,17.32,共有部份,鋼筋混凝土造,110年2月4日,七層,
RPUNMLLKRHGGFAU96DA,1,13.88,共有部份（停車空間）,鋼筋混凝土造,110年2月4日,七層,
RPTWMLOLQHGGFAU08DA,1,58.05,集合住宅,鋼筋混凝土造,110年2月4日,六層,四層 陽台
RPTWMLOLQHGGFAU08DA,1,10.51,共有部份,鋼筋混凝土造,110年2月4日,七層,
RPTWMLOLQHGGFAU08DA,1,17.28,共有部份,鋼筋混凝土造,110年2月4日,六層,
RPTWMLOLQHGGFAU08DA,1,13.88,共有部份（停車空間）,鋼筋混凝土造,110年2月4日,七層,
RPUWMLOLQHGGFAU18DA,1,58.20,集合住宅,鋼筋混凝土造,110年2月4日,六層,四層 陽台
RPUWMLOLQHGGFAU18DA,1,10.51,共有部份,鋼筋混凝土造,110年2月4日,七層,
RPUWMLOLQHGGFAU18DA,1,17.28,共有部份,鋼筋混凝土造,110年2月4日,六層,
RPUWMLOLQHGGFAU18DA,1,13.88,共有部份（停車空間）,鋼筋混凝土造,110年2月4日,七層,
RPSWMLOLQHGGFAU97DA,1,59.51,集合住宅,鋼筋混凝土造,110年2月4日,六層,四層 陽台
RPSWMLOLQHGGFAU97DA,1,10.77,共有部份,鋼筋混凝土造,110年2月4日,七層,
RPSWMLOLQHGGFAU97DA,1,19.27,共有部份,鋼筋混凝土造,110年2月4日,六層,
RPSWMLOLQHGGFAU97DA,1,13.88,共有部份（停車空間）,鋼筋混凝土造,110年2月4日,七層,
RPTNNLOLQHGGFAU27DA,1,58.83,集合住宅,鋼筋混凝土造,110年2月4日,六層,五層 陽台
RPTNNLOLQHGGFAU27DA,1,10.60,共有部份,鋼筋混凝土造,110年2月4日,七層,
RPTNNLOLQHGGFAU27DA,1,17.28,共有部份,鋼筋混凝土造,110年2月4日,六層,
RPTNNLOLQHGGFAU27DA,1,13.88,共有部份（停車空間）,鋼筋混凝土造,110年2月4日,七層,
RPRWMLOLQHGGFAU87DA,1,58.45,集合住宅,鋼筋混凝土造,110年2月4日,六層,四層 陽台
RPRWMLOLQHGGFAU87DA,1,10.60,共有部份,鋼筋混凝土造,110年2月4日,七層,
RPSNNLOLQHGGFAU17DA,1,58.05,集合住宅,鋼筋混凝土造,110年2月4日,六層,五層 陽台
RPSNNLOLQHGGFAU17DA,1,10.51,共有部份,鋼筋混凝土造,110年2月4日,七層,
RPSNNLOLQHGGFAU17DA,1,17.28,共有部份,鋼筋混凝土造,110年2月4日,六層,
RPRWMLOLQHGGFAU87DA,1,19.16,共有部份,鋼筋混凝土造,110年2月4日,六層,
RPRWMLOLQHGGFAU87DA,1,13.88,共有部份（停車空間）,鋼筋混凝土造,110年2月4日,七層,
RPRNNLOLQHGGFAU07DA,1,59.51,集合住宅,鋼筋混凝土造,110年2月4日,六層,五層 陽台
RPRNNLOLQHGGFAU07DA,1,10.77,共有部份,鋼筋混凝土造,110年2月4日,七層,
RPRNNLOLQHGGFAU07DA,1,19.27,共有部份,鋼筋混凝土造,110年2月4日,六層,
RPRNNLOLQHGGFAU07DA,1,13.88,共有部份（停車空間）,鋼筋混凝土造,110年2月4日,七層,
RPVNNLOLQHGGFAU47DA,1,58.20,集合住宅,鋼筋混凝土造,110年2月4日,六層,五層 陽台
RPVNNLOLQHGGFAU47DA,1,10.51,共有部份,鋼筋混凝土造,110年2月4日,七層,
RPWNNLOLQHGGFAU57DA,1,58.20,集合住宅,鋼筋混凝土造,110年2月4日,六層,五層 陽台
RPVNNLOLQHGGFAU47DA,1,17.28,共有部份,鋼筋混凝土造,110年2月4日,六層,
RPVNNLOLQHGGFAU47DA,1,13.88,共有部份（停車空間）,鋼筋混凝土造,110年2月4日,七層,
RPWNNLOLQHGGFAU57DA,1,10.51,共有部份,鋼筋混凝土造,110年2月4日,七層,
RPWNNLOLQHGGFAU57DA,1,18.23,共有部份,鋼筋混凝土造,110年2月4日,六層,
RPWNNLOLQHGGFAU57DA,1,13.88,共有部份（停車空間）,鋼筋混凝土造,110年2月4日,七層,
RPONNLOLQHGGFAU76DA,1,57.80,集合住宅,鋼筋混凝土造,110年2月4日,六層,四層 陽台
RPONNLOLQHGGFAU76DA,1,10.51,共有部份,鋼筋混凝土造,110年2月4日,七層,
RPONNLOLQHGGFAU76DA,1,18.23,共有部份,鋼筋混凝土造,110年2月4日,六層,
RPONNLOLQHGGFAU76DA,1,13.88,共有部份（停車空間）,鋼筋混凝土造,110年2月4日,七層,
RPQNNLOLQHGGFAU96DA,1,57.82,集合住宅,鋼筋混凝土造,110年2月4日,六層,五層 陽台
RPQNNLOLQHGGFAU96DA,1,10.43,共有部份,鋼筋混凝土造,110年2月4日,七層,
RPQNNLOLQHGGFAU96DA,1,17.17,共有部份,鋼筋混凝土造,110年2月4日,六層,
RPQNNLOLQHGGFAU96DA,1,13.88,共有部份（停車空間）,鋼筋混凝土造,110年2月4日,七層,
RPPNNLOLQHGGFAU86DA,1,59.87,集合住宅,鋼筋混凝土造,110年2月4日,六層,四層 陽台
RPPNNLOLQHGGFAU86DA,1,10.51,共有部份,鋼筋混凝土造,110年2月4日,七層,
RPPNNLOLQHGGFAU86DA,1,18.23,共有部份,鋼筋混凝土造,110年2月4日,六層,
RPPNNLOLQHGGFAU86DA,1,13.88,共有部份（停車空間）,鋼筋混凝土造,110年2月4日,七層,
RPXNNLOLQHGGFAU67DA,1,59.51,集合住宅,鋼筋混凝土造,110年2月4日,六層,五層 陽台
RPXNNLOLQHGGFAU67DA,1,10.77,共有部份,鋼筋混凝土造,110年2月4日,七層,
RPXNNLOLQHGGFAU67DA,1,18.12,共有部份,鋼筋混凝土造,110年2月4日,六層,
RPXNNLOLQHGGFAU67DA,1,13.88,共有部份（停車空間）,鋼筋混凝土造,110年2月4日,七層,
RPOONLOLQHGGFAU86DA,1,57.82,集合住宅,鋼筋混凝土造,110年2月4日,六層,五層 陽台
RPOONLOLQHGGFAU86DA,1,10.43,共有部份,鋼筋混凝土造,110年2月4日,七層,
RPOONLOLQHGGFAU86DA,1,17.36,共有部份,鋼筋混凝土造,110年2月4日,六層,
RPOONLOLQHGGFAU86DA,1,13.88,共有部份（停車空間）,鋼筋混凝土造,110年2月4日,七層,
RPRONLOLQHGGFAU17DA,1,58.28,集合住宅,鋼筋混凝土造,110年2月4日,六層,六層 陽台
RPRONLOLQHGGFAU17DA,1,10.51,共有部份,鋼筋混凝土造,110年2月4日,七層,
RPRONLOLQHGGFAU17DA,1,17.32,共有部份,鋼筋混凝土造,110年2月4日,六層,
RPRONLOLQHGGFAU17DA,1,13.88,共有部份（停車空間）,鋼筋混凝土造,110年2月4日,七層,
RPPONLOLQHGGFAU96DA,1,59.05,集合住宅,鋼筋混凝土造,110年2月4日,六層,五層 陽台
RPPONLOLQHGGFAU96DA,1,10.68,共有部份,鋼筋混凝土造,110年2月4日,七層,
RPPONLOLQHGGFAU96DA,1,17.28,共有部份,鋼筋混凝土造,110年2月4日,六層,
RPPONLOLQHGGFAU96DA,1,13.88,共有部份（停車空間）,鋼筋混凝土造,110年2月4日,七層,
RPUONLOLQHGGFAU47DA,1,58.20,集合住宅,鋼筋混凝土造,110年2月4日,六層,六層 陽台
RPUONLOLQHGGFAU47DA,1,10.51,共有部份,鋼筋混凝土造,110年2月4日,七層,
RPUONLOLQHGGFAU47DA,1,17.62,共有部份,鋼筋混凝土造,110年2月4日,六層,
RPTONLOLQHGGFAU37DA,1,58.05,集合住宅,鋼筋混凝土造,110年2月4日,六層,六層 陽台
RPTONLOLQHGGFAU37DA,1,10.51,共有部份,鋼筋混凝土造,110年2月4日,七層,
RPTONLOLQHGGFAU37DA,1,18.25,共有部份,鋼筋混凝土造,110年2月4日,六層,
RPTONLOLQHGGFAU37DA,1,13.88,共有部份（停車空間）,鋼筋混凝土造,110年2月4日,七層,
RPXONLOLQHGGFAU77DA,1,57.90,集合住宅,鋼筋混凝土造,110年2月4日,六層,六層 陽台
RPXONLOLQHGGFAU77DA,1,10.51,共有部份,鋼筋混凝土造,110年2月4日,七層,
RPXONLOLQHGGFAU77DA,1,18.25,共有部份,鋼筋混凝土造,110年2月4日,六層,
RPXONLOLQHGGFAU77DA,1,13.88,共有部份（停車空間）,鋼筋混凝土造,110年2月4日,七層,
RPVONLOLQHGGFAU57DA,1,58.05,集合住宅,鋼筋混凝土造,110年2月4日,六層,六層 陽台
RPVONLOLQHGGFAU57DA,1,10.51,共有部份,鋼筋混凝土造,110年2月4日,七層,
RPVONLOLQHGGFAU57DA,1,17.30,共有部份,鋼筋混凝土造,110年2月4日,六層,
RPVONLOLQHGGFAU57DA,1,13.88,共有部份（停車空間）,鋼筋混凝土造,110年2月4日,七層,
RPWONLOLQHGGFAU67DA,1,59.51,集合住宅,鋼筋混凝土造,110年2月4日,六層,六層 陽台
RPWONLOLQHGGFAU67DA,1,10.77,共有部份,鋼筋混凝土造,110年2月4日,七層,
RPWONLOLQHGGFAU67DA,1,18.25,共有部份,鋼筋混凝土造,110年2月4日,六層,
RPWONLOLQHGGFAU67DA,1,13.88,共有部份（停車空間）,鋼筋混凝土造,110年2月4日,七層,
RPSONLOLQHGGFAU27DA,1,59.51,集合住宅,鋼筋混凝土造,110年2月4日,六層,六層 陽台
RPSONLOLQHGGFAU27DA,1,10.77,共有部份,鋼筋混凝土造,110年2月4日,七層,
RPSONLOLQHGGFAU27DA,1,19.27,共有部份,鋼筋混凝土造,110年2月4日,六層,
RPQNMLMKRHGGFAU66DA,2,58.45,集合住宅,鋼筋混凝土造,108年7月25日,七層,四層 陽台
RPQNMLMKRHGGFAU66DA,1,10.51,共有部份,鋼筋混凝土造,110年2月4日,七層,
RPQNMLMKRHGGFAU66DA,2,17.37,共有部份,鋼筋混凝土造,108年7月25日,七層,
RPRNMLMKRHGGFAU76DA,2,58.05,集合住宅,鋼筋混凝土造,108年7月25日,七層,六層 陽台
RPRNMLMKRHGGFAU76DA,1,10.43,共有部份,鋼筋混凝土造,110年2月4日,七層,
RPRNMLMKRHGGFAU76DA,2,16.52,共有部份,鋼筋混凝土造,108年7月25日,七層,
RPSNMLMKRHGGFAU86DA,2,59.05,集合住宅,鋼筋混凝土造,108年7月25日,七層,六層 陽台
RPSNMLMKRHGGFAU86DA,1,10.60,共有部份,鋼筋混凝土造,110年2月4日,七層,
RPSNMLMKRHGGFAU86DA,2,17.52,共有部份,鋼筋混凝土造,108年7月25日,七層,
RPXNMLNLRHGGFAU57DA,1,53.33,店舖,鋼筋混凝土造,110年2月4日,七層,一層
RPXNMLNLRHGGFAU57DA,1,9.59,共有部份,鋼筋混凝土造,110年2月4日,七層,
RPXNMLNLRHGGFAU57DA,1,15.27,共有部份,鋼筋混凝土造,110年2月4日,七層,
RPPOMLNLRHGGFAU86DA,1,53.33,店舖,鋼筋混凝土造,110年2月4日,七層,一層
RPPOMLNLRHGGFAU86DA,1,9.59,共有部份,鋼筋混凝土造,110年2月4日,七層,
RPPOMLNLRHGGFAU86DA,1,15.24,共有部份,鋼筋混凝土造,110年2月4日,七層,
RPQOMLNLRHGGFAU96DA,1,53.48,店舖,鋼筋混凝土造,110年2月4日,七層,一層
RPQOMLNLRHGGFAU96DA,1,9.59,共有部份,鋼筋混凝土造,110年2月4日,七層,
RPQOMLNLRHGGFAU96DA,1,15.27,共有部份,鋼筋混凝土造,110年2月4日,七層,
RPOOMLMKRHGGFAU56DA,2,53.33,店舖,鋼筋混凝土造,108年7月25日,七層,一層
RPOOMLMKRHGGFAU56DA,1,9.59,共有部份,鋼筋混凝土造,110年2月4日,七層,
RPOOMLMKRHGGFAU56DA,2,14.35,共有部份,鋼筋混凝土造,108年7月25日,七層,
RPUNMLMKRHGGFAU07DA,1,57.80,集合住宅,鋼筋混凝土造,110年2月4日,七層,四層 陽台
RPUNMLMKRHGGFAU07DA,1,10.43,共有部份,鋼筋混凝土造,110年2月4日,七層,
RPUNMLMKRHGGFAU07DA,1,17.59,共有部份,鋼筋混凝土造,110年2月4日,七層,
RPWNMLMKRHGGFAU27DA,1,57.82,集合住宅,鋼筋混凝土造,110年2月4日,七層,五層 陽台
RPWNMLMKRHGGFAU27DA,1,10.34,共有部份,鋼筋混凝土造,110年2月4日,七層,
RPWNMLMKRHGGFAU27DA,1,17.48,共有部份,鋼筋混凝土造,110年2月4日,七層,
RPWNMLMKRHGGFAU27DA,1,13.88,共有部份（停車空間）,鋼筋混凝土造,110年2月4日,七層,
RPPNMLPJIIGGFAU58DA,48,119.42,住家用,鋼筋混凝土加強磚造,62年11月21日,二層,一層 二層 騎樓
RPTNMLMKRHGGFAU96DA,1,58.20,集合住宅,鋼筋混凝土造,110年2月4日,七層,三層 陽台
RPTNMLMKRHGGFAU96DA,1,10.43,共有部份,鋼筋混凝土造,110年2月4日,七層,
RPTNMLMKRHGGFAU96DA,1,17.59,共有部份,鋼筋混凝土造,110年2月4日,七層,
RPTNMLMKRHGGFAU96DA,1,13.88,共有部份（停車空間）,鋼筋混凝土造,110年2月4日,七層,
RPTNMLPJIIGGFAU98DA,35,162.35,住家用,鋼筋混凝土造,76年1月7日,二層,一層 二層 陽台 騎樓 見其他登記事項
RPSOMLNLRHGGFAU17DA,1,53.33,店舖,鋼筋混凝土造,110年2月4日,七層,一層
RPSOMLNLRHGGFAU17DA,1,9.59,共有部份,鋼筋混凝土造,110年2月4日,七層,
RPSOMLNLRHGGFAU17DA,1,14.17,共有部份,鋼筋混凝土造,110年2月4日,七層,
RPSNMLSJIIGGFAU56DA,1,56.27,集合住宅,鋼筋混凝土造,109年11月27日,七層,二層 陽台
RPSNMLSJIIGGFAU56DA,1,23.54,本共有部分之項目有門廊、停車空間、無障礙電梯、樓梯間、機房及屋頂突出物１，２，３層等,鋼筋混凝土造,109年11月27日,七層,
RPTOMLPKIIGGFAU56DA,17,186.63,住家用,鋼筋混凝土造,93年12月16日,三層,一層 二層 三層 陽台 見其他登記事項
RPROMLPKIIGGFAU98DA,29,10.47,共有部份,鋼筋混凝土造,81年10月9日,十二層,
RPROMLPKIIGGFAU98DA,29,28.86,住家用,鋼筋混凝土造,81年10月9日,十二層,七層
RPQOMLPKIIGGFAU88DA,22,184.24,住家用,鋼筋混凝土造,88年9月28日,三層,一層 二層 三層 陽台 屋頂突出物
RPVOMLPKIIGGFAU76DA,27,455.57,商業用,鋼筋混凝土造,83年11月21日,十二層,十一層 陽台
RPVOMLPKIIGGFAU76DA,27,117.77,共有部份,鋼筋混凝土造,83年11月21日,十二層,
RPVOMLPKIIGGFAU76DA,27,19.69,停車空間,鋼筋混凝土造,83年11月21日,十二層,
RPOPNLOLQHGGFAU96DA,1,57.90,集合住宅,鋼筋混凝土造,110年2月4日,六層,六層 陽台
RPOPNLOLQHGGFAU96DA,1,10.51,共有部份,鋼筋混凝土造,110年2月4日,七層,
RPOPNLOLQHGGFAU96DA,1,17.30,共有部份,鋼筋混凝土造,110年2月4日,六層,
RPOPNLOLQHGGFAU96DA,1,13.88,共有部份（停車空間）,鋼筋混凝土造,110年2月4日,七層,
RPPPMLPKIIGGFAU88DA,25,82.70,住家用,鋼筋混凝土造,85年10月29日,十六層,二層 陽台
RPPPMLPKIIGGFAU88DA,25,14.81,共有部份,鋼筋混凝土造,85年10月29日,十六層,
RPPPMLPKIIGGFAU88DA,25,23.03,共有部份,鋼筋混凝土造,85年10月29日,十六層,
RPUOMLPKIIGGFAU66DA,1,195.09,住家用,鋼筋混凝土造,109年7月31日,四層,一層 二層 三層 四層 陽台
RPSPMLPKIIGGFAU56DA,39,118.72,住家用,鋼筋混凝土加強磚造,71年10月18日,二層,一層 二層
RPTPMLPKIIGGFAU66DA,43,99.24,住商用,鋼筋混凝土加強磚造,67年5月1日,二層,一層 二層 騎樓
RPPNMLNKIIGGFAU48DA,45,90.99,住家用,鋼筋混凝土加強磚造,65年3月16日,二層,一層 二層
RPOPMLPKIIGGFAU78DA,1,35.77,集合住宅,鋼筋混凝土造,110年1月20日,五層,五層 陽台
RPOPMLPKIIGGFAU78DA,1,18.23,本共有部分之項目有安全梯、梯廳、電梯、停車空間及屋頂突出物等。,鋼筋混凝土造,110年1月20日,五層,
RPXOMLSKIIGGFAU27DA,28,257.78,住家用,鋼筋混凝土造,82年12月15日,四層,一層 二層 三層 四層 陽台
RPVNMLPKIIGGFAU66DA,21,11.80,共有部份,鋼筋混凝土造,89年8月7日,十五層,
RPVNMLPKIIGGFAU66DA,21,.39,共有部份,鋼筋混凝土造,89年8月7日,十五層,
RPVNMLPKIIGGFAU66DA,21,7.65,共有部份,鋼筋混凝土造,89年8月7日,十二層,
RPVNMLPKIIGGFAU66DA,21,45.39,住家用,鋼筋混凝土造,89年8月7日,十二層,五層 陽台 花台 雨遮
RPXPMLOKIIGGFAU96DA,40,179.38,住商用,鋼筋混凝土造,70年12月1日,三層,一層 二層 三層 屋頂突出物 騎樓
RPOOMLOKIIGGFAU58DA,1,56.08,集合住宅,鋼筋混凝土造,109年11月27日,七層,三層 陽台
RPOOMLOKIIGGFAU58DA,1,23.37,本共有部分之項目有門廊、停車空間、無障礙電梯、樓梯間、機房及屋頂突出物１，２，３層等,鋼筋混凝土造,109年11月27日,七層,
RPUOMLOKIIGGFAU56DA,16,186.61,住家用,鋼筋混凝土造,94年3月30日,四層,一層 二層 三層 四層 陽台
RPQNMLPKIIGGFBU88DA,39,103.24,住家用,鋼筋混凝土加強磚造,71年7月15日,二層,一層 二層
RPSPMLSKIIGGFAU86DA,37,108.98,住商用,鋼筋混凝土造,73年12月14日,二層,一層 二層 騎樓
RPQPMLSKIIGGFAU66DA,3,97.21,集合住宅,鋼筋混凝土造,107年11月23日,五層,四層 陽台
RPQPMLSKIIGGFAU66DA,3,20.32,本共有部分之項目有電梯、樓梯間、水箱等３項,鋼筋混凝土造,107年11月23日,五層,
RPXNMLPKIIGGFAU86DA,6,287.66,住家用,鋼筋混凝土造,104年6月8日,四層,一層 二層 三層 四層 陽台 雨遮
RPWNMLOKIIGGFAU66DA,,107.21,住家用,木造,,二層,一層 二層 騎樓
RPPPMLSKIIGGFAU56DA,27,6.87,商業用,鋼筋混凝土造,83年6月30日,十二層,二層 陽台
RPPPMLSKIIGGFAU56DA,27,1.66,共有部份,鋼筋混凝土造,83年6月30日,十二層,
RPPPMLSKIIGGFAU56DA,27,3.04,共有部份,鋼筋混凝土造,83年6月30日,十二層,
RPPNMLQKIIGGFAU78DA,24,72.84,住家用,鋼筋混凝土造,87年2月18日,十四層,七層 陽台
RPPNMLQKIIGGFAU78DA,24,11.85,共有部份,鋼筋混凝土造,87年2月18日,十四層,
RPPNMLQKIIGGFAU78DA,24,11.98,共有部份,鋼筋混凝土造,87年2月18日,十四層,
RPPNMLRKIIGGFAU88DA,41,170.35,住家用,鋼筋混凝土造,70年2月20日,三層,一層 二層 三層 屋頂突出物 騎樓 地下層
RPRNMLSKIIGGFAU56DA,15,186.01,住家用,鋼筋混凝土造,95年6月23日,四層,一層 二層 三層 四層 陽台
RPQOMLSKIIGGFAU56DA,40,127.51,住家用,鋼筋混凝土加強磚造,70年12月14日,二層,一層 二層 屋頂突出物
RPSOMLSKIIGGFAU76DA,26,186.53,住家用,鋼筋混凝土造,84年3月10日,三層,一層 二層 三層 陽台 平台
RPOOMLSLRHGGFAU27DA,1,58.20,集合住宅,鋼筋混凝土造,110年2月4日,七層,七層 陽台
RPOOMLSLRHGGFAU27DA,1,10.43,共有部份,鋼筋混凝土造,110年2月4日,七層,
RPOOMLSLRHGGFAU27DA,1,17.59,共有部份,鋼筋混凝土造,110年2月4日,七層,
RPQPNLOLQHGGFAU17DA,1,57.90,集合住宅,鋼筋混凝土造,110年2月4日,六層,六層 陽台
RPQPNLOLQHGGFAU17DA,1,10.60,共有部份,鋼筋混凝土造,110年2月4日,七層,
RPQPNLOLQHGGFAU17DA,1,18.25,共有部份,鋼筋混凝土造,110年2月4日,六層,
RPPOMLTKIIGGFAU66EA,42,118.96,住商用,鋼筋混凝土造,68年12月17日,二層,一層 二層 屋頂突出物 騎樓
RPPOMLSLRHGGFAU37DA,1,53.60,店舖,鋼筋混凝土造,110年2月4日,七層,一層
RPPOMLSLRHGGFAU37DA,1,9.59,共有部份,鋼筋混凝土造,110年2月4日,七層,
RPPOMLSLRHGGFAU37DA,1,14.24,共有部份,鋼筋混凝土造,110年2月4日,七層,
RPTPMLSKIIGGFAU96DA,,45.53,集合住宅,鋼筋混凝土造,110年5月28日,七層,六層 陽台
RPTPMLSKIIGGFAU96DA,,24.12,共有部份,鋼筋混凝土造,110年5月28日,七層,
RPTPMLSKIIGGFAU96DA,,49.67,共有部份,鋼筋混凝土造,110年5月28日,七層,
