﻿編號,土地位置,土地移轉面積(平方公尺),使用分區或編定,權利人持分分母,權利人持分分子,移轉情形,地號
The serial number, land position,land shifting area square meter,the use zoning or compiles and checks,,,,land parcel
RPPNMLRKRHGGFAU17CC,裕民段,28.00,都市：其他:倉儲區,,,,00240015
RPPOMLPKRHGGFAU07CC,嘉南段,.00,都市：商,,,,03910014
RPPOMLPKRHGGFAU07CC,嘉南段,.00,都市：商,,,,03910018
RPXNMLOKRHGGFAU67CC,功學段,.00,都市：住,,,,03600000
RPUOMLPKRHGGFAU57CC,莊敬段,90.00,都市：住,,,,00890000
RPROMLPKRHGGFAU27CC,嘉南段,.00,都市：商,,,,03910014
RPROMLPKRHGGFAU27CC,嘉南段,.00,都市：商,,,,03910018
RPWOMLPKRHGGFAU77CC,民德段,25.60,都市：住,,,,00440002
RPTOMLPKRHGGFAU47CC,德安段,21.50,都市：商,,,,09710000
RPUNMLOKRHGGFAU37CC,林森段,26.30,都市：住,,,,02040004
RPQOMLLKRHGGFAU76CC,光華段二小段,147.62,非都市：工業區 ; 非都市編定：丁種建築用地,,,,00690004
