﻿編號,屋齡,建物移轉面積平方公尺,主要用途,主要建材,建築完成日期,總層數,建物分層
The serial number,room age,building shifting area square meter,the main use,main building materials,construction completes the date,total layer,building lamination
RPPNMLRKRHGGFAU17CC,23,64.11,倉庫,鋼筋混凝土造,87年3月27日,四層,
RPPOMLPKRHGGFAU07CC,3,17.83,住家用,鋼筋混凝土造,107年5月14日,五層,
RPXNMLOKRHGGFAU67CC,32,33.00,住商用,鋼筋混凝土造,78年6月21日,三層,
RPUOMLPKRHGGFAU57CC,26,51.88,商業用,鋼筋混凝土造,85年1月30日,五層,
RPUOMLPKRHGGFAU57CC,26,26.93,停車空間,鋼筋混凝土造,85年1月30日,五層,
RPUOMLPKRHGGFAU57CC,26,10.96,共有部份,鋼筋混凝土造,85年1月30日,五層,
RPROMLPKRHGGFAU27CC,3,15.36,住家用,鋼筋混凝土造,107年5月14日,五層,
RPWOMLPKRHGGFAU77CC,27,103.03,住家用,鋼筋混凝土造,83年5月18日,七層,
RPWOMLPKRHGGFAU77CC,27,25.52,共有部份,鋼筋混凝土造,83年5月18日,七層,
RPTOMLPKRHGGFAU47CC,32,73.04,住家用,鋼筋混凝土造,78年6月24日,四層,
RPTOMLPKRHGGFAU47CC,32,16.63,共有部份,鋼筋混凝土造,78年6月24日,四層,
RPUNMLOKRHGGFAU37CC,24,81.72,住家用,鋼筋混凝土造,86年11月27日,五層,
RPUNMLOKRHGGFAU37CC,24,10.16,共有部份,鋼筋混凝土造,86年11月27日,五層,
RPQOMLLKRHGGFAU76CC,17,202.85,住家用,鋼筋混凝土造,93年10月21日,三層,
