﻿編號,土地位置,土地移轉面積(平方公尺),使用分區或編定,權利人持分分母,權利人持分分子,移轉情形,地號
The serial number, land position,land shifting area square meter,the use zoning or compiles and checks,,,,land parcel
RPUOMLLMQHGGFAU17DA,嘉北段,33.20,都市：住,100000,124,持分移轉,04910000
RPVOMLLMQHGGFAU27DA,嘉北段,33.74,都市：住,100000,126,持分移轉,04910000
RPTOMLLMQHGGFAU07DA,嘉北段,33.74,都市：住,100000,126,持分移轉,04910000
RPVNMLLMQHGGFAU17DA,嘉北段,31.06,都市：住,100000,116,持分移轉,04910000
RPWNMLLMQHGGFAU27DA,嘉北段,31.06,都市：住,100000,116,持分移轉,04910000
RPPOMLLMQHGGFAU66DA,嘉北段,33.20,都市：住,100000,124,持分移轉,04910000
RPROMLLMQHGGFAU86DA,嘉北段,32.94,都市：住,100000,123,持分移轉,04910000
RPXNMLLMQHGGFAU37DA,嘉北段,33.20,都市：住,100000,124,持分移轉,04910000
RPQOMLLMQHGGFAU76DA,嘉北段,33.20,都市：住,100000,124,持分移轉,04910000
RPOOMLLMQHGGFAU56DA,嘉北段,33.47,都市：住,100000,125,持分移轉,04910000
RPOPMLLMQHGGFAU66DA,嘉北段,33.47,都市：住,100000,125,持分移轉,04910000
RPXOMLLMQHGGFAU47DA,嘉北段,32.94,都市：住,100000,123,持分移轉,04910000
RPPPMLLMQHGGFAU76DA,嘉北段,33.20,都市：住,100000,124,持分移轉,04910000
RPQPMLLMQHGGFAU86DA,嘉北段,33.20,都市：住,100000,124,持分移轉,04910000
RPPQMLLMQHGGFAU86DA,嘉北段,33.20,都市：住,100000,124,持分移轉,04910000
RPOQMLLMQHGGFAU76DA,嘉北段,33.20,都市：住,100000,124,持分移轉,04910000
RPSQMLLMQHGGFAU17DA,嘉北段,33.20,都市：住,100000,124,持分移轉,04910000
RPRPMLLMQHGGFAU96DA,嘉北段,30.53,都市：住,100000,114,持分移轉,04910000
RPWPMLLMQHGGFAU47DA,嘉北段,33.74,都市：住,100000,126,持分移轉,04910000
RPUPMLLMQHGGFAU27DA,嘉北段,33.47,都市：住,100000,125,持分移轉,04910000
RPXPMLLMQHGGFAU57DA,嘉北段,33.20,都市：住,100000,124,持分移轉,04910000
RPTPMLLMQHGGFAU17DA,嘉北段,30.53,都市：住,100000,114,持分移轉,04910000
RPTOMLSJIIGGFAU76DA,民享段,5.51,都市：商,10000,176,持分移轉,05000000
RPPNMLRJIIGGFBU88DA,新庄段,1188.47,非都市：一般農業區 ; 非都市編定：農牧用地,1,1,全筆移轉,08050000
RPQNMLSJIIGGFBU09DA,大安段,6601.00,非都市：特定農業區 ; 非都市編定：農牧用地,1,1,全筆移轉,00290000
RPRNMLRJIIGGFBU09DA,鳳信段,3127.45,非都市：特定農業區 ; 非都市編定：農牧用地,1,1,全筆移轉,01980001
RPSNMLOJIIGGFBU88DA,大安段,38.50,都市：其他:住宅區,8,1,持分移轉,16230006
RPVOMLSJIIGGFAU96DA,四維段,667.12,都市：農,1,1,全筆移轉,01710000
RPPNMLLKIIGGFAU28DA,東華段,3929.71,都市：農,1,1,全筆移轉,10670000
RPPOMLSJIIGGFAU98DA,民心段,348.00,都市：住,1,1,全筆移轉,01210041
RPOOMLSJIIGGFAU88DA,富國段,15.04,都市：其他:倉儲區,10000,91,持分移轉,00040001
RPUQMLLMQHGGFAU37DA,嘉北段,33.20,都市：住,100000,124,持分移轉,04910000
RPSNMLNKIIGGFAU78DA,富國段,15.18,都市：商,100000,2229,持分移轉,02510000
RPRPMLRJIIGGFAU56DA,樹人段,10.69,都市：商,10000,46,持分移轉,06350000
RPRPMLRJIIGGFAU56DA,樹人段,9.97,都市：住,10000,46,持分移轉,06390000
RPSPMLRJIIGGFAU66DA,仁義段,14.53,都市：住,10000,70,持分移轉,07550000
RPQPMLRJIIGGFAU09DA,仁恥段,.45,都市：住,80,9,持分移轉,05470000
RPQPMLRJIIGGFAU09DA,仁恥段,23.06,都市：住,80,9,持分移轉,05490000
RPTNMLQJIIGGFCU66DA,玉城段,109.00,非都市： ; 非都市編定：,1,1,全筆移轉,12270005
RPVOMLQJIIGGFAU76DA,莊敬段,8.94,都市：住,1000,33,持分移轉,04890006
RPUNMLQJIIGGFCU76DA,玉城段,105.00,非都市： ; 非都市編定：,1,1,全筆移轉,12270003
RPXNMLSJIIGGFAU07DA,仁義段,81.00,都市：住,1,1,全筆移轉,03470001
RPQNMLRJIIGGFAU88DA,路內段,52.75,都市：住,100000,4436,持分移轉,03790000
RPOOMLRJIIGGFAU78DA,富國段,7.87,都市：住,10000,230,持分移轉,01830000
RPXNMLQJRHGGFAU67DA,嘉北段,33.74,都市：住,100000,126,持分移轉,04910000
RPWNMLRJIIGGFAU86DA,宜安段,23.07,都市：其他:商業區(二),10000,282,持分移轉,06790000
RPSOMLRJIIGGFAU56DA,福祥段,5.70,都市：住,28710,57,持分移轉,09970000
RPQOMLRJIIGGFAU98DA,忠孝段,1096.25,都市：農,1,1,全筆移轉,10120001
RPTOMLRJIIGGFAU66DA,富國段,6.45,都市：商,10000,150,持分移轉,01290000
RPPOMLQJRHGGFAU96DA,嘉北段,33.20,都市：住,100000,124,持分移轉,04910000
RPOOMLQJRHGGFAU86DA,嘉北段,33.20,都市：住,100000,124,持分移轉,04910000
RPSSMLNJRHGGFAU37DA,平和段,1718.30,都市：農,1,1,全筆移轉,12220000
RPWNMLLJIIGGFAU88DA,民享段,37.00,都市：其他:市場用地,1,1,全筆移轉,13990000
RPWNMLQJRHGGFAU57DA,嘉北段,30.53,都市：住,100000,114,持分移轉,04910000
RPVNMLQJRHGGFAU47DA,嘉北段,30.53,都市：住,100000,114,持分移轉,04910000
RPROMLRJIIGGFAU09DA,富國段,12.74,都市：住,100000,3416,持分移轉,05400000
RPQOMLQJRHGGFAU07DA,嘉北段,33.20,都市：住,100000,124,持分移轉,04910000
RPTNMLLKRHGGFAU86DA,嘉北段,30.53,都市：住,100000,114,持分移轉,04910000
RPSNMLLKRHGGFAU76DA,嘉北段,33.74,都市：住,100000,126,持分移轉,04910000
RPRNMLLKRHGGFAU66DA,嘉北段,31.06,都市：住,100000,116,持分移轉,04910000
RPROMLNKIIGGFAU78DA,慈安段,96.00,都市：住,1,1,全筆移轉,13210012
RPQOMLNKIIGGFAU68DA,仁恥段,115.00,都市：住,1,1,全筆移轉,06930000
RPXNMLRKRHGGFAU87DA,石壁段,87.91,非都市：一般農業區 ; 非都市編定：甲種建築用地,10000,284,持分移轉,07790000
RPSOMLNKIIGGFAU88DA,光榮段,125.70,非都市：鄉村區 ; 非都市編定：乙種建築用地,1,1,全筆移轉,00170000
RPSOMLNKIIGGFAU88DA,光榮段,296.43,非都市：鄉村區 ; 非都市編定：乙種建築用地,1,1,全筆移轉,00180000
RPSOMLNKIIGGFAU88DA,光榮段,512.45,非都市：一般農業區 ; 非都市編定：農牧用地,1,1,全筆移轉,00190000
RPROMLSJIIGGFAU56DA,民勤段,19.30,都市：住,10000,108,持分移轉,01500000
RPPNMLLKIIGGFBU38DA,鳳凰段,2514.40,非都市：一般農業區 ; 非都市編定：農牧用地,1,1,全筆移轉,06400001
RPPNMLSJIIGGFCU09DA,玉泉段,1373.00,非都市：特定農業區 ; 非都市編定：農牧用地,1,1,全筆移轉,03490000
RPUNMLMLRHGGFBU27DA,北林段,3758.29,非都市：特定農業區 ; 非都市編定：丁種建築用地,1,1,全筆移轉,05230000
RPUNMLMLRHGGFBU27DA,北林段,1025.02,非都市：特定農業區 ; 非都市編定：丁種建築用地,1,1,全筆移轉,05240000
RPWNMLOJIIGGFAU56DA,東升段,4.00,非都市：鄉村區 ; 非都市編定：乙種建築用地,1,1,全筆移轉,09220000
RPQPMLSJRHGGFAU37DA,民勤段,16.42,都市：住,10000,207,持分移轉,00430002
RPPNMLSJIIGGFBU09EA,鳳信段,24.41,非都市：鄉村區 ; 非都市編定：乙種建築用地,1,1,全筆移轉,00600001
RPUNMLPKIIGGFAU56DA,碧雲段,25.32,都市：住,10000,386,持分移轉,00520000
RPUNMLPKIIGGFAU56DA,碧雲段,7.27,都市：其他:道路用地,10000,60,持分移轉,00520001
RPUNMLPKIIGGFAU56DA,碧雲段,1.92,都市：住,10000,60,持分移轉,00520003
RPUNMLPKIIGGFAU56DA,碧雲段,1.13,都市：住,10000,60,持分移轉,00520007
RPUNMLPKIIGGFAU56DA,碧雲段,2.80,都市：住,10000,60,持分移轉,00520008
RPUNMLPKIIGGFAU56DA,碧雲段,35.00,都市：住,1,1,全筆移轉,00520012
RPWOMLOKIIGGFAU76DA,福興段,203.00,都市：住,1,1,全筆移轉,11180000
RPTOMLOKIIGGFAU09DA,南埔段,127.00,非都市：鄉村區 ; 非都市編定：乙種建築用地,1,1,全筆移轉,23130133
RPTOMLOKIIGGFAU09DA,南埔段,18.74,非都市：鄉村區 ; 非都市編定：乙種建築用地,38,1,持分移轉,23130152
RPVNMLOKIIGGFAU56DA,富國段,104.00,都市：住,1,1,全筆移轉,00790010
RPPPMLOKIIGGFAU78DA,福祥段,98.00,都市：住,1,1,全筆移轉,08530023
RPUOMLNKIIGGFAU09DA,光榮段,662.49,非都市：鄉村區 ; 非都市編定：乙種建築用地,1,1,全筆移轉,04410000
RPVOMLOKIIGGFAU66DA,福安段,37.12,都市：住,10000,250,持分移轉,17420000
RPVOMLOKIIGGFAU66DA,福安段,3.00,都市：住,10000,250,持分移轉,17440000
RPUNMLOKIIGGFAU09DA,功學段,9.35,都市：住,1,1,全筆移轉,07320000
RPPNMLOKIIGGFAU58DA,北濱段,18.52,都市：住,10000,513,持分移轉,13550000
RPQNMLOKIIGGFBU88EA,新白陽段,5130.09,非都市：山坡地保育區 ; 非都市編定：林業用地,1,1,全筆移轉,07670000
RPSOMLOKIIGGFAU98DA,南埔段,100.00,非都市：鄉村區 ; 非都市編定：乙種建築用地,1,1,全筆移轉,23130139
RPSOMLOKIIGGFAU98DA,南埔段,18.74,非都市：鄉村區 ; 非都市編定：乙種建築用地,380,10,持分移轉,23130152
RPPNMLMKIIGGFCU58DA,酸柑段,166.77,非都市：一般農業區 ; 非都市編定：甲種建築用地,1,1,全筆移轉,02570000
RPTOMLNKIIGGFAU98DA,南埔段,180.00,非都市：鄉村區 ; 非都市編定：乙種建築用地,1,1,全筆移轉,25310009
RPRNMLOKIIGGFAU78DA,慈勝段,975.71,都市：其他:住宅區,1,1,全筆移轉,02440000
RPRNMLOKIIGGFAU78DA,慈勝段,276.86,都市：其他:道路用地,1,1,全筆移轉,02440001
RPRNMLOKIIGGFAU78DA,慈勝段,311.96,都市：其他:住宅區,1,1,全筆移轉,02440002
RPRNMLOKIIGGFAU78DA,慈勝段,340.40,都市：住,1,1,全筆移轉,02440003
RPPNMLKKQHGGFBU98DA,大安段,236.00,都市：其他:住宅區,1,1,全筆移轉,16220011
RPOOMLPKIIGGFAU68DA,北濱段,6.20,都市：商,100000,369,持分移轉,06890000
RPPOMLPKIIGGFAU78DA,民意段,104.00,都市：住,1,1,全筆移轉,02800032
RPSNMLPJIIGGFAU88DA,吉興段,138.91,都市：農,1,1,全筆移轉,05960002
RPOOMLNKIIGGFAU48DA,北濱段,3.94,都市：商,10000,112,持分移轉,13040000
RPOOMLNKIIGGFAU48DA,北濱段,.25,都市：其他:道路用地,10000,112,持分移轉,13040001
RPXWMLOLQHGGFAU48DA,嘉北段,34.01,都市：住,100000,127,持分移轉,04910000
RPWWMLOLQHGGFAU38DA,嘉北段,33.47,都市：住,100000,125,持分移轉,04910000
RPQNMLNLRHGGFAU86DA,嘉北段,33.47,都市：住,100000,125,持分移轉,04910000
RPUNMLLKRHGGFAU96DA,嘉北段,33.74,都市：住,100000,126,持分移轉,04910000
RPTWMLOLQHGGFAU08DA,嘉北段,33.47,都市：住,100000,125,持分移轉,04910000
RPUWMLOLQHGGFAU18DA,嘉北段,33.47,都市：住,100000,125,持分移轉,04910000
RPSWMLOLQHGGFAU97DA,嘉北段,34.27,都市：住,100000,128,持分移轉,04910000
RPTNNLOLQHGGFAU27DA,嘉北段,33.74,都市：住,100000,126,持分移轉,04910000
RPRWMLOLQHGGFAU87DA,嘉北段,33.74,都市：住,100000,126,持分移轉,04910000
RPSNNLOLQHGGFAU17DA,嘉北段,33.47,都市：住,100000,125,持分移轉,04910000
RPRNNLOLQHGGFAU07DA,嘉北段,34.27,都市：住,100000,128,持分移轉,04910000
RPVNNLOLQHGGFAU47DA,嘉北段,33.47,都市：住,100000,125,持分移轉,04910000
RPWNNLOLQHGGFAU57DA,嘉北段,33.47,都市：住,100000,125,持分移轉,04910000
RPONNLOLQHGGFAU76DA,嘉北段,33.47,都市：住,100000,125,持分移轉,04910000
RPQNNLOLQHGGFAU96DA,嘉北段,33.20,都市：住,100000,124,持分移轉,04910000
RPPNNLOLQHGGFAU86DA,嘉北段,33.47,都市：住,100000,125,持分移轉,04910000
RPXNNLOLQHGGFAU67DA,嘉北段,34.27,都市：住,100000,128,持分移轉,04910000
RPOONLOLQHGGFAU86DA,嘉北段,33.20,都市：住,100000,124,持分移轉,04910000
RPRONLOLQHGGFAU17DA,嘉北段,33.47,都市：住,100000,125,持分移轉,04910000
RPPONLOLQHGGFAU96DA,嘉北段,34.01,都市：住,100000,127,持分移轉,04910000
RPUONLOLQHGGFAU47DA,嘉北段,33.47,都市：住,100000,125,持分移轉,04910000
RPTONLOLQHGGFAU37DA,嘉北段,33.47,都市：住,100000,125,持分移轉,04910000
RPXONLOLQHGGFAU77DA,嘉北段,33.47,都市：住,100000,125,持分移轉,04910000
RPVONLOLQHGGFAU57DA,嘉北段,33.47,都市：住,100000,125,持分移轉,04910000
RPWONLOLQHGGFAU67DA,嘉北段,34.27,都市：住,100000,128,持分移轉,04910000
RPSONLOLQHGGFAU27DA,嘉北段,34.27,都市：住,100000,128,持分移轉,04910000
RPQNMLMKRHGGFAU66DA,嘉北段,33.47,都市：住,100000,125,持分移轉,04910000
RPRNMLMKRHGGFAU76DA,嘉北段,33.20,都市：住,100000,124,持分移轉,04910000
RPSNMLMKRHGGFAU86DA,嘉北段,33.74,都市：住,100000,126,持分移轉,04910000
RPXNMLNLRHGGFAU57DA,嘉北段,30.53,都市：住,100000,114,持分移轉,04910000
RPPOMLNLRHGGFAU86DA,嘉北段,30.53,都市：住,100000,114,持分移轉,04910000
RPQOMLNLRHGGFAU96DA,嘉北段,30.53,都市：住,100000,114,持分移轉,04910000
RPOOMLMKRHGGFAU56DA,嘉北段,30.53,都市：住,100000,114,持分移轉,04910000
RPUNMLMKRHGGFAU07DA,嘉北段,33.20,都市：住,100000,124,持分移轉,04910000
RPWNMLMKRHGGFAU27DA,嘉北段,32.94,都市：住,100000,123,持分移轉,04910000
RPPNMLPJIIGGFAU58DA,林森段,81.00,都市：其他:公園兼兒童遊樂場用地,1,1,全筆移轉,33610000
RPTNMLMKRHGGFAU96DA,嘉北段,33.20,都市：住,100000,124,持分移轉,04910000
RPTNMLPJIIGGFAU98DA,慶豐段,181.00,都市：住,1,1,全筆移轉,10680013
RPSOMLNLRHGGFAU17DA,嘉北段,30.53,都市：住,100000,114,持分移轉,04910000
RPSNMLSJIIGGFAU56DA,自強段,9.51,都市：住,20000,834,持分移轉,00660000
RPSNMLSJIIGGFAU56DA,自強段,10.34,都市：住,20000,834,持分移轉,00670000
RPTOMLPKIIGGFAU56DA,南埔段,106.00,非都市：特定農業區 ; 非都市編定：甲種建築用地,1,1,全筆移轉,32740141
RPROMLPKIIGGFAU98DA,主商段,3.14,都市：商,10000,57,持分移轉,05610000
RPQOMLPKIIGGFAU88DA,慶豐段,89.00,都市：住,1,1,全筆移轉,04030000
RPVOMLPKIIGGFAU76DA,富國段,49.11,都市：商,1000,86,持分移轉,02310000
RPOPNLOLQHGGFAU96DA,嘉北段,33.47,都市：住,100000,125,持分移轉,04910000
RPPPMLPKIIGGFAU88DA,福祥段,17.50,都市：住,28710,175,持分移轉,09970000
RPUOMLPKIIGGFAU66DA,南埔段,97.93,非都市：特定農業區 ; 非都市編定：甲種建築用地,194000,9793,持分移轉,23220000
RPSPMLPKIIGGFAU56DA,民意段,112.00,都市：住,1,1,全筆移轉,10140006
RPTPMLPKIIGGFAU66DA,宜寧段,75.00,都市：住,1,1,全筆移轉,02880000
RPPNMLPKIIGGFBU78DA,大和段,524.11,非都市：鄉村區 ; 非都市編定：乙種建築用地,1,1,全筆移轉,04750000
RPPNMLNKIIGGFAU48DA,國風段,69.00,都市：住,1,1,全筆移轉,02640000
RPOPMLPKIIGGFAU78DA,國風段,20.13,都市：住,100,11,持分移轉,07080000
RPXOMLSKIIGGFAU27DA,碧雲段,118.00,都市：住,1,1,全筆移轉,03020007
RPVNMLPKIIGGFAU66DA,德安段,.08,都市：住,100000,304,持分移轉,01700001
RPVNMLPKIIGGFAU66DA,主權段,8.49,都市：住,100000,304,持分移轉,07850000
RPXPMLOKIIGGFAU96DA,宜昌段,3.60,都市：其他:商業區(一),60,8,持分移轉,09850001
RPXPMLOKIIGGFAU96DA,宜昌段,.33,都市：其他:商業區(一),60,10,持分移轉,09850005
RPXPMLOKIIGGFAU96DA,宜昌段,7.47,都市：其他:商業區(一),60,14,持分移轉,09930000
RPXPMLOKIIGGFAU96DA,宜昌段,68.00,都市：其他:商業區(一),1,1,全筆移轉,09930003
RPXPMLOKIIGGFAU96DA,宜昌段,18.00,都市：其他:商業區(一),60,18,持分移轉,09930004
RPXPMLOKIIGGFAU96DA,宜昌段,.33,都市：其他:商業區(一),60,10,持分移轉,09930005
RPWPMLOKIIGGFAU86DA,光榮段,1332.86,非都市：一般農業區 ; 非都市編定：農牧用地,2,1,持分移轉,06950000
RPQPMLPKIIGGFAU98DA,東昌段,2575.67,非都市：一般農業區 ; 非都市編定：農牧用地,1,1,全筆移轉,05710002
RPOOMLOKIIGGFAU58DA,自強段,9.44,都市：住,10000,414,持分移轉,00660000
RPOOMLOKIIGGFAU58DA,自強段,10.27,都市：住,10000,414,持分移轉,00670000
RPUOMLOKIIGGFAU56DA,民意段,87.00,都市：住,1,1,全筆移轉,07290002
RPQNMLPKIIGGFBU88DA,新庄段,83.76,非都市：特定農業區 ; 非都市編定：甲種建築用地,1,1,全筆移轉,10610000
RPSPMLSKIIGGFAU86DA,民意段,82.00,都市：住,1,1,全筆移轉,05840019
RPQPMLSKIIGGFAU66DA,太昌段,46.28,都市：住,10000,1024,持分移轉,01110000
RPXNMLPKIIGGFAU86DA,仁恥段,157.50,都市：農,6,1,持分移轉,00300000
RPPNMLSKIIGGFCU66EA,源北段,159.18,非都市：特定農業區 ; 非都市編定：農牧用地,8,1,持分移轉,14370000
RPWNMLOKIIGGFAU66DA,主商段,60.00,都市：商,1,1,全筆移轉,07360000
RPWNMLOKIIGGFAU66DA,主商段,8.00,都市：商,1,1,全筆移轉,07370000
RPWNMLOKIIGGFAU66DA,主商段,5.00,都市：其他:道路用地,1,1,全筆移轉,07370001
RPRNMLSJIIGGFBU56DA,鳳光段,3832.00,都市：其他:農業區,1,1,全筆移轉,01930001
RPQNMLSKIIGGFCU66DA,興北段,7944.16,非都市：一般農業區 ; 非都市編定：農牧用地,1,1,全筆移轉,12060000
RPPPMLSKIIGGFAU56DA,北濱段,1.24,都市：商,100000,74,持分移轉,06890000
RPSNMLTKIIGGFBU96EA,加里洞段,1208.22,非都市：山坡地保育區 ; 非都市編定：農牧用地,1,1,全筆移轉,03270000
RPPNMLQKIIGGFAU78DA,民享段,9.92,都市：住,10000,68,持分移轉,05850000
RPPNMLRKIIGGFAU88DA,德安段,94.00,都市：住,1,1,全筆移轉,13810005
RPRNMLSKIIGGFAU56DA,福祥段,89.00,都市：住,1,1,全筆移轉,08530025
RPQOMLSKIIGGFAU56DA,德安段,83.00,都市：其他:住宅區,1,1,全筆移轉,13070002
RPQOMLSKIIGGFAU56DA,德安段,45.00,都市：其他:住宅區,1,1,全筆移轉,13080006
RPSOMLSKIIGGFAU76DA,壽農段,111.00,非都市：鄉村區 ; 非都市編定：乙種建築用地,14840,1110,持分移轉,15830000
RPTOMLSKIIGGFAU86DA,石壁段,70.00,非都市：一般農業區 ; 非都市編定：養殖用地,66684,14000,持分移轉,04440003
RPTOMLSKIIGGFAU86DA,石壁段,356.71,非都市：一般農業區 ; 非都市編定：養殖用地,1,1,全筆移轉,04440012
RPTOMLSKIIGGFAU86DA,石壁段,300.56,非都市：一般農業區 ; 非都市編定：養殖用地,1,1,全筆移轉,04440013
RPVOMLSKIIGGFAU07DA,東昌段,1205.03,都市：農,1,1,全筆移轉,02950001
RPVOMLSKIIGGFAU07DA,東昌段,1439.97,都市：農,1,1,全筆移轉,02960000
RPVOMLRLRHGGFAU87DA,帛士林段,1631.40,非都市：一般農業區 ; 非都市編定：農牧用地,1,1,全筆移轉,04750000
RPOOMLSLRHGGFAU27DA,嘉北段,33.20,都市：住,100000,124,持分移轉,04910000
RPQPNLOLQHGGFAU17DA,嘉北段,33.74,都市：住,100000,126,持分移轉,04910000
RPOPMLSKIIGGFAU56EA,壽農段,7.33,非都市：鄉村區 ; 非都市編定：乙種建築用地,1,1,全筆移轉,16020004
RPPOMLTKIIGGFAU66EA,北濱段,95.00,都市：住,1,1,全筆移轉,14940001
RPPOMLSLRHGGFAU37DA,嘉北段,30.53,都市：住,100000,114,持分移轉,04910000
RPTPMLSKIIGGFAU96DA,富國段,12.40,都市：商,10000,314,持分移轉,02240000
RPWPMLSKIIGGFAU27DA,古魯社段,668.87,非都市： ; 非都市編定：,1,1,全筆移轉,04290003
RPWPMLSKIIGGFAU27DA,古魯社段,142.54,非都市： ; 非都市編定：,1,1,全筆移轉,04290004
RPPNMLTKIIGGFAU09DA,古魯社段,1765.42,都市：其他:農業區,1,1,全筆移轉,04290001
RPVNMLTKIIGGFAU07DA,主權段,122.00,都市：住,1,1,全筆移轉,00920000
RPVNMLTKIIGGFAU07DA,主權段,10.00,都市：住,1,1,全筆移轉,00930000
RPVNMLTKIIGGFAU07DA,主權段,3.87,都市：住,54,19,持分移轉,01050000
RPVNMLTKIIGGFAU07DA,主權段,162.00,都市：住,1,1,全筆移轉,01060000
RPVNMLTKIIGGFAU07DA,主權段,36.00,都市：住,1,1,全筆移轉,01070001
RPVNMLTKIIGGFAU07DA,主權段,6.00,都市：住,1,1,全筆移轉,01070002
