﻿鄉鎮市區,交易標的,土地位置建物門牌,土地移轉總面積平方公尺,都市土地使用分區,非都市土地使用分區,非都市土地使用編定,交易年月日,交易筆棟數,移轉層次,總樓層數,建物型態,主要用途,主要建材,建築完成年月,建物移轉總面積平方公尺,建物現況格局-房,建物現況格局-廳,建物現況格局-衛,建物現況格局-隔間,有無管理組織,總價元,單價元平方公尺,車位類別,車位移轉總面積平方公尺,車位總價元,備註,編號,建案名稱,棟及號
The villages and towns urban district,transaction sign,land sector position building sector house number plate,land shifting total area square meter,the use zoning or compiles and checks,the non-metropolis land use district,non-metropolis land use,transaction year month and day,transaction pen number,shifting level,total floor number,building state,main use,main building materials,construction to complete the years,building shifting total area,Building present situation pattern - room,building present situation pattern - hall,building present situation pattern - health,building present situation pattern - compartmented,Whether there is manages the organization,total price NTD,the unit price (NTD / square meter),the berth category,berth shifting total area square meter,the berth total price NTD,the note,serial number,build case,buildings
新城鄉,房地(土地+建物)+車位,花蓮縣吉安鄉東海十五街,30.74,住,,,1100219,土地1建物1車位1,七層,7,華廈(10層含以下有電梯),見其他登記事項,鋼筋混凝土造,,115.1,2,2,2,有,無,7800000,67767,升降機械,12.77,0,,RPQNMLNKRHGGFAU76CB,夏沐(華廈),1棟7-A號
吉安鄉,房地(土地+建物)+車位,花蓮縣吉安鄉東海十五街,30.74,住,,,1100219,土地1建物1車位1,六層,7,華廈(10層含以下有電梯),見其他登記事項,鋼筋混凝土造,,115.1,2,2,2,有,無,7650000,66464,升降機械,12.77,0,,RPRNMLNKRHGGFAU86CB,夏沐(華廈),1棟6-A號
吉安鄉,房地(土地+建物)+車位,花蓮縣吉安鄉東海十五街,30.74,住,,,1100219,土地1建物1車位1,五層,7,華廈(10層含以下有電梯),見其他登記事項,鋼筋混凝土造,,115.1,2,2,2,有,無,7500000,65161,升降機械,12.77,0,,RPSNMLNKRHGGFAU96CB,夏沐(華廈),1棟5-A號
吉安鄉,房地(土地+建物)+車位,花蓮縣吉安鄉東海十五街,27.78,住,,,1100222,土地1建物1車位1,五層,7,華廈(10層含以下有電梯),見其他登記事項,鋼筋混凝土造,,105.24,2,2,1,有,無,7050000,66990,升降機械,12.77,0,,RPPNMLOKRHGGFAU76CB,夏沐(華廈),1棟5-B號
吉安鄉,房地(土地+建物)+車位,花蓮縣吉安鄉東海十五街,23.39,住,,,1100222,土地1建物1車位1,七層,7,華廈(10層含以下有電梯),見其他登記事項,鋼筋混凝土造,,90.64,2,1,1,有,無,6550000,72264,升降機械,12.77,0,,RPQNMLOKRHGGFAU86CB,夏沐(華廈),1棟7-D號
吉安鄉,房地(土地+建物)+車位,花蓮縣吉安鄉東海十五街,23.39,住,,,1100220,土地1建物1車位1,五層,7,華廈(10層含以下有電梯),見其他登記事項,鋼筋混凝土造,,90.63,2,1,1,有,無,6250000,68962,升降機械,12.77,0,,RPRNMLOKRHGGFAU96CB,夏沐(華廈),1棟5-D號
吉安鄉,房地(土地+建物)+車位,花蓮縣吉安鄉東海十五街,27.78,住,,,1100220,土地1建物1車位1,六層,7,華廈(10層含以下有電梯),見其他登記事項,鋼筋混凝土造,,105.23,2,2,1,有,無,7200000,68422,升降機械,12.77,0,,RPSNMLOKRHGGFAU07CB,夏沐(華廈),1棟6-B號
吉安鄉,房地(土地+建物)+車位,花蓮縣吉安鄉東海十五街,23.39,住,,,1100224,土地1建物1車位1,四層,7,華廈(10層含以下有電梯),見其他登記事項,鋼筋混凝土造,,90.64,2,1,1,有,無,6110000,67410,升降機械,12.77,0,,RPUNMLOKRHGGFAU27CB,夏沐(華廈),1棟4-D號
吉安鄉,房地(土地+建物),花蓮縣吉安鄉福興五街,90.32,住,,,1100822,土地1建物1車位0,全,4,透天厝,住家用,鋼筋混凝土造,,194.23,4,2,4,有,無,13000000,66931,,0.0,0,,RPQNMLPKRHGGFAU96CB,欣悅拾光,A棟03號
吉安鄉,房地(土地+建物),花蓮縣吉安鄉東海六街,28.8,住,,,1100316,土地4建物1車位0,三層,7,華廈(10層含以下有電梯),見其他登記事項,鋼筋混凝土造,,89.36,2,2,2,有,無,5676300,63522,,0.0,0,,RPPNMLQKRHGGFAU96CB,羅馬一品,1棟3-C號
吉安鄉,房地(土地+建物),花蓮縣吉安鄉東海六街,25.79,住,,,1100315,土地4建物1車位0,五層,7,華廈(10層含以下有電梯),見其他登記事項,鋼筋混凝土造,,80.01,2,2,2,有,無,5566000,69566,,0.0,0,,RPTNMLQKRHGGFAU37CB,羅馬一品,1棟5-E號
花蓮市,房地(土地+建物),花蓮縣花蓮市富裕三街,10.65,商,,,1100321,土地1建物1車位0,二層,10,華廈(10層含以下有電梯),住家用,鋼筋混凝土造,,88.07,2,1,1,有,無,6800000,77211,,0.0,0,,RPUNMLQKRHGGFAU47CB,晴美,B棟B2號
花蓮市,房地(土地+建物),花蓮縣花蓮市富裕三街,10.65,商,,,1100820,土地1建物1車位0,九層,10,華廈(10層含以下有電梯),住家用,鋼筋混凝土造,,70.48,2,1,1,有,無,5720000,81158,,0.0,0,,RPVNMLQKRHGGFAU57CB,晴美,B棟B1號
吉安鄉,房地(土地+建物)+車位,花蓮縣吉安鄉東海十五街,27.78,住,,,1100404,土地1建物1車位1,三層,7,華廈(10層含以下有電梯),見其他登記事項,鋼筋混凝土造,,105.24,2,2,1,有,無,7000000,66515,升降機械,12.77,0,,RPXNMLQKRHGGFAU77CB,夏沐(華廈),1棟3-B號
吉安鄉,房地(土地+建物)+車位,花蓮縣吉安鄉東海十五街,30.74,住,,,1100315,土地1建物1車位1,三層,7,華廈(10層含以下有電梯),見其他登記事項,鋼筋混凝土造,,115.1,2,2,2,有,無,7400000,64292,升降機械,12.77,0,,RPPOMLQKRHGGFAU07CB,夏沐(華廈),1棟3-A號
吉安鄉,房地(土地+建物)+車位,花蓮縣吉安鄉東海十五街,30.74,住,,,1100429,土地1建物1車位1,四層,7,華廈(10層含以下有電梯),見其他登記事項,鋼筋混凝土造,,115.1,2,2,2,有,無,7650000,66464,升降機械,12.77,0,,RPQOMLQKRHGGFAU17CB,夏沐(華廈),1棟4-A號
吉安鄉,房地(土地+建物)+車位,花蓮縣吉安鄉荳蘭三街,30.57,商,,,1100821,土地2建物1車位1,五層,11,住宅大樓(11層含以上有電梯),見其他登記事項,鋼筋混凝土造,,185.27,0,0,2,有,無,11300000,63075,坡道平面,29.9,1500000,交易總價含下列非屬預售屋價格之費用:毛胚屋；,RPPNMLQKRHGGFAU07DB,吉安之星,A棟5F-3號
吉安鄉,房地(土地+建物)+車位,花蓮縣吉安鄉荳蘭三街,31.17,商,,,1100907,土地2建物1車位1,六層,11,住宅大樓(11層含以上有電梯),見其他登記事項,鋼筋混凝土造,,188.62,0,0,2,有,無,12500000,69304,坡道平面,29.9,1500000,無隔間、無地磚。共有部分面積包含主建物共有部分面積51.17平方公尺及車位面積29.9平方公尺。,RPQNMLQKRHGGFAU17DB,吉安之星,A棟6F-1號
吉安鄉,房地(土地+建物)+車位,花蓮縣吉安鄉荳蘭三街,31.17,商,,,1100907,土地2建物1車位1,七層,11,住宅大樓(11層含以上有電梯),見其他登記事項,鋼筋混凝土造,,188.62,0,0,2,有,無,12500000,69304,坡道平面,29.9,1500000,無隔間、無地磚。共有部分面積包含主建物共有部分面積51.17平方公尺及車位面積29.9平方公尺。,RPRNMLQKRHGGFAU27DB,吉安之星,A棟7F-1號
吉安鄉,房地(土地+建物)+車位,花蓮縣吉安鄉荳蘭三街,34.72,商,,,1100910,土地2建物1車位1,九層,11,住宅大樓(11層含以上有電梯),見其他登記事項,鋼筋混凝土造,,206.76,0,0,3,有,無,14800000,75201,一樓平面,29.9,1500000,交易總價含下列非屬預售屋價格之費用:毛胚屋；,RPSNMLQKRHGGFAU37DB,吉安之星,A棟9F-1號
吉安鄉,房地(土地+建物)+車位,花蓮縣吉安鄉荳蘭三街,34.72,商,,,1100910,土地2建物1車位1,九層,11,住宅大樓(11層含以上有電梯),見其他登記事項,鋼筋混凝土造,,206.76,0,0,3,有,無,14800000,75201,一樓平面,29.9,1500000,交易總價含下列非屬預售屋價格之費用:毛胚屋；,RPTNMLQKRHGGFAU47DB,吉安之星,A棟9F-2號
吉安鄉,房地(土地+建物)+車位,花蓮縣吉安鄉吉祥1街,34.2,住,,,1100912,土地1建物1車位1,六層,6,華廈(10層含以下有電梯),住家用,鋼筋混凝土造,,128.34,3,1,2,有,無,9200000,76816,一樓平面,34.61,2000000,交易總價含下列非屬預售屋價格之費用:含裝潢費；,RPPNMLRKRHGGFAU07CB,晁邦麗致,A棟A4號
花蓮市,房地(土地+建物),花蓮縣花蓮市德安三街,34.06,住,,,1100125,土地1建物1車位0,四層,5,華廈(10層含以下有電梯),住家用,鋼筋混凝土造,,90.49,2,1,1,有,無,6290000,69510,,0.0,0,,RPQNMLRKRHGGFAU17CB,睿品苑,1棟4A號
花蓮市,房地(土地+建物),花蓮縣花蓮市富裕三街,10.65,商,,,1100324,土地1建物1車位0,二層,10,華廈(10層含以下有電梯),住家用,鋼筋混凝土造,,68.48,2,1,1,有,無,4850000,70824,,0.0,0,,RPRNMLRKRHGGFAU27CB,晴美,B棟B1號
花蓮市,房地(土地+建物)+車位,花蓮縣花蓮市德安三街,25.88,住,,,1100129,土地1建物1車位1,二層,5,華廈(10層含以下有電梯),住家用,鋼筋混凝土造,,85.27,2,1,1,有,無,5270000,63836,一樓平面,16.5,880000,,RPTNMLRKRHGGFAU47CB,睿品苑,1棟2B號
花蓮市,房地(土地+建物)+車位,花蓮縣花蓮市國興五街,30.39,住,,,1100507,土地1建物1車位1,二層,7,華廈(10層含以下有電梯),住家用,鋼筋混凝土造,,126.26,3,2,2,有,無,10750000,88298,坡道平面,23.54,1680000,,RPWNMLRKRHGGFAU77CB,夢想Home,1棟2C號
花蓮市,房地(土地+建物)+車位,花蓮縣花蓮市國興五街,30.39,住,,,1100515,土地1建物1車位1,六層,7,華廈(10層含以下有電梯),住家用,鋼筋混凝土造,,126.26,3,2,2,有,無,11060000,90148,坡道平面,23.54,1800000,,RPXNMLRKRHGGFAU87CB,夢想Home,1棟6C號
花蓮市,房地(土地+建物),花蓮縣花蓮市國興五街,30.39,住,,,1100507,土地1建物1車位0,四層,7,華廈(10層含以下有電梯),住家用,鋼筋混凝土造,,104.6,3,2,2,有,無,8690000,83078,,0.0,0,,RPOOMLRKRHGGFAU07CB,夢想Home,1棟4B號
花蓮市,房地(土地+建物)+車位,花蓮縣花蓮市國興五街,30.39,住,,,1100506,土地1建物1車位1,五層,7,華廈(10層含以下有電梯),住家用,鋼筋混凝土造,,128.14,3,2,2,有,無,10130000,83461,坡道平面,23.54,1400000,,RPPOMLRKRHGGFAU17CB,夢想Home,1棟5A號
花蓮市,房地(土地+建物)+車位,花蓮縣花蓮市國興五街,30.39,住,,,1100506,土地1建物1車位1,五層,7,華廈(10層含以下有電梯),住家用,鋼筋混凝土造,,127.04,3,2,2,有,無,10030000,82505,坡道平面,22.44,1400000,,RPQOMLRKRHGGFAU27CB,夢想Home,1棟5B號
花蓮市,房地(土地+建物),花蓮縣花蓮市國興五街,39.51,住,,,1100516,土地1建物1車位0,一層,7,華廈(10層含以下有電梯),住家用,鋼筋混凝土造,,132.35,0,0,0,無,無,25000000,188893,,0.0,0,,RPROMLRKRHGGFAU37CB,夢想Home,1棟1A號
花蓮市,房地(土地+建物),花蓮縣花蓮市國興五街,39.51,住,,,1100516,土地1建物1車位0,一層,7,華廈(10層含以下有電梯),住家用,鋼筋混凝土造,,132.35,0,0,0,無,無,23750000,179448,,0.0,0,,RPSOMLRKRHGGFAU47CB,夢想Home,1棟1B號
花蓮市,房地(土地+建物),花蓮縣花蓮市國興五街,30.39,住,,,1100516,土地1建物1車位0,二層,7,華廈(10層含以下有電梯),住家用,鋼筋混凝土造,,109.86,3,2,2,有,無,9200000,83743,,0.0,0,,RPTOMLRKRHGGFAU57CB,夢想Home,1棟2B號
花蓮市,房地(土地+建物)+車位,花蓮縣花蓮市國興五街,30.39,住,,,1100626,土地1建物1車位1,五層,7,華廈(10層含以下有電梯),住家用,鋼筋混凝土造,,126.26,3,2,2,有,無,10350000,85183,坡道平面,23.54,1600000,,RPUOMLRKRHGGFAU67CB,夢想Home,1棟5C號
花蓮市,房地(土地+建物),花蓮縣花蓮市國興五街,30.39,住,,,1100528,土地1建物1車位0,三層,7,華廈(10層含以下有電梯),住家用,鋼筋混凝土造,,104.6,3,2,2,有,無,8750000,83652,,0.0,0,,RPVOMLRKRHGGFAU77CB,夢想Home,1棟3B號
花蓮市,房地(土地+建物)+車位,花蓮縣花蓮市國興五街,30.39,住,,,1100630,土地1建物1車位1,四層,7,華廈(10層含以下有電梯),住家用,鋼筋混凝土造,,128.14,3,2,2,有,無,10400000,84130,坡道平面,23.54,1600000,,RPWOMLRKRHGGFAU87CB,夢想Home,1棟4A號
花蓮市,房地(土地+建物),花蓮縣花蓮市國興五街,30.39,住,,,1100506,土地1建物1車位0,二層,7,華廈(10層含以下有電梯),住家用,鋼筋混凝土造,,109.86,3,2,2,有,無,8910000,81103,,0.0,0,,RPXOMLRKRHGGFAU97CB,夢想Home,1棟2A號
花蓮市,房地(土地+建物),花蓮縣花蓮市國慶里2鄰中山路一段138巷,89.16,農,,,1100912,土地1建物1車位0,全,3,透天厝,住家用,鋼筋混凝土造,,195.24,3,2,4,有,無,13300000,68121,,0.0,0,,RPQNMLMLRHGGFAU86DB,以樂家園6,B棟3號
花蓮市,房地(土地+建物),花蓮縣花蓮市府前路,11.62,商,,,1100913,土地2建物1車位0,五層,6,華廈(10層含以下有電梯),住家用,鋼筋混凝土造,,72.29,2,1,1,有,無,6200000,85766,,0.0,0,,RPRPMLNLRHGGFAU17CB,文石,A棟5號
花蓮市,房地(土地+建物),花蓮縣花蓮市府前路,8.49,商,,,1100914,土地2建物1車位0,五層,6,華廈(10層含以下有電梯),住家用,鋼筋混凝土造,,52.78,1,1,1,有,無,4550000,86207,,0.0,0,,RPSPMLNLRHGGFAU27CB,文石,F棟5號
花蓮市,房地(土地+建物),花蓮縣花蓮市府前路,6.44,商,,,1100914,土地2建物1車位0,六層,6,華廈(10層含以下有電梯),住家用,鋼筋混凝土造,,40.0,1,0,1,有,無,3600000,90000,,0.0,0,,RPXPMLNLRHGGFAU77CB,文石,C棟6號
花蓮市,房地(土地+建物),花蓮縣花蓮市府前路,8.49,商,,,1100914,土地2建物1車位0,六層,6,華廈(10層含以下有電梯),住家用,鋼筋混凝土造,,52.78,1,1,1,有,無,4710000,89238,,0.0,0,,RPWOMLOLRHGGFAU67CB,文石,F棟6號
花蓮市,房地(土地+建物)+車位,花蓮縣花蓮市榮正街,21.69,住,,,1100915,土地1建物1車位1,十一層,13,住宅大樓(11層含以上有電梯),住家用,鋼筋混凝土造,,118.74,2,2,2,有,無,9850000,93716,坡道平面,26.44,1200000,,RPROMLRLRHGGFAU47CB,國風雲鼎,A棟11樓號
花蓮市,房地(土地+建物)+車位,花蓮縣花蓮市富裕一街,26.45,住,,,1100911,土地1建物1車位1,四層,10,華廈(10層含以下有電梯),住家用,鋼筋混凝土造,,118.4,2,2,2,有,無,7700000,74799,一樓平面,31.5,1200000,,RPUOMLSLRHGGFAU87CB,璽鈺亞崴,A棟4C號
吉安鄉,房地(土地+建物),花蓮縣吉安鄉昌隆三街,32.23,住,,,1100916,土地1建物1車位0,七層,10,華廈(10層含以下有電梯),見其他登記事項,鋼筋混凝土造,,116.94,2,2,2,有,無,8260000,70635,,0.0,0,,RPTOMLTLRHGGFAU87CB,欣悅敦峰,B棟01號
花蓮市,房地(土地+建物),花蓮縣花蓮市國盛五街,13.32,住,,,1100916,土地1建物1車位0,四層,5,華廈(10層含以下有電梯),住家用,鋼筋混凝土造,,37.77,1,1,1,有,無,3030000,80222,,0.0,0,,RPWPMLTLRHGGFAU28CB,恆大富國,1棟4樓C號
吉安鄉,房地(土地+建物)+車位,花蓮縣吉安鄉華工六路60巷,29.78,,工業區,丁種建築用地,1100915,土地2建物1車位1,二層,8,華廈(10層含以下有電梯),住家用,鋼筋混凝土造,,129.72,2,2,1,有,無,7870000,64600,坡道平面,26.47,1200000,,RPTNMLOJIIGGFAU88CB,天沐,1棟2C號
花蓮市,房地(土地+建物),花蓮縣花蓮市府前路,8.49,商,,,1100914,土地2建物1車位0,三層,6,華廈(10層含以下有電梯),見其他登記事項,鋼筋混凝土造,,52.78,1,1,1,有,無,4230000,80144,,0.0,0,,RPTNMLQJIIGGFAU09CB,文石,3棟F6號
花蓮市,房地(土地+建物),花蓮縣花蓮市府前路,9.54,商,,,1100914,土地2建物1車位0,四層,6,華廈(10層含以下有電梯),見其他登記事項,鋼筋混凝土造,,59.22,1,1,1,有,無,4920000,83080,,0.0,0,,RPUNMLQJIIGGFAU56CB,文石,4棟E6號
花蓮市,房地(土地+建物),花蓮縣花蓮市府前路,6.44,商,,,1100914,土地2建物1車位0,四層,6,華廈(10層含以下有電梯),見其他登記事項,鋼筋混凝土造,,40.0,1,1,1,有,無,3330000,83250,,0.0,0,,RPVNMLQJIIGGFAU66CB,文石,4棟D6號
花蓮市,房地(土地+建物),花蓮縣花蓮市富國路,36.91,住,,,1100917,土地1建物1車位0,五層,8,華廈(10層含以下有電梯),住家用,鋼筋混凝土造,,144.21,3,2,2,有,無,11100000,76971,,0.0,0,,RPSNMLRJIIGGFAU09CB,旭日天擎,C棟1號
吉安鄉,房地(土地+建物)+車位,花蓮縣吉安鄉明仁二街176巷,46.83,住,,,1100918,土地1建物1車位1,六層,7,華廈(10層含以下有電梯),住家用,鋼筋混凝土造,,155.7,3,2,2,有,無,10700000,69019,一樓平面,13.71,900000,,RPPNMLSJIIGGFAU88CB,得安居,1棟6F號
吉安鄉,房地(土地+建物),花蓮縣吉安鄉永興三街,71.28,,特定農業區,甲種建築用地,1100913,土地1建物1車位0,三層,5,華廈(10層含以下有電梯),住家用,鋼筋混凝土造,,97.56,3,2,2,有,無,6100000,62526,,0.0,0,,RPQNMLOKIIGGFAU68CB,稻鄉小鎮,1棟3樓2號
吉安鄉,房地(土地+建物),花蓮縣吉安鄉明仁二街176巷,46.83,住,,,1100918,土地1建物1車位0,五層,7,華廈(10層含以下有電梯),住家用,鋼筋混凝土造,,141.99,3,2,2,有,無,9900000,69723,,0.0,0,,RPRNMLOKIIGGFAU88DB,得安居,1棟5樓1號
新城鄉,房地(土地+建物),花蓮縣新城鄉新興一路,29.92,住,,,1100913,土地1建物1車位0,二層,5,華廈(10層含以下有電梯),住家用,鋼筋混凝土造,,69.71,2,1,2,有,無,3550000,50925,,0.0,0,,RPOOMLOKIIGGFAU68DB,太魯閣讚,B棟6號
新城鄉,房地(土地+建物),花蓮縣新城鄉新興一路,29.92,住,,,1100913,土地1建物1車位0,二層,5,華廈(10層含以下有電梯),住家用,鋼筋混凝土造,,69.71,2,1,2,有,無,3550000,50925,,0.0,0,,RPPOMLOKIIGGFAU78DB,太魯閣讚,B棟5號
