﻿編號,車位類別,車位價格,車位面積平方公尺,車位所在樓層
Serial number,berth category,berth price,berth area square meter,
RPRNMLRKRHGGFAV37CB,坡道平面,1080000,36.93,地下一樓
RPSNMLRKRHGGFAV47CB,坡道平面,980000,36.93,地下一樓
RPTNMLPKRHGGFAV37CB,坡道平面,0,,地下一樓
RPQNMLRKRHGGFAV27CB,坡道平面,930000,28.61,地下一樓
RPPNMLRKRHGGFAV17CB,坡道平面,980000,28.61,地下一樓
RPWNMLRKRHGGFAV87CB,坡道平面,980000,36.93,地下一樓
RPSNMLOJIIGGFAV88CB,坡道平面,0,,一樓
RPSNMLPKRHGGFAV27CB,坡道平面,0,,地下一樓
RPRNMLNKRHGGFAV96CB,坡道平面,0,,地下一樓
RPRNMLPKRHGGFAV17CB,坡道平面,0,,地下一樓
RPQNMLPKRHGGFAV07CB,坡道平面,0,,地下一樓
RPPNMLPKRHGGFAV96CB,坡道平面,0,,地下一樓
