﻿鄉鎮市區,交易標的,土地位置建物門牌,土地移轉總面積平方公尺,都市土地使用分區,非都市土地使用分區,非都市土地使用編定,交易年月日,交易筆棟數,移轉層次,總樓層數,建物型態,主要用途,主要建材,建築完成年月,建物移轉總面積平方公尺,建物現況格局-房,建物現況格局-廳,建物現況格局-衛,建物現況格局-隔間,有無管理組織,總價元,單價元平方公尺,車位類別,車位移轉總面積平方公尺,車位總價元,備註,編號,建案名稱,棟及號
The villages and towns urban district,transaction sign,land sector position building sector house number plate,land shifting total area square meter,the use zoning or compiles and checks,the non-metropolis land use district,non-metropolis land use,transaction year month and day,transaction pen number,shifting level,total floor number,building state,main use,main building materials,construction to complete the years,building shifting total area,Building present situation pattern - room,building present situation pattern - hall,building present situation pattern - health,building present situation pattern - compartmented,Whether there is manages the organization,total price NTD,the unit price (NTD / square meter),the berth category,berth shifting total area square meter,the berth total price NTD,the note,serial number,build case,buildings
台東市,房地(土地+建物)+車位,臺東縣臺東市復興路117號,18.24,住,,,1100818,土地5建物1車位1,五層,10,華廈(10層含以下有電梯),住家用,鋼筋混凝土造,,90.63,2,2,2,有,無,6700000,73927,坡道平面,0.0,700000,,RPRNMLNKRHGGFAV96CB,富湛,1棟5B號
台東市,房地(土地+建物)+車位,臺東縣臺東市復興路117號,18.24,住,,,1100825,土地5建物1車位1,三層,10,華廈(10層含以下有電梯),住家用,鋼筋混凝土造,,90.63,2,2,2,有,無,6600000,72824,坡道平面,0.0,700000,,RPPNMLPKRHGGFAV96CB,富湛,1棟3B號
台東市,房地(土地+建物)+車位,臺東縣臺東市復興路117號,18.24,住,,,1100826,土地5建物1車位1,六層,10,華廈(10層含以下有電梯),住家用,鋼筋混凝土造,,90.63,2,2,2,有,無,7000000,77237,坡道平面,0.0,700000,,RPQNMLPKRHGGFAV07CB,富湛,1棟6B號
台東市,房地(土地+建物)+車位,臺東縣臺東市復興路117號,18.24,住,,,1100907,土地5建物1車位1,四層,10,華廈(10層含以下有電梯),住家用,鋼筋混凝土造,,90.63,2,2,2,有,無,6650000,73375,坡道平面,0.0,650000,,RPRNMLPKRHGGFAV17CB,富湛,1棟4B號
台東市,房地(土地+建物)+車位,臺東縣臺東市復興路117號,18.24,住,,,1100910,土地5建物1車位1,七層,10,華廈(10層含以下有電梯),住家用,鋼筋混凝土造,,90.63,2,2,2,有,無,7200000,79444,坡道平面,0.0,700000,,RPSNMLPKRHGGFAV27CB,富湛,1棟7B號
台東市,房地(土地+建物)+車位,臺東縣臺東市復興路117號,23.82,住,,,1100913,土地5建物1車位1,三層,10,華廈(10層含以下有電梯),住家用,鋼筋混凝土造,,117.11,3,2,2,有,無,8100000,69166,坡道平面,0.0,720000,,RPTNMLPKRHGGFAV37CB,富湛,1棟3E號
台東市,房地(土地+建物)+車位,臺東縣臺東市杭州街229號對街臺東市臺東段1833地號,21.39,商,,,1100913,土地1建物1車位1,四層,15,住宅大樓(11層含以上有電梯),住家用,鋼筋混凝土造,,147.13,3,2,2,有,無,8400000,62605,坡道平面,28.61,980000,,RPPNMLRKRHGGFAV17CB,東美館,A棟4號
台東市,房地(土地+建物)+車位,臺東縣臺東市杭州街229號對街臺東市臺東段1833地號,22.04,商,,,1100907,土地1建物1車位1,十層,15,住宅大樓(11層含以上有電梯),住家用,鋼筋混凝土造,,150.95,3,2,2,有,無,8700000,63512,坡道平面,28.61,930000,,RPQNMLRKRHGGFAV27CB,東美館,C棟10號
台東市,房地(土地+建物)+車位,臺東縣臺東市柳州街275巷54號旁臺東市常德段726地號,27.53,商,,,1100716,土地1建物1車位1,八層,12,住宅大樓(11層含以上有電梯),住家用,鋼筋混凝土造,,158.72,3,2,2,有,無,8080000,57476,坡道平面,36.93,1080000,,RPRNMLRKRHGGFAV37CB,漢陽琚,C棟8號
台東市,房地(土地+建物)+車位,臺東縣臺東市柳州街275巷54號旁臺東市常德段726地號,19.26,商,,,1100726,土地1建物1車位1,十二層,12,住宅大樓(11層含以上有電梯),住家用,鋼筋混凝土造,,122.11,2,2,1,有,無,5530000,53416,坡道平面,36.93,980000,,RPSNMLRKRHGGFAV47CB,漢陽琚,F棟12號
台東市,房地(土地+建物)+車位,臺東縣臺東市柳州街275巷54號旁常德段726地號,19.26,商,,,1100812,土地1建物1車位0,三層,12,住宅大樓(11層含以上有電梯),住家用,鋼筋混凝土造,,85.18,2,2,1,有,無,4480000,52595,,0.0,0,,RPVNMLRKRHGGFAV77CB,漢陽琚,F棟3號
台東市,房地(土地+建物)+車位,臺東縣臺東市柳州街275巷54號旁臺東市常德段726地號,19.62,商,,,1100823,土地1建物1車位1,十層,12,住宅大樓(11層含以上有電梯),住家用,鋼筋混凝土造,,123.72,2,2,1,有,無,6050000,58417,坡道平面,36.93,980000,,RPWNMLRKRHGGFAV87CB,漢陽琚,B棟10號
台東市,房地(土地+建物),臺東縣臺東市山西路二段199巷28號對面,102.13,住,,,1100914,土地1建物1車位0,全,3,透天厝,住家用,鋼筋混凝土造,,176.08,4,2,4,有,無,9350000,53101,,0.0,0,,RPRNMLNLRHGGFAV07CB,航站晴園,C6棟C6號
台東市,房地(土地+建物)+車位,臺東縣臺東市復興路117號,18.24,住,,,1100917,土地5建物1車位1,八層,10,華廈(10層含以下有電梯),住家用,鋼筋混凝土造,,90.63,2,2,2,有,無,7150000,78892,坡道平面,0.0,800000,,RPSNMLOJIIGGFAV88CB,富湛,1棟8B號
