﻿編號,屋齡,建物移轉面積平方公尺,主要用途,主要建材,建築完成日期,總層數,建物分層
The serial number,room age,building shifting area square meter,the main use,main building materials,construction completes the date,total layer,building lamination
RPQOMLLMQHGGFAV86DA,26,47.98,車道,鋼筋混凝土造,84年12月11日,三層,
RPQOMLLMQHGGFAV86DA,26,374.39,車庫、住宅,鋼筋混凝土造,84年12月11日,三層,一層 二層 三層 地下層 見其他登記事項
RPPNMLOLRHGGFDV27DA,23,35.30,商業用,鋼筋混凝土造,87年3月6日,十五層,十三層 陽台
RPPNMLOLRHGGFDV27DA,23,1.12,機房、樓梯,鋼筋混凝土造,87年3月6日,十五層,
RPPNMLOLRHGGFDV27DA,23,7.21,梯間、通道,鋼筋混凝土造,87年3月6日,十五層,
RPPNMLOLRHGGFDV27DA,23,5.57,通道、活動室、樓梯間、門廳、車道、辦公室,鋼筋混凝土造,87年3月6日,十層,
RPOOMLNLRHGGFAV86DA,29,159.70,住家用,鋼筋混凝土造,81年9月3日,五層,五層
RPOOMLNLRHGGFAV86DA,29,46.13,共用部份,鋼筋混凝土造,81年9月3日,五層,
RPSNMLTKQHGGFAV57DA,27,12.48,避難室，電梯．樓梯．地下室．通廊共同使用,鋼筋混凝土造,83年4月19日,十四層,
RPSNMLTKQHGGFAV57DA,27,87.03,集合住宅,鋼筋混凝土造,83年4月19日,十四層,一層 平台
RPWNMLTLRHGGFCV48EA,14,224.38,Ｈ２自用農舍、自產農產品加工室（第一次增建部分）,有牆鋼鐵造,96年3月6日,一層,一層
RPVOMLQJRHGGFAV67DA,,70.73,Ｈ２集合住宅,見其他登記事項,110年6月24日,五層,五層 見其他登記事項
RPVOMLQJRHGGFAV67DA,,31.08,詳共有部分,鋼筋混凝土造,110年6月24日,五層,
RPRNMLSJIIGGFAV56DA,25,177.19,集合住宅,鋼筋混凝土造,85年5月23日,四層,一層 二層 三層 四層 見其他登記事項
RPPNMLSJIIGGFAV98DA,17,154.71,住家用,鋼筋混凝土造,93年6月10日,三層,一層 二層 三層 見其他登記事項
RPPOMLKKRHGGFAV56DA,17,208.63,住家用,鋼筋混凝土造,93年9月24日,三層,一層 二層 三層 屋頂突出物 見其他登記事項
RPVNMLNKIIGGFAV56DA,26,78.10,集合住宅,鋼筋混凝土造,84年6月1日,五層,四層 見其他登記事項
RPPNMLOKIIGGFAV68DA,48,90.62,住家用,鐵筋水泥磚,63年3月6日,二層,一層 二層 騎樓
RPVNMLNKIIGGFAV56DA,26,9.16,停車空間．兼儲藏室（共同使用）,鋼筋混凝土造,84年6月1日,五層,
RPVNMLNKIIGGFAV56DA,26,10.93,樓梯．通廊．瞭望台．水箱．蓄水池（共同使用）,鋼筋混凝土造,84年6月1日,五層,
RPOOMLSJRHGGFAV17DA,16,184.53,住家用,鋼骨造,94年11月15日,二層,一層 二層
RPQNMLNKIIGGFAV68DA,27,94.81,集合住宅,鋼筋混凝土造,84年2月17日,八層,一層 平台 花台
RPQNMLNKIIGGFAV68DA,27,15.37,防空避難室暨停車空間、配電室,鋼筋混凝土造,84年2月17日,八層,
RPQNMLNKIIGGFAV68DA,27,11.40,車道、警衛室、托兒所、電梯、樓梯,鋼筋混凝土造,84年2月17日,八層,
RPUNMLLJIIGGFAV78DA,25,7.72,共同使用：樓梯．電梯,鋼筋混凝土造,85年6月28日,七層,
RPUNMLLJIIGGFAV78DA,25,4.39,樓梯、電梯、機械房、水箱共同使用,鋼筋混凝土造,85年6月28日,七層,
RPUNMLLJIIGGFAV78DA,25,4.36,車道、水箱、樓梯、機械房配電室共同使用　,鋼筋混凝土造,85年6月28日,七層,
RPUNMLLJIIGGFAV78DA,25,16.01,防空避難室暨停車空間共同使用,鋼筋混凝土造,85年6月28日,七層,
RPUNMLLJIIGGFAV78DA,25,99.19,住家用,鋼筋混凝土造,85年6月28日,七層,三層 陽台
RPQNMLMKIIGGFCV78DA,27,44.56,住家用,加強磚造,83年8月17日,二層,一層 二層 屋頂突出物
RPPNMLLKIIGGFAV38DA,42,80.92,住家用,加強磚造,68年8月13日,二層,一層 二層
RPPNMLRJIIGGFDV56DA,34,153.97,自用農舍,磚木造,76年8月17日,一層,一層
