﻿編號,土地位置,土地移轉面積(平方公尺),使用分區或編定,權利人持分分母,權利人持分分子,移轉情形,地號
The serial number, land position,land shifting area square meter,the use zoning or compiles and checks,,,,land parcel
RPQNMLLMQHGGFAV76DA,知本段,992.00,非都市：特定農業區 ; 非都市編定：農牧用地,1,1,全筆移轉,74890001
RPQNMLSLRHGGFBV57DA,高原段,5465.00,非都市：森林區 ; 非都市編定：農牧用地,1,1,全筆移轉,02980000
RPQNMLSLRHGGFBV57DA,高原段,2774.00,非都市：森林區 ; 非都市編定：農牧用地,1,1,全筆移轉,02990000
RPQOMLLMQHGGFAV86DA,豐年段,34.02,都市：其他:農業區,10000,164,持分移轉,00680000
RPQOMLLMQHGGFAV86DA,豐年段,129.51,都市：其他:農業區,1,1,全筆移轉,01070000
RPVNMLQKRHGGFAV67DA,梧州段,16.87,都市：其他:住宅區,1,1,全筆移轉,02680000
RPVNMLQKRHGGFAV67DA,梧州段,133.61,都市：其他:道路用地,1,1,全筆移轉,03390000
RPVNMLQKRHGGFAV67DA,梧州段,28.14,都市：其他:道路用地,1,1,全筆移轉,03440000
RPPNMLOLRHGGFDV27DA,秀山段,6.53,都市：其他:旅館區,100000,105,持分移轉,06590003
RPVNMLMLRHGGFAV37DA,清榮段,513.94,都市：其他:住宅區,1,1,全筆移轉,00710000
RPOOMLNLRHGGFAV86DA,自強段,26.20,都市：其他:住宅區,20,4,持分移轉,08240000
RPOOMLNLRHGGFAV86DA,自強段,26.20,都市：其他:住宅區,20,4,持分移轉,08250000
RPRNMLKMRHGGFDV17DA,西勢湖段,3432.00,非都市：山坡地保育區 ; 非都市編定：農牧用地,1,1,全筆移轉,03900000
RPQNMLQJIIGGFAV88DA,岩灣段,214.48,都市：其他:住宅區,1,1,全筆移轉,01280000
RPRNMLQJIIGGFAV98DA,岩灣段,56.43,都市：其他:住宅區,1,1,全筆移轉,01280002
RPQNMLOJIIGGFBV78DA,大俱來段,244.82,非都市：鄉村區 ; 非都市編定：乙種建築用地,1,1,全筆移轉,01940000
RPSNMLTKQHGGFAV57DA,新生段,12.90,都市：其他:住宅區,10000,52,持分移轉,00440000
RPRNMLOJIIGGFBV88DA,小馬東段,1069.03,非都市：風景區 ; 非都市編定：農牧用地,1,1,全筆移轉,07480000
RPRNMLOJIIGGFBV88DA,小馬東段,2175.69,非都市：風景區 ; 非都市編定：農牧用地,1,1,全筆移轉,07490000
RPRNMLOJIIGGFBV88DA,小馬東段,1101.97,非都市：風景區 ; 非都市編定：農牧用地,1,1,全筆移轉,07510000
RPRNMLOJIIGGFBV88DA,小馬東段,699.01,非都市：風景區 ; 非都市編定：農牧用地,1,1,全筆移轉,07520000
RPTNMLNKIIGGFCV56DA,隆盛段,1350.14,非都市：特定農業區 ; 非都市編定：農牧用地,1,1,全筆移轉,02640000
RPWNMLTLRHGGFCV48EA,海端段,2700.00,非都市：山坡地保育區 ; 非都市編定：農牧用地,1,1,全筆移轉,03220000
RPUNMLQKRHGGFAV57DA,清榮段,272.50,都市：其他:住宅區,1,1,全筆移轉,00830001
RPUNMLQKRHGGFAV57DA,清榮段,690.58,都市：其他:住宅區,1,1,全筆移轉,00990001
RPVOMLQJRHGGFAV67DA,永樂段,47.23,都市：其他:住宅區,10000,1410,持分移轉,00880000
RPUNMLRJIIGGFAV76DA,建華段,2816.60,都市：其他:農業區,1,1,全筆移轉,13230000
RPUNMLRJIIGGFAV76DA,建華段,935.82,都市：其他:農業區,1,1,全筆移轉,13240000
RPVNMLMKIIGGFAV09DA,南清段,23.97,非都市： ; 非都市編定：,1,1,全筆移轉,05680003
RPRNMLSJIIGGFAV56DA,豐年段,76.33,都市：其他:住宅區,10000,157,持分移轉,00270006
RPPNMLSJIIGGFAV98DA,永清段,89.79,都市：其他:住宅區,1,1,全筆移轉,00100037
RPSNMLRJIIGGFAV56DA,光明段,91.39,都市：其他:農業區,2543,265,持分移轉,03230000
RPSNMLRJIIGGFAV56DA,光明段,1.88,都市：其他:河川區兼供道路使用,2543,265,持分移轉,03230003
RPQNMLSJIIGGFAV09DA,利家段,640.00,非都市：山坡地保育區 ; 非都市編定：丙種建築用地,1,1,全筆移轉,03090000
RPOOMLSJIIGGFAV98DA,永清段,117.68,都市：其他:住宅區,1,1,全筆移轉,02360000
RPOOMLSJIIGGFAV98DA,永清段,3.38,都市：其他:道路用地,1,1,全筆移轉,02360001
RPOOMLSJIIGGFAV98DA,永清段,414.22,都市：其他:道路用地,1,1,全筆移轉,02370000
RPOOMLSJIIGGFAV98DA,永清段,344.30,都市：其他:住宅區,1,1,全筆移轉,02450000
RPOOMLSJIIGGFAV98DA,永清段,14.91,都市：其他:道路用地,1,1,全筆移轉,02450001
RPPNMLQJIIGGFAV78DA,岩灣段,214.48,都市：其他:住宅區,1,1,全筆移轉,01280000
RPPNMLQJIIGGFAV78DA,岩灣段,141.03,都市：其他:住宅區,1,1,全筆移轉,01280001
RPPNMLQJIIGGFAV78DA,岩灣段,56.43,都市：其他:住宅區,1,1,全筆移轉,01280002
RPPNMLNLRHGGFBV96DA,仰光段,130.48,都市：其他:商業區,1,1,全筆移轉,05440000
RPPNMLNJIIGGFAV48DA,清榮段,116.03,都市：其他:住宅區,1,1,全筆移轉,00100000
RPPOMLKKRHGGFAV56DA,自強段,109.54,都市：其他:住宅區,1,1,全筆移轉,10030002
RPRNMLPJIIGGFAV88DA,建本段,30.91,都市：其他:住宅區,2,1,持分移轉,11360000
RPRNMLPJIIGGFAV88DA,建本段,61.17,都市：其他:道路用地,2,1,持分移轉,11370000
RPWNMLOKIIGGFAV76DA,建國段,44.04,都市：其他:住宅區,1,1,全筆移轉,05390000
RPWNMLOKIIGGFAV76DA,建國段,6.96,都市：其他:道路用地,1,1,全筆移轉,05390001
RPVNMLNKIIGGFAV56DA,德安段,22.88,都市：其他:住宅區,30000,183,持分移轉,00630000
RPPNMLOKIIGGFAV68DA,中正段,6.00,都市：其他:住宅區,1,1,全筆移轉,02920002
RPVNMLNKIIGGFAV56DA,德安段,.16,都市：其他:道路用地,30000,183,持分移轉,00630001
RPPNMLOKIIGGFAV68DA,中正段,6.00,都市：其他:住宅區,1,1,全筆移轉,03460005
RPVNMLNKIIGGFAV56DA,德安段,2.11,都市：其他:道路用地,30000,183,持分移轉,00630002
RPPNMLOKIIGGFAV68DA,中正段,65.00,都市：其他:住宅區,1,1,全筆移轉,03470000
RPVNMLNKIIGGFAV56DA,德安段,.04,非都市： ; 非都市編定：,30000,183,持分移轉,00630003
RPOOMLSJRHGGFAV17DA,澱粉段,403.00,非都市：特定農業區 ; 非都市編定：甲種建築用地,1,1,全筆移轉,04830001
RPVNMLKMRHGGFAV27DA,下南寮段,169.37,都市：其他:農業區,1,1,全筆移轉,03610000
RPOOMLSJRHGGFAV17DA,澱粉段,200.00,非都市：特定農業區 ; 非都市編定：甲種建築用地,1,1,全筆移轉,04840000
RPQNMLNKIIGGFAV68DA,東海段,20.30,都市：其他:住宅區,10000,34,持分移轉,01300000
RPQNMLNKIIGGFAV68DA,東海段,1.31,都市：其他:人行步道用地,10000,34,持分移轉,01300002
RPUNMLLJIIGGFAV78DA,豐年段,23.75,都市：其他:住宅區,10000,92,持分移轉,00270003
RPQNMLMKIIGGFCV78DA,海端段,57.60,非都市：鄉村區 ; 非都市編定：乙種建築用地,5,1,持分移轉,09050000
RPPNMLOKIIGGFCV88DA,高台段,443.70,非都市：山坡地保育區 ; 非都市編定：農牧用地,1,1,全筆移轉,01450000
RPSNMLPKIIGGFCV66DA,大池段,2181.68,非都市：特定農業區 ; 非都市編定：農牧用地,1,1,全筆移轉,05260000
RPPNMLSJRHGGFBV27DA,小馬東段,2951.18,非都市：風景區 ; 非都市編定：農牧用地,1,1,全筆移轉,02210000
RPSNMLPKIIGGFCV66DA,大池段,5800.46,非都市：特定農業區 ; 非都市編定：農牧用地,1,1,全筆移轉,05390000
RPTNMLPKIIGGFCV76DA,大池段,451.64,非都市：特定農業區 ; 非都市編定：農牧用地,1,1,全筆移轉,05360000
RPTNMLPKIIGGFCV76DA,大池段,3059.20,非都市：特定農業區 ; 非都市編定：農牧用地,1,1,全筆移轉,05370000
RPXNMLRLRHGGFAV08DA,下南寮段,331.82,都市：其他:農業區,1,1,全筆移轉,04430000
RPXNMLRLRHGGFAV08DA,下南寮段,10.58,都市：其他:農業區,1,1,全筆移轉,04430001
RPRNMLRKRHGGFDV67DA,金富段,262.96,非都市：山坡地保育區 ; 非都市編定：丙種建築用地,1,1,全筆移轉,09750000
RPPNMLRJIIGGFDV56DA,金崙段,25460.00,非都市：山坡地保育區 ; 非都市編定：農牧用地,1,1,全筆移轉,02900000
RPPNMLMKIIGGFBV68EA,新都威段,3436.80,非都市：風景區 ; 非都市編定：農牧用地,1,1,全筆移轉,01120002
