﻿編號,土地位置,土地移轉面積(平方公尺),使用分區或編定,權利人持分分母,權利人持分分子,移轉情形,地號
The serial number, land position,land shifting area square meter,the use zoning or compiles and checks,,,,land parcel
RPRNMLRKRHGGFAV37CB,常德段,27.53,都市：商,100000,1874,持分移轉,07260000
RPSNMLRKRHGGFAV47CB,常德段,19.26,都市：商,100000,1311,持分移轉,07260000
RPTNMLPKRHGGFAV37CB,台東段,2.83,都市：住,119700,2382,持分移轉,05340001
RPTNMLPKRHGGFAV37CB,台東段,2.35,都市：住,119700,2382,持分移轉,05340011
RPTNMLPKRHGGFAV37CB,台東段,16.14,都市：住,119700,2382,持分移轉,05340021
RPTNMLPKRHGGFAV37CB,台東段,1.25,都市：住,119700,2382,持分移轉,05340025
RPTNMLPKRHGGFAV37CB,台東段,1.25,都市：住,119700,2382,持分移轉,05340028
RPQNMLRKRHGGFAV27CB,台東段,22.04,都市：商,100000,819,持分移轉,18330000
RPPNMLRKRHGGFAV17CB,台東段,21.39,都市：商,100000,795,持分移轉,18330000
RPVNMLRKRHGGFAV77CB,常德段,19.26,都市：商,100000,1311,持分移轉,07260000
RPRNMLNLRHGGFAV07CB,德安段,102.13,都市：住,1,1,全筆移轉,02920016
RPWNMLRKRHGGFAV87CB,常德段,19.62,都市：商,100000,1336,持分移轉,07260000
RPSNMLOJIIGGFAV88CB,台東段,2.16,都市：住,119700,1824,持分移轉,05340001
RPSNMLOJIIGGFAV88CB,台東段,1.80,都市：住,119700,1824,持分移轉,05340011
RPSNMLOJIIGGFAV88CB,台東段,12.36,都市：住,119700,1824,持分移轉,05340021
RPSNMLOJIIGGFAV88CB,台東段,.96,都市：住,119700,1824,持分移轉,05340025
RPSNMLOJIIGGFAV88CB,台東段,.96,都市：住,119700,1824,持分移轉,05340028
RPSNMLPKRHGGFAV27CB,台東段,2.16,都市：住,119700,1824,持分移轉,05340001
RPSNMLPKRHGGFAV27CB,台東段,1.80,都市：住,119700,1824,持分移轉,05340011
RPSNMLPKRHGGFAV27CB,台東段,12.36,都市：住,119700,1824,持分移轉,05340021
RPSNMLPKRHGGFAV27CB,台東段,.96,都市：住,119700,1824,持分移轉,05340025
RPSNMLPKRHGGFAV27CB,台東段,.96,都市：住,119700,1824,持分移轉,05340028
RPRNMLNKRHGGFAV96CB,台東段,2.16,都市：住,119700,1824,持分移轉,05340001
RPRNMLNKRHGGFAV96CB,台東段,1.80,都市：住,119700,1824,持分移轉,05340011
RPRNMLNKRHGGFAV96CB,台東段,12.36,都市：住,119700,1824,持分移轉,05340021
RPRNMLNKRHGGFAV96CB,台東段,.96,都市：住,119700,1824,持分移轉,05340025
RPRNMLNKRHGGFAV96CB,台東段,.96,都市：住,119700,1824,持分移轉,05340028
RPRNMLPKRHGGFAV17CB,台東段,2.16,都市：住,119700,1824,持分移轉,05340001
RPRNMLPKRHGGFAV17CB,台東段,1.80,都市：住,119700,1824,持分移轉,05340011
RPRNMLPKRHGGFAV17CB,台東段,12.36,都市：住,119700,1824,持分移轉,05340021
RPRNMLPKRHGGFAV17CB,台東段,.96,都市：住,119700,1824,持分移轉,05340025
RPRNMLPKRHGGFAV17CB,台東段,.96,都市：住,119700,1824,持分移轉,05340028
RPQNMLPKRHGGFAV07CB,台東段,2.16,都市：住,119700,1824,持分移轉,05340001
RPQNMLPKRHGGFAV07CB,台東段,1.80,都市：住,119700,1824,持分移轉,05340011
RPQNMLPKRHGGFAV07CB,台東段,12.36,都市：住,119700,1824,持分移轉,05340021
RPQNMLPKRHGGFAV07CB,台東段,.96,都市：住,119700,1824,持分移轉,05340025
RPQNMLPKRHGGFAV07CB,台東段,.96,都市：住,119700,1824,持分移轉,05340028
RPPNMLPKRHGGFAV96CB,台東段,2.16,都市：住,119700,1824,持分移轉,05340001
RPPNMLPKRHGGFAV96CB,台東段,1.80,都市：住,119700,1824,持分移轉,05340011
RPPNMLPKRHGGFAV96CB,台東段,12.36,都市：住,119700,1824,持分移轉,05340021
RPPNMLPKRHGGFAV96CB,台東段,.96,都市：住,119700,1824,持分移轉,05340025
RPPNMLPKRHGGFAV96CB,台東段,.96,都市：住,119700,1824,持分移轉,05340028
