﻿編號,土地位置,土地移轉面積(平方公尺),使用分區或編定,權利人持分分母,權利人持分分子,移轉情形,地號
The serial number, land position,land shifting area square meter,the use zoning or compiles and checks,,,,land parcel
RPPNMLQLRHGGFAW27DA,北五劃段,953.00,都市：其他:國家公園區,1,1,全筆移轉,04870000
RPPNMLMLRHGGFAW86DA,湖尚劃段,536.00,都市：其他:風景區,1,1,全筆移轉,00480000
RPPNMLMLRHGGFAW86DA,湖尚劃段,1260.00,都市：其他:風景區,1,1,全筆移轉,00950000
RPVNMLTLRHGGFAW18DA,東洲段,57.27,都市：其他:自然村專用區,10000,771,持分移轉,04880000
RPPNMLOKIIGGFAW78DA,寧安二劃段,1000.00,都市：其他:農業區,1,1,全筆移轉,01050000
RPSNMLPKIIGGFAW56DA,夏興段,852.86,都市：其他:國家公園區,1,1,全筆移轉,02590000
RPSNMLPKIIGGFAW56DA,夏興段,352.85,都市：其他:保護區,1,1,全筆移轉,02590001
RPXNMLNKRHGGFAW67DA,西山段,23.97,都市：其他:農業區,10000,342,持分移轉,06090000
RPXNMLNKRHGGFAW67DA,西山段,10.53,都市：其他:自然村專用區,10000,342,持分移轉,06090001
RPRNMLOKIIGGFAW98DA,烈濱劃測段,449.69,都市：其他:農業區,1,1,全筆移轉,00150000
RPRNMLOKIIGGFAW98DA,烈濱劃測段,712.99,都市：其他:農業區,1,1,全筆移轉,00160000
RPWNMLPKRHGGFAW77DA,青山段,50.76,都市：其他:自然村專用區,10000,668,持分移轉,10790000
RPTNMLOKIIGGFAW56DA,汶沙測段,275.00,都市：其他:自然村專用區,1,1,全筆移轉,10310000
RPTNMLSKIIGGFAW96DA,陳坑段,102.00,都市：其他:自然村專用區,1,1,全筆移轉,08760000
RPPNMLQJIIGGFAW88DA,慈湖段,4985.70,都市：其他:國家公園區,1,1,全筆移轉,00120000
RPPNMLQJIIGGFAW88DA,慈湖段,138.00,都市：其他:國家公園區,1,1,全筆移轉,00120001
RPRNMLSJIIGGFAW66DA,湖下村測段,43.97,都市：其他:自然村專用區,42,9,持分移轉,03070000
RPSNMLKMRHGGFAW07DA,庵前劃測段,43.48,都市：其他:自然村專用區,10,1,持分移轉,03910002
RPSNMLKMRHGGFAW07DA,庵前劃測段,15.59,都市：其他:自然村專用區,10,1,持分移轉,03910003
RPUNMLOJIIGGFAW56DA,北二三劃測段,43.61,都市：其他:自然村專用區,10000,1185,持分移轉,02290000
RPRNMLNKIIGGFAW88DA,市港段,28.71,都市：其他:第五種住宅區,10000,333,持分移轉,01080000
RPQNMLRJIIGGFAW09DA,湖前段,47.37,都市：其他:自然村專用區,6,1,持分移轉,02700000
RPQNMLOJIIGGFAW78DA,寧安四劃段,250.00,都市：其他:農業區,1,1,全筆移轉,02480005
RPTNMLNKIIGGFAW09DA,洋山段,26.60,都市：其他:自然村專用區,10000,566,持分移轉,09930000
RPTNMLNKIIGGFAW09DA,洋山段,22.41,都市：其他:自然村專用區,10000,566,持分移轉,10200000
RPXNMLSKIIGGFAW37DA,金門城測段,152.27,都市：其他:自然村專用區,1,1,全筆移轉,08070000
RPPNMLTKIIGGFAW76EA,寧湖三劃段,340.00,都市：其他:農業區,1,1,全筆移轉,00750001
RPPNMLTKIIGGFAW76EA,寧湖三劃段,340.00,都市：其他:農業區,1,1,全筆移轉,00750002
RPWNMLTKIIGGFAW37DA,湖前段,116.31,都市：其他:自然村專用區,997010,11631,持分移轉,04210000
RPQNMLTKIIGGFAW76DA,長寮段,45.22,都市：其他:自然村專用區,15,1,持分移轉,06290000
RPRNMLRJRHGGFAW37DA,陽宅段,71.00,都市：其他:自然村專用區,1,1,全筆移轉,10610011
RPRNMLRJRHGGFAW37DA,陽宅段,25.65,都市：其他:自然村專用區,10000,1239,持分移轉,10610012
