﻿編號,屋齡,建物移轉面積平方公尺,主要用途,主要建材,建築完成日期,總層數,建物分層
The serial number,room age,building shifting area square meter,the main use,main building materials,construction completes the date,total layer,building lamination
RPSNMLQJIIGGFAX66DA,27,118.67,住家用,鋼筋混凝土造,83年8月31日,七層,一層
RPSNMLQJIIGGFAX66DA,27,31.74,地下室、梯間,鋼筋混凝土造,83年8月31日,七層,
RPSNMLSJIIGGFAX86DA,,8.22,住家用,造,,一層,一層 見其他登記事項
RPUNMLNLRHGGFAX57DA,11,181.99,住家用,鋼筋混凝土造,100年1月4日,四層,一層 二層 三層 四層 見其他登記事項 見其他登記事項
RPRNMLMKIIGGFAX88DA,,234.92,住家用,鋼筋混凝土造,110年7月26日,三層,一層 二層 三層 見其他登記事項
RPVNMLRJIIGGFAX07DA,1,275.40,住家用,鋼筋混凝土造,109年11月26日,三層,一層 二層 三層 見其他登記事項 見其他登記事項
RPOOMLNKQHGGFAX86DA,44,19.52,住家用,鋼筋混凝土加強磚造,66年11月4日,二層,一層 二層 電梯樓梯間
RPSNMLMKIIGGFAX98DA,,90.29,集合住宅,鋼筋混凝土造,110年7月23日,五層,二層 見其他登記事項
RPSNMLMKIIGGFAX98DA,,42.04,共用部份,鋼筋混凝土造,110年7月23日,五層,
RPRNMLRJIIGGFAX66DA,17,206.68,住家用,鋼筋混凝土造,94年1月24日,三層,一層 二層 三層 見其他登記事項
RPWNMLMKIIGGFAX76DA,,90.35,集合住宅,鋼筋混凝土造,110年7月23日,五層,三層 見其他登記事項
RPWNMLMKIIGGFAX76DA,,42.04,共用部份,鋼筋混凝土造,110年7月23日,五層,
RPVNMLMKIIGGFAX66DA,,77.68,集合住宅,鋼筋混凝土造,110年7月23日,五層,三層 見其他登記事項
RPVNMLMKIIGGFAX66DA,,21.53,共用部份,鋼筋混凝土造,110年7月23日,五層,
RPUNMLNKIIGGFAX66DA,,8.22,住家用,造,,一層,一層 見其他登記事項
RPUNMLRLRHGGFAX08EA,,15.32,住家用,造,6年0月0日,一層,一層
RPWNMLNKIIGGFAX86DA,29,158.60,住家用,鋼筋混凝土造,82年1月15日,四層,一層 二層 三層 四層 電梯樓梯間 見其他登記事項
RPWNMLNKIIGGFAX86DA,29,69.97,避難室,鋼筋混凝土造,82年1月15日,四層,
RPTNMLRLRHGGFAX97EA,,15.32,住家用,造,6年0月0日,一層,一層
RPSNMLRLRHGGFAX87EA,,15.32,住家用,造,6年0月0日,一層,一層
RPPNMLRJIIGGFAX56EA,23,136.79,住家用,鋼筋混凝土造,87年7月23日,十層,三層 見其他登記事項
RPPNMLRJIIGGFAX56EA,23,38.67,見其他登記事項,鋼筋混凝土造,87年7月23日,十層,
RPRNMLOKIIGGFAX09DA,,5.60,住家用,造,8年0月0日,一層,一層
