﻿編號,土地位置,土地移轉面積(平方公尺),使用分區或編定,權利人持分分母,權利人持分分子,移轉情形,地號
The serial number, land position,land shifting area square meter,the use zoning or compiles and checks,,,,land parcel
RPQNMLSLRHGGFAX67CB,馬公段,.37,都市：商,100000,464,持分移轉,16190000
RPQNMLSLRHGGFAX67CB,馬公段,.03,都市：商,100000,464,持分移轉,16190002
RPQNMLSLRHGGFAX67CB,馬公段,.20,都市：商,100000,464,持分移轉,16190004
RPQNMLSLRHGGFAX67CB,馬公段,.29,都市：商,100000,464,持分移轉,16200000
RPQNMLSLRHGGFAX67CB,馬公段,.05,都市：商,100000,464,持分移轉,16200001
RPQNMLSLRHGGFAX67CB,馬公段,.08,都市：商,100000,464,持分移轉,16200004
RPQNMLSLRHGGFAX67CB,馬公段,.13,都市：商,100000,464,持分移轉,16200005
RPQNMLSLRHGGFAX67CB,馬公段,1.34,都市：商,100000,464,持分移轉,16210147
RPQNMLSLRHGGFAX67CB,馬公段,4.99,都市：商,100000,464,持分移轉,16210080
RPQNMLSLRHGGFAX67CB,馬公段,.49,都市：商,100000,464,持分移轉,16210081
RPQNMLSLRHGGFAX67CB,馬公段,.06,都市：商,100000,464,持分移轉,16210082
RPQNMLSLRHGGFAX67CB,馬公段,.04,都市：商,100000,464,持分移轉,16210143
RPQNMLSLRHGGFAX67CB,馬公段,.16,都市：商,100000,464,持分移轉,16210144
RPPNMLSLRHGGFAX57CB,馬公段,.36,都市：商,100000,452,持分移轉,16190000
RPPNMLSLRHGGFAX57CB,馬公段,.03,都市：商,100000,452,持分移轉,16190002
RPPNMLSLRHGGFAX57CB,馬公段,.20,都市：商,100000,452,持分移轉,16190004
RPPNMLSLRHGGFAX57CB,馬公段,.28,都市：商,100000,452,持分移轉,16200000
RPPNMLSLRHGGFAX57CB,馬公段,.05,都市：商,100000,452,持分移轉,16200001
RPPNMLSLRHGGFAX57CB,馬公段,.08,都市：商,100000,452,持分移轉,16200004
RPPNMLSLRHGGFAX57CB,馬公段,.13,都市：商,100000,452,持分移轉,16200005
RPPNMLSLRHGGFAX57CB,馬公段,1.30,都市：商,100000,452,持分移轉,16210147
RPPNMLSLRHGGFAX57CB,馬公段,4.86,都市：商,100000,452,持分移轉,16210080
RPPNMLSLRHGGFAX57CB,馬公段,.48,都市：商,100000,452,持分移轉,16210081
RPPNMLSLRHGGFAX57CB,馬公段,.06,都市：商,100000,452,持分移轉,16210082
RPPNMLSLRHGGFAX57CB,馬公段,.04,都市：商,100000,452,持分移轉,16210143
RPPNMLSLRHGGFAX57CB,馬公段,.15,都市：商,100000,452,持分移轉,16210144
